game_pk,game_date,player_id,player_name,opposing_team,pa,ab,h,singles,doubles,triples,hr,bb,hbp,so,sb,cs,rbi,tb,season
822708,2026-07-12,502671,"Goldschmidt, Paul",WSH,2,1,0,0,0,0,0,1,0,0,0,0,0,0,2026
822708,2026-07-12,641355,"Bellinger, Cody",WSH,4,3,2,1,1,0,0,1,0,0,0,0,0,3,2026
822708,2026-07-12,641857,"McMahon, Ryan",WSH,2,2,0,0,0,0,0,0,0,2,0,0,0,0,2026
822708,2026-07-12,642708,"Rosario, Amed",WSH,1,1,0,0,0,0,0,0,0,1,0,0,0,0,2026
822708,2026-07-12,663757,"Grisham, Trent",WSH,4,3,0,0,0,0,0,1,0,0,0,0,0,0,2026
822708,2026-07-12,665862,"Chisholm Jr., Jazz",WSH,4,4,2,1,1,0,0,0,0,0,0,0,1,3,2026
822708,2026-07-12,669224,"Wells, Austin",WSH,2,2,1,1,0,0,0,0,0,0,0,0,1,1,2026
822708,2026-07-12,676609,"Caballero, José",WSH,4,3,1,1,0,0,0,0,0,1,0,0,1,1,2026
822708,2026-07-12,680474,"Schuemann, Max",WSH,4,4,1,1,0,0,0,0,0,1,0,0,0,1,2026
822708,2026-07-12,683011,"Volpe, Anthony",WSH,1,1,0,0,0,0,0,0,0,1,0,0,0,0,2026
822708,2026-07-12,691176,"Domínguez, Jasson",WSH,4,4,0,0,0,0,0,0,0,0,0,0,0,0,2026
822708,2026-07-12,700250,"Rice, Ben",WSH,4,4,1,0,0,1,0,0,0,2,0,0,2,3,2026
822709,2026-07-10,502671,"Goldschmidt, Paul",WSH,5,5,2,2,0,0,0,0,0,1,0,0,0,2,2026
822709,2026-07-10,641355,"Bellinger, Cody",WSH,4,4,2,2,0,0,0,0,0,0,0,0,0,2,2026
822709,2026-07-10,641857,"McMahon, Ryan",WSH,1,1,0,0,0,0,0,0,0,1,0,0,0,0,2026
822709,2026-07-10,642708,"Rosario, Amed",WSH,2,2,0,0,0,0,0,0,0,2,0,0,0,0,2026
822709,2026-07-10,663757,"Grisham, Trent",WSH,5,4,1,1,0,0,0,1,0,1,0,0,0,1,2026
822709,2026-07-10,665862,"Chisholm Jr., Jazz",WSH,4,4,1,0,0,0,1,0,0,1,0,0,2,4,2026
822709,2026-07-10,669224,"Wells, Austin",WSH,4,4,1,0,0,0,1,0,0,2,0,0,1,4,2026
822709,2026-07-10,676609,"Caballero, José",WSH,4,4,2,2,0,0,0,0,0,1,0,0,0,2,2026
822709,2026-07-10,683011,"Volpe, Anthony",WSH,2,1,1,1,0,0,0,1,0,0,0,0,0,1,2026
822709,2026-07-10,691176,"Domínguez, Jasson",WSH,4,4,2,1,0,0,1,0,0,1,0,0,1,5,2026
822709,2026-07-10,700250,"Rice, Ben",WSH,5,4,1,0,0,0,1,1,0,1,0,0,1,4,2026
822711,2026-07-11,502671,"Goldschmidt, Paul",WSH,4,4,1,0,0,0,1,0,0,1,0,0,1,4,2026
822711,2026-07-11,641355,"Bellinger, Cody",WSH,4,4,1,0,1,0,0,0,0,0,0,0,0,2,2026
822711,2026-07-11,641857,"McMahon, Ryan",WSH,4,3,1,0,0,0,1,1,0,0,0,0,1,4,2026
822711,2026-07-11,642708,"Rosario, Amed",WSH,1,0,0,0,0,0,0,1,0,0,0,0,0,0,2026
822711,2026-07-11,645305,"Sánchez, Ali",WSH,2,2,0,0,0,0,0,0,0,0,0,0,0,0,2026
822711,2026-07-11,663757,"Grisham, Trent",WSH,4,4,2,1,0,0,1,0,0,1,0,0,2,5,2026
822711,2026-07-11,665862,"Chisholm Jr., Jazz",WSH,4,4,0,0,0,0,0,0,0,3,0,0,0,0,2026
822711,2026-07-11,669224,"Wells, Austin",WSH,2,2,0,0,0,0,0,0,0,0,0,0,0,0,2026
822711,2026-07-11,676609,"Caballero, José",WSH,1,1,0,0,0,0,0,0,0,0,0,0,0,0,2026
822711,2026-07-11,683011,"Volpe, Anthony",WSH,4,4,1,1,0,0,0,0,0,1,0,0,0,1,2026
822711,2026-07-11,691176,"Domínguez, Jasson",WSH,4,4,1,1,0,0,0,0,0,0,0,0,0,1,2026
822711,2026-07-11,700250,"Rice, Ben",WSH,4,2,2,2,0,0,0,2,0,0,0,0,0,2,2026
822774,2026-08-16,502671,"Goldschmidt, Paul",TOR,1,0,0,0,0,0,0,1,0,0,0,0,0,0,2026
822774,2026-08-16,641857,"McMahon, Ryan",TOR,2,2,0,0,0,0,0,0,0,2,0,0,0,0,2026
822774,2026-08-16,642708,"Rosario, Amed",TOR,1,1,0,0,0,0,0,0,0,0,0,0,0,0,2026
822774,2026-08-16,645305,"Sánchez, Ali",TOR,1,1,0,0,0,0,0,0,0,0,0,0,0,0,2026
822774,2026-08-16,663757,"Grisham, Trent",TOR,4,4,0,0,0,0,0,0,0,3,0,0,0,0,2026
822774,2026-08-16,665862,"Chisholm Jr., Jazz",TOR,1,1,1,1,0,0,0,0,0,0,0,0,0,1,2026
822774,2026-08-16,669224,"Wells, Austin",TOR,2,2,0,0,0,0,0,0,0,1,0,0,0,0,2026
822774,2026-08-16,671218,"Ramos, Heliot",TOR,5,4,1,0,1,0,0,1,0,0,0,0,0,2,2026
822774,2026-08-16,671277,"García Jr., Luis",TOR,5,3,1,1,0,0,0,1,0,1,0,0,1,1,2026
822774,2026-08-16,676609,"Caballero, José",TOR,4,2,1,1,0,0,0,1,0,1,0,0,1,1,2026
822774,2026-08-16,682987,"Jones, Spencer",TOR,4,4,0,0,0,0,0,0,0,3,0,0,0,0,2026
822774,2026-08-16,700250,"Rice, Ben",TOR,5,5,1,0,0,0,1,0,0,1,0,0,2,4,2026
822774,2026-08-16,806146,"Lombard Jr., George",TOR,4,3,1,0,1,0,0,1,0,0,0,0,0,2,2026
822775,2026-08-15,641857,"McMahon, Ryan",TOR,3,3,0,0,0,0,0,0,0,1,0,0,0,0,2026
822775,2026-08-15,663757,"Grisham, Trent",TOR,4,3,0,0,0,0,0,1,0,0,0,0,0,0,2026
822775,2026-08-15,665862,"Chisholm Jr., Jazz",TOR,3,3,0,0,0,0,0,0,0,1,0,0,0,0,2026
822775,2026-08-15,669224,"Wells, Austin",TOR,3,3,1,1,0,0,0,0,0,1,0,0,0,1,2026
822775,2026-08-15,671218,"Ramos, Heliot",TOR,4,4,0,0,0,0,0,0,0,1,0,0,0,0,2026
822775,2026-08-15,671277,"García Jr., Luis",TOR,4,4,1,1,0,0,0,0,0,2,0,0,0,1,2026
822775,2026-08-15,682987,"Jones, Spencer",TOR,3,3,1,1,0,0,0,0,0,1,0,0,0,1,2026
822775,2026-08-15,700250,"Rice, Ben",TOR,4,4,0,0,0,0,0,0,0,2,0,0,0,0,2026
822775,2026-08-15,806146,"Lombard Jr., George",TOR,3,2,1,1,0,0,0,1,0,0,0,0,1,1,2026
822777,2026-08-14,641857,"McMahon, Ryan",TOR,3,3,1,1,0,0,0,0,0,1,0,0,0,1,2026
822777,2026-08-14,663757,"Grisham, Trent",TOR,4,4,2,1,0,0,1,0,0,1,0,0,1,5,2026
822777,2026-08-14,665862,"Chisholm Jr., Jazz",TOR,4,4,1,1,0,0,0,0,0,0,0,0,0,1,2026
822777,2026-08-14,669224,"Wells, Austin",TOR,3,2,0,0,0,0,0,1,0,0,0,0,0,0,2026
822777,2026-08-14,671218,"Ramos, Heliot",TOR,3,3,0,0,0,0,0,0,0,0,0,0,0,0,2026
822777,2026-08-14,671277,"García Jr., Luis",TOR,4,4,0,0,0,0,0,0,0,1,0,0,0,0,2026
822777,2026-08-14,682987,"Jones, Spencer",TOR,4,4,1,0,1,0,0,0,0,1,0,0,0,2,2026
822777,2026-08-14,700250,"Rice, Ben",TOR,4,4,0,0,0,0,0,0,0,0,0,0,0,0,2026
822777,2026-08-14,806146,"Lombard Jr., George",TOR,3,3,0,0,0,0,0,0,0,1,0,0,0,0,2026
822801,2026-06-14,502671,"Goldschmidt, Paul",TOR,5,5,3,3,0,0,0,0,0,0,0,0,0,3,2026
822801,2026-06-14,641355,"Bellinger, Cody",TOR,5,5,0,0,0,0,0,0,0,0,0,0,0,0,2026
822801,2026-06-14,642708,"Rosario, Amed",TOR,2,2,0,0,0,0,0,0,0,0,0,0,0,0,2026
822801,2026-06-14,645305,"Sánchez, Ali",TOR,3,3,2,1,1,0,0,0,0,1,0,0,1,3,2026
822801,2026-06-14,665862,"Chisholm Jr., Jazz",TOR,3,0,0,0,0,0,0,3,0,0,0,0,0,0,2026
822801,2026-06-14,676609,"Caballero, José",TOR,5,5,1,0,0,0,1,0,0,1,0,0,3,4,2026
822801,2026-06-14,680474,"Schuemann, Max",TOR,5,5,1,0,1,0,0,0,0,1,0,0,0,2,2026
822801,2026-06-14,682987,"Jones, Spencer",TOR,1,1,0,0,0,0,0,0,0,1,0,0,0,0,2026
822801,2026-06-14,683011,"Volpe, Anthony",TOR,4,4,2,2,0,0,0,0,0,1,0,0,2,2,2026
822801,2026-06-14,691176,"Domínguez, Jasson",TOR,5,4,1,0,1,0,0,1,0,1,0,0,0,2,2026
822801,2026-06-14,700250,"Rice, Ben",TOR,5,5,2,1,0,0,1,0,0,2,0,0,2,5,2026
822802,2026-06-13,502671,"Goldschmidt, Paul",TOR,4,4,1,0,0,0,1,0,0,0,0,0,2,4,2026
822802,2026-06-13,641355,"Bellinger, Cody",TOR,4,4,1,1,0,0,0,0,0,1,0,0,0,1,2026
822802,2026-06-13,641555,"Escarra, J.C.",TOR,3,3,1,1,0,0,0,0,0,0,0,0,0,1,2026
822802,2026-06-13,641857,"McMahon, Ryan",TOR,3,2,0,0,0,0,0,1,0,0,0,0,0,0,2026
822802,2026-06-13,665862,"Chisholm Jr., Jazz",TOR,4,3,0,0,0,0,0,1,0,1,0,0,0,0,2026
822802,2026-06-13,676609,"Caballero, José",TOR,4,4,0,0,0,0,0,0,0,4,0,0,0,0,2026
822802,2026-06-13,682987,"Jones, Spencer",TOR,4,4,0,0,0,0,0,0,0,1,0,0,0,0,2026
822802,2026-06-13,691176,"Domínguez, Jasson",TOR,4,5,1,0,0,0,1,0,0,1,0,0,1,4,2026
822802,2026-06-13,700250,"Rice, Ben",TOR,4,4,1,1,0,0,0,0,0,1,0,0,0,1,2026
822803,2026-06-12,502671,"Goldschmidt, Paul",TOR,5,4,1,1,0,0,0,0,0,1,0,0,1,1,2026
822803,2026-06-12,641355,"Bellinger, Cody",TOR,5,5,1,0,0,0,1,0,0,0,0,0,2,4,2026
822803,2026-06-12,641555,"Escarra, J.C.",TOR,2,2,1,0,1,0,0,0,0,1,0,0,0,2,2026
822803,2026-06-12,641857,"McMahon, Ryan",TOR,4,3,0,0,0,0,0,1,0,1,0,0,0,0,2026
822803,2026-06-12,642708,"Rosario, Amed",TOR,1,1,0,0,0,0,0,0,0,0,0,0,0,0,2026
822803,2026-06-12,645305,"Sánchez, Ali",TOR,1,1,0,0,0,0,0,0,0,0,0,0,0,0,2026
822803,2026-06-12,663757,"Grisham, Trent",TOR,4,4,1,1,0,0,0,0,0,0,0,0,2,1,2026
822803,2026-06-12,665862,"Chisholm Jr., Jazz",TOR,5,4,1,1,0,0,0,1,0,2,0,0,0,1,2026
822803,2026-06-12,676609,"Caballero, José",TOR,4,3,2,1,1,0,0,1,0,0,0,0,0,3,2026
822803,2026-06-12,680474,"Schuemann, Max",TOR,1,1,0,0,0,0,0,0,0,1,0,0,0,0,2026
822803,2026-06-12,682987,"Jones, Spencer",TOR,4,2,0,0,0,0,0,2,0,2,0,0,0,0,2026
822803,2026-06-12,700250,"Rice, Ben",TOR,5,3,0,0,0,0,0,2,0,0,0,0,0,0,2026
822906,2026-04-27,592450,"Judge, Aaron",TEX,4,3,3,0,2,0,1,0,1,0,0,0,1,8,2026
822906,2026-04-27,641355,"Bellinger, Cody",TEX,4,4,0,0,0,0,0,0,0,1,0,0,0,0,2026
822906,2026-04-27,641857,"McMahon, Ryan",TEX,4,4,1,1,0,0,0,0,0,2,0,0,0,1,2026
822906,2026-04-27,663757,"Grisham, Trent",TEX,5,4,1,1,0,0,0,1,0,0,0,0,0,1,2026
822906,2026-04-27,665862,"Chisholm Jr., Jazz",TEX,4,4,1,0,0,0,1,0,0,0,0,0,1,4,2026
822906,2026-04-27,669224,"Wells, Austin",TEX,4,3,0,0,0,0,0,1,0,1,0,0,0,0,2026
822906,2026-04-27,676609,"Caballero, José",TEX,4,3,1,1,0,0,0,0,1,0,0,0,0,1,2026
822906,2026-04-27,691176,"Domínguez, Jasson",TEX,4,4,1,1,0,0,0,0,0,1,0,0,0,1,2026
822906,2026-04-27,700250,"Rice, Ben",TEX,5,4,1,0,0,0,1,1,0,0,0,0,2,4,2026
822907,2026-04-29,592450,"Judge, Aaron",TEX,4,4,0,0,0,0,0,0,0,2,0,0,0,0,2026
822907,2026-04-29,641355,"Bellinger, Cody",TEX,4,4,1,1,0,0,0,0,0,1,0,0,0,1,2026
822907,2026-04-29,641555,"Escarra, J.C.",TEX,3,3,0,0,0,0,0,0,0,1,0,0,0,0,2026
822907,2026-04-29,641857,"McMahon, Ryan",TEX,3,3,0,0,0,0,0,0,0,1,0,0,0,0,2026
822907,2026-04-29,663757,"Grisham, Trent",TEX,4,4,0,0,0,0,0,0,0,1,0,0,0,0,2026
822907,2026-04-29,665862,"Chisholm Jr., Jazz",TEX,4,4,0,0,0,0,0,0,0,1,0,0,0,0,2026
822907,2026-04-29,676609,"Caballero, José",TEX,3,3,1,1,0,0,0,0,0,1,0,0,0,1,2026
822907,2026-04-29,680474,"Schuemann, Max",TEX,2,1,0,0,0,0,0,1,0,0,0,0,0,0,2026
822907,2026-04-29,691176,"Domínguez, Jasson",TEX,2,1,0,0,0,0,0,0,1,0,0,0,0,0,2026
822907,2026-04-29,700250,"Rice, Ben",TEX,4,4,3,3,0,0,0,0,0,0,0,0,0,3,2026
822908,2026-04-28,592450,"Judge, Aaron",TEX,4,4,2,1,0,0,1,0,0,1,0,0,1,5,2026
822908,2026-04-28,641355,"Bellinger, Cody",TEX,4,4,1,0,1,0,0,0,0,1,0,0,1,2,2026
822908,2026-04-28,641857,"McMahon, Ryan",TEX,3,3,0,0,0,0,0,0,0,2,0,0,0,0,2026
822908,2026-04-28,663757,"Grisham, Trent",TEX,4,4,0,0,0,0,0,0,0,0,0,0,0,0,2026
822908,2026-04-28,665862,"Chisholm Jr., Jazz",TEX,4,4,0,0,0,0,0,0,0,1,0,0,0,0,2026
822908,2026-04-28,669224,"Wells, Austin",TEX,3,3,2,1,0,0,1,0,0,0,0,0,1,5,2026
822908,2026-04-28,676609,"Caballero, José",TEX,3,3,0,0,0,0,0,0,0,0,0,0,0,0,2026
822908,2026-04-28,691176,"Domínguez, Jasson",TEX,4,4,0,0,0,0,0,0,0,1,0,0,0,0,2026
822908,2026-04-28,700250,"Rice, Ben",TEX,4,4,0,0,0,0,0,0,0,1,0,0,0,0,2026
822954,2026-07-09,641355,"Bellinger, Cody",TB,5,5,2,2,0,0,0,0,0,0,0,0,1,2,2026
822954,2026-07-09,641857,"McMahon, Ryan",TB,5,5,2,0,2,0,0,0,0,2,0,0,2,4,2026
822954,2026-07-09,663757,"Grisham, Trent",TB,5,5,2,1,1,0,0,0,0,0,0,0,1,3,2026
822954,2026-07-09,665862,"Chisholm Jr., Jazz",TB,5,3,0,0,0,0,0,1,0,0,0,0,1,0,2026
822954,2026-07-09,669224,"Wells, Austin",TB,5,4,1,0,0,0,1,1,0,1,0,0,1,4,2026
822954,2026-07-09,676609,"Caballero, José",TB,5,4,1,1,0,0,0,0,0,1,0,0,1,1,2026
822954,2026-07-09,680474,"Schuemann, Max",TB,5,4,2,1,1,0,0,0,1,1,0,0,0,3,2026
822954,2026-07-09,691176,"Domínguez, Jasson",TB,5,4,2,2,0,0,0,1,0,1,0,0,0,2,2026
822954,2026-07-09,700250,"Rice, Ben",TB,5,4,2,0,0,0,2,1,0,1,0,0,5,8,2026
822956,2026-07-07,502671,"Goldschmidt, Paul",TB,4,4,0,0,0,0,0,0,0,4,0,0,0,0,2026
822956,2026-07-07,641355,"Bellinger, Cody",TB,4,4,1,1,0,0,0,0,0,2,0,0,0,1,2026
822956,2026-07-07,641857,"McMahon, Ryan",TB,1,1,1,1,0,0,0,0,0,0,0,0,0,1,2026
822956,2026-07-07,642708,"Rosario, Amed",TB,2,2,0,0,0,0,0,0,0,2,0,0,0,0,2026
822956,2026-07-07,645305,"Sánchez, Ali",TB,4,3,2,2,0,0,0,0,0,0,0,0,1,2,2026
822956,2026-07-07,663757,"Grisham, Trent",TB,5,5,1,0,1,0,0,0,0,2,0,0,0,2,2026
822956,2026-07-07,665862,"Chisholm Jr., Jazz",TB,4,4,1,1,0,0,0,0,0,2,0,0,0,1,2026
822956,2026-07-07,676609,"Caballero, José",TB,4,4,0,0,0,0,0,0,0,4,0,0,0,0,2026
822956,2026-07-07,680474,"Schuemann, Max",TB,2,2,1,1,0,0,0,0,0,1,0,0,0,1,2026
822956,2026-07-07,683011,"Volpe, Anthony",TB,1,1,0,0,0,0,0,0,0,0,0,0,0,0,2026
822956,2026-07-07,691176,"Domínguez, Jasson",TB,2,2,1,1,0,0,0,0,0,0,0,0,0,1,2026
822956,2026-07-07,700250,"Rice, Ben",TB,4,4,3,2,0,0,1,0,0,0,0,0,3,6,2026
822957,2026-07-08,502671,"Goldschmidt, Paul",TB,4,4,0,0,0,0,0,0,0,3,0,0,0,0,2026
822957,2026-07-08,641355,"Bellinger, Cody",TB,4,4,0,0,0,0,0,0,0,2,0,0,0,0,2026
822957,2026-07-08,642708,"Rosario, Amed",TB,4,4,1,1,0,0,0,0,0,1,0,0,0,1,2026
822957,2026-07-08,663757,"Grisham, Trent",TB,1,1,0,0,0,0,0,0,0,0,0,0,0,0,2026
822957,2026-07-08,669224,"Wells, Austin",TB,3,3,0,0,0,0,0,0,0,1,0,0,0,0,2026
822957,2026-07-08,676609,"Caballero, José",TB,3,3,1,1,0,0,0,0,0,1,0,0,0,1,2026
822957,2026-07-08,680474,"Schuemann, Max",TB,2,2,0,0,0,0,0,0,0,0,0,0,0,0,2026
822957,2026-07-08,683011,"Volpe, Anthony",TB,3,3,1,1,0,0,0,0,0,1,0,0,0,1,2026
822957,2026-07-08,691176,"Domínguez, Jasson",TB,4,4,2,2,0,0,0,0,0,1,0,0,0,2,2026
822957,2026-07-08,700250,"Rice, Ben",TB,4,4,1,1,0,0,0,0,0,1,0,0,0,1,2026
822958,2026-07-06,502671,"Goldschmidt, Paul",TB,4,4,0,0,0,0,0,0,0,3,0,0,0,0,2026
822958,2026-07-06,641355,"Bellinger, Cody",TB,4,4,0,0,0,0,0,0,0,3,0,0,0,0,2026
822958,2026-07-06,641857,"McMahon, Ryan",TB,3,3,0,0,0,0,0,0,0,3,0,0,0,0,2026
822958,2026-07-06,663757,"Grisham, Trent",TB,4,4,0,0,0,0,0,0,0,1,0,0,0,0,2026
822958,2026-07-06,665862,"Chisholm Jr., Jazz",TB,3,2,0,0,0,0,0,1,0,2,0,0,0,0,2026
822958,2026-07-06,669224,"Wells, Austin",TB,3,3,0,0,0,0,0,0,0,1,0,0,0,0,2026
822958,2026-07-06,676609,"Caballero, José",TB,3,3,2,0,0,0,2,0,0,0,0,0,4,8,2026
822958,2026-07-06,691176,"Domínguez, Jasson",TB,4,3,0,0,0,0,0,1,0,2,0,0,0,0,2026
822958,2026-07-06,700250,"Rice, Ben",TB,4,4,1,0,0,0,1,0,0,2,0,0,1,4,2026
822996,2026-04-11,519317,"Stanton, Giancarlo",TB,4,3,0,0,0,0,0,1,0,1,0,0,0,0,2026
822996,2026-04-11,545341,"Grichuk, Randal",TB,1,1,0,0,0,0,0,0,0,0,0,0,0,0,2026
822996,2026-04-11,592450,"Judge, Aaron",TB,5,3,0,0,0,0,0,2,0,1,0,0,0,0,2026
822996,2026-04-11,641355,"Bellinger, Cody",TB,5,5,2,2,0,0,0,0,0,1,0,0,0,2,2026
822996,2026-04-11,641857,"McMahon, Ryan",TB,2,2,1,1,0,0,0,0,0,0,0,0,0,1,2026
822996,2026-04-11,642708,"Rosario, Amed",TB,3,3,0,0,0,0,0,0,0,1,0,0,0,0,2026
822996,2026-04-11,663757,"Grisham, Trent",TB,5,3,0,0,0,0,0,2,0,0,0,0,0,0,2026
822996,2026-04-11,665862,"Chisholm Jr., Jazz",TB,5,5,1,0,1,0,0,0,0,1,0,0,0,2,2026
822996,2026-04-11,669224,"Wells, Austin",TB,5,5,1,0,0,0,1,0,0,1,0,0,1,4,2026
822996,2026-04-11,676609,"Caballero, José",TB,5,5,2,1,1,0,0,0,0,2,0,0,3,3,2026
822996,2026-04-11,700250,"Rice, Ben",TB,5,3,1,0,1,0,0,2,0,1,0,0,0,2,2026
822997,2026-04-10,502671,"Goldschmidt, Paul",TB,3,1,0,0,0,0,0,1,1,1,0,0,0,0,2026
822997,2026-04-10,519317,"Stanton, Giancarlo",TB,4,3,1,1,0,0,0,1,0,1,0,0,0,1,2026
822997,2026-04-10,545341,"Grichuk, Randal",TB,4,4,0,0,0,0,0,0,0,2,0,0,0,0,2026
822997,2026-04-10,592450,"Judge, Aaron",TB,4,4,1,1,0,0,0,0,0,2,0,0,0,1,2026
822997,2026-04-10,641355,"Bellinger, Cody",TB,4,3,0,0,0,0,0,0,0,2,0,0,1,0,2026
822997,2026-04-10,642708,"Rosario, Amed",TB,4,4,2,1,0,1,0,0,0,1,0,0,1,4,2026
822997,2026-04-10,663757,"Grisham, Trent",TB,1,1,0,0,0,0,0,0,0,0,0,0,0,0,2026
822997,2026-04-10,665862,"Chisholm Jr., Jazz",TB,4,4,0,0,0,0,0,0,0,1,0,0,0,0,2026
822997,2026-04-10,669224,"Wells, Austin",TB,3,3,0,0,0,0,0,0,0,0,0,0,0,0,2026
822997,2026-04-10,676609,"Caballero, José",TB,3,3,0,0,0,0,0,0,0,2,0,0,0,0,2026
822997,2026-04-10,700250,"Rice, Ben",TB,1,1,1,0,0,0,1,0,0,0,0,0,1,4,2026
822998,2026-04-12,519317,"Stanton, Giancarlo",TB,1,1,0,0,0,0,0,0,0,0,0,0,1,0,2026
822998,2026-04-12,545341,"Grichuk, Randal",TB,2,2,0,0,0,0,0,0,0,1,0,0,0,0,2026
822998,2026-04-12,592450,"Judge, Aaron",TB,4,3,1,0,0,0,1,1,0,1,0,0,2,4,2026
822998,2026-04-12,641355,"Bellinger, Cody",TB,4,4,1,1,0,0,0,0,0,1,0,0,1,1,2026
822998,2026-04-12,641555,"Escarra, J.C.",TB,2,2,0,0,0,0,0,0,0,0,0,0,0,0,2026
822998,2026-04-12,641857,"McMahon, Ryan",TB,4,4,1,1,0,0,0,0,0,1,0,0,0,1,2026
822998,2026-04-12,642708,"Rosario, Amed",TB,1,1,1,0,1,0,0,0,0,0,0,0,0,2,2026
822998,2026-04-12,663757,"Grisham, Trent",TB,4,4,0,0,0,0,0,0,0,1,0,0,0,0,2026
822998,2026-04-12,665862,"Chisholm Jr., Jazz",TB,4,4,1,0,1,0,0,0,0,0,0,0,0,2,2026
822998,2026-04-12,669224,"Wells, Austin",TB,2,1,0,0,0,0,0,1,0,0,0,0,0,0,2026
822998,2026-04-12,676609,"Caballero, José",TB,3,3,0,0,0,0,0,0,0,1,0,0,0,0,2026
822998,2026-04-12,700250,"Rice, Ben",TB,4,4,2,1,1,0,0,0,0,2,0,0,0,3,2026
823157,2026-04-01,502671,"Goldschmidt, Paul",SEA,4,4,1,0,0,0,1,0,0,2,0,0,3,4,2026
823157,2026-04-01,592450,"Judge, Aaron",SEA,4,4,0,0,0,0,0,0,0,1,0,0,0,0,2026
823157,2026-04-01,641355,"Bellinger, Cody",SEA,4,3,0,0,0,0,0,1,0,1,0,0,0,0,2026
823157,2026-04-01,641857,"McMahon, Ryan",SEA,1,1,0,0,0,0,0,0,0,0,0,0,0,0,2026
823157,2026-04-01,642708,"Rosario, Amed",SEA,3,3,1,1,0,0,0,0,0,0,0,0,0,1,2026
823157,2026-04-01,663757,"Grisham, Trent",SEA,4,3,0,0,0,0,0,1,0,1,0,0,0,0,2026
823157,2026-04-01,665862,"Chisholm Jr., Jazz",SEA,4,4,1,1,0,0,0,0,0,2,0,0,0,1,2026
823157,2026-04-01,669224,"Wells, Austin",SEA,3,3,1,1,0,0,0,0,0,1,0,0,0,1,2026
823157,2026-04-01,676609,"Caballero, José",SEA,3,3,0,0,0,0,0,0,0,1,0,0,0,0,2026
823157,2026-04-01,700250,"Rice, Ben",SEA,4,4,2,0,1,0,1,1,0,0,0,0,2,6,2026
823158,2026-03-31,519317,"Stanton, Giancarlo",SEA,4,4,2,1,1,0,0,0,0,0,0,0,2,3,2026
823158,2026-03-31,592450,"Judge, Aaron",SEA,4,4,0,0,0,0,0,0,0,2,0,0,0,0,2026
823158,2026-03-31,641355,"Bellinger, Cody",SEA,4,3,2,2,0,0,0,1,0,0,0,0,0,2,2026
823158,2026-03-31,641555,"Escarra, J.C.",SEA,4,4,0,0,0,0,0,0,0,1,0,0,0,0,2026
823158,2026-03-31,641857,"McMahon, Ryan",SEA,4,4,0,0,0,0,0,0,0,3,0,0,0,0,2026
823158,2026-03-31,663757,"Grisham, Trent",SEA,4,4,2,1,1,0,0,0,0,1,0,0,0,3,2026
823158,2026-03-31,665862,"Chisholm Jr., Jazz",SEA,4,4,1,1,0,0,0,0,0,2,0,0,1,1,2026
823158,2026-03-31,676609,"Caballero, José",SEA,4,4,0,0,0,0,0,0,0,1,0,0,0,0,2026
823158,2026-03-31,700250,"Rice, Ben",SEA,4,3,2,1,1,0,0,2,0,0,0,0,1,3,2026
823159,2026-03-30,519317,"Stanton, Giancarlo",SEA,4,4,2,1,1,0,0,0,0,1,0,0,0,3,2026
823159,2026-03-30,592450,"Judge, Aaron",SEA,4,3,1,1,0,0,0,1,0,1,0,0,0,1,2026
823159,2026-03-30,641355,"Bellinger, Cody",SEA,4,4,0,0,0,0,0,0,0,1,0,0,0,0,2026
823159,2026-03-30,641857,"McMahon, Ryan",SEA,2,2,0,0,0,0,0,0,0,1,0,0,0,0,2026
823159,2026-03-30,642708,"Rosario, Amed",SEA,2,1,0,0,0,0,0,0,0,1,0,0,1,0,2026
823159,2026-03-30,663757,"Grisham, Trent",SEA,4,4,0,0,0,0,0,0,0,1,0,0,0,0,2026
823159,2026-03-30,665862,"Chisholm Jr., Jazz",SEA,4,4,1,0,1,0,0,0,0,1,0,0,0,2,2026
823159,2026-03-30,669224,"Wells, Austin",SEA,3,3,0,0,0,0,0,0,0,2,0,0,0,0,2026
823159,2026-03-30,676609,"Caballero, José",SEA,3,2,1,1,0,0,0,1,0,1,0,0,0,1,2026
823159,2026-03-30,700250,"Rice, Ben",SEA,4,4,1,1,0,0,0,0,0,0,0,0,0,1,2026
823241,2026-03-28,519317,"Stanton, Giancarlo",SF,4,4,2,2,0,0,0,0,0,1,0,0,0,2,2026
823241,2026-03-28,592450,"Judge, Aaron",SF,4,4,1,0,0,0,1,0,0,1,0,0,1,4,2026
823241,2026-03-28,641355,"Bellinger, Cody",SF,4,3,2,1,0,1,0,1,0,0,0,0,0,4,2026
823241,2026-03-28,641857,"McMahon, Ryan",SF,4,4,0,0,0,0,0,0,0,0,0,0,0,0,2026
823241,2026-03-28,663757,"Grisham, Trent",SF,4,3,1,1,0,0,0,1,0,0,0,0,0,1,2026
823241,2026-03-28,665862,"Chisholm Jr., Jazz",SF,4,4,0,0,0,0,0,0,0,2,0,0,0,0,2026
823241,2026-03-28,669224,"Wells, Austin",SF,3,3,0,0,0,0,0,0,0,2,0,0,0,0,2026
823241,2026-03-28,676609,"Caballero, José",SF,4,4,0,0,0,0,0,0,0,3,0,0,0,0,2026
823241,2026-03-28,700250,"Rice, Ben",SF,4,4,1,0,1,0,0,0,0,1,0,0,2,2,2026
823243,2026-03-27,502671,"Goldschmidt, Paul",SF,5,5,1,0,1,0,0,0,0,0,0,0,0,2,2026
823243,2026-03-27,519317,"Stanton, Giancarlo",SF,4,4,2,1,0,0,1,0,0,1,0,0,1,5,2026
823243,2026-03-27,545341,"Grichuk, Randal",SF,2,2,0,0,0,0,0,0,0,0,0,0,0,0,2026
823243,2026-03-27,592450,"Judge, Aaron",SF,4,4,1,0,0,0,1,0,0,2,0,0,2,4,2026
823243,2026-03-27,641355,"Bellinger, Cody",SF,4,3,1,1,0,0,0,1,0,0,0,0,0,1,2026
823243,2026-03-27,641857,"McMahon, Ryan",SF,2,1,0,0,0,0,0,1,0,1,0,0,0,0,2026
823243,2026-03-27,642708,"Rosario, Amed",SF,2,2,0,0,0,0,0,0,0,0,0,0,0,0,2026
823243,2026-03-27,663757,"Grisham, Trent",SF,2,1,0,0,0,0,0,1,0,0,0,0,0,0,2026
823243,2026-03-27,665862,"Chisholm Jr., Jazz",SF,4,4,1,1,0,0,0,0,0,2,0,0,0,1,2026
823243,2026-03-27,669224,"Wells, Austin",SF,4,4,0,0,0,0,0,0,0,1,0,0,0,0,2026
823243,2026-03-27,676609,"Caballero, José",SF,4,4,2,2,0,0,0,0,0,0,0,0,0,2,2026
823244,2026-03-25,519317,"Stanton, Giancarlo",SF,4,4,2,2,0,0,0,0,0,1,0,0,1,2,2026
823244,2026-03-25,592450,"Judge, Aaron",SF,5,5,0,0,0,0,0,0,0,4,0,0,0,0,2026
823244,2026-03-25,641355,"Bellinger, Cody",SF,5,5,1,1,0,0,0,0,0,2,0,0,0,1,2026
823244,2026-03-25,641857,"McMahon, Ryan",SF,4,3,1,1,0,0,0,1,0,2,0,0,2,1,2026
823244,2026-03-25,663757,"Grisham, Trent",SF,5,5,1,0,0,1,0,0,0,1,0,0,2,3,2026
823244,2026-03-25,665862,"Chisholm Jr., Jazz",SF,4,3,1,1,0,0,0,0,1,0,0,0,1,1,2026
823244,2026-03-25,669224,"Wells, Austin",SF,4,3,2,2,0,0,0,1,0,0,0,0,0,2,2026
823244,2026-03-25,676609,"Caballero, José",SF,4,4,1,1,0,0,0,0,0,0,0,0,1,1,2026
823244,2026-03-25,700250,"Rice, Ben",SF,5,4,1,1,0,0,0,1,0,2,0,0,0,1,2026
823253,2026-09-06,502671,"Goldschmidt, Paul",SD,1,0,0,0,0,0,0,1,0,0,0,0,0,0,2026
823253,2026-09-06,641355,"Bellinger, Cody",SD,4,4,1,1,0,0,0,0,0,0,0,0,0,1,2026
823253,2026-09-06,641857,"McMahon, Ryan",SD,4,4,0,0,0,0,0,0,0,2,0,0,0,0,2026
823253,2026-09-06,642708,"Rosario, Amed",SD,1,1,1,1,0,0,0,0,0,0,0,0,2,1,2026
823253,2026-09-06,665862,"Chisholm Jr., Jazz",SD,3,3,1,1,0,0,0,0,0,0,0,0,0,1,2026
823253,2026-09-06,669224,"Wells, Austin",SD,4,2,0,0,0,0,0,2,0,1,0,0,0,0,2026
823253,2026-09-06,671277,"García Jr., Luis",SD,3,3,1,1,0,0,0,0,0,1,0,0,0,1,2026
823253,2026-09-06,682987,"Jones, Spencer",SD,4,3,1,0,1,0,0,1,0,1,0,0,1,2,2026
823253,2026-09-06,691176,"Domínguez, Jasson",SD,4,4,1,1,0,0,0,0,0,0,0,0,0,1,2026
823253,2026-09-06,700250,"Rice, Ben",SD,5,4,0,0,0,0,0,1,0,2,0,0,0,0,2026
823253,2026-09-06,806146,"Lombard Jr., George",SD,4,4,1,0,1,0,0,0,0,2,0,0,0,2,2026
823256,2026-09-04,502671,"Goldschmidt, Paul",SD,1,1,0,0,0,0,0,0,0,1,0,0,0,0,2026
823256,2026-09-04,641355,"Bellinger, Cody",SD,4,4,0,0,0,0,0,0,0,3,0,0,0,0,2026
823256,2026-09-04,641857,"McMahon, Ryan",SD,2,3,0,0,0,0,0,0,0,0,0,0,0,0,2026
823256,2026-09-04,663757,"Grisham, Trent",SD,1,0,0,0,0,0,0,1,0,0,0,0,0,0,2026
823256,2026-09-04,665862,"Chisholm Jr., Jazz",SD,4,3,0,0,0,0,0,1,0,1,0,0,0,0,2026
823256,2026-09-04,669224,"Wells, Austin",SD,3,3,0,0,0,0,0,0,0,2,0,0,0,0,2026
823256,2026-09-04,671218,"Ramos, Heliot",SD,3,3,0,0,0,0,0,0,0,2,0,0,0,0,2026
823256,2026-09-04,671277,"García Jr., Luis",SD,4,4,1,1,0,0,0,0,0,2,0,0,0,1,2026
823256,2026-09-04,682987,"Jones, Spencer",SD,4,4,1,1,0,0,0,0,0,2,0,0,1,1,2026
823256,2026-09-04,700250,"Rice, Ben",SD,4,4,3,2,0,0,1,0,0,0,0,0,1,6,2026
823256,2026-09-04,806146,"Lombard Jr., George",SD,3,3,0,0,0,0,0,0,0,2,0,0,0,0,2026
823257,2026-09-05,502671,"Goldschmidt, Paul",SD,5,4,1,1,0,0,0,1,0,1,0,0,1,1,2026
823257,2026-09-05,641355,"Bellinger, Cody",SD,5,5,1,1,0,0,0,0,0,0,0,0,2,1,2026
823257,2026-09-05,641857,"McMahon, Ryan",SD,2,2,1,1,0,0,0,0,0,0,0,0,0,1,2026
823257,2026-09-05,642708,"Rosario, Amed",SD,3,3,0,0,0,0,0,0,0,1,0,0,0,0,2026
823257,2026-09-05,669224,"Wells, Austin",SD,4,3,0,0,0,0,0,1,0,1,0,0,0,0,2026
823257,2026-09-05,671218,"Ramos, Heliot",SD,3,2,1,1,0,0,0,1,0,1,0,0,0,1,2026
823257,2026-09-05,671277,"García Jr., Luis",SD,1,1,0,0,0,0,0,0,0,1,0,0,0,0,2026
823257,2026-09-05,676609,"Caballero, José",SD,5,2,0,0,0,0,0,2,0,0,0,0,0,0,2026
823257,2026-09-05,682987,"Jones, Spencer",SD,5,4,2,1,1,0,0,0,0,1,0,0,1,3,2026
823257,2026-09-05,691176,"Domínguez, Jasson",SD,1,1,0,0,0,0,0,0,0,0,0,0,0,0,2026
823257,2026-09-05,700250,"Rice, Ben",SD,5,3,3,3,0,0,0,2,0,0,0,0,0,3,2026
823257,2026-09-05,806146,"Lombard Jr., George",SD,5,3,0,0,0,0,0,0,1,1,0,0,1,0,2026
823433,2026-07-26,502671,"Goldschmidt, Paul",PHI,5,4,1,1,0,0,0,1,0,2,0,0,0,1,2026
823433,2026-07-26,641857,"McMahon, Ryan",PHI,1,1,0,0,0,0,0,0,0,1,0,0,0,0,2026
823433,2026-07-26,642708,"Rosario, Amed",PHI,4,4,1,1,0,0,0,0,0,2,0,0,0,1,2026
823433,2026-07-26,645305,"Sánchez, Ali",PHI,3,3,2,2,0,0,0,0,0,1,0,0,0,2,2026
823433,2026-07-26,663757,"Grisham, Trent",PHI,4,4,0,0,0,0,0,0,0,1,0,0,0,0,2026
823433,2026-07-26,669224,"Wells, Austin",PHI,1,1,0,0,0,0,0,0,0,1,0,0,0,0,2026
823433,2026-07-26,676609,"Caballero, José",PHI,4,4,0,0,0,0,0,0,0,2,0,0,0,0,2026
823433,2026-07-26,680474,"Schuemann, Max",PHI,3,2,0,0,0,0,0,1,0,0,0,0,0,0,2026
823433,2026-07-26,682987,"Jones, Spencer",PHI,1,0,0,0,0,0,0,1,0,0,0,0,0,0,2026
823433,2026-07-26,683011,"Volpe, Anthony",PHI,4,3,2,0,2,0,0,1,0,1,0,0,1,4,2026
823433,2026-07-26,691176,"Domínguez, Jasson",PHI,5,5,0,0,0,0,0,0,0,1,0,0,1,0,2026
823433,2026-07-26,700250,"Rice, Ben",PHI,5,5,2,0,1,0,1,0,0,1,0,0,1,6,2026
823434,2026-07-24,502671,"Goldschmidt, Paul",PHI,4,4,1,0,0,0,1,0,0,2,0,0,1,4,2026
823434,2026-07-24,641355,"Bellinger, Cody",PHI,4,3,1,1,0,0,0,1,0,1,0,0,0,1,2026
823434,2026-07-24,641857,"McMahon, Ryan",PHI,1,0,0,0,0,0,0,0,1,0,0,0,0,0,2026
823434,2026-07-24,642708,"Rosario, Amed",PHI,3,3,0,0,0,0,0,0,0,1,0,0,0,0,2026
823434,2026-07-24,645305,"Sánchez, Ali",PHI,3,2,0,0,0,0,0,0,1,1,0,0,0,0,2026
823434,2026-07-24,663757,"Grisham, Trent",PHI,3,3,0,0,0,0,0,0,0,0,0,0,0,0,2026
823434,2026-07-24,676609,"Caballero, José",PHI,3,3,0,0,0,0,0,0,0,2,0,0,0,0,2026
823434,2026-07-24,683011,"Volpe, Anthony",PHI,3,3,1,1,0,0,0,0,0,1,0,0,0,1,2026
823434,2026-07-24,691176,"Domínguez, Jasson",PHI,4,5,1,1,0,0,0,0,0,1,0,0,0,1,2026
823434,2026-07-24,700250,"Rice, Ben",PHI,4,4,0,0,0,0,0,0,0,3,0,0,0,0,2026
823435,2026-07-25,502671,"Goldschmidt, Paul",PHI,4,4,2,2,0,0,0,0,0,0,0,0,0,2,2026
823435,2026-07-25,641355,"Bellinger, Cody",PHI,4,4,2,1,1,0,0,0,0,0,0,0,1,3,2026
823435,2026-07-25,641857,"McMahon, Ryan",PHI,3,3,0,0,0,0,0,0,0,1,0,0,0,0,2026
823435,2026-07-25,642708,"Rosario, Amed",PHI,1,1,0,0,0,0,0,0,0,1,0,0,0,0,2026
823435,2026-07-25,663757,"Grisham, Trent",PHI,4,4,0,0,0,0,0,0,0,0,0,0,0,0,2026
823435,2026-07-25,665862,"Chisholm Jr., Jazz",PHI,4,4,0,0,0,0,0,0,0,4,0,0,0,0,2026
823435,2026-07-25,669224,"Wells, Austin",PHI,3,2,1,0,0,0,1,1,0,0,0,0,1,4,2026
823435,2026-07-25,676609,"Caballero, José",PHI,4,4,1,1,0,0,0,0,0,2,0,0,0,1,2026
823435,2026-07-25,691176,"Domínguez, Jasson",PHI,4,4,1,0,0,0,1,0,0,1,0,0,1,4,2026
823435,2026-07-25,700250,"Rice, Ben",PHI,4,4,0,0,0,0,0,0,0,2,0,0,0,0,2026
823495,2026-09-13,592450,"Judge, Aaron",NYM,3,3,0,0,0,0,0,0,0,3,0,0,0,0,2026
823495,2026-09-13,641355,"Bellinger, Cody",NYM,4,4,0,0,0,0,0,0,0,0,0,0,0,0,2026
823495,2026-09-13,641857,"McMahon, Ryan",NYM,3,3,0,0,0,0,0,0,0,0,0,0,0,0,2026
823495,2026-09-13,669224,"Wells, Austin",NYM,3,3,1,0,0,0,1,0,0,2,0,0,1,4,2026
823495,2026-09-13,671277,"García Jr., Luis",NYM,3,3,0,0,0,0,0,0,0,0,0,0,0,0,2026
823495,2026-09-13,676609,"Caballero, José",NYM,3,2,0,0,0,0,0,1,0,2,0,0,0,0,2026
823495,2026-09-13,682987,"Jones, Spencer",NYM,3,3,1,1,0,0,0,0,0,0,0,0,0,1,2026
823495,2026-09-13,683011,"Volpe, Anthony",NYM,3,2,0,0,0,0,0,1,0,1,0,0,0,0,2026
823495,2026-09-13,700250,"Rice, Ben",NYM,4,2,1,0,0,0,1,2,0,1,0,0,1,4,2026
823496,2026-09-12,502671,"Goldschmidt, Paul",NYM,4,4,1,0,1,0,0,0,0,0,0,0,0,2,2026
823496,2026-09-12,592450,"Judge, Aaron",NYM,4,4,0,0,0,0,0,0,0,1,0,0,0,0,2026
823496,2026-09-12,641355,"Bellinger, Cody",NYM,4,4,2,1,0,0,1,0,0,0,0,0,2,5,2026
823496,2026-09-12,642708,"Rosario, Amed",NYM,4,4,0,0,0,0,0,0,0,0,0,0,0,0,2026
823496,2026-09-12,645305,"Sánchez, Ali",NYM,1,1,1,1,0,0,0,0,0,0,0,0,0,1,2026
823496,2026-09-12,669224,"Wells, Austin",NYM,2,2,0,0,0,0,0,0,0,0,0,0,0,0,2026
823496,2026-09-12,671218,"Ramos, Heliot",NYM,4,4,1,1,0,0,0,0,0,2,0,0,0,1,2026
823496,2026-09-12,682987,"Jones, Spencer",NYM,4,4,2,2,0,0,0,0,0,2,0,0,0,2,2026
823496,2026-09-12,683011,"Volpe, Anthony",NYM,3,3,0,0,0,0,0,0,0,0,0,0,0,0,2026
823496,2026-09-12,806146,"Lombard Jr., George",NYM,4,3,0,0,0,0,0,1,0,1,0,0,0,0,2026
823497,2026-09-09,592450,"Judge, Aaron",COL,4,4,2,2,0,0,0,0,0,1,0,0,0,2,2026
823497,2026-09-09,641355,"Bellinger, Cody",COL,4,4,1,0,0,0,1,0,0,1,0,0,1,4,2026
823497,2026-09-09,641857,"McMahon, Ryan",COL,4,4,0,0,0,0,0,0,0,1,0,0,0,0,2026
823497,2026-09-09,669224,"Wells, Austin",COL,3,2,0,0,0,0,0,1,0,0,0,0,0,0,2026
823497,2026-09-09,671277,"García Jr., Luis",COL,4,4,2,0,1,0,1,0,0,2,0,0,1,6,2026
823497,2026-09-09,676609,"Caballero, José",COL,3,3,0,0,0,0,0,0,0,0,0,0,0,0,2026
823497,2026-09-09,682987,"Jones, Spencer",COL,4,2,1,0,1,0,0,2,0,0,0,0,0,2,2026
823497,2026-09-09,700250,"Rice, Ben",COL,4,4,0,0,0,0,0,0,0,1,0,0,0,0,2026
823497,2026-09-09,806146,"Lombard Jr., George",COL,4,4,1,0,0,0,1,0,0,0,0,0,4,4,2026
823498,2026-09-11,592450,"Judge, Aaron",NYM,4,3,1,1,0,0,0,1,0,2,0,0,0,1,2026
823498,2026-09-11,641355,"Bellinger, Cody",NYM,4,4,2,1,0,0,1,0,0,1,0,0,3,5,2026
823498,2026-09-11,641857,"McMahon, Ryan",NYM,4,4,1,1,0,0,0,0,0,0,0,0,1,1,2026
823498,2026-09-11,669224,"Wells, Austin",NYM,4,4,0,0,0,0,0,0,0,1,0,0,0,0,2026
823498,2026-09-11,671277,"García Jr., Luis",NYM,4,4,3,3,0,0,0,0,0,0,0,0,0,3,2026
823498,2026-09-11,682987,"Jones, Spencer",NYM,4,4,2,2,0,0,0,0,0,2,0,0,1,2,2026
823498,2026-09-11,683011,"Volpe, Anthony",NYM,4,4,1,1,0,0,0,0,0,0,0,0,0,1,2026
823498,2026-09-11,700250,"Rice, Ben",NYM,4,4,3,2,0,0,1,0,0,0,0,0,1,6,2026
823498,2026-09-11,806146,"Lombard Jr., George",NYM,4,3,0,0,0,0,0,0,0,1,0,0,0,0,2026
823499,2026-09-10,641355,"Bellinger, Cody",COL,4,3,2,0,2,0,0,0,0,1,0,0,1,4,2026
823499,2026-09-10,641857,"McMahon, Ryan",COL,4,3,1,1,0,0,0,1,0,0,0,0,0,1,2026
823499,2026-09-10,669224,"Wells, Austin",COL,4,1,0,0,0,0,0,3,0,0,0,0,0,0,2026
823499,2026-09-10,671218,"Ramos, Heliot",COL,1,1,0,0,0,0,0,0,0,0,0,0,0,0,2026
823499,2026-09-10,671277,"García Jr., Luis",COL,5,5,1,0,0,0,1,0,0,0,0,0,2,4,2026
823499,2026-09-10,682987,"Jones, Spencer",COL,4,4,3,3,0,0,0,0,0,0,0,0,2,3,2026
823499,2026-09-10,683011,"Volpe, Anthony",COL,4,4,3,2,0,0,1,0,0,0,0,0,5,6,2026
823499,2026-09-10,691176,"Domínguez, Jasson",COL,5,4,0,0,0,0,0,1,0,2,0,0,0,0,2026
823499,2026-09-10,700250,"Rice, Ben",COL,5,5,1,1,0,0,0,0,0,1,0,0,0,1,2026
823499,2026-09-10,806146,"Lombard Jr., George",COL,4,4,0,0,0,0,0,0,0,1,0,0,0,0,2026
823500,2026-09-08,592450,"Judge, Aaron",COL,3,3,0,0,0,0,0,0,0,2,0,0,0,0,2026
823500,2026-09-08,641355,"Bellinger, Cody",COL,4,4,1,0,1,0,0,0,0,0,0,0,0,2,2026
823500,2026-09-08,641857,"McMahon, Ryan",COL,3,3,1,0,1,0,0,0,0,1,0,0,1,2,2026
823500,2026-09-08,665862,"Chisholm Jr., Jazz",COL,4,4,2,2,0,0,0,0,0,0,0,0,0,2,2026
823500,2026-09-08,669224,"Wells, Austin",COL,3,3,0,0,0,0,0,0,0,1,0,0,0,0,2026
823500,2026-09-08,671218,"Ramos, Heliot",COL,1,1,1,0,0,0,1,0,0,0,0,0,3,4,2026
823500,2026-09-08,671277,"García Jr., Luis",COL,4,4,2,2,0,0,0,0,0,1,0,0,1,2,2026
823500,2026-09-08,682987,"Jones, Spencer",COL,4,3,0,0,0,0,0,1,0,3,0,0,0,0,2026
823500,2026-09-08,700250,"Rice, Ben",COL,4,2,0,0,0,0,0,1,1,1,0,0,0,0,2026
823500,2026-09-08,806146,"Lombard Jr., George",COL,4,3,1,1,0,0,0,1,0,1,0,0,0,1,2026
823501,2026-08-29,641355,"Bellinger, Cody",BOS,2,2,1,1,0,0,0,0,0,0,0,0,0,1,2026
823501,2026-08-29,642708,"Rosario, Amed",BOS,2,2,2,2,0,0,0,0,0,0,0,0,1,2,2026
823501,2026-08-29,663757,"Grisham, Trent",BOS,5,4,0,0,0,0,0,1,0,1,0,0,0,0,2026
823501,2026-08-29,665862,"Chisholm Jr., Jazz",BOS,4,3,0,0,0,0,0,0,0,1,0,0,1,0,2026
823501,2026-08-29,669224,"Wells, Austin",BOS,4,4,1,1,0,0,0,0,0,0,0,0,2,1,2026
823501,2026-08-29,671218,"Ramos, Heliot",BOS,3,2,0,0,0,0,0,0,1,1,0,0,0,0,2026
823501,2026-08-29,671277,"García Jr., Luis",BOS,4,4,3,3,0,0,0,0,0,0,0,0,1,3,2026
823501,2026-08-29,676609,"Caballero, José",BOS,4,4,2,2,0,0,0,0,0,1,0,0,0,2,2026
823501,2026-08-29,682987,"Jones, Spencer",BOS,4,3,1,1,0,0,0,0,0,0,0,0,1,1,2026
823501,2026-08-29,700250,"Rice, Ben",BOS,5,5,2,2,0,0,0,0,0,1,0,0,3,2,2026
823501,2026-08-29,806146,"Lombard Jr., George",BOS,2,2,1,1,0,0,0,0,0,0,0,0,0,1,2026
823502,2026-08-30,502671,"Goldschmidt, Paul",BOS,6,6,3,2,0,0,1,0,0,1,0,0,3,6,2026
823502,2026-08-30,641355,"Bellinger, Cody",BOS,6,6,2,2,0,0,0,0,0,1,0,0,0,2,2026
823502,2026-08-30,642708,"Rosario, Amed",BOS,5,4,2,2,0,0,0,1,0,0,0,0,1,2,2026
823502,2026-08-30,645305,"Sánchez, Ali",BOS,2,1,0,0,0,0,0,0,0,0,0,0,0,0,2026
823502,2026-08-30,663757,"Grisham, Trent",BOS,5,4,0,0,0,0,0,1,0,1,0,0,1,0,2026
823502,2026-08-30,665862,"Chisholm Jr., Jazz",BOS,5,3,2,2,0,0,0,2,0,0,0,0,0,2,2026
823502,2026-08-30,669224,"Wells, Austin",BOS,3,2,2,0,0,0,2,0,0,0,0,0,5,8,2026
823502,2026-08-30,671218,"Ramos, Heliot",BOS,4,2,2,1,0,0,1,2,0,0,0,0,3,5,2026
823502,2026-08-30,671277,"García Jr., Luis",BOS,5,4,1,1,0,0,0,1,0,1,0,0,0,1,2026
823502,2026-08-30,676609,"Caballero, José",BOS,5,5,3,2,0,0,1,0,0,0,0,0,3,6,2026
823502,2026-08-30,682987,"Jones, Spencer",BOS,1,1,1,1,0,0,0,0,0,0,0,0,0,1,2026
823503,2026-08-27,641355,"Bellinger, Cody",HOU,4,2,0,0,0,0,0,1,0,0,0,0,1,0,2026
823503,2026-08-27,642708,"Rosario, Amed",HOU,1,1,0,0,0,0,0,0,0,0,0,0,0,0,2026
823503,2026-08-27,663757,"Grisham, Trent",HOU,4,4,0,0,0,0,0,0,0,1,0,0,0,0,2026
823503,2026-08-27,665862,"Chisholm Jr., Jazz",HOU,3,2,1,1,0,0,0,1,0,1,0,0,0,1,2026
823503,2026-08-27,669224,"Wells, Austin",HOU,3,3,0,0,0,0,0,0,0,3,0,0,0,0,2026
823503,2026-08-27,671218,"Ramos, Heliot",HOU,1,1,0,0,0,0,0,0,0,1,0,0,0,0,2026
823503,2026-08-27,671277,"García Jr., Luis",HOU,4,4,0,0,0,0,0,0,0,2,0,0,0,0,2026
823503,2026-08-27,676609,"Caballero, José",HOU,3,3,1,1,0,0,0,0,0,0,0,0,0,1,2026
823503,2026-08-27,682987,"Jones, Spencer",HOU,3,3,0,0,0,0,0,0,0,1,0,0,0,0,2026
823503,2026-08-27,700250,"Rice, Ben",HOU,4,4,2,1,1,0,0,0,0,0,0,0,0,3,2026
823503,2026-08-27,806146,"Lombard Jr., George",HOU,4,4,1,0,0,1,0,0,0,2,0,0,0,3,2026
823504,2026-08-28,502671,"Goldschmidt, Paul",BOS,4,4,1,0,0,0,1,0,0,1,0,0,1,4,2026
823504,2026-08-28,641355,"Bellinger, Cody",BOS,4,4,0,0,0,0,0,0,0,0,0,0,0,0,2026
823504,2026-08-28,663757,"Grisham, Trent",BOS,3,2,0,0,0,0,0,1,0,1,0,0,0,0,2026
823504,2026-08-28,665862,"Chisholm Jr., Jazz",BOS,3,3,0,0,0,0,0,0,0,2,0,0,0,0,2026
823504,2026-08-28,669224,"Wells, Austin",BOS,3,3,0,0,0,0,0,0,0,3,0,0,0,0,2026
823504,2026-08-28,671218,"Ramos, Heliot",BOS,3,1,0,0,0,0,0,2,0,1,0,0,0,0,2026
823504,2026-08-28,676609,"Caballero, José",BOS,3,3,0,0,0,0,0,0,0,0,0,0,0,0,2026
823504,2026-08-28,682987,"Jones, Spencer",BOS,1,1,0,0,0,0,0,0,0,1,0,0,0,0,2026
823504,2026-08-28,700250,"Rice, Ben",BOS,4,4,2,1,1,0,0,0,0,2,0,0,0,3,2026
823504,2026-08-28,806146,"Lombard Jr., George",BOS,3,2,0,0,0,0,0,1,0,0,0,0,0,0,2026
823505,2026-08-25,641355,"Bellinger, Cody",HOU,5,5,1,0,0,0,1,0,0,0,0,0,3,4,2026
823505,2026-08-25,663757,"Grisham, Trent",HOU,5,3,0,0,0,0,0,2,0,1,0,0,0,0,2026
823505,2026-08-25,665862,"Chisholm Jr., Jazz",HOU,4,4,1,1,0,0,0,1,0,0,0,0,1,1,2026
823505,2026-08-25,669224,"Wells, Austin",HOU,4,3,0,0,0,0,0,1,0,1,0,0,0,0,2026
823505,2026-08-25,671277,"García Jr., Luis",HOU,5,5,4,2,1,0,1,0,0,0,0,0,3,8,2026
823505,2026-08-25,676609,"Caballero, José",HOU,4,4,1,1,0,0,0,0,0,1,0,0,0,1,2026
823505,2026-08-25,682987,"Jones, Spencer",HOU,4,4,1,0,1,0,0,0,0,0,0,0,0,2,2026
823505,2026-08-25,700250,"Rice, Ben",HOU,5,4,1,1,0,0,0,1,0,0,0,0,0,1,2026
823505,2026-08-25,806146,"Lombard Jr., George",HOU,4,4,1,1,0,0,0,0,0,0,0,0,0,1,2026
823506,2026-08-26,641355,"Bellinger, Cody",HOU,5,5,1,0,1,0,0,0,0,0,0,0,2,2,2026
823506,2026-08-26,663757,"Grisham, Trent",HOU,5,5,1,1,0,0,0,0,0,1,0,0,0,1,2026
823506,2026-08-26,665862,"Chisholm Jr., Jazz",HOU,4,3,3,2,1,0,0,1,0,0,0,0,1,4,2026
823506,2026-08-26,669224,"Wells, Austin",HOU,4,3,2,2,0,0,0,1,0,1,0,0,0,2,2026
823506,2026-08-26,671277,"García Jr., Luis",HOU,5,5,3,2,0,0,1,0,0,0,0,0,2,6,2026
823506,2026-08-26,676609,"Caballero, José",HOU,4,4,1,1,0,0,0,0,0,1,0,0,0,1,2026
823506,2026-08-26,682987,"Jones, Spencer",HOU,4,4,1,1,0,0,0,0,0,3,0,0,1,1,2026
823506,2026-08-26,700250,"Rice, Ben",HOU,5,2,1,0,0,0,1,3,0,0,0,0,1,4,2026
823506,2026-08-26,806146,"Lombard Jr., George",HOU,5,5,0,0,0,0,0,0,0,3,0,0,1,0,2026
823507,2026-08-23,641355,"Bellinger, Cody",TOR,4,4,1,1,0,0,0,0,0,2,0,0,0,1,2026
823507,2026-08-23,663757,"Grisham, Trent",TOR,5,4,1,0,0,0,1,1,0,1,0,0,2,4,2026
823507,2026-08-23,665862,"Chisholm Jr., Jazz",TOR,4,4,2,1,0,0,1,0,0,1,0,0,2,5,2026
823507,2026-08-23,669224,"Wells, Austin",TOR,4,3,1,0,1,0,0,0,1,2,0,0,1,2,2026
823507,2026-08-23,671277,"García Jr., Luis",TOR,5,3,0,0,0,0,0,2,0,0,0,0,0,0,2026
823507,2026-08-23,676609,"Caballero, José",TOR,4,4,0,0,0,0,0,0,0,1,0,0,0,0,2026
823507,2026-08-23,682987,"Jones, Spencer",TOR,4,3,2,1,1,0,0,1,0,1,0,0,1,3,2026
823507,2026-08-23,700250,"Rice, Ben",TOR,5,5,2,2,0,0,0,0,0,3,0,0,2,2,2026
823507,2026-08-23,806146,"Lombard Jr., George",TOR,4,4,2,2,0,0,0,0,0,0,0,0,0,2,2026
823508,2026-08-13,641857,"McMahon, Ryan",SEA,3,2,0,0,0,0,0,1,0,0,0,0,0,0,2026
823508,2026-08-13,642708,"Rosario, Amed",SEA,1,1,0,0,0,0,0,0,0,1,0,0,0,0,2026
823508,2026-08-13,645305,"Sánchez, Ali",SEA,2,2,1,1,0,0,0,0,0,0,0,0,0,1,2026
823508,2026-08-13,663757,"Grisham, Trent",SEA,4,4,1,1,0,0,0,0,0,1,0,0,0,1,2026
823508,2026-08-13,665862,"Chisholm Jr., Jazz",SEA,4,4,0,0,0,0,0,0,0,3,0,0,0,0,2026
823508,2026-08-13,671218,"Ramos, Heliot",SEA,1,1,0,0,0,0,0,0,0,0,0,0,0,0,2026
823508,2026-08-13,671277,"García Jr., Luis",SEA,4,4,2,1,1,0,0,0,0,1,0,0,0,3,2026
823508,2026-08-13,676609,"Caballero, José",SEA,3,2,0,0,0,0,0,1,0,0,0,0,0,0,2026
823508,2026-08-13,682987,"Jones, Spencer",SEA,3,3,0,0,0,0,0,0,0,2,0,0,0,0,2026
823508,2026-08-13,700250,"Rice, Ben",SEA,4,3,0,0,0,0,0,1,0,1,0,0,0,0,2026
823508,2026-08-13,806146,"Lombard Jr., George",SEA,4,4,0,0,0,0,0,0,0,1,0,0,0,0,2026
823509,2026-08-22,663757,"Grisham, Trent",TOR,5,4,0,0,0,0,0,1,0,2,0,0,0,0,2026
823509,2026-08-22,665862,"Chisholm Jr., Jazz",TOR,4,4,2,1,1,0,0,0,0,0,0,0,0,3,2026
823509,2026-08-22,669224,"Wells, Austin",TOR,4,3,1,1,0,0,0,1,0,2,0,0,1,1,2026
823509,2026-08-22,671218,"Ramos, Heliot",TOR,4,4,0,0,0,0,0,0,0,3,0,0,0,0,2026
823509,2026-08-22,671277,"García Jr., Luis",TOR,4,3,1,0,0,0,1,1,0,1,0,0,2,4,2026
823509,2026-08-22,676609,"Caballero, José",TOR,4,3,0,0,0,0,0,0,1,1,0,0,0,0,2026
823509,2026-08-22,682987,"Jones, Spencer",TOR,4,3,0,0,0,0,0,1,0,1,0,0,0,0,2026
823509,2026-08-22,700250,"Rice, Ben",TOR,4,3,0,0,0,0,0,0,1,1,0,0,0,0,2026
823509,2026-08-22,806146,"Lombard Jr., George",TOR,4,3,0,0,0,0,0,1,0,1,0,0,0,0,2026
823510,2026-08-21,502671,"Goldschmidt, Paul",TOR,4,4,1,1,0,0,0,0,0,2,0,0,0,1,2026
823510,2026-08-21,642708,"Rosario, Amed",TOR,1,0,0,0,0,0,0,1,0,0,0,0,0,0,2026
823510,2026-08-21,645305,"Sánchez, Ali",TOR,2,2,0,0,0,0,0,0,0,2,0,0,0,0,2026
823510,2026-08-21,663757,"Grisham, Trent",TOR,4,2,0,0,0,0,0,2,0,1,0,0,0,0,2026
823510,2026-08-21,665862,"Chisholm Jr., Jazz",TOR,3,3,0,0,0,0,0,0,0,0,0,0,0,0,2026
823510,2026-08-21,669224,"Wells, Austin",TOR,1,1,0,0,0,0,0,0,0,0,0,0,0,0,2026
823510,2026-08-21,671218,"Ramos, Heliot",TOR,3,3,1,1,0,0,0,0,0,0,0,0,0,1,2026
823510,2026-08-21,671277,"García Jr., Luis",TOR,1,1,0,0,0,0,0,0,0,1,0,0,0,0,2026
823510,2026-08-21,676609,"Caballero, José",TOR,3,2,0,0,0,0,0,0,0,1,0,0,1,0,2026
823510,2026-08-21,682987,"Jones, Spencer",TOR,3,3,1,0,0,0,1,0,0,1,0,0,2,4,2026
823510,2026-08-21,700250,"Rice, Ben",TOR,4,2,0,0,0,0,0,2,0,1,0,0,0,0,2026
823510,2026-08-21,806146,"Lombard Jr., George",TOR,4,4,1,1,0,0,0,0,0,3,0,0,0,1,2026
823511,2026-08-12,641857,"McMahon, Ryan",SEA,4,4,2,1,1,0,0,0,0,0,0,0,1,3,2026
823511,2026-08-12,642708,"Rosario, Amed",SEA,1,1,0,0,0,0,0,0,0,0,0,0,0,0,2026
823511,2026-08-12,645305,"Sánchez, Ali",SEA,1,1,0,0,0,0,0,0,0,1,0,0,0,0,2026
823511,2026-08-12,663757,"Grisham, Trent",SEA,5,5,3,0,1,0,2,0,0,1,0,0,4,10,2026
823511,2026-08-12,665862,"Chisholm Jr., Jazz",SEA,4,3,1,1,0,0,0,1,0,1,0,0,1,1,2026
823511,2026-08-12,669224,"Wells, Austin",SEA,2,2,1,0,1,0,0,0,0,0,0,0,0,2,2026
823511,2026-08-12,671218,"Ramos, Heliot",SEA,4,3,0,0,0,0,0,1,0,1,0,0,0,0,2026
823511,2026-08-12,671277,"García Jr., Luis",SEA,4,4,0,0,0,0,0,0,0,1,0,0,0,0,2026
823511,2026-08-12,682987,"Jones, Spencer",SEA,5,4,2,0,2,0,0,0,1,1,0,0,3,4,2026
823511,2026-08-12,700250,"Rice, Ben",SEA,5,4,2,1,1,0,0,1,0,1,0,0,1,3,2026
823511,2026-08-12,806146,"Lombard Jr., George",SEA,4,4,2,2,0,0,0,0,0,1,0,0,0,2,2026
823512,2026-08-11,641857,"McMahon, Ryan",SEA,3,3,1,1,0,0,0,0,0,1,0,0,2,1,2026
823512,2026-08-11,663757,"Grisham, Trent",SEA,4,4,2,1,1,0,0,0,0,0,0,0,2,3,2026
823512,2026-08-11,665862,"Chisholm Jr., Jazz",SEA,4,3,1,1,0,0,0,1,0,1,0,0,0,1,2026
823512,2026-08-11,669224,"Wells, Austin",SEA,3,4,1,1,0,0,0,0,0,0,0,0,0,1,2026
823512,2026-08-11,671218,"Ramos, Heliot",SEA,4,4,0,0,0,0,0,0,0,2,0,0,0,0,2026
823512,2026-08-11,671277,"García Jr., Luis",SEA,4,4,2,0,2,0,0,0,0,0,0,0,0,4,2026
823512,2026-08-11,682987,"Jones, Spencer",SEA,3,2,0,0,0,0,0,1,0,1,0,0,0,0,2026
823512,2026-08-11,700250,"Rice, Ben",SEA,4,3,0,0,0,0,0,1,0,2,0,0,0,0,2026
823512,2026-08-11,806146,"Lombard Jr., George",SEA,4,4,1,1,0,0,0,0,0,1,0,0,0,1,2026
823513,2026-08-09,641857,"McMahon, Ryan",ATL,4,3,0,0,0,0,0,1,0,2,0,0,0,0,2026
823513,2026-08-09,663757,"Grisham, Trent",ATL,4,4,2,0,1,0,1,0,0,0,0,0,1,6,2026
823513,2026-08-09,665862,"Chisholm Jr., Jazz",ATL,4,3,1,1,0,0,0,1,0,1,0,0,0,1,2026
823513,2026-08-09,669224,"Wells, Austin",ATL,3,3,1,1,0,0,0,0,0,0,0,0,0,1,2026
823513,2026-08-09,671218,"Ramos, Heliot",ATL,4,4,0,0,0,0,0,0,0,2,0,0,0,0,2026
823513,2026-08-09,671277,"García Jr., Luis",ATL,4,4,0,0,0,0,0,0,0,1,0,0,0,0,2026
823513,2026-08-09,682987,"Jones, Spencer",ATL,4,3,0,0,0,0,0,1,0,1,0,0,0,0,2026
823513,2026-08-09,700250,"Rice, Ben",ATL,4,4,0,0,0,0,0,0,0,1,0,0,0,0,2026
823513,2026-08-09,806146,"Lombard Jr., George",ATL,4,4,0,0,0,0,0,0,0,1,0,0,0,0,2026
823514,2026-08-08,502671,"Goldschmidt, Paul",ATL,4,3,1,1,0,0,0,1,0,1,0,0,0,1,2026
823514,2026-08-08,641857,"McMahon, Ryan",ATL,1,1,0,0,0,0,0,0,0,1,0,0,0,0,2026
823514,2026-08-08,642708,"Rosario, Amed",ATL,3,3,0,0,0,0,0,0,0,0,0,0,0,0,2026
823514,2026-08-08,663757,"Grisham, Trent",ATL,4,4,1,0,1,0,0,0,0,3,0,0,0,2,2026
823514,2026-08-08,669224,"Wells, Austin",ATL,3,2,1,0,1,0,0,0,1,1,0,0,0,2,2026
823514,2026-08-08,671218,"Ramos, Heliot",ATL,4,4,0,0,0,0,0,0,0,2,0,0,0,0,2026
823514,2026-08-08,676609,"Caballero, José",ATL,4,3,0,0,0,0,0,1,0,3,0,0,0,0,2026
823514,2026-08-08,682987,"Jones, Spencer",ATL,4,3,2,1,0,1,0,1,0,0,0,0,2,4,2026
823514,2026-08-08,700250,"Rice, Ben",ATL,4,4,1,0,0,0,1,0,0,1,0,0,1,4,2026
823514,2026-08-08,806146,"Lombard Jr., George",ATL,4,3,2,1,0,0,1,1,0,1,0,0,1,5,2026
823515,2026-08-07,502671,"Goldschmidt, Paul",ATL,1,1,0,0,0,0,0,0,0,1,0,0,0,0,2026
823515,2026-08-07,641857,"McMahon, Ryan",ATL,5,3,2,1,1,0,0,1,0,1,0,0,1,3,2026
823515,2026-08-07,642708,"Rosario, Amed",ATL,2,1,0,0,0,0,0,1,0,0,0,0,0,0,2026
823515,2026-08-07,663757,"Grisham, Trent",ATL,3,3,0,0,0,0,0,0,0,2,0,0,0,0,2026
823515,2026-08-07,665862,"Chisholm Jr., Jazz",ATL,3,3,0,0,0,0,0,0,0,2,0,0,0,0,2026
823515,2026-08-07,669224,"Wells, Austin",ATL,4,4,1,0,1,0,0,0,0,2,0,0,1,2,2026
823515,2026-08-07,671218,"Ramos, Heliot",ATL,5,2,1,0,1,0,0,2,1,1,0,0,0,2,2026
823515,2026-08-07,671277,"García Jr., Luis",ATL,5,4,1,1,0,0,0,1,0,0,0,0,0,1,2026
823515,2026-08-07,676609,"Caballero, José",ATL,1,1,0,0,0,0,0,0,0,1,0,0,0,0,2026
823515,2026-08-07,682987,"Jones, Spencer",ATL,5,4,0,0,0,0,0,1,0,1,0,0,0,0,2026
823515,2026-08-07,700250,"Rice, Ben",ATL,5,5,1,1,0,0,0,0,0,3,0,0,1,1,2026
823515,2026-08-07,806146,"Lombard Jr., George",ATL,5,4,1,1,0,0,0,1,0,1,0,0,0,1,2026
823516,2026-08-05,502671,"Goldschmidt, Paul",STL,2,2,1,0,1,0,0,0,0,0,0,0,0,2,2026
823516,2026-08-05,641857,"McMahon, Ryan",STL,4,2,0,0,0,0,0,2,0,1,0,0,0,0,2026
823516,2026-08-05,645305,"Sánchez, Ali",STL,1,1,0,0,0,0,0,0,0,1,0,0,0,0,2026
823516,2026-08-05,663757,"Grisham, Trent",STL,5,5,0,0,0,0,0,0,0,1,0,0,0,0,2026
823516,2026-08-05,665862,"Chisholm Jr., Jazz",STL,4,2,0,0,0,0,0,2,0,1,0,0,1,0,2026
823516,2026-08-05,669224,"Wells, Austin",STL,2,2,1,1,0,0,0,0,0,0,0,0,0,1,2026
823516,2026-08-05,671218,"Ramos, Heliot",STL,4,3,1,0,1,0,0,0,1,1,0,0,0,2,2026
823516,2026-08-05,671277,"García Jr., Luis",STL,4,3,0,0,0,0,0,1,0,0,0,0,0,0,2026
823516,2026-08-05,682987,"Jones, Spencer",STL,4,4,0,0,0,0,0,0,0,2,0,0,0,0,2026
823516,2026-08-05,700250,"Rice, Ben",STL,5,2,0,0,0,0,0,3,0,1,0,0,0,0,2026
823516,2026-08-05,806146,"Lombard Jr., George",STL,4,4,1,1,0,0,0,0,0,2,0,0,0,1,2026
823517,2026-08-04,502671,"Goldschmidt, Paul",STL,1,1,0,0,0,0,0,0,0,0,0,0,0,0,2026
823517,2026-08-04,641857,"McMahon, Ryan",STL,3,3,1,1,0,0,0,0,0,0,0,0,0,1,2026
823517,2026-08-04,663757,"Grisham, Trent",STL,4,4,1,1,0,0,0,0,0,0,0,0,0,1,2026
823517,2026-08-04,665862,"Chisholm Jr., Jazz",STL,3,3,1,0,0,0,1,0,0,2,0,0,1,4,2026
823517,2026-08-04,669224,"Wells, Austin",STL,2,2,0,0,0,0,0,0,0,1,0,0,0,0,2026
823517,2026-08-04,671218,"Ramos, Heliot",STL,4,4,0,0,0,0,0,0,0,1,0,0,0,0,2026
823517,2026-08-04,671277,"García Jr., Luis",STL,4,4,1,1,0,0,0,0,0,0,0,0,0,1,2026
823517,2026-08-04,682987,"Jones, Spencer",STL,3,3,0,0,0,0,0,0,0,0,0,0,0,0,2026
823517,2026-08-04,700250,"Rice, Ben",STL,4,2,0,0,0,0,0,2,0,1,0,0,0,0,2026
823517,2026-08-04,806146,"Lombard Jr., George",STL,3,2,1,0,0,0,1,1,0,0,0,0,1,4,2026
823518,2026-07-22,502671,"Goldschmidt, Paul",PIT,1,1,0,0,0,0,0,0,0,0,0,0,0,0,2026
823518,2026-07-22,641355,"Bellinger, Cody",PIT,5,4,1,1,0,0,0,1,0,3,0,0,0,1,2026
823518,2026-07-22,641857,"McMahon, Ryan",PIT,4,4,1,0,1,0,0,0,0,1,0,0,0,2,2026
823518,2026-07-22,642708,"Rosario, Amed",PIT,1,1,0,0,0,0,0,0,0,1,0,0,0,0,2026
823518,2026-07-22,663757,"Grisham, Trent",PIT,5,4,1,1,0,0,0,1,0,0,0,0,0,1,2026
823518,2026-07-22,665862,"Chisholm Jr., Jazz",PIT,5,5,0,0,0,0,0,0,0,1,0,0,0,0,2026
823518,2026-07-22,669224,"Wells, Austin",PIT,3,1,1,1,0,0,0,1,1,0,0,0,0,1,2026
823518,2026-07-22,676609,"Caballero, José",PIT,4,4,0,0,0,0,0,0,0,2,0,0,0,0,2026
823518,2026-07-22,682987,"Jones, Spencer",PIT,4,3,0,0,0,0,0,1,0,1,0,0,0,0,2026
823518,2026-07-22,691176,"Domínguez, Jasson",PIT,5,4,1,1,0,0,0,1,0,0,0,0,0,1,2026
823518,2026-07-22,700250,"Rice, Ben",PIT,5,5,1,0,0,0,1,0,0,3,0,0,3,4,2026
823519,2026-07-22,502671,"Goldschmidt, Paul",PIT,3,3,0,0,0,0,0,0,0,1,0,0,0,0,2026
823519,2026-07-22,641355,"Bellinger, Cody",PIT,3,2,1,0,1,0,0,1,0,0,0,0,0,2,2026
823519,2026-07-22,641857,"McMahon, Ryan",PIT,3,3,0,0,0,0,0,0,0,2,0,0,0,0,2026
823519,2026-07-22,645305,"Sánchez, Ali",PIT,3,3,1,1,0,0,0,0,0,0,0,0,0,1,2026
823519,2026-07-22,663757,"Grisham, Trent",PIT,4,3,0,0,0,0,0,1,0,1,0,0,0,0,2026
823519,2026-07-22,665862,"Chisholm Jr., Jazz",PIT,3,3,1,1,0,0,0,0,0,0,0,0,0,1,2026
823519,2026-07-22,683011,"Volpe, Anthony",PIT,3,3,1,1,0,0,0,0,0,1,0,0,1,1,2026
823519,2026-07-22,691176,"Domínguez, Jasson",PIT,3,3,1,0,1,0,0,0,0,0,0,0,1,2,2026
823519,2026-07-22,700250,"Rice, Ben",PIT,4,4,0,0,0,0,0,0,0,1,0,0,0,0,2026
823520,2026-08-03,641857,"McMahon, Ryan",STL,4,4,2,1,0,0,1,0,0,1,0,0,1,5,2026
823520,2026-08-03,663757,"Grisham, Trent",STL,5,5,2,0,1,0,1,0,0,1,0,0,1,6,2026
823520,2026-08-03,665862,"Chisholm Jr., Jazz",STL,4,4,0,0,0,0,0,0,0,0,0,0,0,0,2026
823520,2026-08-03,669224,"Wells, Austin",STL,4,4,2,1,0,0,1,0,0,1,0,0,2,5,2026
823520,2026-08-03,671277,"García Jr., Luis",STL,4,4,2,1,0,0,1,0,0,0,0,0,2,5,2026
823520,2026-08-03,676609,"Caballero, José",STL,4,3,1,0,0,0,1,1,0,2,0,0,1,4,2026
823520,2026-08-03,682987,"Jones, Spencer",STL,4,4,0,0,0,0,0,0,0,2,0,0,0,0,2026
823520,2026-08-03,691176,"Domínguez, Jasson",STL,4,4,1,1,0,0,0,0,0,2,0,0,0,1,2026
823520,2026-08-03,700250,"Rice, Ben",STL,4,4,0,0,0,0,0,0,0,0,0,0,0,0,2026
823521,2026-07-19,502671,"Goldschmidt, Paul",LAD,4,4,2,1,1,0,0,0,0,2,0,0,0,3,2026
823521,2026-07-19,641355,"Bellinger, Cody",LAD,4,3,2,2,0,0,0,1,0,1,0,0,1,2,2026
823521,2026-07-19,641857,"McMahon, Ryan",LAD,1,1,1,0,1,0,0,0,0,0,0,0,0,2,2026
823521,2026-07-19,663757,"Grisham, Trent",LAD,5,5,0,0,0,0,0,0,0,0,0,0,0,0,2026
823521,2026-07-19,665862,"Chisholm Jr., Jazz",LAD,4,4,1,0,0,0,1,0,0,2,0,0,1,4,2026
823521,2026-07-19,669224,"Wells, Austin",LAD,4,2,0,0,0,0,0,2,0,0,0,0,0,0,2026
823521,2026-07-19,676609,"Caballero, José",LAD,4,3,0,0,0,0,0,1,0,0,0,0,0,0,2026
823521,2026-07-19,683011,"Volpe, Anthony",LAD,3,2,0,0,0,0,0,1,0,1,0,0,0,0,2026
823521,2026-07-19,691176,"Domínguez, Jasson",LAD,4,4,1,1,0,0,0,0,0,2,0,0,0,1,2026
823521,2026-07-19,700250,"Rice, Ben",LAD,4,4,1,1,0,0,0,0,0,1,0,0,0,1,2026
823522,2026-07-20,502671,"Goldschmidt, Paul",PIT,4,4,1,1,0,0,0,0,0,1,0,0,1,1,2026
823522,2026-07-20,641355,"Bellinger, Cody",PIT,4,4,1,1,0,0,0,0,0,1,0,0,0,1,2026
823522,2026-07-20,641857,"McMahon, Ryan",PIT,4,4,1,1,0,0,0,0,0,1,0,0,0,1,2026
823522,2026-07-20,663757,"Grisham, Trent",PIT,4,4,0,0,0,0,0,0,0,1,0,0,0,0,2026
823522,2026-07-20,665862,"Chisholm Jr., Jazz",PIT,4,4,2,0,0,0,2,0,0,2,0,0,5,8,2026
823522,2026-07-20,669224,"Wells, Austin",PIT,4,4,2,2,0,0,0,0,0,0,0,0,0,2,2026
823522,2026-07-20,676609,"Caballero, José",PIT,4,4,2,1,1,0,0,0,0,0,0,0,2,3,2026
823522,2026-07-20,691176,"Domínguez, Jasson",PIT,4,4,1,1,0,0,0,0,0,1,0,0,0,1,2026
823522,2026-07-20,700250,"Rice, Ben",PIT,4,3,1,1,0,0,0,1,0,1,0,0,0,1,2026
823523,2026-07-19,641355,"Bellinger, Cody",LAD,3,3,0,0,0,0,0,0,0,2,0,0,0,0,2026
823523,2026-07-19,641857,"McMahon, Ryan",LAD,3,3,0,0,0,0,0,0,0,0,0,0,0,0,2026
823523,2026-07-19,645305,"Sánchez, Ali",LAD,3,3,0,0,0,0,0,0,0,1,0,0,0,0,2026
823523,2026-07-19,663757,"Grisham, Trent",LAD,4,4,1,0,0,0,1,0,0,1,0,0,1,4,2026
823523,2026-07-19,665862,"Chisholm Jr., Jazz",LAD,3,3,1,0,1,0,0,0,0,1,0,0,0,2,2026
823523,2026-07-19,680474,"Schuemann, Max",LAD,3,3,0,0,0,0,0,0,0,0,0,0,0,0,2026
823523,2026-07-19,683011,"Volpe, Anthony",LAD,3,3,1,1,0,0,0,0,0,0,0,0,1,1,2026
823523,2026-07-19,691176,"Domínguez, Jasson",LAD,4,4,0,0,0,0,0,0,0,1,0,0,0,0,2026
823523,2026-07-19,700250,"Rice, Ben",LAD,4,4,1,0,1,0,0,0,0,1,0,0,0,2,2026
823524,2026-07-17,502671,"Goldschmidt, Paul",LAD,4,3,0,0,0,0,0,1,0,2,0,0,0,0,2026
823524,2026-07-17,641355,"Bellinger, Cody",LAD,4,4,1,1,0,0,0,0,0,2,0,0,0,1,2026
823524,2026-07-17,641857,"McMahon, Ryan",LAD,3,3,1,0,1,0,0,0,0,0,0,0,0,2,2026
823524,2026-07-17,642708,"Rosario, Amed",LAD,1,1,0,0,0,0,0,0,0,0,0,0,0,0,2026
823524,2026-07-17,663757,"Grisham, Trent",LAD,4,2,0,0,0,0,0,2,0,0,0,0,0,0,2026
823524,2026-07-17,665862,"Chisholm Jr., Jazz",LAD,4,4,1,1,0,0,0,0,0,2,0,0,0,1,2026
823524,2026-07-17,669224,"Wells, Austin",LAD,2,2,0,0,0,0,0,0,0,1,0,0,0,0,2026
823524,2026-07-17,676609,"Caballero, José",LAD,4,4,0,0,0,0,0,0,0,0,0,0,0,0,2026
823524,2026-07-17,691176,"Domínguez, Jasson",LAD,4,4,1,0,1,0,0,0,0,1,0,0,0,2,2026
823524,2026-07-17,700250,"Rice, Ben",LAD,4,4,2,1,1,0,0,0,0,0,0,0,0,3,2026
823525,2026-07-05,641355,"Bellinger, Cody",MIN,4,4,1,1,0,0,0,0,0,1,0,0,0,1,2026
823525,2026-07-05,642708,"Rosario, Amed",MIN,1,1,0,0,0,0,0,0,0,1,0,0,0,0,2026
823525,2026-07-05,663757,"Grisham, Trent",MIN,4,4,1,0,1,0,0,0,0,2,0,0,0,2,2026
823525,2026-07-05,665862,"Chisholm Jr., Jazz",MIN,2,2,1,1,0,0,0,0,0,0,0,0,0,1,2026
823525,2026-07-05,669224,"Wells, Austin",MIN,3,3,1,1,0,0,0,0,0,1,0,0,0,1,2026
823525,2026-07-05,676609,"Caballero, José",MIN,3,3,0,0,0,0,0,0,0,2,0,0,0,0,2026
823525,2026-07-05,680474,"Schuemann, Max",MIN,3,4,0,0,0,0,0,0,0,2,0,0,0,0,2026
823525,2026-07-05,683011,"Volpe, Anthony",MIN,3,2,0,0,0,0,0,1,0,1,0,0,0,0,2026
823525,2026-07-05,691176,"Domínguez, Jasson",MIN,4,4,0,0,0,0,0,0,0,0,0,0,0,0,2026
823525,2026-07-05,700250,"Rice, Ben",MIN,4,4,1,1,0,0,0,0,0,1,0,0,0,1,2026
823526,2026-07-04,502671,"Goldschmidt, Paul",MIN,2,2,0,0,0,0,0,0,0,0,0,0,0,0,2026
823526,2026-07-04,641355,"Bellinger, Cody",MIN,5,5,1,0,1,0,0,0,0,1,0,0,1,2,2026
823526,2026-07-04,641857,"McMahon, Ryan",MIN,4,3,0,0,0,0,0,1,0,2,0,0,0,0,2026
823526,2026-07-04,642708,"Rosario, Amed",MIN,1,1,0,0,0,0,0,0,0,1,0,0,0,0,2026
823526,2026-07-04,645305,"Sánchez, Ali",MIN,2,2,0,0,0,0,0,0,0,0,0,0,0,0,2026
823526,2026-07-04,663757,"Grisham, Trent",MIN,3,2,0,0,0,0,0,1,0,1,0,0,0,0,2026
823526,2026-07-04,665862,"Chisholm Jr., Jazz",MIN,4,3,1,1,0,0,0,1,0,2,0,0,0,1,2026
823526,2026-07-04,669224,"Wells, Austin",MIN,1,1,0,0,0,0,0,0,0,1,0,0,0,0,2026
823526,2026-07-04,680474,"Schuemann, Max",MIN,4,2,2,1,0,0,1,2,0,0,0,0,2,5,2026
823526,2026-07-04,683011,"Volpe, Anthony",MIN,4,4,1,1,0,0,0,0,0,1,0,0,0,1,2026
823526,2026-07-04,691176,"Domínguez, Jasson",MIN,5,5,2,0,1,0,1,0,0,0,0,0,1,6,2026
823526,2026-07-04,700250,"Rice, Ben",MIN,5,3,0,0,0,0,0,1,1,0,0,0,0,0,2026
823527,2026-07-03,502671,"Goldschmidt, Paul",MIN,4,4,0,0,0,0,0,0,0,1,0,0,0,0,2026
823527,2026-07-03,641355,"Bellinger, Cody",MIN,4,3,0,0,0,0,0,1,0,0,0,0,0,0,2026
823527,2026-07-03,641857,"McMahon, Ryan",MIN,3,2,1,0,1,0,0,1,0,0,0,0,0,2,2026
823527,2026-07-03,663757,"Grisham, Trent",MIN,4,3,2,1,0,0,1,0,0,1,0,0,2,5,2026
823527,2026-07-03,665862,"Chisholm Jr., Jazz",MIN,4,4,0,0,0,0,0,0,0,1,0,0,0,0,2026
823527,2026-07-03,669224,"Wells, Austin",MIN,3,2,0,0,0,0,0,0,0,0,0,0,0,0,2026
823527,2026-07-03,676609,"Caballero, José",MIN,3,3,1,1,0,0,0,0,0,0,0,0,1,1,2026
823527,2026-07-03,691176,"Domínguez, Jasson",MIN,4,4,1,1,0,0,0,0,0,1,0,0,0,1,2026
823527,2026-07-03,700250,"Rice, Ben",MIN,4,3,1,0,0,0,1,1,0,0,0,0,2,4,2026
823528,2026-06-30,502671,"Goldschmidt, Paul",DET,4,4,0,0,0,0,0,0,0,1,0,0,0,0,2026
823528,2026-06-30,642708,"Rosario, Amed",DET,4,3,0,0,0,0,0,1,0,1,0,0,0,0,2026
823528,2026-06-30,645305,"Sánchez, Ali",DET,3,3,0,0,0,0,0,0,0,1,0,0,0,0,2026
823528,2026-06-30,676609,"Caballero, José",DET,4,4,0,0,0,0,0,0,0,2,0,0,0,0,2026
823528,2026-06-30,680474,"Schuemann, Max",DET,3,2,0,0,0,0,0,0,1,0,0,0,0,0,2026
823528,2026-06-30,682987,"Jones, Spencer",DET,3,3,0,0,0,0,0,0,0,2,0,0,0,0,2026
823528,2026-06-30,683011,"Volpe, Anthony",DET,4,4,1,1,0,0,0,0,0,1,0,0,0,1,2026
823528,2026-06-30,691176,"Domínguez, Jasson",DET,4,4,2,2,0,0,0,0,0,1,0,0,1,2,2026
823528,2026-06-30,700250,"Rice, Ben",DET,4,4,1,0,0,0,1,0,0,2,0,0,1,4,2026
823529,2026-06-29,502671,"Goldschmidt, Paul",DET,4,4,0,0,0,0,0,0,0,2,0,0,0,0,2026
823529,2026-06-29,641355,"Bellinger, Cody",DET,4,4,0,0,0,0,0,0,0,1,0,0,0,0,2026
823529,2026-06-29,642708,"Rosario, Amed",DET,1,1,1,0,0,0,1,0,0,0,0,0,3,4,2026
823529,2026-06-29,665828,"Cabrera, Oswaldo",DET,3,3,0,0,0,0,0,0,0,2,0,0,0,0,2026
823529,2026-06-29,665862,"Chisholm Jr., Jazz",DET,1,1,0,0,0,0,0,0,0,1,0,0,0,0,2026
823529,2026-06-29,669224,"Wells, Austin",DET,2,2,0,0,0,0,0,0,0,2,0,0,0,0,2026
823529,2026-06-29,676609,"Caballero, José",DET,3,3,0,0,0,0,0,0,0,2,0,0,0,0,2026
823529,2026-06-29,682987,"Jones, Spencer",DET,3,3,2,0,2,0,0,0,0,0,0,0,0,4,2026
823529,2026-06-29,683011,"Volpe, Anthony",DET,3,3,0,0,0,0,0,0,0,0,0,0,0,0,2026
823529,2026-06-29,691176,"Domínguez, Jasson",DET,3,2,0,0,0,0,0,1,0,0,0,0,0,0,2026
823529,2026-06-29,700250,"Rice, Ben",DET,4,4,0,0,0,0,0,0,0,3,0,0,0,0,2026
823530,2026-07-01,641355,"Bellinger, Cody",DET,5,5,0,0,0,0,0,0,0,2,0,0,0,0,2026
823530,2026-07-01,642708,"Rosario, Amed",DET,5,5,1,0,0,0,1,0,0,1,0,0,1,4,2026
823530,2026-07-01,645305,"Sánchez, Ali",DET,1,1,0,0,0,0,0,0,0,1,0,0,0,0,2026
823530,2026-07-01,665828,"Cabrera, Oswaldo",DET,4,3,0,0,0,0,0,0,0,1,0,0,0,0,2026
823530,2026-07-01,665862,"Chisholm Jr., Jazz",DET,5,5,2,1,1,0,0,0,0,2,0,0,0,3,2026
823530,2026-07-01,669224,"Wells, Austin",DET,2,2,0,0,0,0,0,0,0,2,0,0,0,0,2026
823530,2026-07-01,676609,"Caballero, José",DET,4,3,1,1,0,0,0,0,0,1,0,0,0,1,2026
823530,2026-07-01,682987,"Jones, Spencer",DET,2,2,1,1,0,0,0,0,0,0,0,0,0,1,2026
823530,2026-07-01,683011,"Volpe, Anthony",DET,4,4,1,1,0,0,0,0,0,1,0,0,0,1,2026
823530,2026-07-01,691176,"Domínguez, Jasson",DET,4,4,0,0,0,0,0,0,0,0,0,0,0,0,2026
823530,2026-07-01,700250,"Rice, Ben",DET,5,3,1,1,0,0,0,2,0,1,0,0,0,1,2026
823531,2026-06-21,502671,"Goldschmidt, Paul",CIN,1,1,0,0,0,0,0,0,0,0,0,0,0,0,2026
823531,2026-06-21,641355,"Bellinger, Cody",CIN,4,3,1,1,0,0,0,1,0,1,0,0,0,1,2026
823531,2026-06-21,641857,"McMahon, Ryan",CIN,2,2,0,0,0,0,0,0,0,1,0,0,0,0,2026
823531,2026-06-21,642708,"Rosario, Amed",CIN,2,2,1,1,0,0,0,0,0,0,0,0,0,1,2026
823531,2026-06-21,645305,"Sánchez, Ali",CIN,1,1,0,0,0,0,0,0,0,0,0,0,0,0,2026
823531,2026-06-21,665862,"Chisholm Jr., Jazz",CIN,4,4,1,1,0,0,0,0,0,1,0,0,0,1,2026
823531,2026-06-21,669224,"Wells, Austin",CIN,2,2,0,0,0,0,0,0,0,1,0,0,0,0,2026
823531,2026-06-21,676609,"Caballero, José",CIN,4,3,1,1,0,0,0,1,0,0,0,0,0,1,2026
823531,2026-06-21,680474,"Schuemann, Max",CIN,2,2,0,0,0,0,0,0,0,1,0,0,0,0,2026
823531,2026-06-21,682987,"Jones, Spencer",CIN,2,2,0,0,0,0,0,0,0,1,0,0,0,0,2026
823531,2026-06-21,683011,"Volpe, Anthony",CIN,4,3,0,0,0,0,0,1,0,2,0,0,0,0,2026
823531,2026-06-21,691176,"Domínguez, Jasson",CIN,4,4,1,1,0,0,0,0,0,1,0,0,0,1,2026
823531,2026-06-21,700250,"Rice, Ben",CIN,4,3,2,1,0,0,1,1,0,1,0,0,1,5,2026
823532,2026-06-20,502671,"Goldschmidt, Paul",CIN,5,5,1,0,0,0,1,0,0,1,0,0,1,4,2026
823532,2026-06-20,641355,"Bellinger, Cody",CIN,4,4,2,2,0,0,0,0,0,2,0,0,0,2,2026
823532,2026-06-20,641555,"Escarra, J.C.",CIN,1,1,1,1,0,0,0,0,0,0,0,0,0,1,2026
823532,2026-06-20,642708,"Rosario, Amed",CIN,4,3,0,0,0,0,0,1,0,0,0,0,0,0,2026
823532,2026-06-20,645305,"Sánchez, Ali",CIN,2,2,1,1,0,0,0,0,0,0,0,0,0,1,2026
823532,2026-06-20,665862,"Chisholm Jr., Jazz",CIN,4,4,0,0,0,0,0,0,0,1,0,0,0,0,2026
823532,2026-06-20,676609,"Caballero, José",CIN,4,3,0,0,0,0,0,1,0,1,0,0,1,0,2026
823532,2026-06-20,682987,"Jones, Spencer",CIN,2,2,0,0,0,0,0,0,0,1,0,0,0,0,2026
823532,2026-06-20,683011,"Volpe, Anthony",CIN,4,3,1,1,0,0,0,1,0,0,0,0,0,1,2026
823532,2026-06-20,691176,"Domínguez, Jasson",CIN,4,3,2,2,0,0,0,0,0,0,0,0,0,2,2026
823532,2026-06-20,700250,"Rice, Ben",CIN,5,5,0,0,0,0,0,0,0,2,0,0,0,0,2026
823533,2026-06-18,502671,"Goldschmidt, Paul",CWS,4,4,1,1,0,0,0,0,0,1,0,0,0,1,2026
823533,2026-06-18,641355,"Bellinger, Cody",CWS,4,4,0,0,0,0,0,0,0,1,0,0,0,0,2026
823533,2026-06-18,641555,"Escarra, J.C.",CWS,3,3,0,0,0,0,0,0,0,0,0,0,0,0,2026
823533,2026-06-18,641857,"McMahon, Ryan",CWS,3,3,1,0,0,0,1,0,0,1,0,0,1,4,2026
823533,2026-06-18,665862,"Chisholm Jr., Jazz",CWS,1,1,0,0,0,0,0,0,0,0,0,0,0,0,2026
823533,2026-06-18,676609,"Caballero, José",CWS,3,3,1,1,0,0,0,0,0,2,0,0,0,1,2026
823533,2026-06-18,682987,"Jones, Spencer",CWS,3,4,1,0,1,0,0,0,0,2,0,0,0,2,2026
823533,2026-06-18,683011,"Volpe, Anthony",CWS,2,1,1,0,1,0,0,1,0,0,0,0,0,2,2026
823533,2026-06-18,691176,"Domínguez, Jasson",CWS,4,4,0,0,0,0,0,0,0,2,0,0,0,0,2026
823533,2026-06-18,700250,"Rice, Ben",CWS,4,4,1,1,0,0,0,0,0,1,0,0,0,1,2026
823534,2026-06-19,502671,"Goldschmidt, Paul",CIN,4,4,0,0,0,0,0,0,0,2,0,0,0,0,2026
823534,2026-06-19,641355,"Bellinger, Cody",CIN,4,3,0,0,0,0,0,1,0,0,0,0,0,0,2026
823534,2026-06-19,641555,"Escarra, J.C.",CIN,4,4,0,0,0,0,0,0,0,0,0,0,0,0,2026
823534,2026-06-19,641857,"McMahon, Ryan",CIN,4,4,1,1,0,0,0,0,0,1,0,0,0,1,2026
823534,2026-06-19,665862,"Chisholm Jr., Jazz",CIN,4,3,1,0,0,0,1,1,0,0,0,0,1,4,2026
823534,2026-06-19,682987,"Jones, Spencer",CIN,4,2,0,0,0,0,0,2,0,1,0,0,0,0,2026
823534,2026-06-19,683011,"Volpe, Anthony",CIN,4,3,2,2,0,0,0,1,0,1,0,0,1,2,2026
823534,2026-06-19,691176,"Domínguez, Jasson",CIN,4,4,2,1,1,0,0,0,0,1,0,0,0,3,2026
823534,2026-06-19,700250,"Rice, Ben",CIN,4,4,2,1,0,0,1,0,0,0,0,0,3,5,2026
823535,2026-06-16,502671,"Goldschmidt, Paul",CWS,5,5,2,1,0,0,1,0,0,3,0,0,2,5,2026
823535,2026-06-16,641355,"Bellinger, Cody",CWS,4,4,3,3,0,0,0,0,0,0,0,0,2,3,2026
823535,2026-06-16,641555,"Escarra, J.C.",CWS,5,4,2,1,1,0,0,1,0,0,0,0,0,3,2026
823535,2026-06-16,641857,"McMahon, Ryan",CWS,5,5,1,1,0,0,0,0,0,1,0,0,1,1,2026
823535,2026-06-16,665862,"Chisholm Jr., Jazz",CWS,5,4,1,1,0,0,0,1,0,2,0,0,0,1,2026
823535,2026-06-16,676609,"Caballero, José",CWS,5,4,2,1,0,0,1,0,0,1,0,0,2,5,2026
823535,2026-06-16,680474,"Schuemann, Max",CWS,1,1,0,0,0,0,0,0,0,0,0,0,0,0,2026
823535,2026-06-16,682987,"Jones, Spencer",CWS,5,3,1,0,0,0,1,2,0,1,0,0,2,4,2026
823535,2026-06-16,683011,"Volpe, Anthony",CWS,5,5,3,3,0,0,0,0,0,1,0,0,0,3,2026
823535,2026-06-16,700250,"Rice, Ben",CWS,6,4,1,0,0,0,1,2,0,1,0,0,2,4,2026
823536,2026-06-17,502671,"Goldschmidt, Paul",CWS,5,5,2,1,0,0,1,0,0,0,0,0,3,5,2026
823536,2026-06-17,641355,"Bellinger, Cody",CWS,5,4,3,1,1,0,1,1,0,1,0,0,2,7,2026
823536,2026-06-17,641857,"McMahon, Ryan",CWS,1,1,0,0,0,0,0,0,0,0,0,0,0,0,2026
823536,2026-06-17,642708,"Rosario, Amed",CWS,4,4,1,0,1,0,0,0,0,1,0,0,0,2,2026
823536,2026-06-17,645305,"Sánchez, Ali",CWS,4,4,2,2,0,0,0,0,0,1,0,0,1,2,2026
823536,2026-06-17,665862,"Chisholm Jr., Jazz",CWS,5,5,1,0,0,0,1,0,0,2,0,0,1,4,2026
823536,2026-06-17,676609,"Caballero, José",CWS,4,3,1,1,0,0,0,0,1,0,0,0,2,1,2026
823536,2026-06-17,683011,"Volpe, Anthony",CWS,4,3,1,0,0,1,0,1,0,0,0,0,1,3,2026
823536,2026-06-17,691176,"Domínguez, Jasson",CWS,5,5,1,0,1,0,0,0,0,0,0,0,0,2,2026
823536,2026-06-17,700250,"Rice, Ben",CWS,5,4,1,1,0,0,0,1,0,1,0,0,0,1,2026
823537,2026-06-07,502671,"Goldschmidt, Paul",BOS,4,4,2,2,0,0,0,0,0,1,0,0,1,2,2026
823537,2026-06-07,641355,"Bellinger, Cody",BOS,4,4,2,1,0,0,1,0,0,1,0,0,1,5,2026
823537,2026-06-07,642708,"Rosario, Amed",BOS,4,4,1,1,0,0,0,0,0,0,0,0,0,1,2026
823537,2026-06-07,645305,"Sánchez, Ali",BOS,2,2,0,0,0,0,0,0,0,1,0,0,0,0,2026
823537,2026-06-07,663757,"Grisham, Trent",BOS,4,4,3,2,1,0,0,0,0,0,0,0,1,4,2026
823537,2026-06-07,665862,"Chisholm Jr., Jazz",BOS,4,4,1,0,0,0,1,0,0,3,0,0,3,4,2026
823537,2026-06-07,676609,"Caballero, José",BOS,4,4,1,0,1,0,0,0,0,1,0,0,0,2,2026
823537,2026-06-07,682987,"Jones, Spencer",BOS,1,1,0,0,0,0,0,0,0,1,0,0,0,0,2026
823537,2026-06-07,683011,"Volpe, Anthony",BOS,4,3,0,0,0,0,0,1,0,0,0,0,0,0,2026
823537,2026-06-07,700250,"Rice, Ben",BOS,4,4,0,0,0,0,0,0,0,2,0,0,0,0,2026
823538,2026-06-05,502671,"Goldschmidt, Paul",BOS,4,4,0,0,0,0,0,0,0,0,0,0,0,0,2026
823538,2026-06-05,641355,"Bellinger, Cody",BOS,4,3,0,0,0,0,0,1,0,1,0,0,0,0,2026
823538,2026-06-05,641857,"McMahon, Ryan",BOS,3,3,1,1,0,0,0,0,0,0,0,0,0,1,2026
823538,2026-06-05,642708,"Rosario, Amed",BOS,1,0,0,0,0,0,0,1,0,0,0,0,0,0,2026
823538,2026-06-05,663757,"Grisham, Trent",BOS,5,5,1,0,0,0,1,0,0,0,0,0,1,4,2026
823538,2026-06-05,665862,"Chisholm Jr., Jazz",BOS,4,4,0,0,0,0,0,0,0,1,0,0,0,0,2026
823538,2026-06-05,669224,"Wells, Austin",BOS,3,3,0,0,0,0,0,0,0,1,0,0,0,0,2026
823538,2026-06-05,676609,"Caballero, José",BOS,1,1,0,0,0,0,0,0,0,0,0,0,0,0,2026
823538,2026-06-05,680474,"Schuemann, Max",BOS,1,0,0,0,0,0,0,1,0,0,0,0,0,0,2026
823538,2026-06-05,682987,"Jones, Spencer",BOS,3,3,3,2,1,0,0,0,0,0,0,0,1,4,2026
823538,2026-06-05,683011,"Volpe, Anthony",BOS,4,4,1,1,0,0,0,0,0,1,0,0,0,1,2026
823538,2026-06-05,700250,"Rice, Ben",BOS,4,3,2,1,0,0,1,1,0,1,0,0,1,5,2026
823539,2026-08-29,502671,"Goldschmidt, Paul",BOS,4,4,0,0,0,0,0,0,0,0,0,0,0,0,2026
823539,2026-08-29,641355,"Bellinger, Cody",BOS,3,3,1,1,0,0,0,0,0,1,0,0,0,1,2026
823539,2026-08-29,642708,"Rosario, Amed",BOS,4,4,0,0,0,0,0,0,0,0,0,0,0,0,2026
823539,2026-08-29,645305,"Sánchez, Ali",BOS,2,2,0,0,0,0,0,0,0,2,0,0,0,0,2026
823539,2026-08-29,663757,"Grisham, Trent",BOS,2,2,0,0,0,0,0,0,0,0,0,0,0,0,2026
823539,2026-08-29,669224,"Wells, Austin",BOS,1,1,0,0,0,0,0,0,0,1,0,0,0,0,2026
823539,2026-08-29,671218,"Ramos, Heliot",BOS,2,2,1,0,1,0,0,0,0,0,0,0,0,2,2026
823539,2026-08-29,671277,"García Jr., Luis",BOS,1,1,0,0,0,0,0,0,0,0,0,0,0,0,2026
823539,2026-08-29,676609,"Caballero, José",BOS,2,2,1,0,1,0,0,0,0,0,0,0,0,2,2026
823539,2026-08-29,682987,"Jones, Spencer",BOS,3,3,1,1,0,0,0,0,0,1,0,0,0,1,2026
823539,2026-08-29,700250,"Rice, Ben",BOS,4,4,0,0,0,0,0,0,0,2,0,0,0,0,2026
823539,2026-08-29,806146,"Lombard Jr., George",BOS,3,3,0,0,0,0,0,0,0,2,0,0,0,0,2026
823540,2026-06-03,502671,"Goldschmidt, Paul",CLE,4,4,1,0,1,0,0,0,0,2,0,0,0,2,2026
823540,2026-06-03,641355,"Bellinger, Cody",CLE,4,2,0,0,0,0,0,0,0,0,0,0,2,0,2026
823540,2026-06-03,641857,"McMahon, Ryan",CLE,3,3,0,0,0,0,0,0,0,1,0,0,0,0,2026
823540,2026-06-03,663757,"Grisham, Trent",CLE,4,3,0,0,0,0,0,1,0,0,0,0,0,0,2026
823540,2026-06-03,665862,"Chisholm Jr., Jazz",CLE,4,4,1,0,0,0,1,0,0,2,0,0,1,4,2026
823540,2026-06-03,669224,"Wells, Austin",CLE,3,3,0,0,0,0,0,0,0,2,0,0,0,0,2026
823540,2026-06-03,676609,"Caballero, José",CLE,4,4,2,1,0,0,1,0,0,1,0,0,1,5,2026
823540,2026-06-03,683011,"Volpe, Anthony",CLE,3,3,0,0,0,0,0,0,0,0,0,0,0,0,2026
823540,2026-06-03,700250,"Rice, Ben",CLE,4,4,1,0,1,0,0,0,0,2,0,0,0,2,2026
823541,2026-06-02,502671,"Goldschmidt, Paul",CLE,5,5,3,1,1,0,1,0,0,2,0,0,4,7,2026
823541,2026-06-02,641355,"Bellinger, Cody",CLE,5,5,2,2,0,0,0,0,0,0,0,0,0,2,2026
823541,2026-06-02,642708,"Rosario, Amed",CLE,4,4,0,0,0,0,0,0,0,3,0,0,0,0,2026
823541,2026-06-02,663757,"Grisham, Trent",CLE,4,3,1,1,0,0,0,1,0,0,0,0,0,1,2026
823541,2026-06-02,665862,"Chisholm Jr., Jazz",CLE,4,4,1,1,0,0,0,0,0,2,0,0,0,1,2026
823541,2026-06-02,669224,"Wells, Austin",CLE,4,4,0,0,0,0,0,0,0,1,0,0,0,0,2026
823541,2026-06-02,676609,"Caballero, José",CLE,4,3,0,0,0,0,0,1,0,1,0,0,0,0,2026
823541,2026-06-02,683011,"Volpe, Anthony",CLE,4,4,0,0,0,0,0,0,0,1,0,0,0,0,2026
823541,2026-06-02,700250,"Rice, Ben",CLE,5,4,1,1,0,0,0,1,0,1,0,0,0,1,2026
823542,2026-06-04,502671,"Goldschmidt, Paul",CLE,3,3,1,1,0,0,0,0,0,0,0,0,0,1,2026
823542,2026-06-04,641355,"Bellinger, Cody",CLE,3,3,1,1,0,0,0,0,0,0,0,0,0,1,2026
823542,2026-06-04,641555,"Escarra, J.C.",CLE,3,3,0,0,0,0,0,0,0,2,0,0,0,0,2026
823542,2026-06-04,641857,"McMahon, Ryan",CLE,3,3,1,1,0,0,0,0,0,1,0,0,1,1,2026
823542,2026-06-04,663757,"Grisham, Trent",CLE,4,4,2,1,1,0,0,0,0,0,0,0,0,3,2026
823542,2026-06-04,665862,"Chisholm Jr., Jazz",CLE,3,1,0,0,0,0,0,1,0,1,0,0,0,0,2026
823542,2026-06-04,676609,"Caballero, José",CLE,3,3,0,0,0,0,0,0,0,0,0,0,0,0,2026
823542,2026-06-04,680474,"Schuemann, Max",CLE,3,3,0,0,0,0,0,0,0,1,0,0,0,0,2026
823542,2026-06-04,700250,"Rice, Ben",CLE,4,3,0,0,0,0,0,1,0,2,0,0,0,0,2026
823544,2026-05-24,502671,"Goldschmidt, Paul",TB,3,2,0,0,0,0,0,1,0,1,0,0,0,0,2026
823544,2026-05-24,592450,"Judge, Aaron",TB,4,4,2,1,0,0,1,0,0,0,0,0,2,5,2026
823544,2026-05-24,641355,"Bellinger, Cody",TB,3,3,1,1,0,0,0,0,0,1,0,0,0,1,2026
823544,2026-05-24,641857,"McMahon, Ryan",TB,3,3,1,1,0,0,0,0,0,2,0,0,0,1,2026
823544,2026-05-24,663757,"Grisham, Trent",TB,4,3,2,2,0,0,0,1,0,1,0,0,0,2,2026
823544,2026-05-24,665862,"Chisholm Jr., Jazz",TB,3,3,1,1,0,0,0,0,0,1,0,0,0,1,2026
823544,2026-05-24,669224,"Wells, Austin",TB,3,3,0,0,0,0,0,0,0,0,0,0,0,0,2026
823544,2026-05-24,676609,"Caballero, José",TB,3,3,0,0,0,0,0,0,0,0,0,0,0,0,2026
823544,2026-05-24,700250,"Rice, Ben",TB,3,3,0,0,0,0,0,0,0,0,0,0,0,0,2026
823545,2026-05-21,502671,"Goldschmidt, Paul",TOR,4,4,0,0,0,0,0,0,0,2,0,0,0,0,2026
823545,2026-05-21,592450,"Judge, Aaron",TOR,4,4,0,0,0,0,0,0,0,1,0,0,0,0,2026
823545,2026-05-21,641355,"Bellinger, Cody",TOR,4,2,0,0,0,0,0,2,0,0,0,0,0,0,2026
823545,2026-05-21,641555,"Escarra, J.C.",TOR,3,2,0,0,0,0,0,1,0,1,0,0,0,0,2026
823545,2026-05-21,641857,"McMahon, Ryan",TOR,3,3,1,0,1,0,0,0,0,1,0,0,0,2,2026
823545,2026-05-21,665862,"Chisholm Jr., Jazz",TOR,4,4,0,0,0,0,0,0,0,4,0,0,0,0,2026
823545,2026-05-21,682987,"Jones, Spencer",TOR,3,3,1,1,0,0,0,0,0,1,0,0,0,1,2026
823545,2026-05-21,683011,"Volpe, Anthony",TOR,3,3,0,0,0,0,0,0,0,2,0,0,0,0,2026
823545,2026-05-21,700250,"Rice, Ben",TOR,4,4,1,1,0,0,0,0,0,2,0,0,0,1,2026
823546,2026-05-22,502671,"Goldschmidt, Paul",TB,4,4,0,0,0,0,0,0,0,1,0,0,0,0,2026
823546,2026-05-22,592450,"Judge, Aaron",TB,5,4,0,0,0,0,0,1,0,1,0,0,0,0,2026
823546,2026-05-22,641355,"Bellinger, Cody",TB,4,4,2,1,1,0,0,0,0,0,0,0,0,3,2026
823546,2026-05-22,641857,"McMahon, Ryan",TB,4,4,0,0,0,0,0,0,0,2,0,0,0,0,2026
823546,2026-05-22,663757,"Grisham, Trent",TB,5,5,3,1,2,0,0,0,0,0,0,0,0,5,2026
823546,2026-05-22,665862,"Chisholm Jr., Jazz",TB,4,4,2,1,0,1,0,0,0,0,0,0,1,4,2026
823546,2026-05-22,669224,"Wells, Austin",TB,4,3,1,0,0,0,1,1,0,0,0,0,1,4,2026
823546,2026-05-22,676609,"Caballero, José",TB,4,4,2,2,0,0,0,0,0,0,0,0,0,2,2026
823546,2026-05-22,700250,"Rice, Ben",TB,4,4,1,1,0,0,0,0,0,0,0,0,0,1,2026
823547,2026-05-20,502671,"Goldschmidt, Paul",TOR,4,4,1,1,0,0,0,0,0,0,0,0,1,1,2026
823547,2026-05-20,592450,"Judge, Aaron",TOR,4,4,0,0,0,0,0,0,0,4,0,0,0,0,2026
823547,2026-05-20,641355,"Bellinger, Cody",TOR,4,4,1,0,1,0,0,0,0,1,0,0,0,2,2026
823547,2026-05-20,641857,"McMahon, Ryan",TOR,3,3,0,0,0,0,0,0,0,1,0,0,0,0,2026
823547,2026-05-20,642708,"Rosario, Amed",TOR,2,2,0,0,0,0,0,0,0,1,0,0,0,0,2026
823547,2026-05-20,663757,"Grisham, Trent",TOR,1,1,1,0,1,0,0,0,0,0,0,0,0,2,2026
823547,2026-05-20,665862,"Chisholm Jr., Jazz",TOR,4,4,2,2,0,0,0,0,0,0,0,0,0,2,2026
823547,2026-05-20,669224,"Wells, Austin",TOR,3,3,0,0,0,0,0,0,0,2,0,0,0,0,2026
823547,2026-05-20,682987,"Jones, Spencer",TOR,1,1,0,0,0,0,0,0,0,0,0,0,0,0,2026
823547,2026-05-20,683011,"Volpe, Anthony",TOR,3,3,0,0,0,0,0,0,0,1,0,0,0,0,2026
823547,2026-05-20,700250,"Rice, Ben",TOR,4,4,0,0,0,0,0,0,0,1,0,0,0,0,2026
823548,2026-05-19,502671,"Goldschmidt, Paul",TOR,2,1,0,0,0,0,0,1,0,1,0,0,0,0,2026
823548,2026-05-19,592450,"Judge, Aaron",TOR,4,3,0,0,0,0,0,1,0,3,0,0,0,0,2026
823548,2026-05-19,641355,"Bellinger, Cody",TOR,4,3,1,1,0,0,0,1,0,0,0,0,0,1,2026
823548,2026-05-19,641857,"McMahon, Ryan",TOR,4,4,2,1,0,0,1,0,0,0,0,0,3,5,2026
823548,2026-05-19,663757,"Grisham, Trent",TOR,4,3,1,1,0,0,0,1,0,1,0,0,0,1,2026
823548,2026-05-19,665862,"Chisholm Jr., Jazz",TOR,4,3,0,0,0,0,0,1,0,2,0,0,0,0,2026
823548,2026-05-19,669224,"Wells, Austin",TOR,3,3,0,0,0,0,0,1,0,2,0,0,0,0,2026
823548,2026-05-19,682987,"Jones, Spencer",TOR,2,2,0,0,0,0,0,0,0,2,0,0,0,0,2026
823548,2026-05-19,683011,"Volpe, Anthony",TOR,4,4,1,1,0,0,0,0,0,0,0,0,0,1,2026
823548,2026-05-19,700250,"Rice, Ben",TOR,4,4,1,0,0,0,1,0,0,1,0,0,2,4,2026
823549,2026-05-18,502671,"Goldschmidt, Paul",TOR,5,4,2,0,1,0,1,1,0,0,0,0,2,6,2026
823549,2026-05-18,592450,"Judge, Aaron",TOR,4,4,1,1,0,0,0,0,0,0,0,0,0,1,2026
823549,2026-05-18,641355,"Bellinger, Cody",TOR,4,4,2,1,0,0,1,0,0,0,0,0,2,5,2026
823549,2026-05-18,641555,"Escarra, J.C.",TOR,4,3,0,0,0,0,0,0,0,1,0,0,1,0,2026
823549,2026-05-18,642708,"Rosario, Amed",TOR,3,3,0,0,0,0,0,0,0,1,0,0,0,0,2026
823549,2026-05-18,663757,"Grisham, Trent",TOR,1,0,0,0,0,0,0,1,0,0,0,0,0,0,2026
823549,2026-05-18,665862,"Chisholm Jr., Jazz",TOR,4,4,2,1,0,0,1,0,0,1,0,0,2,5,2026
823549,2026-05-18,680474,"Schuemann, Max",TOR,4,2,1,1,0,0,0,2,0,0,0,0,0,1,2026
823549,2026-05-18,683011,"Volpe, Anthony",TOR,4,4,2,1,1,0,0,0,0,1,0,0,0,3,2026
823549,2026-05-18,700250,"Rice, Ben",TOR,5,5,1,0,1,0,0,0,0,1,0,0,0,2,2026
823550,2026-05-06,502671,"Goldschmidt, Paul",TEX,3,3,0,0,0,0,0,0,0,1,0,0,0,0,2026
823550,2026-05-06,592450,"Judge, Aaron",TEX,4,4,1,0,0,0,1,0,0,2,0,0,1,4,2026
823550,2026-05-06,641355,"Bellinger, Cody",TEX,4,3,1,1,0,0,0,1,0,0,0,0,0,1,2026
823550,2026-05-06,641857,"McMahon, Ryan",TEX,3,3,0,0,0,0,0,0,0,1,0,0,0,0,2026
823550,2026-05-06,663757,"Grisham, Trent",TEX,4,4,0,0,0,0,0,0,0,2,0,0,0,0,2026
823550,2026-05-06,665862,"Chisholm Jr., Jazz",TEX,3,3,0,0,0,0,0,0,0,1,0,0,0,0,2026
823550,2026-05-06,669224,"Wells, Austin",TEX,3,3,1,1,0,0,0,0,0,1,0,0,0,1,2026
823550,2026-05-06,676609,"Caballero, José",TEX,3,2,0,0,0,0,0,0,1,0,0,0,0,0,2026
823550,2026-05-06,691176,"Domínguez, Jasson",TEX,4,4,0,0,0,0,0,0,0,1,0,0,0,0,2026
823551,2026-05-07,502671,"Goldschmidt, Paul",TEX,5,3,1,0,0,1,0,2,0,1,0,0,0,3,2026
823551,2026-05-07,592450,"Judge, Aaron",TEX,5,5,1,1,0,0,0,0,0,1,0,0,1,1,2026
823551,2026-05-07,641355,"Bellinger, Cody",TEX,5,4,3,2,0,1,0,1,0,0,0,0,2,5,2026
823551,2026-05-07,641555,"Escarra, J.C.",TEX,4,3,1,1,0,0,0,1,0,0,0,0,1,1,2026
823551,2026-05-07,641857,"McMahon, Ryan",TEX,5,3,2,1,1,0,0,2,0,1,0,0,1,3,2026
823551,2026-05-07,642708,"Rosario, Amed",TEX,4,4,1,1,0,0,0,0,0,1,0,0,0,1,2026
823551,2026-05-07,663757,"Grisham, Trent",TEX,5,5,3,2,1,0,0,0,0,0,0,0,3,4,2026
823551,2026-05-07,665862,"Chisholm Jr., Jazz",TEX,5,5,1,1,0,0,0,0,0,1,0,0,0,1,2026
823551,2026-05-07,676609,"Caballero, José",TEX,1,1,0,0,0,0,0,0,0,0,0,0,0,0,2026
823551,2026-05-07,680474,"Schuemann, Max",TEX,4,4,1,0,1,0,0,0,0,1,0,0,1,2,2026
823552,2026-05-04,502671,"Goldschmidt, Paul",BAL,4,4,1,1,0,0,0,0,0,1,0,0,0,1,2026
823552,2026-05-04,592450,"Judge, Aaron",BAL,5,4,2,1,0,0,1,1,0,0,0,0,4,5,2026
823552,2026-05-04,641355,"Bellinger, Cody",BAL,5,4,1,0,0,1,0,0,0,0,0,0,3,3,2026
823552,2026-05-04,641857,"McMahon, Ryan",BAL,4,4,1,1,0,0,0,0,0,1,0,0,1,1,2026
823552,2026-05-04,663757,"Grisham, Trent",BAL,5,3,2,0,2,0,0,2,0,0,0,0,1,4,2026
823552,2026-05-04,665862,"Chisholm Jr., Jazz",BAL,5,4,1,1,0,0,0,1,0,1,0,0,0,1,2026
823552,2026-05-04,669224,"Wells, Austin",BAL,4,2,0,0,0,0,0,2,0,1,0,0,0,0,2026
823552,2026-05-04,676609,"Caballero, José",BAL,4,3,1,0,1,0,0,1,0,0,0,0,1,2,2026
823552,2026-05-04,691176,"Domínguez, Jasson",BAL,5,4,1,1,0,0,0,1,0,0,0,0,1,1,2026
823553,2026-05-05,502671,"Goldschmidt, Paul",TEX,4,4,2,1,0,0,1,0,0,2,0,0,1,5,2026
823553,2026-05-05,592450,"Judge, Aaron",TEX,4,3,1,0,1,0,0,1,0,2,0,0,0,2,2026
823553,2026-05-05,641355,"Bellinger, Cody",TEX,4,3,2,0,2,0,0,1,0,0,0,0,3,4,2026
823553,2026-05-05,641857,"McMahon, Ryan",TEX,4,4,2,1,0,0,1,0,0,1,0,0,2,5,2026
823553,2026-05-05,663757,"Grisham, Trent",TEX,4,4,0,0,0,0,0,0,0,0,0,0,0,0,2026
823553,2026-05-05,665862,"Chisholm Jr., Jazz",TEX,4,4,1,0,0,0,1,0,0,1,0,0,1,4,2026
823553,2026-05-05,669224,"Wells, Austin",TEX,4,3,0,0,0,0,0,1,0,1,0,0,0,0,2026
823553,2026-05-05,676609,"Caballero, José",TEX,4,4,1,1,0,0,0,0,0,0,0,0,0,1,2026
823553,2026-05-05,691176,"Domínguez, Jasson",TEX,4,4,0,0,0,0,0,0,0,0,0,0,0,0,2026
823554,2026-05-02,592450,"Judge, Aaron",BAL,5,3,0,0,0,0,0,2,0,3,0,0,0,0,2026
823554,2026-05-02,641355,"Bellinger, Cody",BAL,4,4,4,1,1,0,2,0,0,0,0,0,4,11,2026
823554,2026-05-02,641555,"Escarra, J.C.",BAL,4,4,1,0,1,0,0,0,0,0,0,0,0,2,2026
823554,2026-05-02,641857,"McMahon, Ryan",BAL,4,4,1,0,1,0,0,0,0,1,0,0,0,2,2026
823554,2026-05-02,663757,"Grisham, Trent",BAL,5,4,2,0,1,0,1,1,0,1,0,0,2,6,2026
823554,2026-05-02,665862,"Chisholm Jr., Jazz",BAL,4,3,1,1,0,0,0,1,0,0,0,0,2,1,2026
823554,2026-05-02,676609,"Caballero, José",BAL,4,3,0,0,0,0,0,1,0,1,0,0,0,0,2026
823554,2026-05-02,691176,"Domínguez, Jasson",BAL,4,4,1,1,0,0,0,0,0,1,0,0,0,1,2026
823554,2026-05-02,700250,"Rice, Ben",BAL,5,3,1,1,0,0,0,2,0,1,0,0,0,1,2026
823555,2026-05-03,502671,"Goldschmidt, Paul",BAL,3,3,1,1,0,0,0,0,0,0,0,0,2,1,2026
823555,2026-05-03,592450,"Judge, Aaron",BAL,5,4,2,1,0,0,1,1,0,1,0,0,2,5,2026
823555,2026-05-03,641355,"Bellinger, Cody",BAL,5,4,1,0,1,0,0,1,0,0,0,0,0,2,2026
823555,2026-05-03,641857,"McMahon, Ryan",BAL,4,4,3,2,1,0,0,0,0,0,0,0,1,4,2026
823555,2026-05-03,663757,"Grisham, Trent",BAL,5,4,0,0,0,0,0,0,0,0,0,0,1,0,2026
823555,2026-05-03,665862,"Chisholm Jr., Jazz",BAL,5,3,1,1,0,0,0,1,0,0,0,0,1,1,2026
823555,2026-05-03,669224,"Wells, Austin",BAL,5,5,1,1,0,0,0,0,0,2,0,0,0,1,2026
823555,2026-05-03,676609,"Caballero, José",BAL,4,4,1,1,0,0,0,0,0,0,0,0,0,1,2026
823555,2026-05-03,691176,"Domínguez, Jasson",BAL,5,5,3,0,2,0,1,0,0,0,0,0,3,8,2026
823555,2026-05-03,700250,"Rice, Ben",BAL,2,2,2,0,1,0,1,0,0,0,0,0,1,6,2026
823556,2026-04-19,502671,"Goldschmidt, Paul",KC,5,4,0,0,0,0,0,1,0,1,0,0,0,0,2026
823556,2026-04-19,592450,"Judge, Aaron",KC,5,5,1,0,0,0,1,0,0,3,0,0,2,4,2026
823556,2026-04-19,641355,"Bellinger, Cody",KC,5,3,1,0,1,0,0,2,0,0,0,0,0,2,2026
823556,2026-04-19,641857,"McMahon, Ryan",KC,4,3,0,0,0,0,0,1,0,2,0,0,0,0,2026
823556,2026-04-19,642708,"Rosario, Amed",KC,4,3,1,1,0,0,0,1,0,1,0,0,0,1,2026
823556,2026-04-19,663757,"Grisham, Trent",KC,5,4,2,1,0,0,1,1,0,1,0,0,3,5,2026
823556,2026-04-19,669224,"Wells, Austin",KC,4,1,0,0,0,0,0,2,0,0,0,0,1,0,2026
823556,2026-04-19,676609,"Caballero, José",KC,4,4,1,1,0,0,0,0,0,0,0,0,0,1,2026
823556,2026-04-19,700250,"Rice, Ben",KC,5,3,1,0,0,0,1,2,0,1,0,0,1,4,2026
823557,2026-05-01,502671,"Goldschmidt, Paul",BAL,5,4,0,0,0,0,0,1,0,0,0,0,0,0,2026
823557,2026-05-01,592450,"Judge, Aaron",BAL,5,3,2,2,0,0,0,2,0,1,0,0,1,2,2026
823557,2026-05-01,641355,"Bellinger, Cody",BAL,5,4,2,0,2,0,0,1,0,2,0,0,1,4,2026
823557,2026-05-01,642708,"Rosario, Amed",BAL,4,3,1,1,0,0,0,1,0,2,0,0,1,1,2026
823557,2026-05-01,663757,"Grisham, Trent",BAL,4,4,1,0,1,0,0,0,0,0,0,0,0,2,2026
823557,2026-05-01,665862,"Chisholm Jr., Jazz",BAL,4,3,1,1,0,0,0,1,0,1,0,0,0,1,2026
823557,2026-05-01,669224,"Wells, Austin",BAL,4,4,1,1,0,0,0,0,0,1,0,0,0,1,2026
823557,2026-05-01,676609,"Caballero, José",BAL,4,4,1,0,0,0,1,0,0,1,0,0,1,4,2026
823557,2026-05-01,700250,"Rice, Ben",BAL,5,5,2,1,0,0,1,0,0,0,0,0,3,5,2026
823558,2026-04-18,519317,"Stanton, Giancarlo",KC,5,5,0,0,0,0,0,0,0,0,0,0,0,0,2026
823558,2026-04-18,545341,"Grichuk, Randal",KC,5,4,1,0,1,0,0,0,0,1,0,0,1,2,2026
823558,2026-04-18,592450,"Judge, Aaron",KC,4,2,0,0,0,0,0,2,0,2,0,0,0,0,2026
823558,2026-04-18,641355,"Bellinger, Cody",KC,5,4,3,1,0,0,2,1,0,0,0,0,5,9,2026
823558,2026-04-18,641555,"Escarra, J.C.",KC,4,4,2,0,1,1,0,0,0,0,0,0,3,5,2026
823558,2026-04-18,641857,"McMahon, Ryan",KC,1,0,0,0,0,0,0,1,0,0,0,0,0,0,2026
823558,2026-04-18,642708,"Rosario, Amed",KC,5,5,2,1,0,0,1,0,0,0,0,0,3,5,2026
823558,2026-04-18,665862,"Chisholm Jr., Jazz",KC,5,4,0,0,0,0,0,1,0,3,0,0,0,0,2026
823558,2026-04-18,676609,"Caballero, José",KC,4,4,2,2,0,0,0,0,0,0,0,0,0,2,2026
823558,2026-04-18,700250,"Rice, Ben",KC,5,3,1,0,0,0,1,2,0,0,0,0,1,4,2026
823559,2026-04-17,519317,"Stanton, Giancarlo",KC,4,4,0,0,0,0,0,0,0,3,0,0,0,0,2026
823559,2026-04-17,592450,"Judge, Aaron",KC,4,3,1,0,1,0,0,1,0,1,0,0,0,2,2026
823559,2026-04-17,641355,"Bellinger, Cody",KC,4,4,1,1,0,0,0,0,0,1,0,0,0,1,2026
823559,2026-04-17,641857,"McMahon, Ryan",KC,1,1,1,0,0,0,1,0,0,0,0,0,2,4,2026
823559,2026-04-17,642708,"Rosario, Amed",KC,3,3,0,0,0,0,0,0,0,0,0,0,0,0,2026
823559,2026-04-17,663757,"Grisham, Trent",KC,4,4,0,0,0,0,0,0,0,0,0,0,0,0,2026
823559,2026-04-17,665862,"Chisholm Jr., Jazz",KC,4,2,0,0,0,0,0,2,0,1,0,0,0,0,2026
823559,2026-04-17,669224,"Wells, Austin",KC,3,2,0,0,0,0,0,1,0,0,0,0,0,0,2026
823559,2026-04-17,676609,"Caballero, José",KC,3,2,0,0,0,0,0,1,0,1,0,0,0,0,2026
823559,2026-04-17,700250,"Rice, Ben",KC,4,4,2,1,0,0,1,0,0,1,0,0,2,5,2026
823560,2026-04-16,519317,"Stanton, Giancarlo",LAA,4,4,1,0,0,0,1,0,0,0,0,0,2,4,2026
823560,2026-04-16,592450,"Judge, Aaron",LAA,4,4,1,0,0,0,1,0,0,1,0,0,1,4,2026
823560,2026-04-16,641355,"Bellinger, Cody",LAA,4,3,1,1,0,0,0,1,0,1,0,0,0,1,2026
823560,2026-04-16,641555,"Escarra, J.C.",LAA,4,4,1,1,0,0,0,0,0,3,0,0,0,1,2026
823560,2026-04-16,642708,"Rosario, Amed",LAA,4,4,0,0,0,0,0,0,0,1,0,0,0,0,2026
823560,2026-04-16,663757,"Grisham, Trent",LAA,4,3,0,0,0,0,0,1,0,0,0,0,0,0,2026
823560,2026-04-16,665862,"Chisholm Jr., Jazz",LAA,4,2,0,0,0,0,0,2,0,0,0,0,0,0,2026
823560,2026-04-16,676609,"Caballero, José",LAA,4,4,3,3,0,0,0,0,0,1,0,0,0,3,2026
823560,2026-04-16,700250,"Rice, Ben",LAA,4,4,1,0,0,0,1,0,0,1,0,0,1,4,2026
823561,2026-04-15,502671,"Goldschmidt, Paul",LAA,1,1,0,0,0,0,0,0,0,0,0,0,0,0,2026
823561,2026-04-15,519317,"Stanton, Giancarlo",LAA,4,4,0,0,0,0,0,0,0,3,0,0,0,0,2026
823561,2026-04-15,592450,"Judge, Aaron",LAA,4,4,1,0,0,0,1,0,0,0,0,0,1,4,2026
823561,2026-04-15,641355,"Bellinger, Cody",LAA,4,3,1,0,1,0,0,1,0,0,0,0,0,2,2026
823561,2026-04-15,641857,"McMahon, Ryan",LAA,3,3,0,0,0,0,0,0,0,1,0,0,0,0,2026
823561,2026-04-15,663757,"Grisham, Trent",LAA,3,3,1,1,0,0,0,0,0,0,0,0,2,1,2026
823561,2026-04-15,665862,"Chisholm Jr., Jazz",LAA,4,3,1,1,0,0,0,1,0,2,0,0,0,1,2026
823561,2026-04-15,669224,"Wells, Austin",LAA,4,2,1,1,0,0,0,2,0,0,0,0,0,1,2026
823561,2026-04-15,676609,"Caballero, José",LAA,4,3,1,0,1,0,0,1,0,0,0,0,2,2,2026
823561,2026-04-15,700250,"Rice, Ben",LAA,4,4,0,0,0,0,0,0,0,0,0,0,0,0,2026
823562,2026-04-14,502671,"Goldschmidt, Paul",LAA,3,3,0,0,0,0,0,0,0,1,0,0,0,0,2026
823562,2026-04-14,519317,"Stanton, Giancarlo",LAA,4,4,0,0,0,0,0,0,0,3,0,0,0,0,2026
823562,2026-04-14,545341,"Grichuk, Randal",LAA,3,3,1,0,1,0,0,0,0,1,0,0,0,2,2026
823562,2026-04-14,592450,"Judge, Aaron",LAA,4,4,1,0,1,0,0,0,0,2,0,0,0,2,2026
823562,2026-04-14,641857,"McMahon, Ryan",LAA,2,2,1,1,0,0,0,0,0,0,0,0,0,1,2026
823562,2026-04-14,642708,"Rosario, Amed",LAA,4,4,1,1,0,0,0,0,0,0,0,0,0,1,2026
823562,2026-04-14,663757,"Grisham, Trent",LAA,4,4,0,0,0,0,0,0,0,3,0,0,0,0,2026
823562,2026-04-14,665862,"Chisholm Jr., Jazz",LAA,1,1,0,0,0,0,0,0,0,1,0,0,0,0,2026
823562,2026-04-14,669224,"Wells, Austin",LAA,3,3,1,1,0,0,0,0,0,0,0,0,0,1,2026
823562,2026-04-14,676609,"Caballero, José",LAA,3,3,0,0,0,0,0,0,0,1,0,0,0,0,2026
823562,2026-04-14,700250,"Rice, Ben",LAA,1,0,0,0,0,0,0,0,0,0,0,0,1,0,2026
823563,2026-04-13,502671,"Goldschmidt, Paul",LAA,3,2,1,0,1,0,0,1,0,1,0,0,0,2,2026
823563,2026-04-13,519317,"Stanton, Giancarlo",LAA,5,4,2,1,1,0,0,1,0,2,0,0,0,3,2026
823563,2026-04-13,545341,"Grichuk, Randal",LAA,2,1,0,0,0,0,0,1,0,0,0,0,0,0,2026
823563,2026-04-13,592450,"Judge, Aaron",LAA,5,5,2,0,0,0,2,0,0,1,0,0,3,8,2026
823563,2026-04-13,641355,"Bellinger, Cody",LAA,5,5,1,1,0,0,0,0,0,0,0,0,0,1,2026
823563,2026-04-13,641857,"McMahon, Ryan",LAA,3,2,0,0,0,0,0,1,0,0,0,0,1,0,2026
823563,2026-04-13,642708,"Rosario, Amed",LAA,2,2,1,1,0,0,0,0,0,0,0,0,0,1,2026
823563,2026-04-13,663757,"Grisham, Trent",LAA,3,3,2,0,0,0,2,0,0,0,0,0,5,8,2026
823563,2026-04-13,665862,"Chisholm Jr., Jazz",LAA,5,5,1,1,0,0,0,0,0,2,0,0,0,1,2026
823563,2026-04-13,669224,"Wells, Austin",LAA,5,3,1,1,0,0,0,2,0,0,0,0,0,1,2026
823563,2026-04-13,676609,"Caballero, José",LAA,5,5,2,0,1,0,1,0,0,0,0,0,2,6,2026
823563,2026-04-13,700250,"Rice, Ben",LAA,3,2,1,1,0,0,0,1,0,1,0,0,0,1,2026
823564,2026-04-08,519317,"Stanton, Giancarlo",ATH,4,4,0,0,0,0,0,0,0,1,0,0,0,0,2026
823564,2026-04-08,592450,"Judge, Aaron",ATH,4,3,1,1,0,0,0,1,0,1,0,0,0,1,2026
823564,2026-04-08,641355,"Bellinger, Cody",ATH,4,4,1,1,0,0,0,0,0,1,0,0,1,1,2026
823564,2026-04-08,641555,"Escarra, J.C.",ATH,4,3,0,0,0,0,0,1,0,1,0,0,1,0,2026
823564,2026-04-08,641857,"McMahon, Ryan",ATH,4,3,0,0,0,0,0,1,0,2,0,0,0,0,2026
823564,2026-04-08,642708,"Rosario, Amed",ATH,4,4,1,1,0,0,0,0,0,2,0,0,0,1,2026
823564,2026-04-08,663757,"Grisham, Trent",ATH,4,2,1,1,0,0,0,2,0,1,0,0,0,1,2026
823564,2026-04-08,665862,"Chisholm Jr., Jazz",ATH,4,2,0,0,0,0,0,2,0,2,0,0,0,0,2026
823564,2026-04-08,700250,"Rice, Ben",ATH,4,4,0,0,0,0,0,0,0,4,0,0,0,0,2026
823565,2026-04-09,519317,"Stanton, Giancarlo",ATH,3,2,0,0,0,0,0,1,0,0,0,0,0,0,2026
823565,2026-04-09,545341,"Grichuk, Randal",ATH,3,3,0,0,0,0,0,0,0,3,0,0,0,0,2026
823565,2026-04-09,592450,"Judge, Aaron",ATH,4,4,0,0,0,0,0,0,0,1,0,0,0,0,2026
823565,2026-04-09,641355,"Bellinger, Cody",ATH,4,4,0,0,0,0,0,0,0,0,0,0,0,0,2026
823565,2026-04-09,641857,"McMahon, Ryan",ATH,3,3,0,0,0,0,0,0,0,1,0,0,0,0,2026
823565,2026-04-09,642708,"Rosario, Amed",ATH,4,2,0,0,0,0,0,2,0,0,0,0,0,0,2026
823565,2026-04-09,663757,"Grisham, Trent",ATH,1,1,0,0,0,0,0,0,0,1,0,0,0,0,2026
823565,2026-04-09,665862,"Chisholm Jr., Jazz",ATH,1,1,0,0,0,0,0,0,0,0,0,0,0,0,2026
823565,2026-04-09,669224,"Wells, Austin",ATH,3,3,0,0,0,0,0,0,0,1,0,0,0,0,2026
823565,2026-04-09,676609,"Caballero, José",ATH,2,2,0,0,0,0,0,0,0,0,0,0,0,0,2026
823565,2026-04-09,700250,"Rice, Ben",ATH,4,4,1,1,0,0,0,0,0,1,0,0,0,1,2026
823566,2026-04-05,519317,"Stanton, Giancarlo",MIA,5,5,2,2,0,0,0,0,0,2,0,0,0,2,2026
823566,2026-04-05,592450,"Judge, Aaron",MIA,5,5,2,1,1,0,0,0,0,1,0,0,0,3,2026
823566,2026-04-05,641355,"Bellinger, Cody",MIA,5,2,0,0,0,0,0,3,0,0,0,0,0,0,2026
823566,2026-04-05,641555,"Escarra, J.C.",MIA,1,1,0,0,0,0,0,0,0,1,0,0,0,0,2026
823566,2026-04-05,641857,"McMahon, Ryan",MIA,4,3,1,1,0,0,0,1,0,1,0,0,0,1,2026
823566,2026-04-05,663757,"Grisham, Trent",MIA,5,4,0,0,0,0,0,1,0,2,0,0,0,0,2026
823566,2026-04-05,665862,"Chisholm Jr., Jazz",MIA,5,5,1,0,1,0,0,0,0,0,0,0,2,2,2026
823566,2026-04-05,669224,"Wells, Austin",MIA,5,4,0,0,0,0,0,1,0,2,0,0,0,0,2026
823566,2026-04-05,676609,"Caballero, José",MIA,4,4,0,0,0,0,0,0,0,0,0,0,0,0,2026
823566,2026-04-05,700250,"Rice, Ben",MIA,5,2,1,0,0,0,1,3,0,0,0,0,4,4,2026
823567,2026-04-07,519317,"Stanton, Giancarlo",ATH,4,4,1,1,0,0,0,0,0,2,0,0,1,1,2026
823567,2026-04-07,592450,"Judge, Aaron",ATH,4,2,0,0,0,0,0,1,0,0,0,0,0,0,2026
823567,2026-04-07,641355,"Bellinger, Cody",ATH,4,4,1,1,0,0,0,0,0,1,0,0,0,1,2026
823567,2026-04-07,642708,"Rosario, Amed",ATH,4,4,2,0,0,0,2,0,0,1,0,0,4,8,2026
823567,2026-04-07,663757,"Grisham, Trent",ATH,5,5,0,0,0,0,0,0,0,0,0,0,0,0,2026
823567,2026-04-07,665862,"Chisholm Jr., Jazz",ATH,4,4,1,1,0,0,0,0,0,1,0,0,0,1,2026
823567,2026-04-07,669224,"Wells, Austin",ATH,4,3,1,0,1,0,0,1,0,1,0,0,0,2,2026
823567,2026-04-07,676609,"Caballero, José",ATH,4,4,2,1,1,0,0,0,0,1,0,0,0,3,2026
823567,2026-04-07,700250,"Rice, Ben",ATH,4,2,1,1,0,0,0,2,0,0,0,0,0,1,2026
823568,2026-04-03,519317,"Stanton, Giancarlo",MIA,5,5,0,0,0,0,0,0,0,1,0,0,0,0,2026
823568,2026-04-03,592450,"Judge, Aaron",MIA,5,3,2,1,0,0,1,1,1,1,0,0,3,5,2026
823568,2026-04-03,641355,"Bellinger, Cody",MIA,5,4,1,0,1,0,0,1,0,0,0,0,0,2,2026
823568,2026-04-03,641857,"McMahon, Ryan",MIA,4,2,0,0,0,0,0,2,0,1,0,0,0,0,2026
823568,2026-04-03,663757,"Grisham, Trent",MIA,5,2,0,0,0,0,0,3,0,1,0,0,1,0,2026
823568,2026-04-03,665862,"Chisholm Jr., Jazz",MIA,4,3,1,0,1,0,0,1,0,1,0,0,0,2,2026
823568,2026-04-03,669224,"Wells, Austin",MIA,4,2,0,0,0,0,0,2,0,1,0,0,0,0,2026
823568,2026-04-03,676609,"Caballero, José",MIA,4,3,0,0,0,0,0,1,0,1,0,0,0,0,2026
823568,2026-04-03,700250,"Rice, Ben",MIA,5,5,2,0,1,0,1,0,0,3,0,0,3,6,2026
823569,2026-04-04,502671,"Goldschmidt, Paul",MIA,1,0,0,0,0,0,0,1,0,0,0,0,0,0,2026
823569,2026-04-04,519317,"Stanton, Giancarlo",MIA,5,3,1,1,0,0,0,2,0,1,0,0,2,1,2026
823569,2026-04-04,592450,"Judge, Aaron",MIA,5,4,2,2,0,0,0,1,0,0,0,0,1,2,2026
823569,2026-04-04,641355,"Bellinger, Cody",MIA,5,3,1,0,0,0,1,1,0,0,0,0,3,4,2026
823569,2026-04-04,641555,"Escarra, J.C.",MIA,1,1,0,0,0,0,0,0,0,0,0,0,0,0,2026
823569,2026-04-04,641857,"McMahon, Ryan",MIA,4,3,0,0,0,0,0,1,0,2,0,0,0,0,2026
823569,2026-04-04,663757,"Grisham, Trent",MIA,5,3,1,1,0,0,0,2,0,0,0,0,1,1,2026
823569,2026-04-04,665862,"Chisholm Jr., Jazz",MIA,5,5,0,0,0,0,0,0,0,2,0,0,0,0,2026
823569,2026-04-04,669224,"Wells, Austin",MIA,2,2,1,1,0,0,0,0,0,0,0,0,0,1,2026
823569,2026-04-04,676609,"Caballero, José",MIA,4,3,0,0,0,0,0,0,1,3,0,0,0,0,2026
823569,2026-04-04,700250,"Rice, Ben",MIA,5,3,0,0,0,0,0,2,0,3,0,0,0,0,2026
823627,2026-05-16,502671,"Goldschmidt, Paul",NYM,5,4,2,2,0,0,0,0,1,1,0,0,1,2,2026
823627,2026-05-16,592450,"Judge, Aaron",NYM,5,4,2,1,1,0,0,1,0,1,0,0,0,3,2026
823627,2026-05-16,641355,"Bellinger, Cody",NYM,5,5,0,0,0,0,0,0,0,2,0,0,0,0,2026
823627,2026-05-16,642708,"Rosario, Amed",NYM,4,4,1,0,1,0,0,0,0,2,0,0,0,2,2026
823627,2026-05-16,663757,"Grisham, Trent",NYM,4,4,1,1,0,0,0,0,0,3,0,0,1,1,2026
823627,2026-05-16,665862,"Chisholm Jr., Jazz",NYM,5,5,2,1,1,0,0,0,0,2,0,0,0,3,2026
823627,2026-05-16,669224,"Wells, Austin",NYM,4,4,1,1,0,0,0,0,0,3,0,0,0,1,2026
823627,2026-05-16,683011,"Volpe, Anthony",NYM,4,2,0,0,0,0,0,2,0,0,0,0,0,0,2026
823627,2026-05-16,700250,"Rice, Ben",NYM,5,4,0,0,0,0,0,0,1,0,0,0,0,0,2026
823628,2026-05-17,502671,"Goldschmidt, Paul",NYM,1,0,0,0,0,0,0,0,1,0,0,0,0,0,2026
823628,2026-05-17,592450,"Judge, Aaron",NYM,5,4,0,0,0,0,0,1,0,1,0,0,0,0,2026
823628,2026-05-17,641355,"Bellinger, Cody",NYM,5,2,1,1,0,0,0,3,0,0,0,0,0,1,2026
823628,2026-05-17,641555,"Escarra, J.C.",NYM,2,2,0,0,0,0,0,0,0,0,0,0,0,0,2026
823628,2026-05-17,641857,"McMahon, Ryan",NYM,5,4,0,0,0,0,0,0,0,0,0,0,0,0,2026
823628,2026-05-17,642708,"Rosario, Amed",NYM,1,0,0,0,0,0,0,0,0,0,0,0,1,0,2026
823628,2026-05-17,663757,"Grisham, Trent",NYM,5,5,0,0,0,0,0,0,0,1,0,0,0,0,2026
823628,2026-05-17,665862,"Chisholm Jr., Jazz",NYM,5,3,2,2,0,0,0,2,0,1,0,0,0,2,2026
823628,2026-05-17,669224,"Wells, Austin",NYM,2,2,0,0,0,0,0,0,0,0,0,0,0,0,2026
823628,2026-05-17,680474,"Schuemann, Max",NYM,2,1,0,0,0,0,0,1,0,1,0,0,0,0,2026
823628,2026-05-17,682987,"Jones, Spencer",NYM,2,2,0,0,0,0,0,0,0,2,0,0,0,0,2026
823628,2026-05-17,683011,"Volpe, Anthony",NYM,5,3,2,1,1,0,0,2,0,1,0,0,3,3,2026
823628,2026-05-17,700250,"Rice, Ben",NYM,5,5,1,0,0,0,1,0,0,1,0,0,1,4,2026
823629,2026-05-15,592450,"Judge, Aaron",NYM,5,4,1,1,0,0,0,0,0,1,0,0,0,1,2026
823629,2026-05-15,641355,"Bellinger, Cody",NYM,5,5,1,0,1,0,0,0,0,1,0,0,1,2,2026
823629,2026-05-15,641857,"McMahon, Ryan",NYM,4,4,0,0,0,0,0,0,0,2,0,0,0,0,2026
823629,2026-05-15,663757,"Grisham, Trent",NYM,5,5,0,0,0,0,0,0,0,2,0,0,0,0,2026
823629,2026-05-15,665862,"Chisholm Jr., Jazz",NYM,5,4,3,2,1,0,0,1,0,0,0,0,2,4,2026
823629,2026-05-15,669224,"Wells, Austin",NYM,4,4,0,0,0,0,0,0,0,2,0,0,0,0,2026
823629,2026-05-15,682987,"Jones, Spencer",NYM,4,4,2,2,0,0,0,0,0,1,0,0,1,2,2026
823629,2026-05-15,683011,"Volpe, Anthony",NYM,4,1,0,0,0,0,0,3,0,1,0,0,0,0,2026
823629,2026-05-15,700250,"Rice, Ben",NYM,5,5,3,2,0,0,1,0,0,1,0,0,1,6,2026
823654,2026-09-15,641355,"Bellinger, Cody",MIN,5,4,3,2,0,0,1,1,0,1,0,0,2,6,2026
823654,2026-09-15,645305,"Sánchez, Ali",MIN,5,5,1,1,0,0,0,0,0,1,0,0,0,1,2026
823654,2026-09-15,671218,"Ramos, Heliot",MIN,5,4,2,1,1,0,0,1,0,1,0,0,1,3,2026
823654,2026-09-15,671277,"García Jr., Luis",MIN,5,5,1,1,0,0,0,0,0,1,0,0,0,1,2026
823654,2026-09-15,676609,"Caballero, José",MIN,5,5,1,1,0,0,0,0,0,1,0,0,1,1,2026
823654,2026-09-15,682987,"Jones, Spencer",MIN,5,5,1,0,0,0,1,0,0,0,0,0,3,4,2026
823654,2026-09-15,683011,"Volpe, Anthony",MIN,5,4,2,1,1,0,0,1,0,0,0,0,0,3,2026
823654,2026-09-15,700250,"Rice, Ben",MIN,6,6,1,1,0,0,0,0,0,1,0,0,0,1,2026
823654,2026-09-15,806146,"Lombard Jr., George",MIN,5,4,2,2,0,0,0,1,0,0,0,0,1,2,2026
823655,2026-09-16,502671,"Goldschmidt, Paul",MIN,2,2,1,1,0,0,0,0,0,0,0,0,0,1,2026
823655,2026-09-16,592450,"Judge, Aaron",MIN,2,2,0,0,0,0,0,0,0,2,0,0,0,0,2026
823655,2026-09-16,641355,"Bellinger, Cody",MIN,6,5,3,3,0,0,0,1,0,0,0,0,0,3,2026
823655,2026-09-16,641857,"McMahon, Ryan",MIN,6,6,0,0,0,0,0,0,0,4,0,0,0,0,2026
823655,2026-09-16,645305,"Sánchez, Ali",MIN,2,2,1,1,0,0,0,0,0,1,0,0,1,1,2026
823655,2026-09-16,669224,"Wells, Austin",MIN,2,2,0,0,0,0,0,0,0,0,0,0,0,0,2026
823655,2026-09-16,671218,"Ramos, Heliot",MIN,4,3,0,0,0,0,0,1,0,1,0,0,0,0,2026
823655,2026-09-16,671277,"García Jr., Luis",MIN,4,4,0,0,0,0,0,0,0,3,0,0,0,0,2026
823655,2026-09-16,676609,"Caballero, José",MIN,1,0,0,0,0,0,0,0,0,0,0,0,1,0,2026
823655,2026-09-16,682987,"Jones, Spencer",MIN,6,6,0,0,0,0,0,0,0,5,0,0,0,0,2026
823655,2026-09-16,683011,"Volpe, Anthony",MIN,5,5,2,1,1,0,0,0,0,0,0,0,2,3,2026
823655,2026-09-16,700250,"Rice, Ben",MIN,6,3,1,1,0,0,0,3,0,1,0,0,0,1,2026
823655,2026-09-16,806146,"Lombard Jr., George",MIN,6,6,1,1,0,0,0,0,0,0,0,0,0,1,2026
823656,2026-09-14,592450,"Judge, Aaron",MIN,4,4,1,0,0,0,1,0,0,2,0,0,3,4,2026
823656,2026-09-14,641355,"Bellinger, Cody",MIN,4,4,0,0,0,0,0,0,0,0,0,0,0,0,2026
823656,2026-09-14,641857,"McMahon, Ryan",MIN,3,3,1,1,0,0,0,0,0,0,0,0,0,1,2026
823656,2026-09-14,669224,"Wells, Austin",MIN,4,4,1,0,0,0,1,0,0,2,0,0,1,4,2026
823656,2026-09-14,671277,"García Jr., Luis",MIN,4,4,0,0,0,0,0,0,0,1,0,0,0,0,2026
823656,2026-09-14,676609,"Caballero, José",MIN,4,4,2,1,0,0,1,0,0,0,0,0,2,5,2026
823656,2026-09-14,682987,"Jones, Spencer",MIN,4,4,0,0,0,0,0,0,0,2,0,0,0,0,2026
823656,2026-09-14,683011,"Volpe, Anthony",MIN,1,1,0,0,0,0,0,0,0,0,0,0,0,0,2026
823656,2026-09-14,700250,"Rice, Ben",MIN,4,3,2,2,0,0,0,1,0,0,0,0,2,2,2026
823656,2026-09-14,806146,"Lombard Jr., George",MIN,4,4,1,0,1,0,0,0,0,2,0,0,0,2,2026
823792,2026-05-09,502671,"Goldschmidt, Paul",MIL,5,5,3,2,0,0,1,0,0,1,0,0,2,6,2026
823792,2026-05-09,592450,"Judge, Aaron",MIL,5,2,0,0,0,0,0,3,0,2,0,0,0,0,2026
823792,2026-05-09,641355,"Bellinger, Cody",MIL,5,4,1,1,0,0,0,1,0,1,0,0,0,1,2026
823792,2026-05-09,641857,"McMahon, Ryan",MIL,1,1,1,1,0,0,0,0,0,0,0,0,1,1,2026
823792,2026-05-09,642708,"Rosario, Amed",MIL,4,3,1,0,1,0,0,1,0,1,0,0,0,2,2026
823792,2026-05-09,663757,"Grisham, Trent",MIL,1,1,0,0,0,0,0,0,0,1,0,0,0,0,2026
823792,2026-05-09,665862,"Chisholm Jr., Jazz",MIL,4,3,1,1,0,0,0,1,0,2,0,0,0,1,2026
823792,2026-05-09,669224,"Wells, Austin",MIL,4,4,0,0,0,0,0,0,0,2,0,0,0,0,2026
823792,2026-05-09,676609,"Caballero, José",MIL,4,3,0,0,0,0,0,1,0,1,0,0,0,0,2026
823792,2026-05-09,682987,"Jones, Spencer",MIL,3,3,0,0,0,0,0,0,0,2,0,0,0,0,2026
823792,2026-05-09,700250,"Rice, Ben",MIL,5,5,0,0,0,0,0,0,0,2,0,0,0,0,2026
823793,2026-05-10,592450,"Judge, Aaron",MIL,4,3,1,0,0,0,1,1,0,2,0,0,1,4,2026
823793,2026-05-10,641355,"Bellinger, Cody",MIL,4,2,1,1,0,0,0,2,0,0,0,0,0,1,2026
823793,2026-05-10,641555,"Escarra, J.C.",MIL,4,3,0,0,0,0,0,1,0,1,0,0,0,0,2026
823793,2026-05-10,641857,"McMahon, Ryan",MIL,4,4,0,0,0,0,0,0,0,1,0,0,0,0,2026
823793,2026-05-10,663757,"Grisham, Trent",MIL,4,4,1,1,0,0,0,0,0,2,0,0,0,1,2026
823793,2026-05-10,665862,"Chisholm Jr., Jazz",MIL,4,4,1,0,1,0,0,0,0,2,0,0,1,2,2026
823793,2026-05-10,676609,"Caballero, José",MIL,4,3,1,0,1,0,0,1,0,0,0,0,0,2,2026
823793,2026-05-10,682987,"Jones, Spencer",MIL,4,4,1,1,0,0,0,0,0,1,0,0,1,1,2026
823793,2026-05-10,700250,"Rice, Ben",MIL,4,4,0,0,0,0,0,0,0,1,0,0,0,0,2026
823794,2026-05-08,502671,"Goldschmidt, Paul",MIL,1,1,0,0,0,0,0,0,0,0,0,0,0,0,2026
823794,2026-05-08,592450,"Judge, Aaron",MIL,4,4,1,1,0,0,0,0,0,2,0,0,0,1,2026
823794,2026-05-08,641355,"Bellinger, Cody",MIL,4,4,0,0,0,0,0,0,0,1,0,0,0,0,2026
823794,2026-05-08,641857,"McMahon, Ryan",MIL,2,2,0,0,0,0,0,0,0,1,0,0,0,0,2026
823794,2026-05-08,642708,"Rosario, Amed",MIL,1,1,0,0,0,0,0,0,0,0,0,0,0,0,2026
823794,2026-05-08,663757,"Grisham, Trent",MIL,4,3,0,0,0,0,0,1,0,1,0,0,0,0,2026
823794,2026-05-08,665862,"Chisholm Jr., Jazz",MIL,4,4,0,0,0,0,0,0,0,2,0,0,0,0,2026
823794,2026-05-08,669224,"Wells, Austin",MIL,2,2,0,0,0,0,0,0,0,2,0,0,0,0,2026
823794,2026-05-08,676609,"Caballero, José",MIL,3,3,2,2,0,0,0,0,0,1,0,0,0,2,2026
823794,2026-05-08,682987,"Jones, Spencer",MIL,3,2,0,0,0,0,0,1,0,2,0,0,0,0,2026
823794,2026-05-08,700250,"Rice, Ben",MIL,4,4,0,0,0,0,0,0,0,2,0,0,0,0,2026
823982,2026-08-31,641355,"Bellinger, Cody",LAA,4,4,2,2,0,0,0,0,0,0,0,0,0,2,2026
823982,2026-08-31,642708,"Rosario, Amed",LAA,4,4,2,2,0,0,0,0,0,1,0,0,0,2,2026
823982,2026-08-31,663757,"Grisham, Trent",LAA,4,4,0,0,0,0,0,0,0,2,0,0,0,0,2026
823982,2026-08-31,665862,"Chisholm Jr., Jazz",LAA,3,3,1,1,0,0,0,0,0,1,0,0,0,1,2026
823982,2026-08-31,669224,"Wells, Austin",LAA,3,3,0,0,0,0,0,0,0,1,0,0,0,0,2026
823982,2026-08-31,671277,"García Jr., Luis",LAA,4,4,0,0,0,0,0,0,0,2,0,0,0,0,2026
823982,2026-08-31,676609,"Caballero, José",LAA,3,3,0,0,0,0,0,0,0,2,0,0,0,0,2026
823982,2026-08-31,682987,"Jones, Spencer",LAA,3,3,1,0,0,0,1,0,0,1,0,0,1,4,2026
823982,2026-08-31,700250,"Rice, Ben",LAA,4,4,0,0,0,0,0,0,0,0,0,0,0,0,2026
823983,2026-09-02,502671,"Goldschmidt, Paul",LAA,3,3,2,2,0,0,0,0,0,0,0,0,0,2,2026
823983,2026-09-02,641355,"Bellinger, Cody",LAA,5,5,3,3,0,0,0,0,0,1,0,0,1,3,2026
823983,2026-09-02,642708,"Rosario, Amed",LAA,5,5,1,0,1,0,0,0,0,1,0,0,1,2,2026
823983,2026-09-02,645305,"Sánchez, Ali",LAA,2,2,0,0,0,0,0,0,0,2,0,0,0,0,2026
823983,2026-09-02,663757,"Grisham, Trent",LAA,2,2,1,1,0,0,0,0,0,0,0,0,1,1,2026
823983,2026-09-02,665862,"Chisholm Jr., Jazz",LAA,4,3,0,0,0,0,0,1,0,1,0,0,0,0,2026
823983,2026-09-02,669224,"Wells, Austin",LAA,2,2,2,2,0,0,0,0,0,0,0,0,2,2,2026
823983,2026-09-02,671218,"Ramos, Heliot",LAA,3,3,0,0,0,0,0,0,0,0,0,0,0,0,2026
823983,2026-09-02,671277,"García Jr., Luis",LAA,2,2,0,0,0,0,0,0,0,0,0,0,0,0,2026
823983,2026-09-02,676609,"Caballero, José",LAA,4,4,1,1,0,0,0,0,0,2,0,0,0,1,2026
823983,2026-09-02,682987,"Jones, Spencer",LAA,4,4,0,0,0,0,0,0,0,4,0,0,0,0,2026
823983,2026-09-02,700250,"Rice, Ben",LAA,5,5,2,2,0,0,0,0,0,0,0,0,1,2,2026
823984,2026-09-01,502671,"Goldschmidt, Paul",LAA,1,0,0,0,0,0,0,0,0,0,0,0,1,0,2026
823984,2026-09-01,641355,"Bellinger, Cody",LAA,5,5,3,3,0,0,0,0,0,1,0,0,0,3,2026
823984,2026-09-01,641857,"McMahon, Ryan",LAA,5,3,1,1,0,0,0,2,0,0,0,0,0,1,2026
823984,2026-09-01,663757,"Grisham, Trent",LAA,5,5,1,1,0,0,0,0,0,2,0,0,1,1,2026
823984,2026-09-01,665862,"Chisholm Jr., Jazz",LAA,5,5,3,2,0,0,1,0,0,2,0,0,1,6,2026
823984,2026-09-01,669224,"Wells, Austin",LAA,3,3,1,1,0,0,0,0,0,0,0,0,0,1,2026
823984,2026-09-01,671277,"García Jr., Luis",LAA,5,5,2,1,1,0,0,0,0,0,0,0,0,3,2026
823984,2026-09-01,676609,"Caballero, José",LAA,5,5,0,0,0,0,0,0,0,3,0,0,0,0,2026
823984,2026-09-01,682987,"Jones, Spencer",LAA,5,3,2,1,0,0,1,2,0,1,0,0,3,5,2026
823984,2026-09-01,700250,"Rice, Ben",LAA,5,5,1,1,0,0,0,0,0,3,0,0,0,1,2026
824104,2026-05-27,502671,"Goldschmidt, Paul",KC,5,4,2,2,0,0,0,1,0,1,0,0,1,2,2026
824104,2026-05-27,592450,"Judge, Aaron",KC,4,3,0,0,0,0,0,0,0,1,0,0,1,0,2026
824104,2026-05-27,641355,"Bellinger, Cody",KC,4,4,0,0,0,0,0,0,0,2,0,0,0,0,2026
824104,2026-05-27,641857,"McMahon, Ryan",KC,4,4,2,1,0,0,1,0,0,1,0,0,2,5,2026
824104,2026-05-27,642708,"Rosario, Amed",KC,2,2,0,0,0,0,0,0,0,0,0,0,0,0,2026
824104,2026-05-27,663757,"Grisham, Trent",KC,2,1,1,1,0,0,0,1,0,0,0,0,0,1,2026
824104,2026-05-27,669224,"Wells, Austin",KC,4,4,0,0,0,0,0,0,0,2,0,0,0,0,2026
824104,2026-05-27,676609,"Caballero, José",KC,4,4,1,1,0,0,0,0,0,0,0,0,0,1,2026
824104,2026-05-27,683011,"Volpe, Anthony",KC,4,3,0,0,0,0,0,1,0,0,0,0,0,0,2026
824104,2026-05-27,700250,"Rice, Ben",KC,5,4,2,1,0,1,0,1,0,0,0,0,3,4,2026
824106,2026-05-26,502671,"Goldschmidt, Paul",KC,6,6,2,1,1,0,0,0,0,0,0,0,0,3,2026
824106,2026-05-26,592450,"Judge, Aaron",KC,5,3,2,1,1,0,0,2,0,0,0,0,1,3,2026
824106,2026-05-26,641355,"Bellinger, Cody",KC,5,5,2,1,0,0,1,0,0,0,0,0,3,5,2026
824106,2026-05-26,642708,"Rosario, Amed",KC,6,6,4,2,0,0,2,0,0,0,0,0,4,10,2026
824106,2026-05-26,663757,"Grisham, Trent",KC,7,7,3,2,0,0,1,0,0,0,0,0,2,6,2026
824106,2026-05-26,665862,"Chisholm Jr., Jazz",KC,6,5,2,1,0,0,1,1,0,1,0,0,1,5,2026
824106,2026-05-26,669224,"Wells, Austin",KC,6,6,3,3,0,0,0,0,0,2,0,0,1,3,2026
824106,2026-05-26,676609,"Caballero, José",KC,1,1,0,0,0,0,0,0,0,0,0,0,0,0,2026
824106,2026-05-26,680474,"Schuemann, Max",KC,1,0,0,0,0,0,0,1,0,0,0,0,0,0,2026
824106,2026-05-26,683011,"Volpe, Anthony",KC,6,6,3,1,1,0,1,0,0,1,0,0,2,7,2026
824106,2026-05-26,700250,"Rice, Ben",KC,6,5,3,2,1,0,0,1,0,1,0,0,1,4,2026
824107,2026-05-25,502671,"Goldschmidt, Paul",KC,4,4,1,1,0,0,0,0,0,0,0,0,0,1,2026
824107,2026-05-25,592450,"Judge, Aaron",KC,4,4,1,0,1,0,0,0,0,1,0,0,0,2,2026
824107,2026-05-25,641355,"Bellinger, Cody",KC,4,4,1,0,0,0,1,0,0,1,0,0,1,4,2026
824107,2026-05-25,641555,"Escarra, J.C.",KC,4,4,3,3,0,0,0,0,0,0,0,0,0,3,2026
824107,2026-05-25,663757,"Grisham, Trent",KC,4,4,0,0,0,0,0,0,0,2,0,0,0,0,2026
824107,2026-05-25,665862,"Chisholm Jr., Jazz",KC,4,3,1,0,1,0,0,1,0,0,0,0,0,2,2026
824107,2026-05-25,676609,"Caballero, José",KC,4,4,1,1,0,0,0,0,0,0,0,0,1,1,2026
824107,2026-05-25,683011,"Volpe, Anthony",KC,4,3,1,1,0,0,0,1,0,2,0,0,2,1,2026
824107,2026-05-25,700250,"Rice, Ben",KC,4,4,0,0,0,0,0,0,0,0,0,0,0,0,2026
824202,2026-04-26,502671,"Goldschmidt, Paul",HOU,4,4,2,0,2,0,0,0,0,0,0,0,1,4,2026
824202,2026-04-26,592450,"Judge, Aaron",HOU,4,4,1,0,0,0,1,0,0,0,0,0,1,4,2026
824202,2026-04-26,641355,"Bellinger, Cody",HOU,4,4,0,0,0,0,0,0,0,1,0,0,0,0,2026
824202,2026-04-26,641555,"Escarra, J.C.",HOU,4,4,1,0,1,0,0,0,0,2,0,0,1,2,2026
824202,2026-04-26,641857,"McMahon, Ryan",HOU,4,4,1,1,0,0,0,0,0,1,0,0,1,1,2026
824202,2026-04-26,663757,"Grisham, Trent",HOU,4,4,0,0,0,0,0,0,0,2,0,0,0,0,2026
824202,2026-04-26,665862,"Chisholm Jr., Jazz",HOU,4,4,2,2,0,0,0,0,0,2,0,0,0,2,2026
824202,2026-04-26,676609,"Caballero, José",HOU,4,3,0,0,0,0,0,0,1,1,0,0,0,0,2026
824202,2026-04-26,700250,"Rice, Ben",HOU,4,3,0,0,0,0,0,1,0,0,0,0,0,0,2026
824203,2026-04-25,592450,"Judge, Aaron",HOU,5,3,0,0,0,0,0,2,0,2,0,0,0,0,2026
824203,2026-04-25,641355,"Bellinger, Cody",HOU,5,2,0,0,0,0,0,3,0,0,0,0,1,0,2026
824203,2026-04-25,641857,"McMahon, Ryan",HOU,5,5,2,2,0,0,0,0,0,1,0,0,1,2,2026
824203,2026-04-25,642708,"Rosario, Amed",HOU,5,5,1,1,0,0,0,0,0,2,0,0,0,1,2026
824203,2026-04-25,663757,"Grisham, Trent",HOU,5,3,1,0,0,0,1,2,0,1,0,0,1,4,2026
824203,2026-04-25,665862,"Chisholm Jr., Jazz",HOU,5,4,0,0,0,0,0,1,0,1,0,0,1,0,2026
824203,2026-04-25,669224,"Wells, Austin",HOU,5,3,2,1,0,0,1,2,0,0,0,0,2,5,2026
824203,2026-04-25,676609,"Caballero, José",HOU,5,5,3,2,0,0,1,0,0,0,0,0,1,6,2026
824203,2026-04-25,700250,"Rice, Ben",HOU,5,4,3,2,1,0,0,0,0,1,0,0,1,4,2026
824204,2026-04-24,519317,"Stanton, Giancarlo",HOU,3,3,1,1,0,0,0,0,0,0,0,0,1,1,2026
824204,2026-04-24,545341,"Grichuk, Randal",HOU,2,2,1,0,1,0,0,0,0,0,0,0,0,2,2026
824204,2026-04-24,592450,"Judge, Aaron",HOU,5,2,0,0,0,0,0,3,0,0,0,0,0,0,2026
824204,2026-04-24,641355,"Bellinger, Cody",HOU,5,6,1,1,0,0,0,0,0,1,0,0,0,1,2026
824204,2026-04-24,641555,"Escarra, J.C.",HOU,5,5,2,2,0,0,0,0,0,1,0,0,0,2,2026
824204,2026-04-24,641857,"McMahon, Ryan",HOU,4,4,1,0,0,0,1,0,0,0,0,0,1,4,2026
824204,2026-04-24,663757,"Grisham, Trent",HOU,5,2,0,0,0,0,0,2,0,0,0,0,1,0,2026
824204,2026-04-24,665862,"Chisholm Jr., Jazz",HOU,5,4,3,2,0,0,1,1,0,1,0,0,4,6,2026
824204,2026-04-24,676609,"Caballero, José",HOU,4,4,2,1,0,0,1,0,0,0,0,0,2,5,2026
824204,2026-04-24,700250,"Rice, Ben",HOU,5,5,2,0,1,0,1,0,0,1,0,0,2,6,2026
824259,2026-06-24,502671,"Goldschmidt, Paul",DET,4,4,2,0,0,0,2,0,0,2,0,0,2,8,2026
824259,2026-06-24,641355,"Bellinger, Cody",DET,4,4,1,0,1,0,0,0,0,1,0,0,0,2,2026
824259,2026-06-24,665862,"Chisholm Jr., Jazz",DET,4,4,0,0,0,0,0,0,0,1,0,0,0,0,2026
824259,2026-06-24,669224,"Wells, Austin",DET,3,3,0,0,0,0,0,0,0,1,0,0,0,0,2026
824259,2026-06-24,676609,"Caballero, José",DET,3,3,0,0,0,0,0,0,0,2,0,0,0,0,2026
824259,2026-06-24,680474,"Schuemann, Max",DET,3,2,0,0,0,0,0,0,1,1,0,0,0,0,2026
824259,2026-06-24,683011,"Volpe, Anthony",DET,4,4,0,0,0,0,0,0,0,1,0,0,0,0,2026
824259,2026-06-24,691176,"Domínguez, Jasson",DET,4,4,1,0,0,0,1,0,0,3,0,0,2,4,2026
824259,2026-06-24,700250,"Rice, Ben",DET,4,4,2,2,0,0,0,0,0,1,0,0,0,2,2026
824261,2026-06-22,502671,"Goldschmidt, Paul",DET,4,4,2,2,0,0,0,0,0,2,0,0,0,2,2026
824261,2026-06-22,641355,"Bellinger, Cody",DET,4,3,0,0,0,0,0,1,0,0,0,0,0,0,2026
824261,2026-06-22,642708,"Rosario, Amed",DET,5,5,1,0,0,0,1,0,0,2,0,0,2,4,2026
824261,2026-06-22,645305,"Sánchez, Ali",DET,3,2,1,0,1,0,0,0,1,1,0,0,1,2,2026
824261,2026-06-22,665862,"Chisholm Jr., Jazz",DET,4,4,1,1,0,0,0,0,0,2,0,0,0,1,2026
824261,2026-06-22,669224,"Wells, Austin",DET,1,1,0,0,0,0,0,0,0,0,0,0,0,0,2026
824261,2026-06-22,676609,"Caballero, José",DET,4,3,0,0,0,0,0,1,0,1,0,0,0,0,2026
824261,2026-06-22,683011,"Volpe, Anthony",DET,4,4,2,2,0,0,0,0,0,1,0,0,0,2,2026
824261,2026-06-22,691176,"Domínguez, Jasson",DET,4,4,0,0,0,0,0,0,0,1,0,0,0,0,2026
824261,2026-06-22,700250,"Rice, Ben",DET,4,4,0,0,0,0,0,0,0,2,0,0,0,0,2026
824262,2026-06-23,502671,"Goldschmidt, Paul",DET,4,4,1,1,0,0,0,0,0,1,0,0,0,1,2026
824262,2026-06-23,641355,"Bellinger, Cody",DET,4,2,0,0,0,0,0,2,0,1,0,0,0,0,2026
824262,2026-06-23,665862,"Chisholm Jr., Jazz",DET,4,4,2,1,0,0,1,0,0,1,0,0,2,5,2026
824262,2026-06-23,669224,"Wells, Austin",DET,4,4,1,0,1,0,0,0,0,1,0,0,1,2,2026
824262,2026-06-23,676609,"Caballero, José",DET,4,4,1,1,0,0,0,0,0,1,0,0,1,1,2026
824262,2026-06-23,682987,"Jones, Spencer",DET,4,4,1,1,0,0,0,0,0,3,0,0,0,1,2026
824262,2026-06-23,683011,"Volpe, Anthony",DET,4,4,2,2,0,0,0,0,0,1,0,0,0,2,2026
824262,2026-06-23,691176,"Domínguez, Jasson",DET,4,4,1,0,1,0,0,0,0,2,0,0,0,2,2026
824262,2026-06-23,700250,"Rice, Ben",DET,5,5,0,0,0,0,0,0,0,2,0,0,0,0,2026
824427,2026-06-08,502671,"Goldschmidt, Paul",CLE,4,4,1,0,0,0,1,0,0,0,0,0,3,4,2026
824427,2026-06-08,641355,"Bellinger, Cody",CLE,5,5,2,2,0,0,0,0,0,1,0,0,3,2,2026
824427,2026-06-08,641555,"Escarra, J.C.",CLE,2,2,0,0,0,0,0,0,0,0,0,0,0,0,2026
824427,2026-06-08,641857,"McMahon, Ryan",CLE,2,2,1,0,0,0,1,0,0,1,0,0,1,4,2026
824427,2026-06-08,642708,"Rosario, Amed",CLE,1,1,0,0,0,0,0,0,0,1,0,0,0,0,2026
824427,2026-06-08,645305,"Sánchez, Ali",CLE,1,1,0,0,0,0,0,0,0,1,0,0,0,0,2026
824427,2026-06-08,663757,"Grisham, Trent",CLE,5,4,2,2,0,0,0,1,0,1,0,0,0,2,2026
824427,2026-06-08,665862,"Chisholm Jr., Jazz",CLE,5,5,0,0,0,0,0,1,0,0,0,0,0,0,2026
824427,2026-06-08,676609,"Caballero, José",CLE,4,3,0,0,0,0,0,1,0,1,0,0,0,0,2026
824427,2026-06-08,680474,"Schuemann, Max",CLE,1,0,0,0,0,0,0,1,0,0,0,0,0,0,2026
824427,2026-06-08,682987,"Jones, Spencer",CLE,4,4,1,1,0,0,0,0,0,3,0,0,0,1,2026
824427,2026-06-08,683011,"Volpe, Anthony",CLE,2,2,0,0,0,0,0,0,0,1,0,0,0,0,2026
824427,2026-06-08,700250,"Rice, Ben",CLE,5,3,2,2,0,0,0,2,0,0,0,0,0,2,2026
824428,2026-06-10,502671,"Goldschmidt, Paul",CLE,5,4,2,2,0,0,0,1,0,0,0,0,1,2,2026
824428,2026-06-10,641355,"Bellinger, Cody",CLE,5,4,1,0,1,0,0,1,0,0,0,0,0,2,2026
824428,2026-06-10,641857,"McMahon, Ryan",CLE,2,2,0,0,0,0,0,0,0,2,0,0,0,0,2026
824428,2026-06-10,642708,"Rosario, Amed",CLE,3,3,1,1,0,0,0,0,0,1,0,0,0,1,2026
824428,2026-06-10,645305,"Sánchez, Ali",CLE,4,3,0,0,0,0,0,1,0,2,0,0,0,0,2026
824428,2026-06-10,663757,"Grisham, Trent",CLE,5,4,2,1,0,1,0,1,0,0,0,0,0,4,2026
824428,2026-06-10,665862,"Chisholm Jr., Jazz",CLE,5,4,1,0,0,1,0,1,0,1,0,0,3,3,2026
824428,2026-06-10,676609,"Caballero, José",CLE,5,4,2,2,0,0,0,0,0,1,0,0,2,2,2026
824428,2026-06-10,683011,"Volpe, Anthony",CLE,5,4,1,0,1,0,0,1,0,0,0,0,1,2,2026
824428,2026-06-10,700250,"Rice, Ben",CLE,5,5,1,1,0,0,0,0,0,1,0,0,0,1,2026
824429,2026-06-09,502671,"Goldschmidt, Paul",CLE,5,4,2,2,0,0,0,1,0,1,0,0,0,2,2026
824429,2026-06-09,641355,"Bellinger, Cody",CLE,4,3,0,0,0,0,0,1,0,0,0,0,0,0,2026
824429,2026-06-09,641555,"Escarra, J.C.",CLE,4,4,0,0,0,0,0,0,0,2,0,0,0,0,2026
824429,2026-06-09,641857,"McMahon, Ryan",CLE,4,3,2,2,0,0,0,1,0,0,0,0,0,2,2026
824429,2026-06-09,663757,"Grisham, Trent",CLE,5,5,1,1,0,0,0,0,0,1,0,0,0,1,2026
824429,2026-06-09,665862,"Chisholm Jr., Jazz",CLE,4,3,1,0,0,0,1,1,0,1,0,0,1,4,2026
824429,2026-06-09,682987,"Jones, Spencer",CLE,4,4,2,1,0,0,1,0,0,0,0,0,2,5,2026
824429,2026-06-09,683011,"Volpe, Anthony",CLE,4,4,0,0,0,0,0,0,0,2,0,0,0,0,2026
824429,2026-06-09,700250,"Rice, Ben",CLE,5,5,0,0,0,0,0,0,0,1,0,0,0,0,2026
824567,2026-07-29,502671,"Goldschmidt, Paul",CWS,5,5,2,2,0,0,0,0,0,1,0,0,1,2,2026
824567,2026-07-29,641857,"McMahon, Ryan",CWS,5,5,1,1,0,0,0,0,0,0,0,0,0,1,2026
824567,2026-07-29,645305,"Sánchez, Ali",CWS,1,1,0,0,0,0,0,0,0,0,0,0,0,0,2026
824567,2026-07-29,663757,"Grisham, Trent",CWS,6,5,0,0,0,0,0,1,0,2,0,0,0,0,2026
824567,2026-07-29,665862,"Chisholm Jr., Jazz",CWS,5,5,1,1,0,0,0,0,0,2,0,0,0,1,2026
824567,2026-07-29,669224,"Wells, Austin",CWS,4,4,0,0,0,0,0,0,0,1,0,0,0,0,2026
824567,2026-07-29,676609,"Caballero, José",CWS,5,5,2,1,1,0,0,0,0,0,0,0,0,3,2026
824567,2026-07-29,680474,"Schuemann, Max",CWS,1,1,0,0,0,0,0,0,0,0,0,0,0,0,2026
824567,2026-07-29,682987,"Jones, Spencer",CWS,4,4,2,1,0,0,1,0,0,2,0,0,3,5,2026
824567,2026-07-29,683011,"Volpe, Anthony",CWS,1,0,0,0,0,0,0,0,0,0,0,0,1,0,2026
824567,2026-07-29,691176,"Domínguez, Jasson",CWS,5,4,0,0,0,0,0,1,0,1,0,0,0,0,2026
824567,2026-07-29,700250,"Rice, Ben",CWS,6,5,1,0,1,0,0,1,0,2,0,0,0,2,2026
824568,2026-07-30,502671,"Goldschmidt, Paul",CWS,5,5,0,0,0,0,0,0,0,2,0,0,0,0,2026
824568,2026-07-30,641857,"McMahon, Ryan",CWS,4,3,0,0,0,0,0,0,1,1,0,0,0,0,2026
824568,2026-07-30,642708,"Rosario, Amed",CWS,1,1,0,0,0,0,0,0,0,0,0,0,0,0,2026
824568,2026-07-30,645305,"Sánchez, Ali",CWS,1,1,0,0,0,0,0,0,0,0,0,0,0,0,2026
824568,2026-07-30,663757,"Grisham, Trent",CWS,5,4,2,2,0,0,0,0,0,1,0,0,1,2,2026
824568,2026-07-30,665862,"Chisholm Jr., Jazz",CWS,5,3,1,1,0,0,0,2,0,1,0,0,0,1,2026
824568,2026-07-30,669224,"Wells, Austin",CWS,2,2,1,0,1,0,0,0,0,1,0,0,0,2,2026
824568,2026-07-30,680474,"Schuemann, Max",CWS,2,2,0,0,0,0,0,0,0,1,0,0,0,0,2026
824568,2026-07-30,682987,"Jones, Spencer",CWS,3,3,1,1,0,0,0,0,0,0,0,0,0,1,2026
824568,2026-07-30,683011,"Volpe, Anthony",CWS,5,5,0,0,0,0,0,0,0,2,0,0,0,0,2026
824568,2026-07-30,691176,"Domínguez, Jasson",CWS,5,5,1,0,1,0,0,0,0,3,0,0,0,2,2026
824568,2026-07-30,700250,"Rice, Ben",CWS,5,3,0,0,0,0,0,2,0,0,0,0,0,0,2026
824569,2026-07-28,502671,"Goldschmidt, Paul",CWS,5,3,0,0,0,0,0,2,0,1,0,0,0,0,2026
824569,2026-07-28,642708,"Rosario, Amed",CWS,4,4,1,1,0,0,0,0,0,2,0,0,0,1,2026
824569,2026-07-28,663757,"Grisham, Trent",CWS,4,3,1,1,0,0,0,1,0,0,0,0,0,1,2026
824569,2026-07-28,665862,"Chisholm Jr., Jazz",CWS,4,3,0,0,0,0,0,1,0,2,0,0,0,0,2026
824569,2026-07-28,669224,"Wells, Austin",CWS,4,4,0,0,0,0,0,0,0,1,0,0,0,0,2026
824569,2026-07-28,680474,"Schuemann, Max",CWS,2,2,1,0,1,0,0,0,0,0,0,0,2,2,2026
824569,2026-07-28,682987,"Jones, Spencer",CWS,2,2,0,0,0,0,0,0,0,1,0,0,0,0,2026
824569,2026-07-28,683011,"Volpe, Anthony",CWS,4,4,1,0,1,0,0,0,0,1,0,0,1,2,2026
824569,2026-07-28,691176,"Domínguez, Jasson",CWS,4,3,2,2,0,0,0,0,1,0,0,0,0,2,2026
824569,2026-07-28,700250,"Rice, Ben",CWS,4,4,0,0,0,0,0,0,0,2,0,0,0,0,2026
824570,2026-07-27,502671,"Goldschmidt, Paul",CWS,5,4,1,1,0,0,0,1,0,0,0,0,0,1,2026
824570,2026-07-27,642708,"Rosario, Amed",CWS,1,1,1,0,1,0,0,0,0,0,0,0,0,2,2026
824570,2026-07-27,645305,"Sánchez, Ali",CWS,4,4,1,0,0,0,1,0,0,2,0,0,3,4,2026
824570,2026-07-27,663757,"Grisham, Trent",CWS,1,1,0,0,0,0,0,0,0,0,0,0,0,0,2026
824570,2026-07-27,665862,"Chisholm Jr., Jazz",CWS,4,4,2,1,1,0,0,0,0,2,0,0,3,3,2026
824570,2026-07-27,676609,"Caballero, José",CWS,4,3,0,0,0,0,0,1,0,1,0,0,0,0,2026
824570,2026-07-27,680474,"Schuemann, Max",CWS,5,5,0,0,0,0,0,0,0,2,0,0,0,0,2026
824570,2026-07-27,682987,"Jones, Spencer",CWS,2,2,0,0,0,0,0,0,0,0,0,0,1,0,2026
824570,2026-07-27,683011,"Volpe, Anthony",CWS,4,4,1,1,0,0,0,0,0,1,0,0,1,1,2026
824570,2026-07-27,691176,"Domínguez, Jasson",CWS,5,5,2,2,0,0,0,0,0,1,0,0,0,2,2026
824570,2026-07-27,700250,"Rice, Ben",CWS,5,4,2,2,0,0,0,1,0,1,0,0,1,2,2026
824648,2026-08-02,502671,"Goldschmidt, Paul",CHC,1,1,0,0,0,0,0,0,0,0,0,0,0,0,2026
824648,2026-08-02,641857,"McMahon, Ryan",CHC,4,4,1,1,0,0,0,0,0,1,0,0,0,1,2026
824648,2026-08-02,642708,"Rosario, Amed",CHC,4,4,1,1,0,0,0,0,0,1,0,0,0,1,2026
824648,2026-08-02,663757,"Grisham, Trent",CHC,4,4,0,0,0,0,0,0,0,1,0,0,0,0,2026
824648,2026-08-02,665862,"Chisholm Jr., Jazz",CHC,4,4,0,0,0,0,0,0,0,1,0,0,0,0,2026
824648,2026-08-02,669224,"Wells, Austin",CHC,2,1,0,0,0,0,0,1,0,0,0,0,0,0,2026
824648,2026-08-02,676609,"Caballero, José",CHC,3,3,2,1,0,0,1,0,0,0,0,0,2,5,2026
824648,2026-08-02,682987,"Jones, Spencer",CHC,4,4,0,0,0,0,0,0,0,1,0,0,0,0,2026
824648,2026-08-02,691176,"Domínguez, Jasson",CHC,4,4,1,1,0,0,0,0,0,1,0,0,0,1,2026
824648,2026-08-02,700250,"Rice, Ben",CHC,4,4,0,0,0,0,0,0,0,3,0,0,0,0,2026
824649,2026-08-01,502671,"Goldschmidt, Paul",CHC,4,4,0,0,0,0,0,0,0,1,0,0,0,0,2026
824649,2026-08-01,642708,"Rosario, Amed",CHC,4,4,1,1,0,0,0,0,0,1,0,0,0,1,2026
824649,2026-08-01,645305,"Sánchez, Ali",CHC,4,4,3,3,0,0,0,0,0,0,0,0,0,3,2026
824649,2026-08-01,663757,"Grisham, Trent",CHC,1,0,0,0,0,0,0,1,0,0,0,0,0,0,2026
824649,2026-08-01,665862,"Chisholm Jr., Jazz",CHC,4,4,0,0,0,0,0,0,0,3,0,0,0,0,2026
824649,2026-08-01,676609,"Caballero, José",CHC,4,3,1,1,0,0,0,1,0,1,0,0,1,1,2026
824649,2026-08-01,680474,"Schuemann, Max",CHC,3,3,0,0,0,0,0,0,0,1,0,0,0,0,2026
824649,2026-08-01,682987,"Jones, Spencer",CHC,4,4,2,1,0,0,1,0,0,1,0,0,1,5,2026
824649,2026-08-01,683011,"Volpe, Anthony",CHC,3,3,0,0,0,0,0,0,0,0,0,0,0,0,2026
824649,2026-08-01,691176,"Domínguez, Jasson",CHC,4,4,1,0,1,0,0,0,0,1,0,0,0,2,2026
824649,2026-08-01,700250,"Rice, Ben",CHC,1,1,0,0,0,0,0,0,0,0,0,0,0,0,2026
824651,2026-07-31,502671,"Goldschmidt, Paul",CHC,4,4,0,0,0,0,0,0,0,1,0,0,0,0,2026
824651,2026-07-31,641857,"McMahon, Ryan",CHC,1,1,0,0,0,0,0,0,0,0,0,0,0,0,2026
824651,2026-07-31,642708,"Rosario, Amed",CHC,3,3,1,0,0,0,1,0,0,2,0,0,1,4,2026
824651,2026-07-31,645305,"Sánchez, Ali",CHC,2,2,0,0,0,0,0,0,0,0,0,0,0,0,2026
824651,2026-07-31,663757,"Grisham, Trent",CHC,4,4,0,0,0,0,0,0,0,0,0,0,0,0,2026
824651,2026-07-31,669224,"Wells, Austin",CHC,1,0,0,0,0,0,0,1,0,0,0,0,0,0,2026
824651,2026-07-31,676609,"Caballero, José",CHC,3,3,1,1,0,0,0,0,0,0,0,0,0,1,2026
824651,2026-07-31,682987,"Jones, Spencer",CHC,3,2,1,0,0,0,1,1,0,1,0,0,1,4,2026
824651,2026-07-31,683011,"Volpe, Anthony",CHC,3,3,0,0,0,0,0,0,0,1,0,0,0,0,2026
824651,2026-07-31,691176,"Domínguez, Jasson",CHC,4,3,0,0,0,0,0,1,0,1,0,0,0,0,2026
824651,2026-07-31,700250,"Rice, Ben",CHC,4,4,1,1,0,0,0,0,0,2,0,0,0,1,2026
824743,2026-06-26,502671,"Goldschmidt, Paul",BOS,4,4,0,0,0,0,0,0,0,1,0,0,0,0,2026
824743,2026-06-26,641355,"Bellinger, Cody",BOS,4,4,0,0,0,0,0,0,0,0,0,0,0,0,2026
824743,2026-06-26,642708,"Rosario, Amed",BOS,3,3,0,0,0,0,0,0,0,1,0,0,0,0,2026
824743,2026-06-26,645305,"Sánchez, Ali",BOS,2,2,0,0,0,0,0,0,0,0,0,0,0,0,2026
824743,2026-06-26,665862,"Chisholm Jr., Jazz",BOS,3,3,0,0,0,0,0,0,0,1,0,0,0,0,2026
824743,2026-06-26,669224,"Wells, Austin",BOS,1,1,0,0,0,0,0,0,0,0,0,0,1,0,2026
824743,2026-06-26,676609,"Caballero, José",BOS,4,3,0,0,0,0,0,1,0,1,0,0,0,0,2026
824743,2026-06-26,682987,"Jones, Spencer",BOS,3,3,1,1,0,0,0,0,0,0,0,0,0,1,2026
824743,2026-06-26,683011,"Volpe, Anthony",BOS,3,3,1,0,1,0,0,0,0,2,0,0,0,2,2026
824743,2026-06-26,691176,"Domínguez, Jasson",BOS,4,3,1,0,1,0,0,1,0,1,0,0,0,2,2026
824743,2026-06-26,700250,"Rice, Ben",BOS,1,1,0,0,0,0,0,0,0,0,0,0,0,0,2026
824744,2026-06-28,502671,"Goldschmidt, Paul",BOS,1,1,0,0,0,0,0,0,0,0,0,0,1,0,2026
824744,2026-06-28,641355,"Bellinger, Cody",BOS,4,4,0,0,0,0,0,0,0,2,0,0,0,0,2026
824744,2026-06-28,642708,"Rosario, Amed",BOS,4,3,2,2,0,0,0,1,0,0,0,0,1,2,2026
824744,2026-06-28,665828,"Cabrera, Oswaldo",BOS,4,3,0,0,0,0,0,0,0,1,0,0,0,0,2026
824744,2026-06-28,665862,"Chisholm Jr., Jazz",BOS,3,3,0,0,0,0,0,0,0,2,0,0,0,0,2026
824744,2026-06-28,669224,"Wells, Austin",BOS,4,4,0,0,0,0,0,0,0,0,0,0,1,0,2026
824744,2026-06-28,676609,"Caballero, José",BOS,4,4,1,1,0,0,0,0,0,1,0,0,0,1,2026
824744,2026-06-28,680474,"Schuemann, Max",BOS,1,1,0,0,0,0,0,0,0,1,0,0,0,0,2026
824744,2026-06-28,682987,"Jones, Spencer",BOS,3,3,0,0,0,0,0,0,0,3,0,0,0,0,2026
824744,2026-06-28,683011,"Volpe, Anthony",BOS,2,1,0,0,0,0,0,1,0,0,0,0,0,0,2026
824744,2026-06-28,691176,"Domínguez, Jasson",BOS,3,3,0,0,0,0,0,0,0,2,0,0,0,0,2026
824744,2026-06-28,700250,"Rice, Ben",BOS,4,4,0,0,0,0,0,0,0,0,0,0,1,0,2026
824745,2026-06-27,502671,"Goldschmidt, Paul",BOS,4,3,0,0,0,0,0,1,0,0,0,0,0,0,2026
824745,2026-06-27,641355,"Bellinger, Cody",BOS,4,2,1,1,0,0,0,2,0,0,0,0,0,1,2026
824745,2026-06-27,642708,"Rosario, Amed",BOS,4,4,1,1,0,0,0,0,0,0,0,0,0,1,2026
824745,2026-06-27,665862,"Chisholm Jr., Jazz",BOS,1,1,0,0,0,0,0,0,0,1,0,0,0,0,2026
824745,2026-06-27,669224,"Wells, Austin",BOS,3,3,0,0,0,0,0,0,0,0,0,0,0,0,2026
824745,2026-06-27,676609,"Caballero, José",BOS,3,3,0,0,0,0,0,0,0,2,0,0,0,0,2026
824745,2026-06-27,680474,"Schuemann, Max",BOS,2,2,1,0,0,0,1,0,0,1,0,0,1,4,2026
824745,2026-06-27,683011,"Volpe, Anthony",BOS,3,3,0,0,0,0,0,0,0,0,0,0,0,0,2026
824745,2026-06-27,691176,"Domínguez, Jasson",BOS,4,4,0,0,0,0,0,0,0,1,0,0,0,0,2026
824745,2026-06-27,700250,"Rice, Ben",BOS,4,4,0,0,0,0,0,0,0,1,0,0,0,0,2026
824747,2026-06-25,502671,"Goldschmidt, Paul",BOS,5,4,2,1,1,0,0,1,0,1,0,0,1,3,2026
824747,2026-06-25,641355,"Bellinger, Cody",BOS,4,4,0,0,0,0,0,0,0,2,0,0,0,0,2026
824747,2026-06-25,642708,"Rosario, Amed",BOS,4,4,1,1,0,0,0,0,0,2,0,0,0,1,2026
824747,2026-06-25,665862,"Chisholm Jr., Jazz",BOS,4,3,1,1,0,0,0,1,0,0,0,0,0,1,2026
824747,2026-06-25,669224,"Wells, Austin",BOS,3,3,1,1,0,0,0,0,0,2,0,0,0,1,2026
824747,2026-06-25,676609,"Caballero, José",BOS,4,4,2,1,0,0,1,0,0,0,0,0,1,5,2026
824747,2026-06-25,680474,"Schuemann, Max",BOS,1,1,0,0,0,0,0,0,0,0,0,0,0,0,2026
824747,2026-06-25,683011,"Volpe, Anthony",BOS,4,3,0,0,0,0,0,1,0,2,0,0,0,0,2026
824747,2026-06-25,691176,"Domínguez, Jasson",BOS,4,4,1,1,0,0,0,0,0,1,0,0,1,1,2026
824747,2026-06-25,700250,"Rice, Ben",BOS,5,5,0,0,0,0,0,0,0,0,0,0,0,0,2026
824770,2026-04-23,519317,"Stanton, Giancarlo",BOS,4,4,0,0,0,0,0,0,0,4,0,0,0,0,2026
824770,2026-04-23,545341,"Grichuk, Randal",BOS,3,3,0,0,0,0,0,0,0,2,0,0,0,0,2026
824770,2026-04-23,592450,"Judge, Aaron",BOS,5,4,1,1,0,0,0,1,0,3,0,0,1,1,2026
824770,2026-04-23,641355,"Bellinger, Cody",BOS,2,2,1,1,0,0,0,0,0,0,0,0,2,1,2026
824770,2026-04-23,641857,"McMahon, Ryan",BOS,1,1,1,1,0,0,0,0,0,0,0,0,0,1,2026
824770,2026-04-23,642708,"Rosario, Amed",BOS,3,3,1,1,0,0,0,0,0,1,0,0,0,1,2026
824770,2026-04-23,663757,"Grisham, Trent",BOS,4,4,1,1,0,0,0,0,0,2,0,0,0,1,2026
824770,2026-04-23,665862,"Chisholm Jr., Jazz",BOS,4,4,2,1,0,0,1,0,0,1,0,0,1,5,2026
824770,2026-04-23,669224,"Wells, Austin",BOS,4,4,0,0,0,0,0,0,0,1,0,0,0,0,2026
824770,2026-04-23,676609,"Caballero, José",BOS,4,4,2,1,1,0,0,0,0,1,0,0,0,3,2026
824770,2026-04-23,700250,"Rice, Ben",BOS,5,4,1,1,0,0,0,1,0,2,0,0,0,1,2026
824773,2026-04-21,519317,"Stanton, Giancarlo",BOS,4,4,2,0,1,0,1,0,0,1,0,0,3,6,2026
824773,2026-04-21,545341,"Grichuk, Randal",BOS,4,4,2,1,1,0,0,0,0,0,0,0,1,3,2026
824773,2026-04-21,592450,"Judge, Aaron",BOS,5,3,1,1,0,0,0,2,0,0,0,0,0,1,2026
824773,2026-04-21,641355,"Bellinger, Cody",BOS,4,3,1,1,0,0,0,1,0,0,0,0,0,1,2026
824773,2026-04-21,641857,"McMahon, Ryan",BOS,1,1,0,0,0,0,0,0,0,1,0,0,0,0,2026
824773,2026-04-21,642708,"Rosario, Amed",BOS,4,3,0,0,0,0,0,1,0,0,0,0,0,0,2026
824773,2026-04-21,665862,"Chisholm Jr., Jazz",BOS,4,4,2,2,0,0,0,0,0,1,0,0,0,2,2026
824773,2026-04-21,669224,"Wells, Austin",BOS,4,4,1,1,0,0,0,0,0,0,0,0,0,1,2026
824773,2026-04-21,676609,"Caballero, José",BOS,4,4,1,1,0,0,0,0,0,2,0,0,0,1,2026
824773,2026-04-21,700250,"Rice, Ben",BOS,5,4,0,0,0,0,0,0,1,4,0,0,0,0,2026
824774,2026-04-22,502671,"Goldschmidt, Paul",BOS,4,4,0,0,0,0,0,0,0,2,0,0,0,0,2026
824774,2026-04-22,519317,"Stanton, Giancarlo",BOS,4,4,2,0,2,0,0,0,0,0,0,0,0,4,2026
824774,2026-04-22,545341,"Grichuk, Randal",BOS,2,2,1,1,0,0,0,0,0,0,0,0,0,1,2026
824774,2026-04-22,592450,"Judge, Aaron",BOS,4,2,1,1,0,0,0,2,0,0,0,0,0,1,2026
824774,2026-04-22,641355,"Bellinger, Cody",BOS,4,4,0,0,0,0,0,0,0,1,0,0,0,0,2026
824774,2026-04-22,641857,"McMahon, Ryan",BOS,1,1,0,0,0,0,0,0,0,1,0,0,0,0,2026
824774,2026-04-22,642708,"Rosario, Amed",BOS,2,1,1,0,0,0,1,0,0,0,0,0,4,4,2026
824774,2026-04-22,663757,"Grisham, Trent",BOS,2,2,0,0,0,0,0,0,0,1,0,0,0,0,2026
824774,2026-04-22,665862,"Chisholm Jr., Jazz",BOS,4,4,0,0,0,0,0,0,0,1,0,0,0,0,2026
824774,2026-04-22,669224,"Wells, Austin",BOS,3,3,0,0,0,0,0,0,0,1,0,0,0,0,2026
824774,2026-04-22,676609,"Caballero, José",BOS,3,3,1,1,0,0,0,0,0,1,0,0,0,1,2026
824774,2026-04-22,700250,"Rice, Ben",BOS,1,1,0,0,0,0,0,0,0,1,0,0,0,0,2026
824801,2026-08-19,641857,"McMahon, Ryan",BAL,3,3,1,1,0,0,0,0,0,1,0,0,1,1,2026
824801,2026-08-19,663757,"Grisham, Trent",BAL,5,4,1,1,0,0,0,1,0,1,0,0,0,1,2026
824801,2026-08-19,665862,"Chisholm Jr., Jazz",BAL,4,2,1,1,0,0,0,2,0,0,0,0,0,1,2026
824801,2026-08-19,669224,"Wells, Austin",BAL,4,4,0,0,0,0,0,0,0,0,0,0,0,0,2026
824801,2026-08-19,671218,"Ramos, Heliot",BAL,4,3,1,1,0,0,0,0,1,1,0,0,0,1,2026
824801,2026-08-19,671277,"García Jr., Luis",BAL,5,5,1,1,0,0,0,0,0,1,0,0,0,1,2026
824801,2026-08-19,676609,"Caballero, José",BAL,1,0,0,0,0,0,0,0,1,0,0,0,0,0,2026
824801,2026-08-19,682987,"Jones, Spencer",BAL,4,4,1,1,0,0,0,0,0,3,0,0,0,1,2026
824801,2026-08-19,700250,"Rice, Ben",BAL,5,5,2,1,0,0,1,0,0,2,0,0,1,5,2026
824801,2026-08-19,806146,"Lombard Jr., George",BAL,4,3,2,2,0,0,0,0,0,1,0,0,2,2,2026
824802,2026-08-20,663757,"Grisham, Trent",BAL,5,4,1,1,0,0,0,1,0,1,0,0,0,1,2026
824802,2026-08-20,665862,"Chisholm Jr., Jazz",BAL,4,4,1,0,0,1,0,0,0,1,0,0,1,3,2026
824802,2026-08-20,669224,"Wells, Austin",BAL,4,4,1,1,0,0,0,0,0,2,0,0,0,1,2026
824802,2026-08-20,671218,"Ramos, Heliot",BAL,4,4,1,0,1,0,0,0,0,1,0,0,1,2,2026
824802,2026-08-20,671277,"García Jr., Luis",BAL,4,4,3,2,0,0,1,0,0,1,0,0,1,6,2026
824802,2026-08-20,676609,"Caballero, José",BAL,4,4,0,0,0,0,0,0,0,1,0,0,1,0,2026
824802,2026-08-20,682987,"Jones, Spencer",BAL,4,4,3,2,0,0,1,0,0,0,0,0,1,6,2026
824802,2026-08-20,700250,"Rice, Ben",BAL,5,4,1,1,0,0,0,1,0,0,0,0,1,1,2026
824802,2026-08-20,806146,"Lombard Jr., George",BAL,4,4,0,0,0,0,0,0,0,2,0,0,0,0,2026
824803,2026-08-18,502671,"Goldschmidt, Paul",BAL,1,0,0,0,0,0,0,1,0,0,0,0,0,0,2026
824803,2026-08-18,641857,"McMahon, Ryan",BAL,2,1,0,0,0,0,0,1,0,1,0,0,0,0,2026
824803,2026-08-18,642708,"Rosario, Amed",BAL,1,1,0,0,0,0,0,0,0,1,0,0,0,0,2026
824803,2026-08-18,645305,"Sánchez, Ali",BAL,1,1,0,0,0,0,0,0,0,0,0,0,0,0,2026
824803,2026-08-18,663757,"Grisham, Trent",BAL,4,4,2,1,0,0,1,0,0,1,0,0,3,5,2026
824803,2026-08-18,665862,"Chisholm Jr., Jazz",BAL,4,4,0,0,0,0,0,0,0,2,0,0,0,0,2026
824803,2026-08-18,669224,"Wells, Austin",BAL,2,2,0,0,0,0,0,0,0,0,0,0,0,0,2026
824803,2026-08-18,671218,"Ramos, Heliot",BAL,4,3,0,0,0,0,0,1,0,2,0,0,0,0,2026
824803,2026-08-18,671277,"García Jr., Luis",BAL,4,4,0,0,0,0,0,0,0,2,0,0,0,0,2026
824803,2026-08-18,676609,"Caballero, José",BAL,1,1,0,0,0,0,0,0,0,1,0,0,0,0,2026
824803,2026-08-18,682987,"Jones, Spencer",BAL,4,4,1,1,0,0,0,0,0,2,0,0,0,1,2026
824803,2026-08-18,700250,"Rice, Ben",BAL,4,3,0,0,0,0,0,0,1,1,0,0,0,0,2026
824803,2026-08-18,806146,"Lombard Jr., George",BAL,4,4,2,2,0,0,0,0,0,1,0,0,0,2,2026
824841,2026-05-13,592450,"Judge, Aaron",BAL,4,4,0,0,0,0,0,0,0,1,0,0,0,0,2026
824841,2026-05-13,641355,"Bellinger, Cody",BAL,4,4,0,0,0,0,0,0,0,0,0,0,0,0,2026
824841,2026-05-13,641555,"Escarra, J.C.",BAL,3,3,0,0,0,0,0,0,0,0,0,0,0,0,2026
824841,2026-05-13,641857,"McMahon, Ryan",BAL,3,3,0,0,0,0,0,0,0,2,0,0,0,0,2026
824841,2026-05-13,663757,"Grisham, Trent",BAL,4,2,0,0,0,0,0,2,0,0,0,0,0,0,2026
824841,2026-05-13,665862,"Chisholm Jr., Jazz",BAL,3,3,1,0,1,0,0,0,0,1,0,0,0,2,2026
824841,2026-05-13,682987,"Jones, Spencer",BAL,3,1,0,0,0,0,0,2,0,0,0,0,0,0,2026
824841,2026-05-13,683011,"Volpe, Anthony",BAL,3,3,0,0,0,0,0,0,0,1,0,0,0,0,2026
824841,2026-05-13,700250,"Rice, Ben",BAL,4,3,0,0,0,0,0,1,0,2,0,0,0,0,2026
824843,2026-05-12,502671,"Goldschmidt, Paul",BAL,5,4,2,1,0,0,1,1,0,1,0,0,1,5,2026
824843,2026-05-12,592450,"Judge, Aaron",BAL,5,3,2,2,0,0,0,2,0,0,0,0,0,2,2026
824843,2026-05-12,641355,"Bellinger, Cody",BAL,4,4,0,0,0,0,0,0,0,0,0,0,1,0,2026
824843,2026-05-12,641857,"McMahon, Ryan",BAL,4,4,0,0,0,0,0,0,0,2,0,0,0,0,2026
824843,2026-05-12,642708,"Rosario, Amed",BAL,3,3,1,1,0,0,0,0,0,0,0,0,1,1,2026
824843,2026-05-12,663757,"Grisham, Trent",BAL,4,3,1,0,0,0,1,1,0,0,0,0,3,4,2026
824843,2026-05-12,665862,"Chisholm Jr., Jazz",BAL,1,1,0,0,0,0,0,0,0,0,0,0,0,0,2026
824843,2026-05-12,669224,"Wells, Austin",BAL,4,4,1,1,0,0,0,0,0,2,0,0,0,1,2026
824843,2026-05-12,680474,"Schuemann, Max",BAL,4,3,1,1,0,0,0,1,0,1,0,0,0,1,2026
824843,2026-05-12,700250,"Rice, Ben",BAL,5,4,1,1,0,0,0,1,0,1,0,0,0,1,2026
824844,2026-05-11,502671,"Goldschmidt, Paul",BAL,2,2,1,1,0,0,0,0,0,0,0,0,0,1,2026
824844,2026-05-11,592450,"Judge, Aaron",BAL,4,4,1,0,1,0,0,0,0,1,0,0,0,2,2026
824844,2026-05-11,641355,"Bellinger, Cody",BAL,4,2,0,0,0,0,0,2,0,1,0,0,0,0,2026
824844,2026-05-11,641857,"McMahon, Ryan",BAL,4,4,0,0,0,0,0,0,0,1,0,0,0,0,2026
824844,2026-05-11,663757,"Grisham, Trent",BAL,4,3,0,0,0,0,0,1,0,0,0,0,0,0,2026
824844,2026-05-11,665862,"Chisholm Jr., Jazz",BAL,4,4,0,0,0,0,0,0,0,3,0,0,0,0,2026
824844,2026-05-11,669224,"Wells, Austin",BAL,3,3,0,0,0,0,0,0,0,0,0,0,0,0,2026
824844,2026-05-11,680474,"Schuemann, Max",BAL,3,4,1,0,1,0,0,0,0,1,0,0,0,2,2026
824844,2026-05-11,682987,"Jones, Spencer",BAL,2,2,0,0,0,0,0,0,0,1,0,0,0,0,2026
824844,2026-05-11,700250,"Rice, Ben",BAL,4,4,2,1,0,0,1,0,0,1,0,0,2,5,2026
825000,2026-05-30,502671,"Goldschmidt, Paul",ATH,4,3,1,1,0,0,0,1,0,1,0,0,0,1,2026
825000,2026-05-30,592450,"Judge, Aaron",ATH,5,4,0,0,0,0,0,1,0,0,0,0,1,0,2026
825000,2026-05-30,641355,"Bellinger, Cody",ATH,5,3,0,0,0,0,0,2,0,0,0,0,1,0,2026
825000,2026-05-30,641555,"Escarra, J.C.",ATH,1,0,0,0,0,0,0,1,0,0,0,0,0,0,2026
825000,2026-05-30,641857,"McMahon, Ryan",ATH,4,4,2,2,0,0,0,0,0,2,0,0,0,2,2026
825000,2026-05-30,663757,"Grisham, Trent",ATH,5,3,0,0,0,0,0,2,0,0,0,0,0,0,2026
825000,2026-05-30,665862,"Chisholm Jr., Jazz",ATH,5,5,1,1,0,0,0,0,0,0,0,0,0,1,2026
825000,2026-05-30,669224,"Wells, Austin",ATH,2,2,1,1,0,0,0,0,0,0,0,0,0,1,2026
825000,2026-05-30,676609,"Caballero, José",ATH,1,1,0,0,0,0,0,0,0,1,0,0,0,0,2026
825000,2026-05-30,683011,"Volpe, Anthony",ATH,4,4,0,0,0,0,0,0,0,2,0,0,0,0,2026
825000,2026-05-30,700250,"Rice, Ben",ATH,5,3,1,1,0,0,0,2,0,2,0,0,1,1,2026
825001,2026-05-31,502671,"Goldschmidt, Paul",ATH,5,5,1,1,0,0,0,0,0,1,0,0,1,1,2026
825001,2026-05-31,592450,"Judge, Aaron",ATH,4,4,1,1,0,0,0,0,0,2,0,0,1,1,2026
825001,2026-05-31,641355,"Bellinger, Cody",ATH,5,4,2,2,0,0,0,1,0,1,0,0,1,2,2026
825001,2026-05-31,641857,"McMahon, Ryan",ATH,1,1,0,0,0,0,0,0,0,1,0,0,0,0,2026
825001,2026-05-31,663757,"Grisham, Trent",ATH,5,5,1,1,0,0,0,0,0,0,0,0,2,1,2026
825001,2026-05-31,669224,"Wells, Austin",ATH,4,2,0,0,0,0,0,2,0,1,0,0,0,0,2026
825001,2026-05-31,676609,"Caballero, José",ATH,5,4,1,1,0,0,0,1,0,2,0,0,1,1,2026
825001,2026-05-31,680474,"Schuemann, Max",ATH,4,3,1,0,1,0,0,1,0,1,0,0,2,2,2026
825001,2026-05-31,683011,"Volpe, Anthony",ATH,4,4,2,2,0,0,0,0,0,0,0,0,1,2,2026
825001,2026-05-31,700250,"Rice, Ben",ATH,5,5,2,0,1,1,0,0,0,1,0,0,4,5,2026
825002,2026-05-29,502671,"Goldschmidt, Paul",ATH,5,5,1,0,0,0,1,0,0,0,0,0,3,4,2026
825002,2026-05-29,592450,"Judge, Aaron",ATH,5,4,1,1,0,0,0,1,0,1,0,0,2,1,2026
825002,2026-05-29,641355,"Bellinger, Cody",ATH,5,4,1,1,0,0,0,1,0,1,0,0,0,1,2026
825002,2026-05-29,641555,"Escarra, J.C.",ATH,4,4,0,0,0,0,0,0,0,0,0,0,0,0,2026
825002,2026-05-29,641857,"McMahon, Ryan",ATH,4,4,1,0,0,0,1,0,0,1,0,0,1,4,2026
825002,2026-05-29,663757,"Grisham, Trent",ATH,5,5,2,2,0,0,0,0,0,2,0,0,0,2,2026
825002,2026-05-29,665862,"Chisholm Jr., Jazz",ATH,5,5,0,0,0,0,0,0,0,1,0,0,0,0,2026
825002,2026-05-29,676609,"Caballero, José",ATH,4,4,2,1,1,0,0,0,0,0,0,0,0,3,2026
825002,2026-05-29,700250,"Rice, Ben",ATH,5,5,4,1,2,0,1,0,0,0,0,0,2,9,2026
825029,2026-09-19,641355,"Bellinger, Cody",AZ,4,4,0,0,0,0,0,0,0,0,0,0,0,0,2026
825029,2026-09-19,641857,"McMahon, Ryan",AZ,2,1,0,0,0,0,0,1,0,0,0,0,0,0,2026
825029,2026-09-19,642708,"Rosario, Amed",AZ,2,2,0,0,0,0,0,0,0,0,0,0,0,0,2026
825029,2026-09-19,669224,"Wells, Austin",AZ,4,3,2,1,0,0,1,1,0,0,0,0,1,5,2026
825029,2026-09-19,671218,"Ramos, Heliot",AZ,4,4,1,0,0,0,1,0,0,1,0,0,1,4,2026
825029,2026-09-19,671277,"García Jr., Luis",AZ,4,4,0,0,0,0,0,0,0,2,0,0,0,0,2026
825029,2026-09-19,676609,"Caballero, José",AZ,3,2,2,2,0,0,0,1,0,0,0,0,0,2,2026
825029,2026-09-19,683011,"Volpe, Anthony",AZ,4,4,1,1,0,0,0,0,0,1,0,0,0,1,2026
825029,2026-09-19,700250,"Rice, Ben",AZ,4,3,0,0,0,0,0,0,0,1,0,0,1,0,2026
825029,2026-09-19,806146,"Lombard Jr., George",AZ,4,4,0,0,0,0,0,0,0,1,0,0,0,0,2026
825032,2026-09-18,502671,"Goldschmidt, Paul",AZ,5,4,1,1,0,0,0,1,0,0,0,0,0,1,2026
825032,2026-09-18,641355,"Bellinger, Cody",AZ,5,5,1,1,0,0,0,0,0,0,0,0,0,1,2026
825032,2026-09-18,641857,"McMahon, Ryan",AZ,2,2,0,0,0,0,0,0,0,1,0,0,0,0,2026
825032,2026-09-18,642708,"Rosario, Amed",AZ,3,3,1,1,0,0,0,0,0,0,0,0,1,1,2026
825032,2026-09-18,669224,"Wells, Austin",AZ,4,3,1,1,0,0,0,1,0,1,0,0,0,1,2026
825032,2026-09-18,671218,"Ramos, Heliot",AZ,5,3,0,0,0,0,0,2,0,1,0,0,0,0,2026
825032,2026-09-18,682987,"Jones, Spencer",AZ,4,4,0,0,0,0,0,0,0,2,0,0,1,0,2026
825032,2026-09-18,683011,"Volpe, Anthony",AZ,4,4,0,0,0,0,0,0,0,2,0,0,0,0,2026
825032,2026-09-18,700250,"Rice, Ben",AZ,5,3,2,0,0,1,1,2,0,0,0,0,2,7,2026
825032,2026-09-18,806146,"Lombard Jr., George",AZ,4,4,2,1,0,0,1,0,0,0,0,0,3,5,2026
