game_pk,game_date,player_id,player_name,team,opposing_team,season,pa,ab,h,singles,doubles,triples,hr,bb,hbp,so,sb,cs,rbi,tb
776140,2025-09-28,519317,"Stanton, Giancarlo",NYY,BAL,2025,4,3,1,1,0,0,0,1,0,1,0,0,1,1
776140,2025-09-28,592450,"Judge, Aaron",NYY,BAL,2025,4,4,1,1,0,0,0,0,0,0,0,0,0,1
776140,2025-09-28,641355,"Bellinger, Cody",NYY,BAL,2025,4,4,1,1,0,0,0,0,0,0,0,0,0,1
776140,2025-09-28,641857,"McMahon, Ryan",NYY,BAL,2025,3,3,0,0,0,0,0,0,0,3,0,0,0,0
776140,2025-09-28,663757,"Grisham, Trent",NYY,BAL,2025,4,3,0,0,0,0,0,1,0,2,0,0,0,0
776140,2025-09-28,665862,"Chisholm Jr., Jazz",NYY,BAL,2025,1,1,0,0,0,0,0,0,0,1,0,0,0,0
776140,2025-09-28,669224,"Wells, Austin",NYY,BAL,2025,3,3,0,0,0,0,0,0,0,3,0,0,0,0
776140,2025-09-28,676609,"Caballero, José",NYY,BAL,2025,2,1,0,0,0,0,0,1,0,1,0,0,0,0
776140,2025-09-28,683011,"Volpe, Anthony",NYY,BAL,2025,3,3,1,1,0,0,0,0,0,1,0,0,0,1
776140,2025-09-28,700250,"Rice, Ben",NYY,BAL,2025,4,4,2,0,0,0,2,0,0,0,0,0,2,8
776143,2025-09-28,605137,"Bell, Josh",WSH,CWS,2025,2,2,0,0,0,0,0,0,0,0,0,0,0,0
776143,2025-09-28,656180,"Adams, Riley",WSH,CWS,2025,3,3,0,0,0,0,0,0,0,3,0,0,0,0
776143,2025-09-28,665953,"Chaparro, Andrés",WSH,CWS,2025,1,1,0,0,0,0,0,0,0,1,0,0,0,0
776143,2025-09-28,671277,"García Jr., Luis",WSH,CWS,2025,3,3,0,0,0,0,0,0,0,0,0,0,0,0
776143,2025-09-28,682928,"Abrams, CJ",WSH,CWS,2025,3,3,0,0,0,0,0,0,0,0,0,0,0,0
776143,2025-09-28,683083,"Nuñez, Nasim",WSH,CWS,2025,1,1,0,0,0,0,0,0,0,1,0,0,0,0
776143,2025-09-28,686611,"Crews, Dylan",WSH,CWS,2025,3,3,0,0,0,0,0,0,0,2,0,0,0,0
776143,2025-09-28,690987,"Hassell III, Robert",WSH,CWS,2025,1,1,0,0,0,0,0,0,0,1,0,0,0,0
776143,2025-09-28,691781,"House, Brady",WSH,CWS,2025,3,3,1,1,0,0,0,0,0,1,0,0,0,1
776143,2025-09-28,695578,"Wood, James",WSH,CWS,2025,3,3,0,0,0,0,0,0,0,3,0,0,0,0
776143,2025-09-28,695734,"Lile, Daylen",WSH,CWS,2025,3,3,0,0,0,0,0,0,0,0,0,0,0,0
776143,2025-09-28,696285,"Young, Jacob",WSH,CWS,2025,2,2,0,0,0,0,0,0,0,1,0,0,0,0
776160,2025-09-27,595751,"Alfaro, Jorge",WSH,CWS,2025,4,4,1,1,0,0,0,0,0,1,0,0,0,1
776160,2025-09-27,605137,"Bell, Josh",WSH,CWS,2025,4,3,1,0,1,0,0,1,0,0,0,0,0,2
776160,2025-09-27,671277,"García Jr., Luis",WSH,CWS,2025,4,3,0,0,0,0,0,1,0,1,0,0,0,0
776160,2025-09-27,682928,"Abrams, CJ",WSH,CWS,2025,5,5,0,0,0,0,0,0,0,2,0,0,0,0
776160,2025-09-27,683083,"Nuñez, Nasim",WSH,CWS,2025,4,4,1,1,0,0,0,0,0,2,0,0,0,1
776160,2025-09-27,691781,"House, Brady",WSH,CWS,2025,4,4,0,0,0,0,0,0,0,2,0,0,0,0
776160,2025-09-27,695578,"Wood, James",WSH,CWS,2025,5,5,3,2,0,0,1,0,0,2,0,0,2,6
776160,2025-09-27,695734,"Lile, Daylen",WSH,CWS,2025,4,3,2,1,0,0,1,1,0,1,0,0,2,5
776160,2025-09-27,696285,"Young, Jacob",WSH,CWS,2025,4,3,1,0,0,0,1,1,0,1,0,0,2,4
776162,2025-09-27,502671,"Goldschmidt, Paul",NYY,BAL,2025,4,4,0,0,0,0,0,0,0,1,0,0,0,0
776162,2025-09-27,519317,"Stanton, Giancarlo",NYY,BAL,2025,4,3,2,1,0,0,1,1,0,1,0,0,1,5
776162,2025-09-27,592450,"Judge, Aaron",NYY,BAL,2025,4,4,2,1,0,0,1,0,0,1,0,0,3,5
776162,2025-09-27,641355,"Bellinger, Cody",NYY,BAL,2025,4,3,1,1,0,0,0,0,0,1,0,0,1,1
776162,2025-09-27,641857,"McMahon, Ryan",NYY,BAL,2025,3,3,2,1,0,0,1,0,0,1,0,0,1,5
776162,2025-09-27,663757,"Grisham, Trent",NYY,BAL,2025,4,3,0,0,0,0,0,1,0,0,0,0,0,0
776162,2025-09-27,665862,"Chisholm Jr., Jazz",NYY,BAL,2025,3,2,0,0,0,0,0,0,1,0,0,0,0,0
776162,2025-09-27,676609,"Caballero, José",NYY,BAL,2025,1,1,0,0,0,0,0,0,0,0,0,0,0,0
776162,2025-09-27,683011,"Volpe, Anthony",NYY,BAL,2025,3,3,0,0,0,0,0,0,0,2,0,0,0,0
776162,2025-09-27,700250,"Rice, Ben",NYY,BAL,2025,4,3,0,0,0,0,0,1,0,0,0,0,0,0
776165,2025-09-26,605137,"Bell, Josh",WSH,CWS,2025,4,4,2,1,0,0,1,0,0,0,0,0,1,5
776165,2025-09-26,656180,"Adams, Riley",WSH,CWS,2025,4,4,1,1,0,0,0,0,0,2,0,0,0,1
776165,2025-09-26,657557,"DeJong, Paul",WSH,CWS,2025,3,3,0,0,0,0,0,0,0,2,0,0,0,0
776165,2025-09-26,665953,"Chaparro, Andrés",WSH,CWS,2025,1,1,0,0,0,0,0,0,0,1,0,0,0,0
776165,2025-09-26,671277,"García Jr., Luis",WSH,CWS,2025,4,4,3,0,0,0,3,0,0,1,0,0,4,12
776165,2025-09-26,682928,"Abrams, CJ",WSH,CWS,2025,5,4,2,1,0,0,1,1,0,2,0,0,1,5
776165,2025-09-26,683083,"Nuñez, Nasim",WSH,CWS,2025,1,1,1,1,0,0,0,0,0,0,0,0,0,1
776165,2025-09-26,686611,"Crews, Dylan",WSH,CWS,2025,4,4,0,0,0,0,0,0,0,1,0,0,0,0
776165,2025-09-26,690987,"Hassell III, Robert",WSH,CWS,2025,4,4,2,2,0,0,0,0,0,1,0,0,0,2
776165,2025-09-26,695578,"Wood, James",WSH,CWS,2025,5,5,0,0,0,0,0,0,0,1,0,0,0,0
776165,2025-09-26,695734,"Lile, Daylen",WSH,CWS,2025,4,4,2,0,1,0,1,0,0,0,0,0,3,6
776174,2025-09-26,502671,"Goldschmidt, Paul",NYY,BAL,2025,5,5,1,1,0,0,0,0,0,0,0,0,0,1
776174,2025-09-26,519317,"Stanton, Giancarlo",NYY,BAL,2025,4,4,2,0,0,0,2,0,0,0,0,0,5,8
776174,2025-09-26,592450,"Judge, Aaron",NYY,BAL,2025,4,3,1,0,0,0,1,1,0,2,0,0,2,4
776174,2025-09-26,596103,"Slater, Austin",NYY,BAL,2025,2,2,0,0,0,0,0,0,0,1,0,0,0,0
776174,2025-09-26,641355,"Bellinger, Cody",NYY,BAL,2025,4,2,2,2,0,0,0,2,0,0,0,0,0,2
776174,2025-09-26,642708,"Rosario, Amed",NYY,BAL,2025,2,2,0,0,0,0,0,0,0,1,0,0,0,0
776174,2025-09-26,663757,"Grisham, Trent",NYY,BAL,2025,2,1,1,1,0,0,0,1,0,0,0,0,0,1
776174,2025-09-26,665862,"Chisholm Jr., Jazz",NYY,BAL,2025,2,2,0,0,0,0,0,0,0,1,0,0,0,0
776174,2025-09-26,669224,"Wells, Austin",NYY,BAL,2025,4,4,1,1,0,0,0,0,0,2,0,0,1,1
776174,2025-09-26,676609,"Caballero, José",NYY,BAL,2025,4,3,0,0,0,0,0,1,0,0,0,0,0,0
776174,2025-09-26,683011,"Volpe, Anthony",NYY,BAL,2025,4,4,1,1,0,0,0,0,0,0,0,0,0,1
776184,2025-09-25,502671,"Goldschmidt, Paul",NYY,CWS,2025,1,1,0,0,0,0,0,0,0,0,0,0,0,0
776184,2025-09-25,519317,"Stanton, Giancarlo",NYY,CWS,2025,4,3,1,0,1,0,0,1,0,2,0,0,3,2
776184,2025-09-25,592450,"Judge, Aaron",NYY,CWS,2025,5,3,2,1,1,0,0,2,0,0,0,0,0,3
776184,2025-09-25,641355,"Bellinger, Cody",NYY,CWS,2025,5,3,1,1,0,0,0,2,0,0,0,0,0,1
776184,2025-09-25,641857,"McMahon, Ryan",NYY,CWS,2025,4,2,1,1,0,0,0,1,1,1,0,0,0,1
776184,2025-09-25,663757,"Grisham, Trent",NYY,CWS,2025,5,5,1,1,0,0,0,0,0,2,0,0,0,1
776184,2025-09-25,665862,"Chisholm Jr., Jazz",NYY,CWS,2025,4,4,0,0,0,0,0,0,0,1,0,0,0,0
776184,2025-09-25,669224,"Wells, Austin",NYY,CWS,2025,4,4,2,1,1,0,0,0,0,1,0,0,1,3
776184,2025-09-25,683011,"Volpe, Anthony",NYY,CWS,2025,4,4,0,0,0,0,0,0,0,1,0,0,0,0
776184,2025-09-25,700250,"Rice, Ben",NYY,CWS,2025,4,3,0,0,0,0,0,1,0,0,0,0,1,0
776199,2025-09-24,502671,"Goldschmidt, Paul",NYY,CWS,2025,4,4,1,1,0,0,0,0,0,3,0,0,1,1
776199,2025-09-24,519317,"Stanton, Giancarlo",NYY,CWS,2025,4,4,1,1,0,0,0,0,0,1,0,0,0,1
776199,2025-09-24,592450,"Judge, Aaron",NYY,CWS,2025,5,4,3,1,0,0,2,1,0,0,0,0,4,9
776199,2025-09-24,641355,"Bellinger, Cody",NYY,CWS,2025,5,4,1,1,0,0,0,1,0,0,0,0,0,1
776199,2025-09-24,641857,"McMahon, Ryan",NYY,CWS,2025,4,3,0,0,0,0,0,1,0,2,0,0,0,0
776199,2025-09-24,663757,"Grisham, Trent",NYY,CWS,2025,5,3,1,0,0,0,1,2,0,1,0,0,2,4
776199,2025-09-24,665862,"Chisholm Jr., Jazz",NYY,CWS,2025,4,4,1,0,1,0,0,0,0,1,0,0,1,2
776199,2025-09-24,683011,"Volpe, Anthony",NYY,CWS,2025,4,4,1,0,1,0,0,0,0,0,0,0,0,2
776199,2025-09-24,700250,"Rice, Ben",NYY,CWS,2025,4,4,1,0,0,1,0,0,0,1,0,0,0,3
776200,2025-09-24,595751,"Alfaro, Jorge",WSH,ATL,2025,4,4,0,0,0,0,0,0,0,2,0,0,0,0
776200,2025-09-24,605137,"Bell, Josh",WSH,ATL,2025,4,4,2,1,0,0,1,0,0,0,0,0,1,5
776200,2025-09-24,657557,"DeJong, Paul",WSH,ATL,2025,3,3,0,0,0,0,0,0,0,1,0,0,0,0
776200,2025-09-24,671277,"García Jr., Luis",WSH,ATL,2025,4,4,0,0,0,0,0,0,0,1,0,0,0,0
776200,2025-09-24,682928,"Abrams, CJ",WSH,ATL,2025,4,4,1,0,1,0,0,0,0,1,0,0,0,2
776200,2025-09-24,686611,"Crews, Dylan",WSH,ATL,2025,4,4,1,1,0,0,0,0,0,1,0,0,0,1
776200,2025-09-24,690987,"Hassell III, Robert",WSH,ATL,2025,3,3,0,0,0,0,0,0,0,2,0,0,0,0
776200,2025-09-24,695578,"Wood, James",WSH,ATL,2025,4,4,2,0,0,0,2,0,0,0,0,0,2,8
776200,2025-09-24,695734,"Lile, Daylen",WSH,ATL,2025,4,4,3,3,0,0,0,0,0,1,0,0,1,3
776216,2025-09-23,519317,"Stanton, Giancarlo",NYY,CWS,2025,4,4,0,0,0,0,0,0,0,3,0,0,0,0
776216,2025-09-23,592450,"Judge, Aaron",NYY,CWS,2025,5,2,0,0,0,0,0,3,0,0,0,0,0,0
776216,2025-09-23,641355,"Bellinger, Cody",NYY,CWS,2025,5,4,0,0,0,0,0,1,0,2,0,0,1,0
776216,2025-09-23,641857,"McMahon, Ryan",NYY,CWS,2025,2,2,0,0,0,0,0,0,0,1,0,0,0,0
776216,2025-09-23,642708,"Rosario, Amed",NYY,CWS,2025,2,2,0,0,0,0,0,0,0,2,0,0,0,0
776216,2025-09-23,663757,"Grisham, Trent",NYY,CWS,2025,5,3,0,0,0,0,0,2,0,2,0,0,0,0
776216,2025-09-23,665862,"Chisholm Jr., Jazz",NYY,CWS,2025,4,3,3,3,0,0,0,1,0,0,0,0,0,3
776216,2025-09-23,669224,"Wells, Austin",NYY,CWS,2025,4,4,2,1,1,0,0,0,0,1,0,0,1,3
776216,2025-09-23,676609,"Caballero, José",NYY,CWS,2025,1,1,1,1,0,0,0,0,0,0,0,0,1,1
776216,2025-09-23,683011,"Volpe, Anthony",NYY,CWS,2025,4,4,2,2,0,0,0,0,0,1,0,0,0,2
776216,2025-09-23,700250,"Rice, Ben",NYY,CWS,2025,4,4,3,3,0,0,0,0,0,0,0,0,0,3
776219,2025-09-23,605137,"Bell, Josh",WSH,ATL,2025,1,0,0,0,0,0,0,1,0,0,0,0,0,0
776219,2025-09-23,656180,"Adams, Riley",WSH,ATL,2025,3,3,0,0,0,0,0,0,0,3,0,0,0,0
776219,2025-09-23,671277,"García Jr., Luis",WSH,ATL,2025,4,4,0,0,0,0,0,0,0,0,0,0,0,0
776219,2025-09-23,682928,"Abrams, CJ",WSH,ATL,2025,4,4,1,1,0,0,0,0,0,1,0,0,1,1
776219,2025-09-23,683083,"Nuñez, Nasim",WSH,ATL,2025,4,4,0,0,0,0,0,1,0,3,0,0,0,0
776219,2025-09-23,686611,"Crews, Dylan",WSH,ATL,2025,4,3,0,0,0,0,0,1,0,0,0,0,0,0
776219,2025-09-23,690987,"Hassell III, Robert",WSH,ATL,2025,1,1,0,0,0,0,0,0,0,0,0,0,0,0
776219,2025-09-23,691781,"House, Brady",WSH,ATL,2025,3,2,1,1,0,0,0,1,0,0,0,0,0,1
776219,2025-09-23,695578,"Wood, James",WSH,ATL,2025,4,3,2,0,1,0,1,1,0,0,0,0,1,6
776219,2025-09-23,695734,"Lile, Daylen",WSH,ATL,2025,4,4,1,1,0,0,0,0,0,1,0,0,0,1
776219,2025-09-23,696285,"Young, Jacob",WSH,ATL,2025,4,4,1,1,0,0,0,0,0,2,0,0,0,1
776221,2025-09-22,656180,"Adams, Riley",WSH,ATL,2025,5,3,0,0,0,0,0,0,2,1,0,0,0,0
776221,2025-09-22,657557,"DeJong, Paul",WSH,ATL,2025,4,3,1,1,0,0,0,1,0,1,0,0,0,1
776221,2025-09-22,665953,"Chaparro, Andrés",WSH,ATL,2025,5,5,2,2,0,0,0,0,0,0,0,0,3,2
776221,2025-09-22,682928,"Abrams, CJ",WSH,ATL,2025,5,5,0,0,0,0,0,0,0,3,0,0,0,0
776221,2025-09-22,683083,"Nuñez, Nasim",WSH,ATL,2025,5,4,3,2,0,0,1,1,0,0,0,0,1,6
776221,2025-09-22,686611,"Crews, Dylan",WSH,ATL,2025,4,4,1,0,0,0,1,0,0,0,0,0,1,4
776221,2025-09-22,690987,"Hassell III, Robert",WSH,ATL,2025,4,3,0,0,0,0,0,0,1,2,0,0,0,0
776221,2025-09-22,691781,"House, Brady",WSH,ATL,2025,4,3,1,1,0,0,0,1,0,2,0,0,0,1
776221,2025-09-22,696285,"Young, Jacob",WSH,ATL,2025,4,4,0,0,0,0,0,0,0,0,0,0,0,0
776237,2025-09-21,595751,"Alfaro, Jorge",WSH,NYM,2025,4,4,2,1,1,0,0,0,0,1,0,0,1,3
776237,2025-09-21,605137,"Bell, Josh",WSH,NYM,2025,3,3,1,0,1,0,0,0,0,1,0,0,0,2
776237,2025-09-21,657557,"DeJong, Paul",WSH,NYM,2025,4,4,0,0,0,0,0,0,0,2,0,0,0,0
776237,2025-09-21,665953,"Chaparro, Andrés",WSH,NYM,2025,1,1,0,0,0,0,0,0,0,1,0,0,0,0
776237,2025-09-21,683083,"Nuñez, Nasim",WSH,NYM,2025,4,5,2,1,0,0,1,0,0,1,0,0,2,5
776237,2025-09-21,686611,"Crews, Dylan",WSH,NYM,2025,4,4,1,1,0,0,0,0,0,0,0,0,0,1
776237,2025-09-21,690987,"Hassell III, Robert",WSH,NYM,2025,3,3,0,0,0,0,0,0,0,2,0,0,0,0
776237,2025-09-21,691781,"House, Brady",WSH,NYM,2025,4,4,0,0,0,0,0,0,0,1,0,0,0,0
776237,2025-09-21,695578,"Wood, James",WSH,NYM,2025,4,4,1,1,0,0,0,0,0,2,0,0,0,1
776237,2025-09-21,695734,"Lile, Daylen",WSH,NYM,2025,1,1,1,1,0,0,0,0,0,0,0,0,0,1
776237,2025-09-21,696285,"Young, Jacob",WSH,NYM,2025,3,3,1,1,0,0,0,0,0,1,0,0,0,1
776240,2025-09-21,502671,"Goldschmidt, Paul",NYY,BAL,2025,3,2,0,0,0,0,0,1,0,1,0,0,0,0
776240,2025-09-21,519317,"Stanton, Giancarlo",NYY,BAL,2025,1,0,0,0,0,0,0,1,0,0,0,0,0,0
776240,2025-09-21,592450,"Judge, Aaron",NYY,BAL,2025,6,4,0,0,0,0,0,1,1,1,0,0,0,0
776240,2025-09-21,596103,"Slater, Austin",NYY,BAL,2025,1,1,0,0,0,0,0,0,0,1,0,0,0,0
776240,2025-09-21,641355,"Bellinger, Cody",NYY,BAL,2025,5,5,1,1,0,0,0,0,0,2,0,0,0,1
776240,2025-09-21,641857,"McMahon, Ryan",NYY,BAL,2025,2,1,0,0,0,0,0,1,0,1,0,0,0,0
776240,2025-09-21,663757,"Grisham, Trent",NYY,BAL,2025,6,5,0,0,0,0,0,1,0,4,0,0,0,0
776240,2025-09-21,665862,"Chisholm Jr., Jazz",NYY,BAL,2025,5,4,1,0,0,0,1,1,0,3,0,0,1,4
776240,2025-09-21,669224,"Wells, Austin",NYY,BAL,2025,2,2,0,0,0,0,0,0,0,1,0,0,0,0
776240,2025-09-21,676609,"Caballero, José",NYY,BAL,2025,5,5,2,1,1,0,0,0,0,1,0,0,0,3
776240,2025-09-21,683011,"Volpe, Anthony",NYY,BAL,2025,2,2,1,1,0,0,0,0,0,1,0,0,1,1
776240,2025-09-21,691176,"Domínguez, Jasson",NYY,BAL,2025,4,4,1,1,0,0,0,0,0,1,0,0,0,1
776240,2025-09-21,700250,"Rice, Ben",NYY,BAL,2025,5,5,4,2,1,0,1,0,0,0,0,0,5,8
776252,2025-09-20,605137,"Bell, Josh",WSH,NYM,2025,3,3,1,1,0,0,0,0,0,2,0,0,0,1
776252,2025-09-20,656180,"Adams, Riley",WSH,NYM,2025,4,4,1,1,0,0,0,0,0,1,0,0,1,1
776252,2025-09-20,665953,"Chaparro, Andrés",WSH,NYM,2025,2,2,0,0,0,0,0,0,0,1,0,0,0,0
776252,2025-09-20,682928,"Abrams, CJ",WSH,NYM,2025,5,5,0,0,0,0,0,0,0,3,0,0,0,0
776252,2025-09-20,683083,"Nuñez, Nasim",WSH,NYM,2025,4,5,0,0,0,0,0,0,0,1,0,0,0,0
776252,2025-09-20,686611,"Crews, Dylan",WSH,NYM,2025,5,4,1,1,0,0,0,1,0,0,0,0,0,1
776252,2025-09-20,690987,"Hassell III, Robert",WSH,NYM,2025,5,5,0,0,0,0,0,0,0,1,0,0,0,0
776252,2025-09-20,691781,"House, Brady",WSH,NYM,2025,4,4,1,1,0,0,0,0,0,2,0,0,0,1
776252,2025-09-20,695578,"Wood, James",WSH,NYM,2025,5,3,0,0,0,0,0,2,0,1,0,0,0,0
776252,2025-09-20,695734,"Lile, Daylen",WSH,NYM,2025,5,5,2,1,0,0,1,0,0,0,0,0,3,5
776257,2025-09-20,502671,"Goldschmidt, Paul",NYY,BAL,2025,4,3,1,1,0,0,0,0,1,1,0,0,0,1
776257,2025-09-20,519317,"Stanton, Giancarlo",NYY,BAL,2025,4,3,1,0,0,0,1,1,0,2,0,0,3,4
776257,2025-09-20,592450,"Judge, Aaron",NYY,BAL,2025,4,4,2,1,0,0,1,0,0,0,0,0,1,5
776257,2025-09-20,641355,"Bellinger, Cody",NYY,BAL,2025,4,3,1,1,0,0,0,1,0,1,0,0,0,1
776257,2025-09-20,641857,"McMahon, Ryan",NYY,BAL,2025,4,4,0,0,0,0,0,0,0,1,0,0,0,0
776257,2025-09-20,663757,"Grisham, Trent",NYY,BAL,2025,5,5,2,2,0,0,0,0,0,2,0,0,1,2
776257,2025-09-20,665862,"Chisholm Jr., Jazz",NYY,BAL,2025,4,4,1,1,0,0,0,0,0,1,0,0,1,1
776257,2025-09-20,683011,"Volpe, Anthony",NYY,BAL,2025,4,3,2,2,0,0,0,1,0,1,0,0,0,2
776257,2025-09-20,700250,"Rice, Ben",NYY,BAL,2025,5,5,0,0,0,0,0,0,0,1,0,0,0,0
776259,2025-09-19,595751,"Alfaro, Jorge",WSH,NYM,2025,3,3,1,1,0,0,0,0,0,1,0,0,1,1
776259,2025-09-19,605137,"Bell, Josh",WSH,NYM,2025,4,4,1,0,1,0,0,0,0,0,0,0,1,2
776259,2025-09-19,656180,"Adams, Riley",WSH,NYM,2025,1,1,0,0,0,0,0,0,0,1,0,0,0,0
776259,2025-09-19,657557,"DeJong, Paul",WSH,NYM,2025,3,2,0,0,0,0,0,1,0,1,0,0,0,0
776259,2025-09-19,671277,"García Jr., Luis",WSH,NYM,2025,4,4,0,0,0,0,0,0,0,0,0,0,0,0
776259,2025-09-19,682928,"Abrams, CJ",WSH,NYM,2025,4,4,2,0,1,0,1,0,0,1,0,0,3,6
776259,2025-09-19,683083,"Nuñez, Nasim",WSH,NYM,2025,1,1,0,0,0,0,0,0,0,1,0,0,0,0
776259,2025-09-19,686611,"Crews, Dylan",WSH,NYM,2025,4,4,1,1,0,0,0,0,0,1,0,0,0,1
776259,2025-09-19,690987,"Hassell III, Robert",WSH,NYM,2025,1,1,1,0,1,0,0,0,0,0,0,0,0,2
776259,2025-09-19,695578,"Wood, James",WSH,NYM,2025,4,4,0,0,0,0,0,0,0,2,0,0,0,0
776259,2025-09-19,695734,"Lile, Daylen",WSH,NYM,2025,4,4,1,0,0,1,0,0,0,1,0,0,1,3
776259,2025-09-19,696285,"Young, Jacob",WSH,NYM,2025,3,2,1,1,0,0,0,1,0,1,0,0,0,1
776273,2025-09-19,502671,"Goldschmidt, Paul",NYY,BAL,2025,3,2,0,0,0,0,0,0,1,0,0,0,0,0
776273,2025-09-19,519317,"Stanton, Giancarlo",NYY,BAL,2025,4,3,0,0,0,0,0,1,0,1,0,0,0,0
776273,2025-09-19,592450,"Judge, Aaron",NYY,BAL,2025,4,4,1,1,0,0,0,0,0,2,0,0,0,1
776273,2025-09-19,596103,"Slater, Austin",NYY,BAL,2025,4,4,1,1,0,0,0,0,0,3,0,0,0,1
776273,2025-09-19,641355,"Bellinger, Cody",NYY,BAL,2025,4,4,0,0,0,0,0,0,0,1,0,0,0,0
776273,2025-09-19,642708,"Rosario, Amed",NYY,BAL,2025,4,4,0,0,0,0,0,0,0,1,0,0,0,0
776273,2025-09-19,665862,"Chisholm Jr., Jazz",NYY,BAL,2025,4,4,1,0,0,0,1,0,0,2,0,0,2,4
776273,2025-09-19,669224,"Wells, Austin",NYY,BAL,2025,3,2,1,1,0,0,0,1,0,1,0,0,0,1
776273,2025-09-19,683011,"Volpe, Anthony",NYY,BAL,2025,3,3,0,0,0,0,0,0,0,0,0,0,0,0
776273,2025-09-19,700250,"Rice, Ben",NYY,BAL,2025,1,0,0,0,0,0,0,1,0,0,0,0,0,0
776278,2025-09-18,502671,"Goldschmidt, Paul",NYY,BAL,2025,5,5,2,2,0,0,0,0,0,0,0,0,1,2
776278,2025-09-18,519317,"Stanton, Giancarlo",NYY,BAL,2025,4,4,1,0,1,0,0,0,0,2,0,0,2,2
776278,2025-09-18,592450,"Judge, Aaron",NYY,BAL,2025,5,2,0,0,0,0,0,2,0,2,0,0,1,0
776278,2025-09-18,641355,"Bellinger, Cody",NYY,BAL,2025,5,3,0,0,0,0,0,2,0,1,0,0,0,0
776278,2025-09-18,642708,"Rosario, Amed",NYY,BAL,2025,2,2,1,0,1,0,0,0,0,1,0,0,2,2
776278,2025-09-18,663757,"Grisham, Trent",NYY,BAL,2025,4,3,0,0,0,0,0,1,0,2,0,0,0,0
776278,2025-09-18,665862,"Chisholm Jr., Jazz",NYY,BAL,2025,2,2,1,0,1,0,0,0,0,1,0,0,0,2
776278,2025-09-18,669224,"Wells, Austin",NYY,BAL,2025,4,3,2,2,0,0,0,1,0,0,0,0,1,2
776278,2025-09-18,676609,"Caballero, José",NYY,BAL,2025,4,2,1,1,0,0,0,2,0,0,0,0,0,1
776278,2025-09-18,683011,"Volpe, Anthony",NYY,BAL,2025,4,4,1,0,1,0,0,0,0,2,0,0,0,2
776278,2025-09-18,691176,"Domínguez, Jasson",NYY,BAL,2025,1,1,0,0,0,0,0,0,0,0,0,0,0,0
776284,2025-09-17,502671,"Goldschmidt, Paul",NYY,MIN,2025,5,4,2,1,1,0,0,1,0,0,0,0,0,3
776284,2025-09-17,592450,"Judge, Aaron",NYY,MIN,2025,5,4,3,2,1,0,0,1,0,0,0,0,0,4
776284,2025-09-17,641355,"Bellinger, Cody",NYY,MIN,2025,5,4,2,1,0,0,1,0,1,1,0,0,3,5
776284,2025-09-17,641857,"McMahon, Ryan",NYY,MIN,2025,4,4,1,1,0,0,0,0,0,2,0,0,1,1
776284,2025-09-17,663757,"Grisham, Trent",NYY,MIN,2025,5,5,2,0,0,0,2,0,0,1,0,0,4,8
776284,2025-09-17,665862,"Chisholm Jr., Jazz",NYY,MIN,2025,5,5,0,0,0,0,0,0,0,0,0,0,0,0
776284,2025-09-17,669224,"Wells, Austin",NYY,MIN,2025,1,1,0,0,0,0,0,0,0,0,0,0,0,0
776284,2025-09-17,676609,"Caballero, José",NYY,MIN,2025,4,3,0,0,0,0,0,1,0,2,0,0,0,0
776284,2025-09-17,691176,"Domínguez, Jasson",NYY,MIN,2025,4,3,1,0,1,0,0,0,1,1,0,0,1,2
776284,2025-09-17,700250,"Rice, Ben",NYY,MIN,2025,4,4,1,0,1,0,0,0,0,1,0,0,0,2
776286,2025-09-17,605137,"Bell, Josh",WSH,ATL,2025,4,4,1,1,0,0,0,0,0,2,0,0,0,1
776286,2025-09-17,656180,"Adams, Riley",WSH,ATL,2025,4,3,0,0,0,0,0,0,1,2,0,0,0,0
776286,2025-09-17,671277,"García Jr., Luis",WSH,ATL,2025,4,4,2,1,1,0,0,0,0,2,0,0,0,3
776286,2025-09-17,682928,"Abrams, CJ",WSH,ATL,2025,5,5,1,1,0,0,0,0,0,2,0,0,0,1
776286,2025-09-17,686611,"Crews, Dylan",WSH,ATL,2025,4,4,2,1,1,0,0,0,0,0,0,0,1,3
776286,2025-09-17,690987,"Hassell III, Robert",WSH,ATL,2025,4,4,1,0,1,0,0,0,0,1,0,0,1,2
776286,2025-09-17,691781,"House, Brady",WSH,ATL,2025,4,4,1,1,0,0,0,0,0,0,0,0,1,1
776286,2025-09-17,695578,"Wood, James",WSH,ATL,2025,5,5,2,1,1,0,0,0,0,1,0,0,1,3
776286,2025-09-17,695734,"Lile, Daylen",WSH,ATL,2025,4,4,0,0,0,0,0,0,0,2,0,0,0,0
776298,2025-09-16,502671,"Goldschmidt, Paul",NYY,MIN,2025,1,1,0,0,0,0,0,0,0,0,0,0,0,0
776298,2025-09-16,519317,"Stanton, Giancarlo",NYY,MIN,2025,5,4,2,2,0,0,0,0,0,0,0,0,2,2
776298,2025-09-16,592450,"Judge, Aaron",NYY,MIN,2025,5,2,1,1,0,0,0,2,0,0,0,0,1,1
776298,2025-09-16,641355,"Bellinger, Cody",NYY,MIN,2025,5,5,1,1,0,0,0,0,0,1,0,0,1,1
776298,2025-09-16,641857,"McMahon, Ryan",NYY,MIN,2025,5,5,1,1,0,0,0,0,0,0,0,0,0,1
776298,2025-09-16,663757,"Grisham, Trent",NYY,MIN,2025,5,4,2,1,0,0,1,0,0,0,0,0,3,5
776298,2025-09-16,665862,"Chisholm Jr., Jazz",NYY,MIN,2025,5,5,2,2,0,0,0,0,0,2,0,0,0,2
776298,2025-09-16,669224,"Wells, Austin",NYY,MIN,2025,4,4,2,1,1,0,0,0,0,0,0,0,1,3
776298,2025-09-16,683011,"Volpe, Anthony",NYY,MIN,2025,5,4,2,1,1,0,0,1,0,1,0,0,1,3
776298,2025-09-16,700250,"Rice, Ben",NYY,MIN,2025,4,4,3,2,1,0,0,0,0,0,0,0,1,4
776307,2025-09-16,605137,"Bell, Josh",WSH,ATL,2025,4,4,1,1,0,0,0,0,0,2,0,0,0,1
776307,2025-09-16,656180,"Adams, Riley",WSH,ATL,2025,3,3,0,0,0,0,0,0,0,1,0,0,0,0
776307,2025-09-16,657557,"DeJong, Paul",WSH,ATL,2025,4,4,1,1,0,0,0,0,0,2,0,0,0,1
776307,2025-09-16,665953,"Chaparro, Andrés",WSH,ATL,2025,4,4,0,0,0,0,0,0,0,1,0,0,0,0
776307,2025-09-16,671277,"García Jr., Luis",WSH,ATL,2025,1,1,0,0,0,0,0,0,0,0,0,0,0,0
776307,2025-09-16,683083,"Nuñez, Nasim",WSH,ATL,2025,4,4,1,1,0,0,0,0,0,1,0,0,0,1
776307,2025-09-16,686611,"Crews, Dylan",WSH,ATL,2025,4,4,2,2,0,0,0,0,0,0,0,0,0,2
776307,2025-09-16,691781,"House, Brady",WSH,ATL,2025,4,4,0,0,0,0,0,0,0,1,0,0,0,0
776307,2025-09-16,695734,"Lile, Daylen",WSH,ATL,2025,4,4,0,0,0,0,0,0,0,0,0,0,0,0
776307,2025-09-16,696285,"Young, Jacob",WSH,ATL,2025,3,3,0,0,0,0,0,0,0,2,0,0,0,0
776313,2025-09-15,502671,"Goldschmidt, Paul",NYY,MIN,2025,4,4,1,1,0,0,0,0,0,1,0,0,0,1
776313,2025-09-15,519317,"Stanton, Giancarlo",NYY,MIN,2025,4,4,0,0,0,0,0,0,0,4,0,0,0,0
776313,2025-09-15,592450,"Judge, Aaron",NYY,MIN,2025,4,1,0,0,0,0,0,3,0,0,0,0,0,0
776313,2025-09-15,641355,"Bellinger, Cody",NYY,MIN,2025,4,4,0,0,0,0,0,0,0,2,0,0,0,0
776313,2025-09-15,641857,"McMahon, Ryan",NYY,MIN,2025,3,3,0,0,0,0,0,0,0,2,0,0,0,0
776313,2025-09-15,663757,"Grisham, Trent",NYY,MIN,2025,4,2,0,0,0,0,0,2,0,1,0,0,0,0
776313,2025-09-15,665862,"Chisholm Jr., Jazz",NYY,MIN,2025,4,4,0,0,0,0,0,0,0,2,0,0,0,0
776313,2025-09-15,669224,"Wells, Austin",NYY,MIN,2025,3,3,0,0,0,0,0,0,0,1,0,0,0,0
776313,2025-09-15,676609,"Caballero, José",NYY,MIN,2025,2,2,1,0,1,0,0,0,0,0,0,0,0,2
776313,2025-09-15,700250,"Rice, Ben",NYY,MIN,2025,1,1,0,0,0,0,0,0,0,1,0,0,0,0
776315,2025-09-15,605137,"Bell, Josh",WSH,ATL,2025,3,2,0,0,0,0,0,1,0,0,0,0,0,0
776315,2025-09-15,656180,"Adams, Riley",WSH,ATL,2025,4,4,1,1,0,0,0,0,0,2,0,0,0,1
776315,2025-09-15,657557,"DeJong, Paul",WSH,ATL,2025,4,4,1,1,0,0,0,0,0,3,0,0,0,1
776315,2025-09-15,665953,"Chaparro, Andrés",WSH,ATL,2025,1,1,0,0,0,0,0,0,0,0,0,0,0,0
776315,2025-09-15,671277,"García Jr., Luis",WSH,ATL,2025,4,4,1,1,0,0,0,0,0,2,0,0,0,1
776315,2025-09-15,682928,"Abrams, CJ",WSH,ATL,2025,4,3,1,1,0,0,0,1,0,0,0,0,1,1
776315,2025-09-15,686611,"Crews, Dylan",WSH,ATL,2025,4,3,0,0,0,0,0,1,0,0,0,0,0,0
776315,2025-09-15,690987,"Hassell III, Robert",WSH,ATL,2025,3,2,0,0,0,0,0,1,0,1,0,0,0,0
776315,2025-09-15,695578,"Wood, James",WSH,ATL,2025,4,4,0,0,0,0,0,0,0,1,0,0,0,0
776315,2025-09-15,695734,"Lile, Daylen",WSH,ATL,2025,4,3,2,1,0,0,1,1,0,0,0,0,1,5
776320,2025-09-14,656180,"Adams, Riley",WSH,PIT,2025,4,4,0,0,0,0,0,0,0,1,0,0,0,0
776320,2025-09-14,657557,"DeJong, Paul",WSH,PIT,2025,3,3,2,0,2,0,0,0,0,1,0,0,1,4
776320,2025-09-14,665953,"Chaparro, Andrés",WSH,PIT,2025,4,5,2,2,0,0,0,0,0,0,0,0,0,2
776320,2025-09-14,682928,"Abrams, CJ",WSH,PIT,2025,4,4,0,0,0,0,0,0,0,4,0,0,0,0
776320,2025-09-14,683083,"Nuñez, Nasim",WSH,PIT,2025,3,2,0,0,0,0,0,0,0,0,0,0,1,0
776320,2025-09-14,690987,"Hassell III, Robert",WSH,PIT,2025,4,4,0,0,0,0,0,0,0,2,0,0,0,0
776320,2025-09-14,695578,"Wood, James",WSH,PIT,2025,4,3,0,0,0,0,0,1,0,2,0,0,0,0
776320,2025-09-14,695734,"Lile, Daylen",WSH,PIT,2025,4,2,2,1,1,0,0,2,0,0,0,0,1,3
776320,2025-09-14,696285,"Young, Jacob",WSH,PIT,2025,3,3,1,1,0,0,0,0,0,0,0,0,1,1
776330,2025-09-14,502671,"Goldschmidt, Paul",NYY,BOS,2025,4,3,1,1,0,0,0,1,0,0,0,0,0,1
776330,2025-09-14,519317,"Stanton, Giancarlo",NYY,BOS,2025,4,4,1,1,0,0,0,0,0,3,0,0,0,1
776330,2025-09-14,592450,"Judge, Aaron",NYY,BOS,2025,4,4,2,1,0,0,1,0,0,2,0,0,1,5
776330,2025-09-14,596103,"Slater, Austin",NYY,BOS,2025,4,4,0,0,0,0,0,0,0,3,0,0,0,0
776330,2025-09-14,641355,"Bellinger, Cody",NYY,BOS,2025,4,4,0,0,0,0,0,0,0,2,0,0,0,0
776330,2025-09-14,642708,"Rosario, Amed",NYY,BOS,2025,3,3,1,0,0,0,1,0,0,1,0,0,2,4
776330,2025-09-14,663757,"Grisham, Trent",NYY,BOS,2025,1,1,0,0,0,0,0,0,0,1,0,0,0,0
776330,2025-09-14,665862,"Chisholm Jr., Jazz",NYY,BOS,2025,4,4,0,0,0,0,0,0,0,1,0,0,0,0
776330,2025-09-14,676609,"Caballero, José",NYY,BOS,2025,4,4,1,0,0,0,1,0,0,3,0,0,1,4
776330,2025-09-14,700250,"Rice, Ben",NYY,BOS,2025,3,3,1,0,1,0,0,0,0,0,0,0,0,2
776336,2025-09-13,595751,"Alfaro, Jorge",WSH,PIT,2025,3,3,0,0,0,0,0,0,0,3,0,0,0,0
776336,2025-09-13,605137,"Bell, Josh",WSH,PIT,2025,3,3,0,0,0,0,0,0,0,2,0,0,0,0
776336,2025-09-13,665953,"Chaparro, Andrés",WSH,PIT,2025,1,1,0,0,0,0,0,0,0,0,0,0,0,0
776336,2025-09-13,671277,"García Jr., Luis",WSH,PIT,2025,3,3,0,0,0,0,0,0,0,0,0,0,0,0
776336,2025-09-13,682928,"Abrams, CJ",WSH,PIT,2025,4,4,0,0,0,0,0,0,0,1,0,0,0,0
776336,2025-09-13,686611,"Crews, Dylan",WSH,PIT,2025,3,3,1,1,0,0,0,0,0,1,0,0,0,1
776336,2025-09-13,690987,"Hassell III, Robert",WSH,PIT,2025,3,3,1,1,0,0,0,0,0,0,0,0,1,1
776336,2025-09-13,691781,"House, Brady",WSH,PIT,2025,3,3,0,0,0,0,0,0,0,1,0,0,0,0
776336,2025-09-13,695578,"Wood, James",WSH,PIT,2025,4,3,0,0,0,0,0,1,0,2,0,0,0,0
776336,2025-09-13,695734,"Lile, Daylen",WSH,PIT,2025,4,4,1,1,0,0,0,0,0,0,0,0,0,1
776344,2025-09-13,502671,"Goldschmidt, Paul",NYY,BOS,2025,1,1,0,0,0,0,0,0,0,0,0,0,0,0
776344,2025-09-13,592450,"Judge, Aaron",NYY,BOS,2025,5,3,2,2,0,0,0,2,0,0,0,0,0,2
776344,2025-09-13,641355,"Bellinger, Cody",NYY,BOS,2025,5,4,2,1,1,0,0,0,0,0,0,0,2,3
776344,2025-09-13,641857,"McMahon, Ryan",NYY,BOS,2025,4,4,0,0,0,0,0,0,0,1,0,0,0,0
776344,2025-09-13,663757,"Grisham, Trent",NYY,BOS,2025,5,3,0,0,0,0,0,1,1,0,0,0,0,0
776344,2025-09-13,665862,"Chisholm Jr., Jazz",NYY,BOS,2025,5,5,3,2,0,0,1,0,0,0,0,0,3,6
776344,2025-09-13,669224,"Wells, Austin",NYY,BOS,2025,4,4,0,0,0,0,0,0,0,4,0,0,0,0
776344,2025-09-13,676609,"Caballero, José",NYY,BOS,2025,4,4,1,0,1,0,0,0,0,2,0,0,0,2
776344,2025-09-13,691176,"Domínguez, Jasson",NYY,BOS,2025,4,3,1,1,0,0,0,1,0,0,0,0,0,1
776344,2025-09-13,700250,"Rice, Ben",NYY,BOS,2025,4,4,1,0,1,0,0,0,0,0,0,0,0,2
776351,2025-09-12,595751,"Alfaro, Jorge",WSH,PIT,2025,1,1,0,0,0,0,0,0,0,0,0,0,0,0
776351,2025-09-12,605137,"Bell, Josh",WSH,PIT,2025,4,4,1,1,0,0,0,0,0,0,0,0,2,1
776351,2025-09-12,656180,"Adams, Riley",WSH,PIT,2025,3,2,0,0,0,0,0,1,0,1,0,0,0,0
776351,2025-09-12,671277,"García Jr., Luis",WSH,PIT,2025,4,4,0,0,0,0,0,0,0,1,0,0,0,0
776351,2025-09-12,682928,"Abrams, CJ",WSH,PIT,2025,4,4,1,1,0,0,0,0,0,0,0,0,0,1
776351,2025-09-12,686611,"Crews, Dylan",WSH,PIT,2025,4,4,1,0,0,0,1,0,0,0,0,0,2,4
776351,2025-09-12,690987,"Hassell III, Robert",WSH,PIT,2025,3,3,2,2,0,0,0,0,0,1,0,0,0,2
776351,2025-09-12,691781,"House, Brady",WSH,PIT,2025,3,3,1,0,0,0,1,0,0,1,0,0,1,4
776351,2025-09-12,695578,"Wood, James",WSH,PIT,2025,4,4,2,0,2,0,0,0,0,2,0,0,0,4
776351,2025-09-12,695734,"Lile, Daylen",WSH,PIT,2025,4,2,0,0,0,0,0,2,0,1,0,0,0,0
776363,2025-09-12,502671,"Goldschmidt, Paul",NYY,BOS,2025,1,1,0,0,0,0,0,0,0,0,0,0,0,0
776363,2025-09-12,519317,"Stanton, Giancarlo",NYY,BOS,2025,4,3,1,1,0,0,0,1,0,2,0,0,0,1
776363,2025-09-12,592450,"Judge, Aaron",NYY,BOS,2025,5,3,1,0,0,0,1,2,0,1,0,0,1,4
776363,2025-09-12,641355,"Bellinger, Cody",NYY,BOS,2025,4,4,1,1,0,0,0,0,0,1,0,0,1,1
776363,2025-09-12,641857,"McMahon, Ryan",NYY,BOS,2025,4,4,1,1,0,0,0,0,0,0,0,0,1,1
776363,2025-09-12,663757,"Grisham, Trent",NYY,BOS,2025,5,5,0,0,0,0,0,0,0,2,0,0,0,0
776363,2025-09-12,665862,"Chisholm Jr., Jazz",NYY,BOS,2025,4,4,2,2,0,0,0,0,0,0,0,0,0,2
776363,2025-09-12,669224,"Wells, Austin",NYY,BOS,2025,4,3,0,0,0,0,0,1,0,2,0,0,0,0
776363,2025-09-12,676609,"Caballero, José",NYY,BOS,2025,4,4,1,0,1,0,0,0,0,0,0,0,0,2
776363,2025-09-12,700250,"Rice, Ben",NYY,BOS,2025,4,3,2,2,0,0,0,0,0,0,0,0,1,2
776367,2025-09-11,605137,"Bell, Josh",WSH,MIA,2025,1,1,0,0,0,0,0,0,0,1,0,0,0,0
776367,2025-09-11,656180,"Adams, Riley",WSH,MIA,2025,3,3,0,0,0,0,0,0,0,2,0,0,0,0
776367,2025-09-11,657557,"DeJong, Paul",WSH,MIA,2025,3,3,1,1,0,0,0,0,0,1,0,0,0,1
776367,2025-09-11,665953,"Chaparro, Andrés",WSH,MIA,2025,4,4,1,1,0,0,0,0,0,1,0,0,0,1
776367,2025-09-11,682928,"Abrams, CJ",WSH,MIA,2025,4,4,1,1,0,0,0,0,0,0,0,0,0,1
776367,2025-09-11,683083,"Nuñez, Nasim",WSH,MIA,2025,3,3,0,0,0,0,0,0,0,0,0,0,0,0
776367,2025-09-11,686611,"Crews, Dylan",WSH,MIA,2025,4,4,1,1,0,0,0,0,0,1,0,0,0,1
776367,2025-09-11,690987,"Hassell III, Robert",WSH,MIA,2025,1,1,1,1,0,0,0,0,0,0,0,0,0,1
776367,2025-09-11,691781,"House, Brady",WSH,MIA,2025,4,4,0,0,0,0,0,0,0,1,0,0,0,0
776367,2025-09-11,695734,"Lile, Daylen",WSH,MIA,2025,4,4,1,1,0,0,0,0,0,2,0,0,0,1
776367,2025-09-11,696285,"Young, Jacob",WSH,MIA,2025,2,2,1,1,0,0,0,0,0,0,0,0,0,1
776368,2025-09-11,502671,"Goldschmidt, Paul",NYY,DET,2025,5,5,2,2,0,0,0,0,0,2,0,0,0,2
776368,2025-09-11,519317,"Stanton, Giancarlo",NYY,DET,2025,5,5,1,0,0,0,1,0,0,3,0,0,1,4
776368,2025-09-11,592450,"Judge, Aaron",NYY,DET,2025,5,4,3,1,0,0,2,0,1,1,0,0,2,9
776368,2025-09-11,596103,"Slater, Austin",NYY,DET,2025,5,5,1,1,0,0,0,0,0,3,0,0,1,1
776368,2025-09-11,641355,"Bellinger, Cody",NYY,DET,2025,5,4,1,1,0,0,0,1,0,0,0,0,1,1
776368,2025-09-11,641857,"McMahon, Ryan",NYY,DET,2025,4,3,0,0,0,0,0,1,0,1,0,0,0,0
776368,2025-09-11,665862,"Chisholm Jr., Jazz",NYY,DET,2025,5,4,2,2,0,0,0,1,0,0,0,0,2,2
776368,2025-09-11,676609,"Caballero, José",NYY,DET,2025,4,3,2,2,0,0,0,1,0,0,0,0,1,2
776368,2025-09-11,700250,"Rice, Ben",NYY,DET,2025,5,4,2,0,2,0,0,1,0,0,0,0,1,4
776383,2025-09-10,519317,"Stanton, Giancarlo",NYY,DET,2025,3,3,0,0,0,0,0,0,0,2,0,0,0,0
776383,2025-09-10,592450,"Judge, Aaron",NYY,DET,2025,3,3,0,0,0,0,0,0,0,1,0,0,0,0
776383,2025-09-10,596103,"Slater, Austin",NYY,DET,2025,1,1,1,1,0,0,0,0,0,0,0,0,0,1
776383,2025-09-10,641355,"Bellinger, Cody",NYY,DET,2025,4,3,1,1,0,0,0,1,0,1,0,0,0,1
776383,2025-09-10,641857,"McMahon, Ryan",NYY,DET,2025,1,1,1,0,1,0,0,0,0,0,0,0,0,2
776383,2025-09-10,642708,"Rosario, Amed",NYY,DET,2025,2,2,1,1,0,0,0,0,0,1,0,0,0,1
776383,2025-09-10,663757,"Grisham, Trent",NYY,DET,2025,4,3,1,1,0,0,0,1,0,2,0,0,0,1
776383,2025-09-10,665862,"Chisholm Jr., Jazz",NYY,DET,2025,4,4,0,0,0,0,0,0,0,3,0,0,0,0
776383,2025-09-10,669224,"Wells, Austin",NYY,DET,2025,4,4,1,0,0,0,1,0,0,1,0,0,1,4
776383,2025-09-10,676609,"Caballero, José",NYY,DET,2025,3,3,1,1,0,0,0,0,0,1,0,0,0,1
776383,2025-09-10,691176,"Domínguez, Jasson",NYY,DET,2025,1,1,1,1,0,0,0,0,0,0,0,0,0,1
776383,2025-09-10,700250,"Rice, Ben",NYY,DET,2025,4,4,0,0,0,0,0,0,0,1,0,0,0,0
776386,2025-09-10,595751,"Alfaro, Jorge",WSH,MIA,2025,4,4,1,1,0,0,0,0,0,1,0,0,0,1
776386,2025-09-10,605137,"Bell, Josh",WSH,MIA,2025,4,4,2,2,0,0,0,0,0,1,0,0,0,2
776386,2025-09-10,671277,"García Jr., Luis",WSH,MIA,2025,4,4,2,2,0,0,0,0,0,2,0,0,1,2
776386,2025-09-10,682928,"Abrams, CJ",WSH,MIA,2025,4,4,0,0,0,0,0,0,0,2,0,0,0,0
776386,2025-09-10,686611,"Crews, Dylan",WSH,MIA,2025,4,4,0,0,0,0,0,0,0,0,0,0,0,0
776386,2025-09-10,690987,"Hassell III, Robert",WSH,MIA,2025,4,4,1,1,0,0,0,0,0,2,0,0,1,1
776386,2025-09-10,691781,"House, Brady",WSH,MIA,2025,4,4,1,0,1,0,0,0,0,1,0,0,0,2
776386,2025-09-10,695578,"Wood, James",WSH,MIA,2025,4,4,1,1,0,0,0,0,0,3,0,0,0,1
776386,2025-09-10,695734,"Lile, Daylen",WSH,MIA,2025,4,4,2,1,0,1,0,0,0,1,0,0,1,4
776397,2025-09-09,595751,"Alfaro, Jorge",WSH,MIA,2025,4,4,1,1,0,0,0,0,0,1,0,0,0,1
776397,2025-09-09,605137,"Bell, Josh",WSH,MIA,2025,5,4,1,0,0,0,1,0,0,0,0,0,4,4
776397,2025-09-09,656180,"Adams, Riley",WSH,MIA,2025,1,1,0,0,0,0,0,0,0,0,0,0,0,0
776397,2025-09-09,671277,"García Jr., Luis",WSH,MIA,2025,5,5,0,0,0,0,0,0,0,0,0,0,0,0
776397,2025-09-09,682928,"Abrams, CJ",WSH,MIA,2025,5,4,2,1,1,0,0,1,0,0,0,0,0,3
776397,2025-09-09,686611,"Crews, Dylan",WSH,MIA,2025,4,3,0,0,0,0,0,1,0,1,0,0,0,0
776397,2025-09-09,691781,"House, Brady",WSH,MIA,2025,4,3,2,2,0,0,0,1,0,1,0,0,0,2
776397,2025-09-09,695578,"Wood, James",WSH,MIA,2025,5,4,2,1,1,0,0,1,0,0,0,0,1,3
776397,2025-09-09,695734,"Lile, Daylen",WSH,MIA,2025,5,5,2,1,0,0,1,0,0,1,0,0,1,5
776397,2025-09-09,696285,"Young, Jacob",WSH,MIA,2025,4,3,0,0,0,0,0,0,0,0,0,0,1,0
776398,2025-09-09,519317,"Stanton, Giancarlo",NYY,DET,2025,3,3,0,0,0,0,0,0,0,2,0,0,0,0
776398,2025-09-09,592450,"Judge, Aaron",NYY,DET,2025,3,3,1,0,0,0,1,0,0,1,0,0,1,4
776398,2025-09-09,596103,"Slater, Austin",NYY,DET,2025,1,1,0,0,0,0,0,0,0,1,0,0,0,0
776398,2025-09-09,641355,"Bellinger, Cody",NYY,DET,2025,4,4,1,0,0,0,1,0,0,0,0,0,1,4
776398,2025-09-09,641857,"McMahon, Ryan",NYY,DET,2025,3,3,0,0,0,0,0,0,0,3,0,0,0,0
776398,2025-09-09,663757,"Grisham, Trent",NYY,DET,2025,4,4,0,0,0,0,0,0,0,1,0,0,0,0
776398,2025-09-09,665862,"Chisholm Jr., Jazz",NYY,DET,2025,3,3,1,1,0,0,0,0,0,1,0,0,0,1
776398,2025-09-09,669224,"Wells, Austin",NYY,DET,2025,3,3,1,1,0,0,0,0,0,0,0,0,0,1
776398,2025-09-09,683011,"Volpe, Anthony",NYY,DET,2025,3,3,0,0,0,0,0,0,0,2,0,0,0,0
776398,2025-09-09,700250,"Rice, Ben",NYY,DET,2025,4,4,0,0,0,0,0,0,0,1,0,0,0,0
776409,2025-09-08,605137,"Bell, Josh",WSH,MIA,2025,6,6,4,2,0,0,2,0,0,0,0,0,6,10
776409,2025-09-08,656180,"Adams, Riley",WSH,MIA,2025,5,5,2,2,0,0,0,0,0,1,0,0,1,2
776409,2025-09-08,657557,"DeJong, Paul",WSH,MIA,2025,5,4,1,1,0,0,0,0,0,0,0,0,2,1
776409,2025-09-08,671277,"García Jr., Luis",WSH,MIA,2025,6,4,2,1,0,0,1,2,0,0,0,0,1,5
776409,2025-09-08,682928,"Abrams, CJ",WSH,MIA,2025,5,5,2,0,2,0,0,0,0,1,0,0,0,4
776409,2025-09-08,683083,"Nuñez, Nasim",WSH,MIA,2025,1,1,0,0,0,0,0,0,0,0,0,0,0,0
776409,2025-09-08,686611,"Crews, Dylan",WSH,MIA,2025,5,5,3,1,1,0,1,0,0,0,0,0,4,7
776409,2025-09-08,690987,"Hassell III, Robert",WSH,MIA,2025,5,5,1,1,0,0,0,0,0,1,0,0,0,1
776409,2025-09-08,695578,"Wood, James",WSH,MIA,2025,6,5,3,1,2,0,0,1,0,2,0,0,1,5
776409,2025-09-08,695734,"Lile, Daylen",WSH,MIA,2025,6,5,1,1,0,0,0,1,0,1,0,0,0,1
776420,2025-09-07,605137,"Bell, Josh",WSH,CHC,2025,1,1,1,0,0,0,1,0,0,0,0,0,3,4
776420,2025-09-07,656180,"Adams, Riley",WSH,CHC,2025,3,3,0,0,0,0,0,0,0,1,0,0,0,0
776420,2025-09-07,665953,"Chaparro, Andrés",WSH,CHC,2025,4,4,0,0,0,0,0,0,0,2,0,0,0,0
776420,2025-09-07,671277,"García Jr., Luis",WSH,CHC,2025,4,3,1,0,1,0,0,1,0,1,0,0,0,2
776420,2025-09-07,682928,"Abrams, CJ",WSH,CHC,2025,4,5,1,1,0,0,0,0,0,1,0,0,0,1
776420,2025-09-07,686611,"Crews, Dylan",WSH,CHC,2025,3,3,1,1,0,0,0,0,0,2,0,0,0,1
776420,2025-09-07,690987,"Hassell III, Robert",WSH,CHC,2025,3,3,1,0,0,0,1,0,0,1,0,0,1,4
776420,2025-09-07,691781,"House, Brady",WSH,CHC,2025,4,2,0,0,0,0,0,0,0,2,0,0,1,0
776420,2025-09-07,695578,"Wood, James",WSH,CHC,2025,4,3,0,0,0,0,0,1,0,1,0,0,0,0
776420,2025-09-07,695734,"Lile, Daylen",WSH,CHC,2025,4,4,2,1,0,1,0,0,0,1,0,0,0,4
776423,2025-09-07,519317,"Stanton, Giancarlo",NYY,TOR,2025,4,4,0,0,0,0,0,0,0,2,0,0,0,0
776423,2025-09-07,592450,"Judge, Aaron",NYY,TOR,2025,4,1,0,0,0,0,0,3,0,1,0,0,0,0
776423,2025-09-07,641355,"Bellinger, Cody",NYY,TOR,2025,4,4,2,1,1,0,0,0,0,0,0,0,1,3
776423,2025-09-07,641857,"McMahon, Ryan",NYY,TOR,2025,3,3,0,0,0,0,0,0,0,3,0,0,0,0
776423,2025-09-07,663757,"Grisham, Trent",NYY,TOR,2025,4,3,0,0,0,0,0,1,0,2,0,0,0,0
776423,2025-09-07,665862,"Chisholm Jr., Jazz",NYY,TOR,2025,3,2,0,0,0,0,0,1,0,0,0,0,0,0
776423,2025-09-07,669224,"Wells, Austin",NYY,TOR,2025,3,3,0,0,0,0,0,0,0,2,0,0,0,0
776423,2025-09-07,683011,"Volpe, Anthony",NYY,TOR,2025,3,3,0,0,0,0,0,0,0,3,0,0,0,0
776423,2025-09-07,700250,"Rice, Ben",NYY,TOR,2025,4,4,1,0,0,0,1,0,0,0,0,0,3,4
776436,2025-09-06,592450,"Judge, Aaron",NYY,TOR,2025,4,4,1,1,0,0,0,0,0,1,0,0,0,1
776436,2025-09-06,641355,"Bellinger, Cody",NYY,TOR,2025,4,1,0,0,0,0,0,3,0,0,0,0,0,0
776436,2025-09-06,641857,"McMahon, Ryan",NYY,TOR,2025,3,2,0,0,0,0,0,1,0,1,0,0,0,0
776436,2025-09-06,663757,"Grisham, Trent",NYY,TOR,2025,4,4,0,0,0,0,0,0,0,3,0,0,0,0
776436,2025-09-06,665862,"Chisholm Jr., Jazz",NYY,TOR,2025,4,4,1,1,0,0,0,0,0,1,0,0,0,1
776436,2025-09-06,669224,"Wells, Austin",NYY,TOR,2025,3,1,0,0,0,0,0,0,0,0,0,0,2,0
776436,2025-09-06,676609,"Caballero, José",NYY,TOR,2025,1,1,0,0,0,0,0,0,0,0,0,0,0,0
776436,2025-09-06,683011,"Volpe, Anthony",NYY,TOR,2025,4,4,1,0,1,0,0,0,0,1,0,0,0,2
776436,2025-09-06,691176,"Domínguez, Jasson",NYY,TOR,2025,3,2,1,1,0,0,0,1,0,0,0,0,1,1
776436,2025-09-06,700250,"Rice, Ben",NYY,TOR,2025,4,4,1,1,0,0,0,0,0,1,0,0,0,1
776440,2025-09-06,595751,"Alfaro, Jorge",WSH,CHC,2025,4,4,2,2,0,0,0,0,0,2,0,0,1,2
776440,2025-09-06,605137,"Bell, Josh",WSH,CHC,2025,3,3,0,0,0,0,0,0,0,0,0,0,0,0
776440,2025-09-06,665953,"Chaparro, Andrés",WSH,CHC,2025,1,1,0,0,0,0,0,0,0,1,0,0,0,0
776440,2025-09-06,682928,"Abrams, CJ",WSH,CHC,2025,4,3,1,0,1,0,0,0,1,0,0,0,0,2
776440,2025-09-06,683083,"Nuñez, Nasim",WSH,CHC,2025,3,3,0,0,0,0,0,0,0,0,0,0,0,0
776440,2025-09-06,686611,"Crews, Dylan",WSH,CHC,2025,3,3,0,0,0,0,0,0,0,1,0,0,0,0
776440,2025-09-06,691781,"House, Brady",WSH,CHC,2025,3,3,1,1,0,0,0,0,0,0,0,0,0,1
776440,2025-09-06,695578,"Wood, James",WSH,CHC,2025,4,4,1,1,0,0,0,0,0,2,0,0,0,1
776440,2025-09-06,695734,"Lile, Daylen",WSH,CHC,2025,4,4,2,1,0,0,1,0,0,0,0,0,1,5
776440,2025-09-06,696285,"Young, Jacob",WSH,CHC,2025,3,3,0,0,0,0,0,0,0,1,0,0,0,0
776455,2025-09-05,605137,"Bell, Josh",WSH,CHC,2025,4,3,1,0,1,0,0,1,0,0,0,0,0,2
776455,2025-09-05,656180,"Adams, Riley",WSH,CHC,2025,4,3,1,1,0,0,0,1,0,1,0,0,0,1
776455,2025-09-05,665953,"Chaparro, Andrés",WSH,CHC,2025,4,3,0,0,0,0,0,0,1,2,0,0,0,0
776455,2025-09-05,671277,"García Jr., Luis",WSH,CHC,2025,4,3,1,0,0,0,1,0,0,0,0,0,3,4
776455,2025-09-05,682928,"Abrams, CJ",WSH,CHC,2025,4,4,1,1,0,0,0,0,0,2,0,0,0,1
776455,2025-09-05,690987,"Hassell III, Robert",WSH,CHC,2025,3,3,0,0,0,0,0,0,0,1,0,0,0,0
776455,2025-09-05,691781,"House, Brady",WSH,CHC,2025,3,3,0,0,0,0,0,0,0,0,0,0,0,0
776455,2025-09-05,695578,"Wood, James",WSH,CHC,2025,4,4,0,0,0,0,0,0,0,2,0,0,0,0
776455,2025-09-05,695734,"Lile, Daylen",WSH,CHC,2025,4,4,2,0,0,2,0,0,0,1,0,0,2,6
776457,2025-09-05,502671,"Goldschmidt, Paul",NYY,TOR,2025,3,3,0,0,0,0,0,0,0,1,0,0,0,0
776457,2025-09-05,519317,"Stanton, Giancarlo",NYY,TOR,2025,4,4,2,1,0,0,1,0,0,1,0,0,1,5
776457,2025-09-05,592450,"Judge, Aaron",NYY,TOR,2025,4,3,1,1,0,0,0,1,0,0,0,0,0,1
776457,2025-09-05,641355,"Bellinger, Cody",NYY,TOR,2025,4,4,0,0,0,0,0,0,0,0,0,0,0,0
776457,2025-09-05,641857,"McMahon, Ryan",NYY,TOR,2025,3,2,0,0,0,0,0,1,0,1,0,0,0,0
776457,2025-09-05,663757,"Grisham, Trent",NYY,TOR,2025,4,4,1,1,0,0,0,0,0,0,0,0,0,1
776457,2025-09-05,665862,"Chisholm Jr., Jazz",NYY,TOR,2025,3,3,0,0,0,0,0,0,0,2,0,0,0,0
776457,2025-09-05,676609,"Caballero, José",NYY,TOR,2025,3,3,0,0,0,0,0,0,0,0,0,0,0,0
776457,2025-09-05,700250,"Rice, Ben",NYY,TOR,2025,4,4,0,0,0,0,0,0,0,0,0,0,0,0
776464,2025-09-04,502671,"Goldschmidt, Paul",NYY,HOU,2025,1,1,1,1,0,0,0,0,0,0,0,0,0,1
776464,2025-09-04,519317,"Stanton, Giancarlo",NYY,HOU,2025,4,3,0,0,0,0,0,1,0,1,0,0,0,0
776464,2025-09-04,592450,"Judge, Aaron",NYY,HOU,2025,5,2,0,0,0,0,0,3,0,0,0,0,0,0
776464,2025-09-04,641355,"Bellinger, Cody",NYY,HOU,2025,5,5,1,1,0,0,0,0,0,1,0,0,1,1
776464,2025-09-04,641857,"McMahon, Ryan",NYY,HOU,2025,4,4,3,2,0,0,1,0,0,0,0,0,3,6
776464,2025-09-04,663757,"Grisham, Trent",NYY,HOU,2025,5,5,2,1,0,0,1,0,0,1,0,0,3,5
776464,2025-09-04,665862,"Chisholm Jr., Jazz",NYY,HOU,2025,2,2,0,0,0,0,0,0,0,1,0,0,0,0
776464,2025-09-04,669224,"Wells, Austin",NYY,HOU,2025,4,2,0,0,0,0,0,2,0,1,0,0,0,0
776464,2025-09-04,676609,"Caballero, José",NYY,HOU,2025,3,2,0,0,0,0,0,1,0,1,0,0,1,0
776464,2025-09-04,683011,"Volpe, Anthony",NYY,HOU,2025,4,4,1,1,0,0,0,0,0,1,0,0,0,1
776464,2025-09-04,691176,"Domínguez, Jasson",NYY,HOU,2025,1,1,0,0,0,0,0,0,0,0,0,0,0,0
776464,2025-09-04,700250,"Rice, Ben",NYY,HOU,2025,4,4,1,1,0,0,0,0,0,1,0,0,0,1
776472,2025-09-03,519317,"Stanton, Giancarlo",NYY,HOU,2025,4,4,1,0,0,0,1,0,0,1,0,0,1,4
776472,2025-09-03,592450,"Judge, Aaron",NYY,HOU,2025,5,5,1,1,0,0,0,0,0,0,0,0,0,1
776472,2025-09-03,641355,"Bellinger, Cody",NYY,HOU,2025,5,4,1,0,0,0,1,1,0,0,0,0,3,4
776472,2025-09-03,641857,"McMahon, Ryan",NYY,HOU,2025,4,3,2,1,1,0,0,0,0,0,0,0,1,3
776472,2025-09-03,663757,"Grisham, Trent",NYY,HOU,2025,5,4,0,0,0,0,0,1,0,3,0,0,0,0
776472,2025-09-03,665862,"Chisholm Jr., Jazz",NYY,HOU,2025,5,5,1,1,0,0,0,0,0,3,0,0,0,1
776472,2025-09-03,669224,"Wells, Austin",NYY,HOU,2025,4,4,3,0,2,0,1,0,0,0,0,0,2,8
776472,2025-09-03,683011,"Volpe, Anthony",NYY,HOU,2025,3,3,0,0,0,0,0,0,0,3,0,0,0,0
776472,2025-09-03,691176,"Domínguez, Jasson",NYY,HOU,2025,1,1,0,0,0,0,0,0,0,0,0,0,0,0
776472,2025-09-03,700250,"Rice, Ben",NYY,HOU,2025,4,4,2,2,0,0,0,0,0,0,0,0,0,2
776477,2025-09-03,595751,"Alfaro, Jorge",WSH,MIA,2025,4,4,1,0,1,0,0,0,0,1,0,0,1,2
776477,2025-09-03,605137,"Bell, Josh",WSH,MIA,2025,4,3,0,0,0,0,0,1,0,0,0,0,0,0
776477,2025-09-03,671277,"García Jr., Luis",WSH,MIA,2025,4,4,1,1,0,0,0,0,0,1,0,0,2,1
776477,2025-09-03,683083,"Nuñez, Nasim",WSH,MIA,2025,4,4,3,1,0,0,2,0,0,0,0,0,4,9
776477,2025-09-03,686611,"Crews, Dylan",WSH,MIA,2025,4,4,0,0,0,0,0,0,0,3,0,0,0,0
776477,2025-09-03,690987,"Hassell III, Robert",WSH,MIA,2025,4,3,1,0,1,0,0,1,0,1,0,0,0,2
776477,2025-09-03,691781,"House, Brady",WSH,MIA,2025,4,4,2,1,0,0,1,0,0,1,0,0,2,5
776477,2025-09-03,695578,"Wood, James",WSH,MIA,2025,5,4,1,1,0,0,0,1,0,1,0,0,0,1
776477,2025-09-03,695734,"Lile, Daylen",WSH,MIA,2025,5,5,2,2,0,0,0,0,0,0,0,0,1,2
776482,2025-09-02,605137,"Bell, Josh",WSH,MIA,2025,4,4,0,0,0,0,0,0,0,1,0,0,0,0
776482,2025-09-02,656180,"Adams, Riley",WSH,MIA,2025,4,4,1,0,1,0,0,0,0,1,0,0,1,2
776482,2025-09-02,657557,"DeJong, Paul",WSH,MIA,2025,4,4,0,0,0,0,0,0,0,2,0,0,0,0
776482,2025-09-02,671277,"García Jr., Luis",WSH,MIA,2025,4,4,0,0,0,0,0,0,0,0,0,0,0,0
776482,2025-09-02,682928,"Abrams, CJ",WSH,MIA,2025,4,4,1,0,1,0,0,0,0,0,0,0,0,2
776482,2025-09-02,686611,"Crews, Dylan",WSH,MIA,2025,4,3,1,0,1,0,0,1,0,1,0,0,0,2
776482,2025-09-02,690987,"Hassell III, Robert",WSH,MIA,2025,2,2,1,1,0,0,0,0,0,1,0,0,0,1
776482,2025-09-02,695578,"Wood, James",WSH,MIA,2025,5,5,2,1,0,0,1,0,0,2,0,0,2,5
776482,2025-09-02,695734,"Lile, Daylen",WSH,MIA,2025,4,4,2,1,1,0,0,0,0,1,0,0,1,3
776482,2025-09-02,696285,"Young, Jacob",WSH,MIA,2025,2,2,2,2,0,0,0,0,0,0,0,0,1,2
776489,2025-09-02,502671,"Goldschmidt, Paul",NYY,HOU,2025,5,4,1,1,0,0,0,1,0,1,0,0,0,1
776489,2025-09-02,519317,"Stanton, Giancarlo",NYY,HOU,2025,4,4,0,0,0,0,0,0,0,2,0,0,0,0
776489,2025-09-02,592450,"Judge, Aaron",NYY,HOU,2025,5,5,2,2,0,0,0,0,0,1,0,0,0,2
776489,2025-09-02,641355,"Bellinger, Cody",NYY,HOU,2025,5,5,1,1,0,0,0,0,0,2,0,0,0,1
776489,2025-09-02,641857,"McMahon, Ryan",NYY,HOU,2025,3,2,0,0,0,0,0,1,0,1,0,0,0,0
776489,2025-09-02,663757,"Grisham, Trent",NYY,HOU,2025,4,4,2,1,0,0,1,0,0,1,0,0,4,5
776489,2025-09-02,665862,"Chisholm Jr., Jazz",NYY,HOU,2025,4,4,3,1,0,0,2,0,0,1,0,0,3,9
776489,2025-09-02,669224,"Wells, Austin",NYY,HOU,2025,4,4,1,0,1,0,0,0,0,2,0,0,0,2
776489,2025-09-02,676609,"Caballero, José",NYY,HOU,2025,1,1,1,0,1,0,0,0,0,0,0,0,0,2
776489,2025-09-02,683011,"Volpe, Anthony",NYY,HOU,2025,4,4,0,0,0,0,0,0,0,1,0,0,0,0
776489,2025-09-02,691176,"Domínguez, Jasson",NYY,HOU,2025,1,1,0,0,0,0,0,0,0,1,0,0,0,0
776498,2025-09-01,605137,"Bell, Josh",WSH,MIA,2025,3,3,0,0,0,0,0,0,0,1,0,0,0,0
776498,2025-09-01,665953,"Chaparro, Andrés",WSH,MIA,2025,3,2,0,0,0,0,0,0,0,0,0,0,1,0
776498,2025-09-01,667690,"Stubbs, C.J.",WSH,MIA,2025,3,3,0,0,0,0,0,0,0,0,0,0,0,0
776498,2025-09-01,671277,"García Jr., Luis",WSH,MIA,2025,3,3,2,2,0,0,0,0,0,0,0,0,0,2
776498,2025-09-01,682928,"Abrams, CJ",WSH,MIA,2025,3,3,0,0,0,0,0,0,0,0,0,0,0,0
776498,2025-09-01,690987,"Hassell III, Robert",WSH,MIA,2025,3,3,0,0,0,0,0,0,0,2,0,0,0,0
776498,2025-09-01,691781,"House, Brady",WSH,MIA,2025,3,3,0,0,0,0,0,0,0,1,0,0,0,0
776498,2025-09-01,695578,"Wood, James",WSH,MIA,2025,4,4,0,0,0,0,0,0,0,3,0,0,0,0
776498,2025-09-01,695734,"Lile, Daylen",WSH,MIA,2025,3,2,1,0,0,1,0,1,0,0,0,0,1,3
776514,2025-08-31,502671,"Goldschmidt, Paul",NYY,CWS,2025,5,5,0,0,0,0,0,0,0,1,0,0,0,0
776514,2025-08-31,519317,"Stanton, Giancarlo",NYY,CWS,2025,4,2,0,0,0,0,0,2,0,1,0,0,0,0
776514,2025-08-31,592450,"Judge, Aaron",NYY,CWS,2025,5,5,3,1,1,0,1,0,0,0,0,0,1,7
776514,2025-08-31,641355,"Bellinger, Cody",NYY,CWS,2025,5,5,1,0,1,0,0,0,0,3,0,0,1,2
776514,2025-08-31,642708,"Rosario, Amed",NYY,CWS,2025,4,4,1,1,0,0,0,0,0,1,0,0,0,1
776514,2025-08-31,663757,"Grisham, Trent",NYY,CWS,2025,2,0,0,0,0,0,0,2,0,0,0,0,0,0
776514,2025-08-31,665862,"Chisholm Jr., Jazz",NYY,CWS,2025,4,3,0,0,0,0,0,1,0,1,0,0,0,0
776514,2025-08-31,676609,"Caballero, José",NYY,CWS,2025,2,2,0,0,0,0,0,0,0,1,0,0,0,0
776514,2025-08-31,683011,"Volpe, Anthony",NYY,CWS,2025,4,3,1,1,0,0,0,1,0,1,0,0,0,1
776514,2025-08-31,700250,"Rice, Ben",NYY,CWS,2025,4,4,0,0,0,0,0,0,0,1,0,0,0,0
776520,2025-08-31,656180,"Adams, Riley",WSH,TB,2025,4,3,0,0,0,0,0,1,0,1,0,0,0,0
776520,2025-08-31,657557,"DeJong, Paul",WSH,TB,2025,3,3,0,0,0,0,0,0,0,3,0,0,0,0
776520,2025-08-31,665953,"Chaparro, Andrés",WSH,TB,2025,4,4,1,1,0,0,0,0,0,3,0,0,0,1
776520,2025-08-31,671277,"García Jr., Luis",WSH,TB,2025,1,1,0,0,0,0,0,0,0,1,0,0,0,0
776520,2025-08-31,682928,"Abrams, CJ",WSH,TB,2025,4,4,0,0,0,0,0,0,0,2,0,0,0,0
776520,2025-08-31,686611,"Crews, Dylan",WSH,TB,2025,4,4,1,1,0,0,0,0,0,1,0,0,0,1
776520,2025-08-31,691781,"House, Brady",WSH,TB,2025,4,4,2,2,0,0,0,0,0,1,0,0,2,2
776520,2025-08-31,695578,"Wood, James",WSH,TB,2025,4,3,0,0,0,0,0,1,0,3,0,0,0,0
776520,2025-08-31,695734,"Lile, Daylen",WSH,TB,2025,4,4,2,2,0,0,0,0,0,1,0,0,0,2
776520,2025-08-31,696285,"Young, Jacob",WSH,TB,2025,3,3,1,0,1,0,0,0,0,0,0,0,1,2
776525,2025-08-30,605137,"Bell, Josh",WSH,TB,2025,4,3,1,1,0,0,0,1,0,0,0,0,0,1
776525,2025-08-30,656180,"Adams, Riley",WSH,TB,2025,4,4,0,0,0,0,0,0,0,2,0,0,0,0
776525,2025-08-30,657557,"DeJong, Paul",WSH,TB,2025,4,4,0,0,0,0,0,0,0,4,0,0,0,0
776525,2025-08-30,671277,"García Jr., Luis",WSH,TB,2025,4,4,1,0,1,0,0,0,0,1,0,0,0,2
776525,2025-08-30,682928,"Abrams, CJ",WSH,TB,2025,4,2,0,0,0,0,0,2,0,1,0,0,0,0
776525,2025-08-30,686611,"Crews, Dylan",WSH,TB,2025,4,3,0,0,0,0,0,1,0,2,0,0,0,0
776525,2025-08-30,690987,"Hassell III, Robert",WSH,TB,2025,3,3,1,1,0,0,0,0,0,2,0,0,0,1
776525,2025-08-30,695578,"Wood, James",WSH,TB,2025,4,3,1,1,0,0,0,1,0,0,0,0,1,1
776525,2025-08-30,695734,"Lile, Daylen",WSH,TB,2025,4,4,0,0,0,0,0,0,0,0,0,0,0,0
776529,2025-08-30,502671,"Goldschmidt, Paul",NYY,CWS,2025,1,1,0,0,0,0,0,0,0,0,0,0,0,0
776529,2025-08-30,519317,"Stanton, Giancarlo",NYY,CWS,2025,1,1,0,0,0,0,0,0,0,0,0,0,0,0
776529,2025-08-30,592450,"Judge, Aaron",NYY,CWS,2025,5,4,1,0,0,0,1,1,0,0,0,0,1,4
776529,2025-08-30,641355,"Bellinger, Cody",NYY,CWS,2025,5,5,1,1,0,0,0,0,0,2,0,0,1,1
776529,2025-08-30,641857,"McMahon, Ryan",NYY,CWS,2025,5,4,1,0,1,0,0,1,0,1,0,0,0,2
776529,2025-08-30,663757,"Grisham, Trent",NYY,CWS,2025,5,4,0,0,0,0,0,1,0,2,0,0,0,0
776529,2025-08-30,665862,"Chisholm Jr., Jazz",NYY,CWS,2025,5,4,1,0,1,0,0,1,0,1,0,0,1,2
776529,2025-08-30,669224,"Wells, Austin",NYY,CWS,2025,5,5,1,0,0,0,1,0,0,1,0,0,1,4
776529,2025-08-30,676609,"Caballero, José",NYY,CWS,2025,1,0,0,0,0,0,0,1,0,0,0,0,0,0
776529,2025-08-30,683011,"Volpe, Anthony",NYY,CWS,2025,5,4,1,0,1,0,0,0,0,2,0,0,1,2
776529,2025-08-30,691176,"Domínguez, Jasson",NYY,CWS,2025,2,2,0,0,0,0,0,0,0,0,0,0,0,0
776529,2025-08-30,700250,"Rice, Ben",NYY,CWS,2025,4,4,0,0,0,0,0,0,0,2,0,0,0,0
776544,2025-08-29,519317,"Stanton, Giancarlo",NYY,CWS,2025,4,3,0,0,0,0,0,0,0,2,0,0,0,0
776544,2025-08-29,592450,"Judge, Aaron",NYY,CWS,2025,5,2,0,0,0,0,0,3,0,1,0,0,0,0
776544,2025-08-29,641355,"Bellinger, Cody",NYY,CWS,2025,4,3,0,0,0,0,0,1,0,0,0,0,0,0
776544,2025-08-29,641857,"McMahon, Ryan",NYY,CWS,2025,5,4,1,1,0,0,0,1,0,2,0,0,0,1
776544,2025-08-29,663757,"Grisham, Trent",NYY,CWS,2025,5,4,1,0,0,0,1,1,0,3,0,0,4,4
776544,2025-08-29,665862,"Chisholm Jr., Jazz",NYY,CWS,2025,5,3,0,0,0,0,0,2,0,1,0,0,0,0
776544,2025-08-29,669224,"Wells, Austin",NYY,CWS,2025,4,3,2,2,0,0,0,1,0,1,0,0,1,2
776544,2025-08-29,676609,"Caballero, José",NYY,CWS,2025,1,1,0,0,0,0,0,0,0,0,0,0,0,0
776544,2025-08-29,683011,"Volpe, Anthony",NYY,CWS,2025,4,4,2,1,0,0,1,0,0,1,0,0,3,5
776544,2025-08-29,691176,"Domínguez, Jasson",NYY,CWS,2025,1,1,0,0,0,0,0,0,0,1,0,0,0,0
776544,2025-08-29,700250,"Rice, Ben",NYY,CWS,2025,5,5,1,1,0,0,0,0,0,2,0,0,1,1
776545,2025-08-29,605137,"Bell, Josh",WSH,TB,2025,5,4,1,1,0,0,0,1,0,1,0,0,0,1
776545,2025-08-29,656180,"Adams, Riley",WSH,TB,2025,5,5,1,1,0,0,0,0,0,2,0,0,0,1
776545,2025-08-29,657557,"DeJong, Paul",WSH,TB,2025,4,4,2,2,0,0,0,0,0,0,0,0,0,2
776545,2025-08-29,665953,"Chaparro, Andrés",WSH,TB,2025,1,1,0,0,0,0,0,0,0,1,0,0,0,0
776545,2025-08-29,671277,"García Jr., Luis",WSH,TB,2025,3,2,0,0,0,0,0,0,0,1,0,0,1,0
776545,2025-08-29,682928,"Abrams, CJ",WSH,TB,2025,5,5,3,2,1,0,0,0,0,1,0,0,0,4
776545,2025-08-29,686611,"Crews, Dylan",WSH,TB,2025,4,4,3,3,0,0,0,0,0,0,0,0,0,3
776545,2025-08-29,690987,"Hassell III, Robert",WSH,TB,2025,4,4,0,0,0,0,0,0,0,1,0,0,0,0
776545,2025-08-29,691781,"House, Brady",WSH,TB,2025,1,1,1,0,1,0,0,0,0,0,0,0,0,2
776545,2025-08-29,695578,"Wood, James",WSH,TB,2025,5,2,0,0,0,0,0,3,0,1,0,0,0,0
776545,2025-08-29,695734,"Lile, Daylen",WSH,TB,2025,4,4,1,1,0,0,0,0,0,1,0,0,0,1
776556,2025-08-28,502671,"Goldschmidt, Paul",NYY,CWS,2025,5,4,0,0,0,0,0,0,0,1,0,0,1,0
776556,2025-08-28,519317,"Stanton, Giancarlo",NYY,CWS,2025,4,4,0,0,0,0,0,0,0,1,0,0,0,0
776556,2025-08-28,592450,"Judge, Aaron",NYY,CWS,2025,5,3,1,1,0,0,0,2,0,1,0,0,1,1
776556,2025-08-28,641355,"Bellinger, Cody",NYY,CWS,2025,5,4,3,1,1,0,1,1,0,0,0,0,2,7
776556,2025-08-28,641857,"McMahon, Ryan",NYY,CWS,2025,5,5,1,0,1,0,0,0,0,2,0,0,0,2
776556,2025-08-28,663757,"Grisham, Trent",NYY,CWS,2025,5,4,1,0,0,0,1,1,0,1,0,0,2,4
776556,2025-08-28,665862,"Chisholm Jr., Jazz",NYY,CWS,2025,5,4,2,1,0,0,1,0,0,0,0,0,2,5
776556,2025-08-28,676609,"Caballero, José",NYY,CWS,2025,1,1,0,0,0,0,0,0,0,1,0,0,0,0
776556,2025-08-28,683011,"Volpe, Anthony",NYY,CWS,2025,4,3,2,1,1,0,0,0,0,0,0,0,1,3
776556,2025-08-28,700250,"Rice, Ben",NYY,CWS,2025,5,5,2,2,0,0,0,0,0,3,0,0,1,2
776570,2025-08-27,592450,"Judge, Aaron",NYY,WSH,2025,5,4,2,1,0,0,1,0,1,1,0,0,2,5
776570,2025-08-27,605137,"Bell, Josh",WSH,NYY,2025,1,1,1,1,0,0,0,0,0,0,0,0,0,1
776570,2025-08-27,641355,"Bellinger, Cody",NYY,WSH,2025,5,4,3,2,0,0,1,1,0,0,0,0,1,6
776570,2025-08-27,641857,"McMahon, Ryan",NYY,WSH,2025,4,4,1,0,0,0,1,0,0,1,0,0,3,4
776570,2025-08-27,656180,"Adams, Riley",WSH,NYY,2025,4,3,0,0,0,0,0,1,0,1,0,0,0,0
776570,2025-08-27,663757,"Grisham, Trent",NYY,WSH,2025,5,5,1,0,0,0,1,0,0,1,0,0,1,4
776570,2025-08-27,665862,"Chisholm Jr., Jazz",NYY,WSH,2025,5,2,0,0,0,0,0,3,0,2,0,0,0,0
776570,2025-08-27,665953,"Chaparro, Andrés",WSH,NYY,2025,4,3,1,0,0,0,1,1,0,0,0,0,1,4
776570,2025-08-27,669224,"Wells, Austin",NYY,WSH,2025,4,3,1,0,0,0,1,0,0,2,0,0,1,4
776570,2025-08-27,671277,"García Jr., Luis",WSH,NYY,2025,4,4,0,0,0,0,0,0,0,0,0,0,0,0
776570,2025-08-27,682928,"Abrams, CJ",WSH,NYY,2025,4,4,1,1,0,0,0,0,0,1,0,0,1,1
776570,2025-08-27,683011,"Volpe, Anthony",NYY,WSH,2025,5,5,0,0,0,0,0,0,0,2,0,0,0,0
776570,2025-08-27,686452,"Millas, Drew",WSH,NYY,2025,1,1,0,0,0,0,0,0,0,0,0,0,0,0
776570,2025-08-27,686611,"Crews, Dylan",WSH,NYY,2025,4,4,0,0,0,0,0,0,0,0,0,0,0,0
776570,2025-08-27,690987,"Hassell III, Robert",WSH,NYY,2025,1,1,0,0,0,0,0,0,0,0,0,0,0,0
776570,2025-08-27,691176,"Domínguez, Jasson",NYY,WSH,2025,5,5,2,1,1,0,0,0,0,2,0,0,2,3
776570,2025-08-27,691781,"House, Brady",WSH,NYY,2025,3,3,0,0,0,0,0,0,0,2,0,0,0,0
776570,2025-08-27,695578,"Wood, James",WSH,NYY,2025,4,4,2,1,1,0,0,0,0,1,0,0,0,3
776570,2025-08-27,696285,"Young, Jacob",WSH,NYY,2025,3,3,1,1,0,0,0,0,0,0,0,0,0,1
776570,2025-08-27,700250,"Rice, Ben",NYY,WSH,2025,5,5,3,2,0,0,1,0,0,1,0,0,1,6
776570,2025-08-27,829272,"Ogasawara, Shinnosuke",WSH,NYY,2025,1,1,0,0,0,0,0,0,0,1,0,0,0,0
776588,2025-08-26,502671,"Goldschmidt, Paul",NYY,WSH,2025,5,5,1,0,1,0,0,0,0,0,0,0,0,2
776588,2025-08-26,519317,"Stanton, Giancarlo",NYY,WSH,2025,3,3,2,0,1,0,1,0,0,0,0,0,5,6
776588,2025-08-26,592450,"Judge, Aaron",NYY,WSH,2025,4,3,0,0,0,0,0,1,0,2,0,0,0,0
776588,2025-08-26,605137,"Bell, Josh",WSH,NYY,2025,4,5,1,1,0,0,0,0,0,0,0,0,0,1
776588,2025-08-26,641355,"Bellinger, Cody",NYY,WSH,2025,4,3,2,1,1,0,0,1,0,0,0,0,0,3
776588,2025-08-26,641857,"McMahon, Ryan",NYY,WSH,2025,2,1,0,0,0,0,0,1,0,1,0,0,0,0
776588,2025-08-26,642708,"Rosario, Amed",NYY,WSH,2025,2,2,0,0,0,0,0,0,0,0,0,0,0,0
776588,2025-08-26,656180,"Adams, Riley",WSH,NYY,2025,4,3,1,1,0,0,0,1,0,2,0,0,0,1
776588,2025-08-26,663757,"Grisham, Trent",NYY,WSH,2025,4,2,0,0,0,0,0,2,0,0,0,0,0,0
776588,2025-08-26,665862,"Chisholm Jr., Jazz",NYY,WSH,2025,4,4,1,1,0,0,0,0,0,0,0,0,0,1
776588,2025-08-26,669224,"Wells, Austin",NYY,WSH,2025,4,3,0,0,0,0,0,1,0,2,0,0,0,0
776588,2025-08-26,671277,"García Jr., Luis",WSH,NYY,2025,4,4,0,0,0,0,0,0,0,3,0,0,0,0
776588,2025-08-26,676609,"Caballero, José",NYY,WSH,2025,1,0,0,0,0,0,0,1,0,0,0,0,0,0
776588,2025-08-26,682928,"Abrams, CJ",WSH,NYY,2025,4,4,3,3,0,0,0,0,0,0,0,0,1,3
776588,2025-08-26,683011,"Volpe, Anthony",NYY,WSH,2025,4,4,0,0,0,0,0,0,0,1,0,0,0,0
776588,2025-08-26,686611,"Crews, Dylan",WSH,NYY,2025,4,2,0,0,0,0,0,1,1,0,0,0,0,0
776588,2025-08-26,690987,"Hassell III, Robert",WSH,NYY,2025,4,3,2,1,1,0,0,1,0,1,0,0,0,3
776588,2025-08-26,691781,"House, Brady",WSH,NYY,2025,4,4,0,0,0,0,0,0,0,3,0,0,0,0
776588,2025-08-26,695578,"Wood, James",WSH,NYY,2025,5,4,1,0,1,0,0,1,0,0,0,0,0,2
776588,2025-08-26,696285,"Young, Jacob",WSH,NYY,2025,4,4,0,0,0,0,0,0,0,3,0,0,0,0
776597,2025-08-25,502671,"Goldschmidt, Paul",NYY,WSH,2025,4,4,2,1,1,0,0,0,0,2,0,0,0,3
776597,2025-08-25,592450,"Judge, Aaron",NYY,WSH,2025,5,4,1,0,1,0,0,1,0,0,0,0,1,2
776597,2025-08-25,605137,"Bell, Josh",WSH,NYY,2025,4,4,1,1,0,0,0,0,0,0,0,0,0,1
776597,2025-08-25,641355,"Bellinger, Cody",NYY,WSH,2025,4,3,2,2,0,0,0,0,0,0,0,0,3,2
776597,2025-08-25,641857,"McMahon, Ryan",NYY,WSH,2025,4,4,1,1,0,0,0,0,0,1,0,0,0,1
776597,2025-08-25,642708,"Rosario, Amed",NYY,WSH,2025,1,1,0,0,0,0,0,0,0,0,0,0,0,0
776597,2025-08-25,656180,"Adams, Riley",WSH,NYY,2025,4,4,1,1,0,0,0,0,0,1,0,0,0,1
776597,2025-08-25,657557,"DeJong, Paul",WSH,NYY,2025,4,5,1,1,0,0,0,0,0,2,0,0,0,1
776597,2025-08-25,663757,"Grisham, Trent",NYY,WSH,2025,5,4,2,2,0,0,0,0,1,2,0,0,0,2
776597,2025-08-25,665862,"Chisholm Jr., Jazz",NYY,WSH,2025,4,3,1,0,0,0,1,1,0,1,0,0,2,4
776597,2025-08-25,671277,"García Jr., Luis",WSH,NYY,2025,4,4,2,2,0,0,0,0,0,2,0,0,0,2
776597,2025-08-25,676609,"Caballero, José",NYY,WSH,2025,4,4,1,1,0,0,0,0,0,1,0,0,0,1
776597,2025-08-25,682928,"Abrams, CJ",WSH,NYY,2025,4,3,1,1,0,0,0,1,0,1,0,0,0,1
776597,2025-08-25,686611,"Crews, Dylan",WSH,NYY,2025,4,3,0,0,0,0,0,1,0,2,0,0,0,0
776597,2025-08-25,690987,"Hassell III, Robert",WSH,NYY,2025,4,2,0,0,0,0,0,2,0,0,0,0,1,0
776597,2025-08-25,691176,"Domínguez, Jasson",NYY,WSH,2025,4,4,1,0,0,0,1,0,0,1,0,0,3,4
776597,2025-08-25,695578,"Wood, James",WSH,NYY,2025,5,5,2,2,0,0,0,0,0,3,0,0,0,2
776597,2025-08-25,696285,"Young, Jacob",WSH,NYY,2025,4,3,1,0,0,0,1,1,0,1,0,0,4,4
776597,2025-08-25,700250,"Rice, Ben",NYY,WSH,2025,5,3,1,0,0,0,1,2,0,0,0,0,1,4
776613,2025-08-24,605137,"Bell, Josh",WSH,PHI,2025,1,1,0,0,0,0,0,0,0,0,0,0,0,0
776613,2025-08-24,656180,"Adams, Riley",WSH,PHI,2025,4,4,1,1,0,0,0,0,0,1,0,0,0,1
776613,2025-08-24,657557,"DeJong, Paul",WSH,PHI,2025,3,3,0,0,0,0,0,0,0,2,0,0,0,0
776613,2025-08-24,665953,"Chaparro, Andrés",WSH,PHI,2025,3,3,0,0,0,0,0,0,0,1,0,0,0,0
776613,2025-08-24,671277,"García Jr., Luis",WSH,PHI,2025,1,1,1,0,0,0,1,0,0,0,0,0,1,4
776613,2025-08-24,682928,"Abrams, CJ",WSH,PHI,2025,4,4,0,0,0,0,0,0,0,2,0,0,0,0
776613,2025-08-24,686611,"Crews, Dylan",WSH,PHI,2025,4,4,0,0,0,0,0,0,0,1,0,0,0,0
776613,2025-08-24,690987,"Hassell III, Robert",WSH,PHI,2025,3,2,0,0,0,0,0,1,0,1,0,0,0,0
776613,2025-08-24,691781,"House, Brady",WSH,PHI,2025,3,3,1,1,0,0,0,0,0,1,0,0,0,1
776613,2025-08-24,695578,"Wood, James",WSH,PHI,2025,4,4,0,0,0,0,0,0,0,3,0,0,0,0
776613,2025-08-24,696285,"Young, Jacob",WSH,PHI,2025,3,2,2,1,1,0,0,1,0,0,0,0,0,3
776616,2025-08-24,502671,"Goldschmidt, Paul",NYY,BOS,2025,1,1,1,1,0,0,0,0,0,0,0,0,0,1
776616,2025-08-24,519317,"Stanton, Giancarlo",NYY,BOS,2025,3,3,2,1,1,0,0,0,0,1,0,0,0,3
776616,2025-08-24,592450,"Judge, Aaron",NYY,BOS,2025,4,3,0,0,0,0,0,1,0,2,0,0,0,0
776616,2025-08-24,641355,"Bellinger, Cody",NYY,BOS,2025,4,4,0,0,0,0,0,0,0,0,0,0,0,0
776616,2025-08-24,641857,"McMahon, Ryan",NYY,BOS,2025,4,3,0,0,0,0,0,0,1,2,0,0,0,0
776616,2025-08-24,663757,"Grisham, Trent",NYY,BOS,2025,4,2,2,0,0,0,2,2,0,0,0,0,2,8
776616,2025-08-24,665862,"Chisholm Jr., Jazz",NYY,BOS,2025,4,4,2,0,0,0,2,0,0,0,0,0,4,8
776616,2025-08-24,669224,"Wells, Austin",NYY,BOS,2025,3,3,0,0,0,0,0,0,0,1,0,0,0,0
776616,2025-08-24,676609,"Caballero, José",NYY,BOS,2025,4,3,0,0,0,0,0,0,0,0,0,0,1,0
776616,2025-08-24,700250,"Rice, Ben",NYY,BOS,2025,4,3,0,0,0,0,0,1,0,1,0,0,0,0
776627,2025-08-23,502671,"Goldschmidt, Paul",NYY,BOS,2025,3,3,1,1,0,0,0,0,0,1,0,0,0,1
776627,2025-08-23,519317,"Stanton, Giancarlo",NYY,BOS,2025,4,4,1,0,0,0,1,0,0,3,0,0,1,4
776627,2025-08-23,592450,"Judge, Aaron",NYY,BOS,2025,4,4,1,0,1,0,0,0,0,2,0,0,0,2
776627,2025-08-23,641355,"Bellinger, Cody",NYY,BOS,2025,4,4,2,2,0,0,0,0,0,1,0,0,0,2
776627,2025-08-23,642708,"Rosario, Amed",NYY,BOS,2025,3,3,2,2,0,0,0,0,0,0,0,0,0,2
776627,2025-08-23,663757,"Grisham, Trent",NYY,BOS,2025,4,4,0,0,0,0,0,0,0,1,0,0,0,0
776627,2025-08-23,665862,"Chisholm Jr., Jazz",NYY,BOS,2025,1,1,0,0,0,0,0,0,0,1,0,0,0,0
776627,2025-08-23,669224,"Wells, Austin",NYY,BOS,2025,4,4,0,0,0,0,0,0,0,2,0,0,0,0
776627,2025-08-23,676609,"Caballero, José",NYY,BOS,2025,4,2,0,0,0,0,0,2,0,1,0,0,0,0
776627,2025-08-23,683011,"Volpe, Anthony",NYY,BOS,2025,4,3,0,0,0,0,0,0,0,1,0,0,0,0
776627,2025-08-23,700250,"Rice, Ben",NYY,BOS,2025,1,1,0,0,0,0,0,0,0,0,0,0,0,0
776628,2025-08-23,605137,"Bell, Josh",WSH,PHI,2025,3,4,0,0,0,0,0,0,0,0,0,0,0,0
776628,2025-08-23,665953,"Chaparro, Andrés",WSH,PHI,2025,1,1,0,0,0,0,0,0,0,1,0,0,0,0
776628,2025-08-23,671277,"García Jr., Luis",WSH,PHI,2025,4,4,3,1,1,0,1,0,0,0,0,0,2,7
776628,2025-08-23,682928,"Abrams, CJ",WSH,PHI,2025,5,5,1,0,0,0,1,0,0,2,0,0,1,4
776628,2025-08-23,686452,"Millas, Drew",WSH,PHI,2025,4,3,0,0,0,0,0,1,0,1,0,0,0,0
776628,2025-08-23,686611,"Crews, Dylan",WSH,PHI,2025,4,4,1,1,0,0,0,0,0,1,0,0,0,1
776628,2025-08-23,690987,"Hassell III, Robert",WSH,PHI,2025,4,4,1,1,0,0,0,0,0,2,0,0,0,1
776628,2025-08-23,691781,"House, Brady",WSH,PHI,2025,4,4,1,0,1,0,0,0,0,2,0,0,1,2
776628,2025-08-23,695578,"Wood, James",WSH,PHI,2025,5,5,2,1,1,0,0,0,0,3,0,0,0,3
776628,2025-08-23,695734,"Lile, Daylen",WSH,PHI,2025,4,3,0,0,0,0,0,0,1,0,0,0,0,0
776647,2025-08-22,502671,"Goldschmidt, Paul",NYY,BOS,2025,1,1,0,0,0,0,0,0,0,0,0,0,0,0
776647,2025-08-22,519317,"Stanton, Giancarlo",NYY,BOS,2025,1,1,0,0,0,0,0,0,0,1,0,0,0,0
776647,2025-08-22,592450,"Judge, Aaron",NYY,BOS,2025,3,3,0,0,0,0,0,0,0,1,0,0,0,0
776647,2025-08-22,641355,"Bellinger, Cody",NYY,BOS,2025,3,3,0,0,0,0,0,0,0,0,0,0,0,0
776647,2025-08-22,641857,"McMahon, Ryan",NYY,BOS,2025,2,2,0,0,0,0,0,0,0,1,0,0,0,0
776647,2025-08-22,663757,"Grisham, Trent",NYY,BOS,2025,4,4,1,1,0,0,0,0,0,2,0,0,0,1
776647,2025-08-22,665862,"Chisholm Jr., Jazz",NYY,BOS,2025,3,3,0,0,0,0,0,0,0,1,0,0,0,0
776647,2025-08-22,669224,"Wells, Austin",NYY,BOS,2025,2,2,1,1,0,0,0,0,0,1,0,0,0,1
776647,2025-08-22,683011,"Volpe, Anthony",NYY,BOS,2025,3,3,0,0,0,0,0,0,0,1,0,0,0,0
776647,2025-08-22,691176,"Domínguez, Jasson",NYY,BOS,2025,3,2,0,0,0,0,0,1,0,0,0,0,0,0
776647,2025-08-22,700250,"Rice, Ben",NYY,BOS,2025,4,4,1,1,0,0,0,0,0,1,0,0,0,1
776648,2025-08-22,605137,"Bell, Josh",WSH,PHI,2025,3,1,0,0,0,0,0,2,0,0,0,0,0,0
776648,2025-08-22,656180,"Adams, Riley",WSH,PHI,2025,4,4,1,0,0,0,1,0,0,1,0,0,3,4
776648,2025-08-22,665953,"Chaparro, Andrés",WSH,PHI,2025,1,1,0,0,0,0,0,0,0,0,0,0,0,0
776648,2025-08-22,671277,"García Jr., Luis",WSH,PHI,2025,4,4,0,0,0,0,0,0,0,2,0,0,0,0
776648,2025-08-22,682928,"Abrams, CJ",WSH,PHI,2025,4,4,1,1,0,0,0,0,0,0,0,0,0,1
776648,2025-08-22,686611,"Crews, Dylan",WSH,PHI,2025,4,4,2,1,1,0,0,0,0,0,0,0,0,3
776648,2025-08-22,690987,"Hassell III, Robert",WSH,PHI,2025,2,2,0,0,0,0,0,0,0,2,0,0,0,0
776648,2025-08-22,691781,"House, Brady",WSH,PHI,2025,4,4,0,0,0,0,0,0,0,2,0,0,0,0
776648,2025-08-22,695578,"Wood, James",WSH,PHI,2025,4,3,2,1,1,0,0,1,0,1,0,0,0,3
776648,2025-08-22,695734,"Lile, Daylen",WSH,PHI,2025,4,2,2,2,0,0,0,1,0,0,0,0,1,2
776648,2025-08-22,696285,"Young, Jacob",WSH,PHI,2025,2,2,0,0,0,0,0,0,0,1,0,0,0,0
776650,2025-08-21,656180,"Adams, Riley",WSH,NYM,2025,4,3,2,2,0,0,0,0,1,1,0,0,2,2
776650,2025-08-21,657557,"DeJong, Paul",WSH,NYM,2025,5,4,0,0,0,0,0,0,0,1,0,0,1,0
776650,2025-08-21,665953,"Chaparro, Andrés",WSH,NYM,2025,4,3,1,1,0,0,0,1,0,2,0,0,0,1
776650,2025-08-21,682928,"Abrams, CJ",WSH,NYM,2025,5,3,0,0,0,0,0,1,1,2,0,0,0,0
776650,2025-08-21,686611,"Crews, Dylan",WSH,NYM,2025,4,3,0,0,0,0,0,1,0,2,0,0,1,0
776650,2025-08-21,691781,"House, Brady",WSH,NYM,2025,4,4,3,2,1,0,0,0,0,1,0,0,1,4
776650,2025-08-21,695578,"Wood, James",WSH,NYM,2025,5,5,1,0,0,0,1,0,0,3,0,0,3,4
776650,2025-08-21,695734,"Lile, Daylen",WSH,NYM,2025,4,4,1,1,0,0,0,0,0,0,0,0,0,1
776650,2025-08-21,696285,"Young, Jacob",WSH,NYM,2025,4,3,1,1,0,0,0,0,0,2,0,0,1,1
776654,2025-08-21,502671,"Goldschmidt, Paul",NYY,BOS,2025,4,3,2,2,0,0,0,1,0,0,0,0,1,2
776654,2025-08-21,519317,"Stanton, Giancarlo",NYY,BOS,2025,5,4,0,0,0,0,0,1,0,0,0,0,0,0
776654,2025-08-21,592450,"Judge, Aaron",NYY,BOS,2025,5,4,1,1,0,0,0,1,0,1,0,0,0,1
776654,2025-08-21,641355,"Bellinger, Cody",NYY,BOS,2025,5,4,1,1,0,0,0,1,0,0,0,0,0,1
776654,2025-08-21,641857,"McMahon, Ryan",NYY,BOS,2025,4,4,0,0,0,0,0,0,0,2,0,0,0,0
776654,2025-08-21,663757,"Grisham, Trent",NYY,BOS,2025,5,5,0,0,0,0,0,0,0,1,0,0,0,0
776654,2025-08-21,665862,"Chisholm Jr., Jazz",NYY,BOS,2025,4,4,2,2,0,0,0,0,0,1,0,0,1,2
776654,2025-08-21,683011,"Volpe, Anthony",NYY,BOS,2025,4,4,0,0,0,0,0,0,0,1,0,0,0,0
776654,2025-08-21,700250,"Rice, Ben",NYY,BOS,2025,4,3,2,0,0,1,1,1,0,0,0,0,1,7
776659,2025-08-20,605137,"Bell, Josh",WSH,NYM,2025,4,3,1,0,0,0,1,0,0,1,0,0,2,4
776659,2025-08-20,657557,"DeJong, Paul",WSH,NYM,2025,4,4,1,0,1,0,0,0,0,1,0,0,0,2
776659,2025-08-20,671277,"García Jr., Luis",WSH,NYM,2025,4,4,0,0,0,0,0,0,0,1,0,0,0,0
776659,2025-08-20,682928,"Abrams, CJ",WSH,NYM,2025,4,4,1,1,0,0,0,0,0,0,0,0,1,1
776659,2025-08-20,686452,"Millas, Drew",WSH,NYM,2025,3,2,1,0,0,1,0,0,0,0,0,0,1,3
776659,2025-08-20,686611,"Crews, Dylan",WSH,NYM,2025,4,3,1,0,1,0,0,1,0,0,0,0,1,2
776659,2025-08-20,690987,"Hassell III, Robert",WSH,NYM,2025,3,3,0,0,0,0,0,0,0,0,0,0,0,0
776659,2025-08-20,695578,"Wood, James",WSH,NYM,2025,4,3,1,1,0,0,0,1,0,1,0,0,0,1
776659,2025-08-20,695734,"Lile, Daylen",WSH,NYM,2025,4,3,1,1,0,0,0,1,0,1,0,0,0,1
776664,2025-08-20,502671,"Goldschmidt, Paul",NYY,TB,2025,1,1,0,0,0,0,0,0,0,0,0,0,0,0
776664,2025-08-20,519317,"Stanton, Giancarlo",NYY,TB,2025,1,1,1,0,0,0,1,0,0,0,0,0,2,4
776664,2025-08-20,592450,"Judge, Aaron",NYY,TB,2025,5,4,0,0,0,0,0,1,0,2,0,0,0,0
776664,2025-08-20,641355,"Bellinger, Cody",NYY,TB,2025,4,4,1,1,0,0,0,0,0,1,0,0,0,1
776664,2025-08-20,641857,"McMahon, Ryan",NYY,TB,2025,3,3,0,0,0,0,0,0,0,3,0,0,0,0
776664,2025-08-20,663757,"Grisham, Trent",NYY,TB,2025,5,5,3,1,0,0,2,0,0,1,0,0,2,9
776664,2025-08-20,665862,"Chisholm Jr., Jazz",NYY,TB,2025,4,3,0,0,0,0,0,1,0,2,0,0,0,0
776664,2025-08-20,669224,"Wells, Austin",NYY,TB,2025,4,4,2,0,0,0,2,0,0,1,0,0,2,8
776664,2025-08-20,676609,"Caballero, José",NYY,TB,2025,1,1,0,0,0,0,0,0,0,0,0,0,0,0
776664,2025-08-20,683011,"Volpe, Anthony",NYY,TB,2025,4,4,0,0,0,0,0,0,0,2,0,0,0,0
776664,2025-08-20,691176,"Domínguez, Jasson",NYY,TB,2025,3,3,1,1,0,0,0,0,0,1,0,0,0,1
776664,2025-08-20,700250,"Rice, Ben",NYY,TB,2025,4,4,1,1,0,0,0,0,0,0,0,0,0,1
776677,2025-08-19,502671,"Goldschmidt, Paul",NYY,TB,2025,5,5,1,1,0,0,0,0,0,1,0,0,0,1
776677,2025-08-19,519317,"Stanton, Giancarlo",NYY,TB,2025,4,3,2,0,0,0,2,1,0,0,0,0,4,8
776677,2025-08-19,592450,"Judge, Aaron",NYY,TB,2025,6,5,2,1,0,0,1,1,0,1,0,0,1,5
776677,2025-08-19,641355,"Bellinger, Cody",NYY,TB,2025,5,5,4,2,0,0,2,0,0,1,0,0,3,10
776677,2025-08-19,642708,"Rosario, Amed",NYY,TB,2025,1,1,1,0,1,0,0,0,0,0,0,0,0,2
776677,2025-08-19,663757,"Grisham, Trent",NYY,TB,2025,5,4,0,0,0,0,0,1,0,1,0,0,0,0
776677,2025-08-19,665862,"Chisholm Jr., Jazz",NYY,TB,2025,5,5,2,1,0,0,1,0,0,2,0,0,1,5
776677,2025-08-19,676609,"Caballero, José",NYY,TB,2025,5,4,2,0,0,0,2,1,0,0,0,0,3,8
776677,2025-08-19,683011,"Volpe, Anthony",NYY,TB,2025,5,5,1,0,1,0,0,0,0,2,0,0,0,2
776677,2025-08-19,691176,"Domínguez, Jasson",NYY,TB,2025,1,1,0,0,0,0,0,0,0,0,0,0,0,0
776677,2025-08-19,700250,"Rice, Ben",NYY,TB,2025,5,4,1,0,0,0,1,1,0,2,0,0,1,4
776678,2025-08-19,605137,"Bell, Josh",WSH,NYM,2025,4,4,0,0,0,0,0,0,0,0,0,0,0,0
776678,2025-08-19,656180,"Adams, Riley",WSH,NYM,2025,3,3,0,0,0,0,0,0,0,2,0,0,0,0
776678,2025-08-19,657557,"DeJong, Paul",WSH,NYM,2025,4,4,1,1,0,0,0,0,0,3,0,0,0,1
776678,2025-08-19,665953,"Chaparro, Andrés",WSH,NYM,2025,3,2,2,1,1,0,0,1,0,0,0,0,0,3
776678,2025-08-19,682928,"Abrams, CJ",WSH,NYM,2025,4,4,0,0,0,0,0,0,0,0,0,0,0,0
776678,2025-08-19,686611,"Crews, Dylan",WSH,NYM,2025,3,3,1,0,0,1,0,0,0,0,0,0,0,3
776678,2025-08-19,691781,"House, Brady",WSH,NYM,2025,3,3,0,0,0,0,0,0,0,1,0,0,0,0
776678,2025-08-19,695578,"Wood, James",WSH,NYM,2025,4,4,0,0,0,0,0,0,0,3,0,0,0,0
776678,2025-08-19,696285,"Young, Jacob",WSH,NYM,2025,3,3,1,1,0,0,0,0,0,1,0,0,0,1
776698,2025-08-17,502671,"Goldschmidt, Paul",NYY,STL,2025,5,5,3,1,2,0,0,0,0,0,0,0,1,5
776698,2025-08-17,519317,"Stanton, Giancarlo",NYY,STL,2025,1,0,0,0,0,0,0,1,0,0,0,0,0,0
776698,2025-08-17,592450,"Judge, Aaron",NYY,STL,2025,5,3,1,1,0,0,0,2,0,0,0,0,0,1
776698,2025-08-17,641355,"Bellinger, Cody",NYY,STL,2025,5,4,1,1,0,0,0,0,0,0,0,0,3,1
776698,2025-08-17,641857,"McMahon, Ryan",NYY,STL,2025,4,4,1,1,0,0,0,0,0,1,0,0,1,1
776698,2025-08-17,663757,"Grisham, Trent",NYY,STL,2025,5,4,0,0,0,0,0,1,0,1,0,0,0,0
776698,2025-08-17,665862,"Chisholm Jr., Jazz",NYY,STL,2025,5,3,0,0,0,0,0,2,0,1,0,0,1,0
776698,2025-08-17,676609,"Caballero, José",NYY,STL,2025,4,4,1,1,0,0,0,0,0,1,0,0,1,1
776698,2025-08-17,691176,"Domínguez, Jasson",NYY,STL,2025,5,5,2,2,0,0,0,0,0,0,0,0,1,2
776698,2025-08-17,700250,"Rice, Ben",NYY,STL,2025,4,2,0,0,0,0,0,2,0,1,0,0,0,0
776708,2025-08-17,657557,"DeJong, Paul",WSH,PHI,2025,5,4,1,0,0,0,1,1,0,1,0,0,3,4
776708,2025-08-17,671277,"García Jr., Luis",WSH,PHI,2025,5,4,3,3,0,0,0,1,0,0,0,0,0,3
776708,2025-08-17,677588,"Tena, José",WSH,PHI,2025,4,4,1,0,1,0,0,0,0,2,0,0,1,2
776708,2025-08-17,682928,"Abrams, CJ",WSH,PHI,2025,5,5,3,2,1,0,0,0,0,1,0,0,1,4
776708,2025-08-17,686452,"Millas, Drew",WSH,PHI,2025,4,4,1,0,1,0,0,0,0,1,0,0,0,2
776708,2025-08-17,686611,"Crews, Dylan",WSH,PHI,2025,5,5,1,0,1,0,0,0,0,1,0,0,2,2
776708,2025-08-17,690987,"Hassell III, Robert",WSH,PHI,2025,4,4,1,1,0,0,0,0,0,1,0,0,0,1
776708,2025-08-17,691781,"House, Brady",WSH,PHI,2025,4,4,0,0,0,0,0,0,0,1,0,0,0,0
776708,2025-08-17,695578,"Wood, James",WSH,PHI,2025,1,1,0,0,0,0,0,0,0,1,0,0,0,0
776708,2025-08-17,695734,"Lile, Daylen",WSH,PHI,2025,5,5,2,1,1,0,0,0,0,0,0,0,2,3
776713,2025-08-16,592450,"Judge, Aaron",NYY,STL,2025,5,3,2,0,1,0,1,2,0,1,0,0,2,6
776713,2025-08-16,641857,"McMahon, Ryan",NYY,STL,2025,5,5,1,0,0,0,1,0,0,1,0,0,1,4
776713,2025-08-16,663757,"Grisham, Trent",NYY,STL,2025,6,5,4,4,0,0,0,1,0,1,0,0,0,4
776713,2025-08-16,665862,"Chisholm Jr., Jazz",NYY,STL,2025,5,3,0,0,0,0,0,1,0,2,0,0,1,0
776713,2025-08-16,669224,"Wells, Austin",NYY,STL,2025,5,5,1,1,0,0,0,0,0,2,0,0,0,1
776713,2025-08-16,676609,"Caballero, José",NYY,STL,2025,5,4,2,2,0,0,0,1,0,0,0,0,0,2
776713,2025-08-16,683011,"Volpe, Anthony",NYY,STL,2025,5,5,0,0,0,0,0,0,0,3,0,0,0,0
776713,2025-08-16,691176,"Domínguez, Jasson",NYY,STL,2025,5,5,2,2,0,0,0,0,0,2,0,0,1,2
776713,2025-08-16,700250,"Rice, Ben",NYY,STL,2025,6,5,3,1,1,0,1,1,0,1,0,0,7,7
776725,2025-08-16,605137,"Bell, Josh",WSH,PHI,2025,4,4,2,2,0,0,0,0,0,0,0,0,0,2
776725,2025-08-16,656180,"Adams, Riley",WSH,PHI,2025,4,3,1,1,0,0,0,1,0,0,0,0,0,1
776725,2025-08-16,671277,"García Jr., Luis",WSH,PHI,2025,3,3,0,0,0,0,0,0,0,0,0,0,0,0
776725,2025-08-16,682928,"Abrams, CJ",WSH,PHI,2025,4,4,1,1,0,0,0,0,0,2,0,0,0,1
776725,2025-08-16,686611,"Crews, Dylan",WSH,PHI,2025,3,2,0,0,0,0,0,1,0,0,0,0,0,0
776725,2025-08-16,691781,"House, Brady",WSH,PHI,2025,3,3,1,1,0,0,0,0,0,0,0,0,0,1
776725,2025-08-16,695578,"Wood, James",WSH,PHI,2025,4,4,1,0,1,0,0,0,0,1,0,0,2,2
776725,2025-08-16,695734,"Lile, Daylen",WSH,PHI,2025,3,3,0,0,0,0,0,0,0,0,0,0,0,0
776725,2025-08-16,696285,"Young, Jacob",WSH,PHI,2025,3,3,1,1,0,0,0,0,0,1,0,0,0,1
776731,2025-08-15,592450,"Judge, Aaron",NYY,STL,2025,5,4,0,0,0,0,0,1,0,0,0,0,1,0
776731,2025-08-15,641355,"Bellinger, Cody",NYY,STL,2025,5,5,0,0,0,0,0,0,0,1,0,0,0,0
776731,2025-08-15,641857,"McMahon, Ryan",NYY,STL,2025,4,3,1,0,1,0,0,2,0,1,0,0,0,2
776731,2025-08-15,663757,"Grisham, Trent",NYY,STL,2025,5,3,0,0,0,0,0,2,0,2,0,0,0,0
776731,2025-08-15,665862,"Chisholm Jr., Jazz",NYY,STL,2025,4,3,1,0,0,0,1,1,0,1,0,0,2,4
776731,2025-08-15,676609,"Caballero, José",NYY,STL,2025,4,3,2,2,0,0,0,1,0,1,0,0,0,2
776731,2025-08-15,683011,"Volpe, Anthony",NYY,STL,2025,4,4,0,0,0,0,0,0,0,1,0,0,0,0
776731,2025-08-15,691176,"Domínguez, Jasson",NYY,STL,2025,4,4,1,1,0,0,0,0,0,2,0,0,1,1
776731,2025-08-15,700250,"Rice, Ben",NYY,STL,2025,5,5,2,1,1,0,0,0,0,3,0,0,0,3
776739,2025-08-15,605137,"Bell, Josh",WSH,PHI,2025,4,4,0,0,0,0,0,0,0,0,0,0,0,0
776739,2025-08-15,656180,"Adams, Riley",WSH,PHI,2025,4,3,1,1,0,0,0,1,0,0,0,0,0,1
776739,2025-08-15,657557,"DeJong, Paul",WSH,PHI,2025,4,4,1,1,0,0,0,0,0,0,0,0,0,1
776739,2025-08-15,671277,"García Jr., Luis",WSH,PHI,2025,4,4,1,0,1,0,0,0,0,0,0,0,0,2
776739,2025-08-15,682928,"Abrams, CJ",WSH,PHI,2025,4,4,1,0,1,0,0,0,0,2,0,0,1,2
776739,2025-08-15,686611,"Crews, Dylan",WSH,PHI,2025,4,4,1,1,0,0,0,0,0,1,0,0,0,1
776739,2025-08-15,690987,"Hassell III, Robert",WSH,PHI,2025,2,2,0,0,0,0,0,0,0,2,0,0,0,0
776739,2025-08-15,695578,"Wood, James",WSH,PHI,2025,4,3,0,0,0,0,0,1,0,2,0,0,0,0
776739,2025-08-15,695734,"Lile, Daylen",WSH,PHI,2025,4,4,1,0,0,0,1,0,0,1,0,0,1,4
776739,2025-08-15,696285,"Young, Jacob",WSH,PHI,2025,1,0,0,0,0,0,0,1,0,0,0,0,0,0
776743,2025-08-14,605137,"Bell, Josh",WSH,PHI,2025,4,4,1,1,0,0,0,0,0,0,0,0,0,1
776743,2025-08-14,656180,"Adams, Riley",WSH,PHI,2025,4,4,1,0,1,0,0,0,0,2,0,0,0,2
776743,2025-08-14,657557,"DeJong, Paul",WSH,PHI,2025,4,3,1,0,0,0,1,1,0,1,0,0,1,4
776743,2025-08-14,671277,"García Jr., Luis",WSH,PHI,2025,1,1,0,0,0,0,0,0,0,0,0,0,0,0
776743,2025-08-14,677588,"Tena, José",WSH,PHI,2025,3,3,1,1,0,0,0,0,0,0,0,0,2,1
776743,2025-08-14,686611,"Crews, Dylan",WSH,PHI,2025,4,3,1,1,0,0,0,1,0,1,0,0,0,1
776743,2025-08-14,690987,"Hassell III, Robert",WSH,PHI,2025,1,1,0,0,0,0,0,0,0,0,0,0,0,0
776743,2025-08-14,691781,"House, Brady",WSH,PHI,2025,2,2,0,0,0,0,0,0,0,2,0,0,0,0
776743,2025-08-14,695578,"Wood, James",WSH,PHI,2025,4,4,1,1,0,0,0,0,0,3,0,0,0,1
776743,2025-08-14,695734,"Lile, Daylen",WSH,PHI,2025,3,2,0,0,0,0,0,1,0,1,0,0,0,0
776743,2025-08-14,696285,"Young, Jacob",WSH,PHI,2025,2,2,0,0,0,0,0,0,0,0,0,0,0,0
776759,2025-08-13,605137,"Bell, Josh",WSH,KC,2025,5,4,0,0,0,0,0,1,0,2,0,0,0,0
776759,2025-08-13,656180,"Adams, Riley",WSH,KC,2025,2,2,0,0,0,0,0,0,0,1,0,0,0,0
776759,2025-08-13,663993,"Lowe, Nathaniel",WSH,KC,2025,5,3,1,0,0,0,1,2,0,0,0,0,4,4
776759,2025-08-13,671277,"García Jr., Luis",WSH,KC,2025,5,4,1,0,1,0,0,1,0,0,0,0,0,2
776759,2025-08-13,682928,"Abrams, CJ",WSH,KC,2025,5,4,1,0,0,0,1,1,0,1,0,0,1,4
776759,2025-08-13,686452,"Millas, Drew",WSH,KC,2025,3,2,1,0,1,0,0,1,0,0,0,0,1,2
776759,2025-08-13,690987,"Hassell III, Robert",WSH,KC,2025,4,5,1,1,0,0,0,0,0,1,0,0,0,1
776759,2025-08-13,691781,"House, Brady",WSH,KC,2025,4,4,2,2,0,0,0,0,0,0,0,0,1,2
776759,2025-08-13,695578,"Wood, James",WSH,KC,2025,5,5,1,1,0,0,0,0,0,1,0,0,0,1
776759,2025-08-13,695734,"Lile, Daylen",WSH,KC,2025,5,5,2,2,0,0,0,0,0,0,0,0,1,2
776760,2025-08-13,519317,"Stanton, Giancarlo",NYY,MIN,2025,4,4,1,1,0,0,0,0,0,2,0,0,0,1
776760,2025-08-13,592450,"Judge, Aaron",NYY,MIN,2025,4,4,0,0,0,0,0,0,0,1,0,0,0,0
776760,2025-08-13,641355,"Bellinger, Cody",NYY,MIN,2025,4,3,1,0,0,0,1,1,0,1,0,0,1,4
776760,2025-08-13,641857,"McMahon, Ryan",NYY,MIN,2025,3,2,0,0,0,0,0,1,0,0,0,0,0,0
776760,2025-08-13,663757,"Grisham, Trent",NYY,MIN,2025,4,4,1,1,0,0,0,0,0,0,0,0,0,1
776760,2025-08-13,665862,"Chisholm Jr., Jazz",NYY,MIN,2025,4,4,0,0,0,0,0,0,0,2,0,0,0,0
776760,2025-08-13,669224,"Wells, Austin",NYY,MIN,2025,3,3,0,0,0,0,0,0,0,1,0,0,0,0
776760,2025-08-13,683011,"Volpe, Anthony",NYY,MIN,2025,3,3,1,0,1,0,0,0,0,1,0,0,0,2
776760,2025-08-13,700250,"Rice, Ben",NYY,MIN,2025,4,4,1,1,0,0,0,0,0,1,0,0,0,1
776770,2025-08-12,605137,"Bell, Josh",WSH,KC,2025,4,3,0,0,0,0,0,1,0,0,0,0,0,0
776770,2025-08-12,656180,"Adams, Riley",WSH,KC,2025,4,4,2,2,0,0,0,0,0,1,0,0,0,2
776770,2025-08-12,657557,"DeJong, Paul",WSH,KC,2025,4,4,1,1,0,0,0,0,0,1,0,0,1,1
776770,2025-08-12,663993,"Lowe, Nathaniel",WSH,KC,2025,4,3,0,0,0,0,0,1,0,1,0,0,0,0
776770,2025-08-12,671277,"García Jr., Luis",WSH,KC,2025,4,4,1,0,0,1,0,0,0,0,0,0,1,3
776770,2025-08-12,682928,"Abrams, CJ",WSH,KC,2025,5,5,2,1,0,1,0,0,0,0,0,0,1,4
776770,2025-08-12,690987,"Hassell III, Robert",WSH,KC,2025,4,4,1,1,0,0,0,0,0,1,0,0,0,1
776770,2025-08-12,695578,"Wood, James",WSH,KC,2025,5,5,2,1,1,0,0,0,0,0,0,0,1,3
776770,2025-08-12,695734,"Lile, Daylen",WSH,KC,2025,4,4,1,1,0,0,0,0,0,0,0,0,1,1
776774,2025-08-12,502671,"Goldschmidt, Paul",NYY,MIN,2025,4,4,1,0,1,0,0,0,0,2,0,0,0,2
776774,2025-08-12,519317,"Stanton, Giancarlo",NYY,MIN,2025,5,5,4,2,1,0,1,0,0,0,0,0,3,8
776774,2025-08-12,592450,"Judge, Aaron",NYY,MIN,2025,5,2,1,0,0,0,1,3,0,1,0,0,1,4
776774,2025-08-12,641355,"Bellinger, Cody",NYY,MIN,2025,5,5,0,0,0,0,0,1,0,0,0,0,1,0
776774,2025-08-12,641555,"Escarra, J.C.",NYY,MIN,2025,1,1,0,0,0,0,0,0,0,0,0,0,1,0
776774,2025-08-12,641857,"McMahon, Ryan",NYY,MIN,2025,5,3,1,1,0,0,0,2,0,0,0,0,0,1
776774,2025-08-12,663757,"Grisham, Trent",NYY,MIN,2025,5,5,1,1,0,0,0,0,0,1,0,0,0,1
776774,2025-08-12,665862,"Chisholm Jr., Jazz",NYY,MIN,2025,5,3,2,1,0,1,0,2,0,0,0,0,0,4
776774,2025-08-12,683011,"Volpe, Anthony",NYY,MIN,2025,5,4,1,0,0,0,1,1,0,0,0,0,3,4
776774,2025-08-12,700250,"Rice, Ben",NYY,MIN,2025,5,3,0,0,0,0,0,2,0,1,0,0,0,0
776784,2025-08-11,605137,"Bell, Josh",WSH,KC,2025,5,5,1,0,0,0,1,0,0,0,0,0,2,4
776784,2025-08-11,656180,"Adams, Riley",WSH,KC,2025,4,3,1,1,0,0,0,1,0,1,0,0,0,1
776784,2025-08-11,657557,"DeJong, Paul",WSH,KC,2025,5,4,2,1,0,0,1,1,0,1,0,0,2,5
776784,2025-08-11,663993,"Lowe, Nathaniel",WSH,KC,2025,4,3,1,0,1,0,0,1,0,1,0,0,0,2
776784,2025-08-11,671277,"García Jr., Luis",WSH,KC,2025,3,3,0,0,0,0,0,0,0,0,0,0,0,0
776784,2025-08-11,682928,"Abrams, CJ",WSH,KC,2025,5,5,0,0,0,0,0,0,0,3,0,0,0,0
776784,2025-08-11,691781,"House, Brady",WSH,KC,2025,1,1,0,0,0,0,0,0,0,1,0,0,0,0
776784,2025-08-11,695578,"Wood, James",WSH,KC,2025,5,4,2,2,0,0,0,1,0,0,0,0,0,2
776784,2025-08-11,695734,"Lile, Daylen",WSH,KC,2025,4,4,2,1,1,0,0,0,0,1,0,0,0,3
776784,2025-08-11,696285,"Young, Jacob",WSH,KC,2025,4,4,0,0,0,0,0,0,0,1,0,0,0,0
776790,2025-08-11,502671,"Goldschmidt, Paul",NYY,MIN,2025,4,4,0,0,0,0,0,0,0,2,0,0,0,0
776790,2025-08-11,519317,"Stanton, Giancarlo",NYY,MIN,2025,4,4,2,1,0,0,1,0,0,1,0,0,1,5
776790,2025-08-11,592450,"Judge, Aaron",NYY,MIN,2025,4,4,1,1,0,0,0,0,0,2,0,0,1,1
776790,2025-08-11,641355,"Bellinger, Cody",NYY,MIN,2025,4,4,1,0,0,0,1,0,0,1,0,0,1,4
776790,2025-08-11,641857,"McMahon, Ryan",NYY,MIN,2025,4,4,1,0,1,0,0,0,0,2,0,0,0,2
776790,2025-08-11,663757,"Grisham, Trent",NYY,MIN,2025,4,4,1,1,0,0,0,0,0,1,0,0,1,1
776790,2025-08-11,665862,"Chisholm Jr., Jazz",NYY,MIN,2025,4,3,1,0,0,0,1,1,0,2,0,0,1,4
776790,2025-08-11,683011,"Volpe, Anthony",NYY,MIN,2025,4,3,1,1,0,0,0,1,0,0,0,0,0,1
776790,2025-08-11,700250,"Rice, Ben",NYY,MIN,2025,4,4,2,1,0,0,1,0,0,1,0,0,1,5
776793,2025-08-10,605137,"Bell, Josh",WSH,SF,2025,5,4,3,2,1,0,0,1,0,0,0,0,0,4
776793,2025-08-10,656180,"Adams, Riley",WSH,SF,2025,5,5,2,2,0,0,0,0,0,1,0,0,0,2
776793,2025-08-10,657557,"DeJong, Paul",WSH,SF,2025,5,5,3,3,0,0,0,0,0,0,0,0,2,3
776793,2025-08-10,663993,"Lowe, Nathaniel",WSH,SF,2025,5,5,1,1,0,0,0,0,0,1,0,0,0,1
776793,2025-08-10,682928,"Abrams, CJ",WSH,SF,2025,5,5,2,1,0,0,1,0,0,1,0,0,2,5
776793,2025-08-10,691781,"House, Brady",WSH,SF,2025,5,5,1,1,0,0,0,0,0,2,0,0,0,1
776793,2025-08-10,695578,"Wood, James",WSH,SF,2025,5,5,2,0,2,0,0,0,0,3,0,0,4,4
776793,2025-08-10,695734,"Lile, Daylen",WSH,SF,2025,5,5,2,1,1,0,0,0,0,0,0,0,0,3
776793,2025-08-10,696285,"Young, Jacob",WSH,SF,2025,5,5,1,1,0,0,0,0,0,0,0,0,0,1
776797,2025-08-10,519317,"Stanton, Giancarlo",NYY,HOU,2025,2,2,1,1,0,0,0,0,0,1,0,0,0,1
776797,2025-08-10,592450,"Judge, Aaron",NYY,HOU,2025,4,3,0,0,0,0,0,1,0,0,0,0,0,0
776797,2025-08-10,641355,"Bellinger, Cody",NYY,HOU,2025,4,4,0,0,0,0,0,0,0,1,0,0,0,0
776797,2025-08-10,641857,"McMahon, Ryan",NYY,HOU,2025,3,2,0,0,0,0,0,0,0,0,0,0,1,0
776797,2025-08-10,663757,"Grisham, Trent",NYY,HOU,2025,4,3,0,0,0,0,0,1,0,2,0,0,0,0
776797,2025-08-10,665862,"Chisholm Jr., Jazz",NYY,HOU,2025,4,4,1,1,0,0,0,0,0,1,0,0,0,1
776797,2025-08-10,669224,"Wells, Austin",NYY,HOU,2025,3,2,0,0,0,0,0,1,0,1,0,0,0,0
776797,2025-08-10,683011,"Volpe, Anthony",NYY,HOU,2025,4,3,0,0,0,0,0,1,0,1,0,0,0,0
776797,2025-08-10,691176,"Domínguez, Jasson",NYY,HOU,2025,2,2,0,0,0,0,0,0,0,0,0,0,0,0
776797,2025-08-10,700250,"Rice, Ben",NYY,HOU,2025,4,3,1,1,0,0,0,1,0,0,0,0,0,1
776802,2025-08-09,605137,"Bell, Josh",WSH,SF,2025,4,3,2,0,1,0,1,1,0,0,0,0,1,6
776802,2025-08-09,656180,"Adams, Riley",WSH,SF,2025,4,3,1,1,0,0,0,1,0,1,0,0,0,1
776802,2025-08-09,657557,"DeJong, Paul",WSH,SF,2025,5,5,2,1,0,0,1,0,0,0,0,0,1,5
776802,2025-08-09,682928,"Abrams, CJ",WSH,SF,2025,5,5,1,1,0,0,0,0,0,0,0,0,0,1
776802,2025-08-09,686452,"Millas, Drew",WSH,SF,2025,4,4,0,0,0,0,0,0,0,1,0,0,0,0
776802,2025-08-09,691781,"House, Brady",WSH,SF,2025,4,4,1,0,1,0,0,0,0,0,0,0,0,2
776802,2025-08-09,695578,"Wood, James",WSH,SF,2025,5,6,2,0,1,0,1,0,0,3,0,0,2,6
776802,2025-08-09,695734,"Lile, Daylen",WSH,SF,2025,4,4,1,1,0,0,0,0,0,1,0,0,0,1
776802,2025-08-09,696285,"Young, Jacob",WSH,SF,2025,4,3,1,1,0,0,0,1,0,1,0,0,0,1
776815,2025-08-09,502671,"Goldschmidt, Paul",NYY,HOU,2025,4,4,1,1,0,0,0,0,0,0,0,0,0,1
776815,2025-08-09,519317,"Stanton, Giancarlo",NYY,HOU,2025,4,2,1,1,0,0,0,2,0,1,0,0,2,1
776815,2025-08-09,592450,"Judge, Aaron",NYY,HOU,2025,4,2,1,1,0,0,0,2,0,0,0,0,0,1
776815,2025-08-09,641355,"Bellinger, Cody",NYY,HOU,2025,4,4,2,2,0,0,0,0,0,0,0,0,0,2
776815,2025-08-09,641857,"McMahon, Ryan",NYY,HOU,2025,3,3,0,0,0,0,0,0,0,0,0,0,0,0
776815,2025-08-09,663757,"Grisham, Trent",NYY,HOU,2025,4,4,3,2,0,0,1,0,0,0,0,0,1,6
776815,2025-08-09,676609,"Caballero, José",NYY,HOU,2025,4,3,1,0,1,0,0,0,0,0,0,0,0,2
776815,2025-08-09,683011,"Volpe, Anthony",NYY,HOU,2025,4,4,0,0,0,0,0,0,0,1,0,0,0,0
776815,2025-08-09,700250,"Rice, Ben",NYY,HOU,2025,4,3,0,0,0,0,0,0,0,0,0,0,1,0
776822,2025-08-08,605137,"Bell, Josh",WSH,SF,2025,3,2,1,1,0,0,0,1,0,1,0,0,0,1
776822,2025-08-08,663993,"Lowe, Nathaniel",WSH,SF,2025,4,4,0,0,0,0,0,0,0,2,0,0,0,0
776822,2025-08-08,677588,"Tena, José",WSH,SF,2025,3,3,0,0,0,0,0,0,0,1,0,0,0,0
776822,2025-08-08,682928,"Abrams, CJ",WSH,SF,2025,4,4,0,0,0,0,0,0,0,0,0,0,0,0
776822,2025-08-08,686452,"Millas, Drew",WSH,SF,2025,3,3,1,1,0,0,0,0,0,0,0,0,0,1
776822,2025-08-08,690987,"Hassell III, Robert",WSH,SF,2025,3,3,1,1,0,0,0,0,0,0,0,0,0,1
776822,2025-08-08,691781,"House, Brady",WSH,SF,2025,4,4,0,0,0,0,0,0,0,2,0,0,0,0
776822,2025-08-08,695578,"Wood, James",WSH,SF,2025,4,4,1,0,1,0,0,0,0,1,0,0,0,2
776822,2025-08-08,695734,"Lile, Daylen",WSH,SF,2025,1,0,0,0,0,0,0,1,0,0,0,0,0,0
776822,2025-08-08,696285,"Young, Jacob",WSH,SF,2025,2,2,0,0,0,0,0,0,0,0,0,0,0,0
776835,2025-08-08,502671,"Goldschmidt, Paul",NYY,HOU,2025,1,1,0,0,0,0,0,0,0,0,0,0,0,0
776835,2025-08-08,519317,"Stanton, Giancarlo",NYY,HOU,2025,1,0,0,0,0,0,0,1,0,0,0,0,0,0
776835,2025-08-08,592450,"Judge, Aaron",NYY,HOU,2025,4,4,1,1,0,0,0,0,0,1,0,0,1,1
776835,2025-08-08,641355,"Bellinger, Cody",NYY,HOU,2025,4,4,0,0,0,0,0,0,0,1,0,0,0,0
776835,2025-08-08,641857,"McMahon, Ryan",NYY,HOU,2025,3,2,0,0,0,0,0,1,0,1,0,0,0,0
776835,2025-08-08,642708,"Rosario, Amed",NYY,HOU,2025,2,2,0,0,0,0,0,0,0,0,0,0,0,0
776835,2025-08-08,663757,"Grisham, Trent",NYY,HOU,2025,5,5,0,0,0,0,0,0,0,0,0,0,0,0
776835,2025-08-08,665862,"Chisholm Jr., Jazz",NYY,HOU,2025,4,4,0,0,0,0,0,0,0,1,0,0,0,0
776835,2025-08-08,669224,"Wells, Austin",NYY,HOU,2025,3,3,1,0,1,0,0,0,0,1,0,0,0,2
776835,2025-08-08,683011,"Volpe, Anthony",NYY,HOU,2025,4,4,1,1,0,0,0,0,0,1,0,0,1,1
776835,2025-08-08,691176,"Domínguez, Jasson",NYY,HOU,2025,2,2,0,0,0,0,0,0,0,2,0,0,0,0
776835,2025-08-08,700250,"Rice, Ben",NYY,HOU,2025,4,4,2,1,1,0,0,0,0,1,0,0,1,3
776837,2025-08-07,656180,"Adams, Riley",WSH,ATH,2025,3,3,1,1,0,0,0,0,0,2,0,0,0,1
776837,2025-08-07,657557,"DeJong, Paul",WSH,ATH,2025,3,3,0,0,0,0,0,0,0,1,0,0,0,0
776837,2025-08-07,663993,"Lowe, Nathaniel",WSH,ATH,2025,3,3,0,0,0,0,0,0,0,1,0,0,0,0
776837,2025-08-07,671277,"García Jr., Luis",WSH,ATH,2025,3,3,0,0,0,0,0,0,0,1,0,0,0,0
776837,2025-08-07,682928,"Abrams, CJ",WSH,ATH,2025,4,4,0,0,0,0,0,0,0,1,0,0,0,0
776837,2025-08-07,690987,"Hassell III, Robert",WSH,ATH,2025,3,3,1,0,1,0,0,0,0,0,0,0,0,2
776837,2025-08-07,695578,"Wood, James",WSH,ATH,2025,4,4,0,0,0,0,0,0,0,2,0,0,0,0
776837,2025-08-07,695734,"Lile, Daylen",WSH,ATH,2025,3,3,1,1,0,0,0,0,0,1,0,0,0,1
776837,2025-08-07,696285,"Young, Jacob",WSH,ATH,2025,3,3,0,0,0,0,0,0,0,3,0,0,0,0
776845,2025-08-06,502671,"Goldschmidt, Paul",NYY,TEX,2025,2,2,1,0,0,0,1,0,0,0,0,0,1,4
776845,2025-08-06,592450,"Judge, Aaron",NYY,TEX,2025,4,3,1,1,0,0,0,1,0,1,0,0,0,1
776845,2025-08-06,641355,"Bellinger, Cody",NYY,TEX,2025,4,2,0,0,0,0,0,2,0,0,0,0,0,0
776845,2025-08-06,641857,"McMahon, Ryan",NYY,TEX,2025,2,1,1,1,0,0,0,1,0,0,0,0,0,1
776845,2025-08-06,642708,"Rosario, Amed",NYY,TEX,2025,1,1,0,0,0,0,0,0,0,0,0,0,0,0
776845,2025-08-06,663757,"Grisham, Trent",NYY,TEX,2025,5,4,1,1,0,0,0,1,0,1,0,0,0,1
776845,2025-08-06,665862,"Chisholm Jr., Jazz",NYY,TEX,2025,4,4,0,0,0,0,0,0,0,1,0,0,0,0
776845,2025-08-06,669224,"Wells, Austin",NYY,TEX,2025,2,2,0,0,0,0,0,0,0,0,0,0,0,0
776845,2025-08-06,676609,"Caballero, José",NYY,TEX,2025,1,1,0,0,0,0,0,0,0,0,0,0,0,0
776845,2025-08-06,683011,"Volpe, Anthony",NYY,TEX,2025,4,4,1,1,0,0,0,0,0,0,0,0,1,1
776845,2025-08-06,691176,"Domínguez, Jasson",NYY,TEX,2025,4,2,0,0,0,0,0,2,0,0,0,0,0,0
776845,2025-08-06,700250,"Rice, Ben",NYY,TEX,2025,5,4,1,1,0,0,0,1,0,2,0,0,0,1
776850,2025-08-06,605137,"Bell, Josh",WSH,ATH,2025,3,3,0,0,0,0,0,0,0,2,0,0,0,0
776850,2025-08-06,656180,"Adams, Riley",WSH,ATH,2025,3,3,1,0,0,0,1,0,0,1,0,0,1,4
776850,2025-08-06,657557,"DeJong, Paul",WSH,ATH,2025,3,3,0,0,0,0,0,0,0,0,0,0,0,0
776850,2025-08-06,663993,"Lowe, Nathaniel",WSH,ATH,2025,3,3,0,0,0,0,0,0,0,0,0,0,0,0
776850,2025-08-06,682928,"Abrams, CJ",WSH,ATH,2025,4,4,1,1,0,0,0,0,0,0,0,0,1,1
776850,2025-08-06,690987,"Hassell III, Robert",WSH,ATH,2025,3,3,1,0,1,0,0,0,0,1,0,0,0,2
776850,2025-08-06,691781,"House, Brady",WSH,ATH,2025,3,3,0,0,0,0,0,0,0,2,0,0,0,0
776850,2025-08-06,695578,"Wood, James",WSH,ATH,2025,3,3,1,1,0,0,0,0,0,0,0,0,0,1
776850,2025-08-06,696285,"Young, Jacob",WSH,ATH,2025,3,3,0,0,0,0,0,0,0,2,0,0,0,0
776855,2025-08-05,502671,"Goldschmidt, Paul",NYY,TEX,2025,3,3,0,0,0,0,0,0,0,0,0,0,0,0
776855,2025-08-05,519317,"Stanton, Giancarlo",NYY,TEX,2025,1,1,0,0,0,0,0,0,0,0,0,0,0,0
776855,2025-08-05,592450,"Judge, Aaron",NYY,TEX,2025,3,3,0,0,0,0,0,0,0,2,0,0,0,0
776855,2025-08-05,641355,"Bellinger, Cody",NYY,TEX,2025,3,3,0,0,0,0,0,0,0,0,0,0,0,0
776855,2025-08-05,641857,"McMahon, Ryan",NYY,TEX,2025,3,3,1,1,0,0,0,0,0,0,0,0,0,1
776855,2025-08-05,663757,"Grisham, Trent",NYY,TEX,2025,4,4,0,0,0,0,0,0,0,1,0,0,0,0
776855,2025-08-05,665862,"Chisholm Jr., Jazz",NYY,TEX,2025,3,3,0,0,0,0,0,0,0,2,0,0,0,0
776855,2025-08-05,683011,"Volpe, Anthony",NYY,TEX,2025,2,2,1,0,1,0,0,0,0,0,0,0,0,2
776855,2025-08-05,691176,"Domínguez, Jasson",NYY,TEX,2025,3,3,0,0,0,0,0,0,0,2,0,0,0,0
776855,2025-08-05,700250,"Rice, Ben",NYY,TEX,2025,3,3,0,0,0,0,0,0,0,0,0,0,0,0
776865,2025-08-05,605137,"Bell, Josh",WSH,ATH,2025,5,4,1,1,0,0,0,0,1,1,0,0,0,1
776865,2025-08-05,663993,"Lowe, Nathaniel",WSH,ATH,2025,5,1,0,0,0,0,0,4,0,0,0,0,1,0
776865,2025-08-05,671277,"García Jr., Luis",WSH,ATH,2025,5,5,3,3,0,0,0,0,0,1,0,0,2,3
776865,2025-08-05,682928,"Abrams, CJ",WSH,ATH,2025,5,5,1,1,0,0,0,0,0,1,0,0,0,1
776865,2025-08-05,686452,"Millas, Drew",WSH,ATH,2025,4,4,2,2,0,0,0,0,0,0,0,0,0,2
776865,2025-08-05,690987,"Hassell III, Robert",WSH,ATH,2025,1,1,1,0,1,0,0,0,0,0,0,0,1,2
776865,2025-08-05,691781,"House, Brady",WSH,ATH,2025,5,3,1,1,0,0,0,1,0,1,0,0,3,1
776865,2025-08-05,695578,"Wood, James",WSH,ATH,2025,4,3,0,0,0,0,0,0,1,0,0,0,0,0
776865,2025-08-05,695734,"Lile, Daylen",WSH,ATH,2025,5,5,0,0,0,0,0,0,0,3,0,0,0,0
776865,2025-08-05,696285,"Young, Jacob",WSH,ATH,2025,4,4,1,1,0,0,0,0,0,1,0,0,0,1
776871,2025-08-04,502671,"Goldschmidt, Paul",NYY,TEX,2025,5,5,3,1,1,0,1,0,0,1,0,0,1,7
776871,2025-08-04,519317,"Stanton, Giancarlo",NYY,TEX,2025,5,3,1,0,0,0,1,2,0,1,0,0,2,4
776871,2025-08-04,596103,"Slater, Austin",NYY,TEX,2025,1,1,0,0,0,0,0,0,0,0,0,0,0,0
776871,2025-08-04,641355,"Bellinger, Cody",NYY,TEX,2025,5,4,2,2,0,0,0,1,0,0,0,0,1,2
776871,2025-08-04,641857,"McMahon, Ryan",NYY,TEX,2025,1,1,0,0,0,0,0,0,0,0,0,0,0,0
776871,2025-08-04,642708,"Rosario, Amed",NYY,TEX,2025,3,3,2,1,1,0,0,0,0,1,0,0,1,3
776871,2025-08-04,663757,"Grisham, Trent",NYY,TEX,2025,2,2,0,0,0,0,0,0,0,0,0,0,0,0
776871,2025-08-04,665862,"Chisholm Jr., Jazz",NYY,TEX,2025,5,4,1,0,1,0,0,1,0,1,0,0,0,2
776871,2025-08-04,669224,"Wells, Austin",NYY,TEX,2025,5,5,1,1,0,0,0,0,0,1,0,0,0,1
776871,2025-08-04,676609,"Caballero, José",NYY,TEX,2025,3,3,0,0,0,0,0,0,0,1,0,0,0,0
776871,2025-08-04,683011,"Volpe, Anthony",NYY,TEX,2025,5,4,0,0,0,0,0,1,0,1,0,0,0,0
776871,2025-08-04,691176,"Domínguez, Jasson",NYY,TEX,2025,4,4,0,0,0,0,0,0,0,1,0,0,0,0
776891,2025-08-03,502671,"Goldschmidt, Paul",NYY,MIA,2025,1,1,0,0,0,0,0,0,0,1,0,0,0,0
776891,2025-08-03,519317,"Stanton, Giancarlo",NYY,MIA,2025,4,4,1,1,0,0,0,0,0,3,0,0,0,1
776891,2025-08-03,596103,"Slater, Austin",NYY,MIA,2025,2,2,0,0,0,0,0,0,0,2,0,0,0,0
776891,2025-08-03,641355,"Bellinger, Cody",NYY,MIA,2025,4,4,0,0,0,0,0,0,0,0,0,0,0,0
776891,2025-08-03,641857,"McMahon, Ryan",NYY,MIA,2025,4,4,0,0,0,0,0,0,0,4,0,0,0,0
776891,2025-08-03,663757,"Grisham, Trent",NYY,MIA,2025,4,2,1,0,0,0,1,2,0,0,0,0,1,4
776891,2025-08-03,665862,"Chisholm Jr., Jazz",NYY,MIA,2025,4,4,2,1,0,0,1,0,0,1,0,0,2,5
776891,2025-08-03,669224,"Wells, Austin",NYY,MIA,2025,3,3,0,0,0,0,0,0,0,1,0,0,0,0
776891,2025-08-03,683011,"Volpe, Anthony",NYY,MIA,2025,4,4,1,0,0,1,0,0,0,2,0,0,0,3
776891,2025-08-03,691176,"Domínguez, Jasson",NYY,MIA,2025,2,2,1,1,0,0,0,0,0,0,0,0,0,1
776891,2025-08-03,700250,"Rice, Ben",NYY,MIA,2025,3,3,0,0,0,0,0,0,0,0,0,0,0,0
776894,2025-08-03,605137,"Bell, Josh",WSH,MIL,2025,3,2,0,0,0,0,0,1,0,0,0,0,0,0
776894,2025-08-03,656180,"Adams, Riley",WSH,MIL,2025,1,1,1,0,1,0,0,0,0,0,0,0,0,2
776894,2025-08-03,671277,"García Jr., Luis",WSH,MIL,2025,4,4,1,1,0,0,0,0,0,1,0,0,0,1
776894,2025-08-03,677588,"Tena, José",WSH,MIL,2025,4,4,0,0,0,0,0,0,0,1,0,0,0,0
776894,2025-08-03,682928,"Abrams, CJ",WSH,MIL,2025,4,4,0,0,0,0,0,0,0,1,0,0,0,0
776894,2025-08-03,686452,"Millas, Drew",WSH,MIL,2025,4,4,2,0,2,0,0,0,0,1,0,0,2,4
776894,2025-08-03,690987,"Hassell III, Robert",WSH,MIL,2025,4,3,0,0,0,0,0,1,0,1,0,0,0,0
776894,2025-08-03,691781,"House, Brady",WSH,MIL,2025,1,1,0,0,0,0,0,0,0,0,0,0,0,0
776894,2025-08-03,695578,"Wood, James",WSH,MIL,2025,4,3,0,0,0,0,0,1,0,2,0,0,0,0
776894,2025-08-03,695734,"Lile, Daylen",WSH,MIL,2025,4,4,2,2,0,0,0,0,0,2,0,0,0,2
776894,2025-08-03,696285,"Young, Jacob",WSH,MIL,2025,4,3,1,1,0,0,0,1,0,0,0,0,1,1
776903,2025-08-02,605137,"Bell, Josh",WSH,MIL,2025,3,2,0,0,0,0,0,1,0,0,0,0,0,0
776903,2025-08-02,656180,"Adams, Riley",WSH,MIL,2025,3,2,0,0,0,0,0,1,0,1,0,0,0,0
776903,2025-08-02,663993,"Lowe, Nathaniel",WSH,MIL,2025,3,3,0,0,0,0,0,0,0,1,0,0,0,0
776903,2025-08-02,671277,"García Jr., Luis",WSH,MIL,2025,4,4,0,0,0,0,0,0,0,1,0,0,0,0
776903,2025-08-02,682928,"Abrams, CJ",WSH,MIL,2025,4,4,0,0,0,0,0,0,0,0,0,0,0,0
776903,2025-08-02,690987,"Hassell III, Robert",WSH,MIL,2025,3,3,1,0,0,0,1,0,0,1,0,0,2,4
776903,2025-08-02,691781,"House, Brady",WSH,MIL,2025,3,3,0,0,0,0,0,0,0,2,0,0,0,0
776903,2025-08-02,695578,"Wood, James",WSH,MIL,2025,4,4,0,0,0,0,0,0,0,2,0,0,0,0
776903,2025-08-02,695734,"Lile, Daylen",WSH,MIL,2025,3,3,1,1,0,0,0,0,0,0,0,0,0,1
776910,2025-08-02,502671,"Goldschmidt, Paul",NYY,MIA,2025,3,2,0,0,0,0,0,1,0,0,0,0,0,0
776910,2025-08-02,519317,"Stanton, Giancarlo",NYY,MIA,2025,3,3,1,1,0,0,0,0,0,0,0,0,0,1
776910,2025-08-02,641355,"Bellinger, Cody",NYY,MIA,2025,4,4,0,0,0,0,0,0,0,1,0,0,0,0
776910,2025-08-02,641857,"McMahon, Ryan",NYY,MIA,2025,3,3,0,0,0,0,0,0,0,2,0,0,0,0
776910,2025-08-02,663757,"Grisham, Trent",NYY,MIA,2025,4,3,0,0,0,0,0,1,0,0,0,0,0,0
776910,2025-08-02,665862,"Chisholm Jr., Jazz",NYY,MIA,2025,3,2,0,0,0,0,0,1,0,1,0,0,0,0
776910,2025-08-02,683011,"Volpe, Anthony",NYY,MIA,2025,3,3,0,0,0,0,0,0,0,1,0,0,0,0
776910,2025-08-02,691176,"Domínguez, Jasson",NYY,MIA,2025,4,4,0,0,0,0,0,0,0,2,0,0,0,0
776910,2025-08-02,700250,"Rice, Ben",NYY,MIA,2025,3,3,1,0,1,0,0,0,0,0,0,0,0,2
776917,2025-08-01,656180,"Adams, Riley",WSH,MIL,2025,5,4,1,1,0,0,0,1,0,2,0,0,0,1
776917,2025-08-01,657557,"DeJong, Paul",WSH,MIL,2025,4,4,1,0,0,0,1,0,0,1,0,0,1,4
776917,2025-08-01,663993,"Lowe, Nathaniel",WSH,MIL,2025,5,5,0,0,0,0,0,0,0,1,0,0,0,0
776917,2025-08-01,671277,"García Jr., Luis",WSH,MIL,2025,5,4,2,2,0,0,0,1,0,1,0,0,1,2
776917,2025-08-01,677588,"Tena, José",WSH,MIL,2025,1,1,1,1,0,0,0,0,0,0,0,0,0,1
776917,2025-08-01,682928,"Abrams, CJ",WSH,MIL,2025,6,5,3,2,1,0,0,1,0,0,0,0,1,4
776917,2025-08-01,690987,"Hassell III, Robert",WSH,MIL,2025,2,2,2,1,1,0,0,0,0,0,0,0,2,3
776917,2025-08-01,691781,"House, Brady",WSH,MIL,2025,5,5,2,2,0,0,0,0,0,0,0,0,2,2
776917,2025-08-01,695578,"Wood, James",WSH,MIL,2025,5,4,1,1,0,0,0,1,0,0,0,0,0,1
776917,2025-08-01,695734,"Lile, Daylen",WSH,MIL,2025,5,4,2,0,1,1,0,0,1,1,0,0,2,5
776917,2025-08-01,696285,"Young, Jacob",WSH,MIL,2025,3,3,0,0,0,0,0,0,0,0,0,0,0,0
776925,2025-08-01,502671,"Goldschmidt, Paul",NYY,MIA,2025,4,3,0,0,0,0,0,0,0,3,0,0,0,0
776925,2025-08-01,519317,"Stanton, Giancarlo",NYY,MIA,2025,5,5,1,0,0,0,1,0,0,2,0,0,3,4
776925,2025-08-01,641355,"Bellinger, Cody",NYY,MIA,2025,5,5,1,1,0,0,0,0,0,1,0,0,2,1
776925,2025-08-01,641857,"McMahon, Ryan",NYY,MIA,2025,5,5,1,1,0,0,0,0,0,1,0,0,1,1
776925,2025-08-01,663757,"Grisham, Trent",NYY,MIA,2025,5,4,2,1,0,0,1,1,0,0,0,0,3,5
776925,2025-08-01,665862,"Chisholm Jr., Jazz",NYY,MIA,2025,5,5,1,1,0,0,0,0,0,1,0,0,0,1
776925,2025-08-01,669224,"Wells, Austin",NYY,MIA,2025,5,5,1,1,0,0,0,0,0,1,0,0,0,1
776925,2025-08-01,683011,"Volpe, Anthony",NYY,MIA,2025,5,5,4,2,1,0,1,0,0,0,0,0,2,8
776925,2025-08-01,691176,"Domínguez, Jasson",NYY,MIA,2025,5,4,3,3,0,0,0,1,0,0,0,0,1,3
776925,2025-08-01,700250,"Rice, Ben",NYY,MIA,2025,1,1,1,1,0,0,0,0,0,0,0,0,0,1
776927,2025-07-31,502671,"Goldschmidt, Paul",NYY,TB,2025,4,4,1,0,1,0,0,0,0,3,0,0,0,2
776927,2025-07-31,519317,"Stanton, Giancarlo",NYY,TB,2025,4,4,1,0,0,0,1,0,0,1,0,0,2,4
776927,2025-07-31,596103,"Slater, Austin",NYY,TB,2025,4,4,0,0,0,0,0,0,0,2,0,0,1,0
776927,2025-07-31,641355,"Bellinger, Cody",NYY,TB,2025,4,4,1,1,0,0,0,0,0,0,0,0,1,1
776927,2025-07-31,641857,"McMahon, Ryan",NYY,TB,2025,4,3,2,2,0,0,0,1,0,1,0,0,0,2
776927,2025-07-31,665862,"Chisholm Jr., Jazz",NYY,TB,2025,4,3,1,1,0,0,0,1,0,1,0,0,0,1
776927,2025-07-31,683011,"Volpe, Anthony",NYY,TB,2025,4,3,0,0,0,0,0,1,0,1,0,0,0,0
776927,2025-07-31,691176,"Domínguez, Jasson",NYY,TB,2025,4,3,1,1,0,0,0,1,0,0,0,0,0,1
776927,2025-07-31,700250,"Rice, Ben",NYY,TB,2025,4,4,1,0,0,0,1,0,0,0,0,0,3,4
776937,2025-07-30,605137,"Bell, Josh",WSH,HOU,2025,4,3,2,2,0,0,0,1,0,1,0,0,0,2
776937,2025-07-30,657557,"DeJong, Paul",WSH,HOU,2025,4,3,0,0,0,0,0,1,0,1,0,0,0,0
776937,2025-07-30,663993,"Lowe, Nathaniel",WSH,HOU,2025,4,4,1,1,0,0,0,0,0,2,0,0,0,1
776937,2025-07-30,671277,"García Jr., Luis",WSH,HOU,2025,4,4,0,0,0,0,0,0,0,1,0,0,0,0
776937,2025-07-30,682928,"Abrams, CJ",WSH,HOU,2025,4,3,0,0,0,0,0,1,0,1,0,0,0,0
776937,2025-07-30,686452,"Millas, Drew",WSH,HOU,2025,4,4,1,1,0,0,0,0,0,1,0,0,0,1
776937,2025-07-30,695578,"Wood, James",WSH,HOU,2025,4,4,1,1,0,0,0,0,0,2,0,0,0,1
776937,2025-07-30,695734,"Lile, Daylen",WSH,HOU,2025,4,2,0,0,0,0,0,1,0,0,0,0,1,0
776937,2025-07-30,696285,"Young, Jacob",WSH,HOU,2025,3,3,0,0,0,0,0,0,0,0,0,0,0,0
776938,2025-07-30,502671,"Goldschmidt, Paul",NYY,TB,2025,1,1,0,0,0,0,0,0,0,1,0,0,0,0
776938,2025-07-30,519317,"Stanton, Giancarlo",NYY,TB,2025,5,5,1,1,0,0,0,0,0,3,0,0,1,1
776938,2025-07-30,641355,"Bellinger, Cody",NYY,TB,2025,5,5,2,1,0,1,0,0,0,0,0,0,1,4
776938,2025-07-30,641857,"McMahon, Ryan",NYY,TB,2025,5,4,2,1,1,0,0,1,0,1,0,0,1,3
776938,2025-07-30,663757,"Grisham, Trent",NYY,TB,2025,5,4,1,0,0,0,1,1,0,1,0,0,1,4
776938,2025-07-30,665862,"Chisholm Jr., Jazz",NYY,TB,2025,5,5,1,1,0,0,0,0,0,1,0,0,0,1
776938,2025-07-30,669224,"Wells, Austin",NYY,TB,2025,4,4,1,1,0,0,0,0,0,1,0,0,0,1
776938,2025-07-30,683011,"Volpe, Anthony",NYY,TB,2025,4,4,1,0,0,0,1,0,0,1,0,0,1,4
776938,2025-07-30,691176,"Domínguez, Jasson",NYY,TB,2025,5,4,0,0,0,0,0,1,0,0,0,0,0,0
776938,2025-07-30,700250,"Rice, Ben",NYY,TB,2025,4,2,1,1,0,0,0,2,0,0,0,0,0,1
776949,2025-07-29,502671,"Goldschmidt, Paul",NYY,TB,2025,4,4,1,1,0,0,0,0,0,2,0,0,1,1
776949,2025-07-29,641355,"Bellinger, Cody",NYY,TB,2025,4,3,1,0,0,0,1,1,0,0,0,0,3,4
776949,2025-07-29,641857,"McMahon, Ryan",NYY,TB,2025,4,4,0,0,0,0,0,0,0,2,0,0,0,0
776949,2025-07-29,663757,"Grisham, Trent",NYY,TB,2025,4,3,0,0,0,0,0,1,0,2,0,0,0,0
776949,2025-07-29,665862,"Chisholm Jr., Jazz",NYY,TB,2025,4,4,0,0,0,0,0,0,0,3,0,0,0,0
776949,2025-07-29,669224,"Wells, Austin",NYY,TB,2025,4,3,0,0,0,0,0,1,0,0,0,0,0,0
776949,2025-07-29,683011,"Volpe, Anthony",NYY,TB,2025,4,4,2,1,0,0,1,0,0,1,0,0,2,5
776949,2025-07-29,691176,"Domínguez, Jasson",NYY,TB,2025,4,4,2,1,1,0,0,0,0,1,0,0,0,3
776949,2025-07-29,700250,"Rice, Ben",NYY,TB,2025,4,2,0,0,0,0,0,2,0,0,0,0,0,0
776950,2025-07-29,605137,"Bell, Josh",WSH,HOU,2025,4,2,0,0,0,0,0,2,0,1,0,0,0,0
776950,2025-07-29,656180,"Adams, Riley",WSH,HOU,2025,4,4,0,0,0,0,0,0,0,1,0,0,0,0
776950,2025-07-29,663993,"Lowe, Nathaniel",WSH,HOU,2025,4,4,1,1,0,0,0,0,0,1,0,0,0,1
776950,2025-07-29,671277,"García Jr., Luis",WSH,HOU,2025,5,5,2,1,0,0,1,0,0,1,0,0,2,5
776950,2025-07-29,682928,"Abrams, CJ",WSH,HOU,2025,5,4,3,2,1,0,0,1,0,1,0,0,0,4
776950,2025-07-29,691781,"House, Brady",WSH,HOU,2025,4,4,1,1,0,0,0,0,0,1,0,0,0,1
776950,2025-07-29,695578,"Wood, James",WSH,HOU,2025,5,5,1,1,0,0,0,0,0,3,0,0,1,1
776950,2025-07-29,695734,"Lile, Daylen",WSH,HOU,2025,4,4,2,1,1,0,0,0,0,1,0,0,1,3
776950,2025-07-29,696285,"Young, Jacob",WSH,HOU,2025,4,4,0,0,0,0,0,0,0,4,0,0,0,0
776969,2025-07-28,605137,"Bell, Josh",WSH,HOU,2025,4,3,0,0,0,0,0,1,0,3,0,0,0,0
776969,2025-07-28,656180,"Adams, Riley",WSH,HOU,2025,4,4,2,1,0,0,1,0,0,1,0,0,1,5
776969,2025-07-28,657557,"DeJong, Paul",WSH,HOU,2025,3,3,1,0,1,0,0,0,0,2,0,0,0,2
776969,2025-07-28,663993,"Lowe, Nathaniel",WSH,HOU,2025,4,3,1,0,1,0,0,1,0,0,0,0,1,2
776969,2025-07-28,669743,"Call, Alex",WSH,HOU,2025,4,4,0,0,0,0,0,0,0,3,0,0,0,0
776969,2025-07-28,671277,"García Jr., Luis",WSH,HOU,2025,1,1,0,0,0,0,0,0,0,1,0,0,0,0
776969,2025-07-28,682928,"Abrams, CJ",WSH,HOU,2025,4,3,0,0,0,0,0,1,0,2,0,0,0,0
776969,2025-07-28,691781,"House, Brady",WSH,HOU,2025,4,4,0,0,0,0,0,0,0,3,0,0,0,0
776969,2025-07-28,695734,"Lile, Daylen",WSH,HOU,2025,4,4,0,0,0,0,0,0,0,2,0,0,0,0
776969,2025-07-28,696285,"Young, Jacob",WSH,HOU,2025,3,2,0,0,0,0,0,1,0,2,0,0,0,0
776970,2025-07-28,502671,"Goldschmidt, Paul",NYY,TB,2025,4,4,0,0,0,0,0,0,0,1,0,0,0,0
776970,2025-07-28,519317,"Stanton, Giancarlo",NYY,TB,2025,4,4,1,1,0,0,0,0,0,2,0,0,0,1
776970,2025-07-28,641355,"Bellinger, Cody",NYY,TB,2025,4,4,1,1,0,0,0,0,0,0,0,0,0,1
776970,2025-07-28,641857,"McMahon, Ryan",NYY,TB,2025,4,3,1,1,0,0,0,1,0,1,0,0,1,1
776970,2025-07-28,642708,"Rosario, Amed",NYY,TB,2025,1,1,1,1,0,0,0,0,0,0,0,0,0,1
776970,2025-07-28,663757,"Grisham, Trent",NYY,TB,2025,4,4,0,0,0,0,0,0,0,1,0,0,0,0
776970,2025-07-28,665862,"Chisholm Jr., Jazz",NYY,TB,2025,4,3,0,0,0,0,0,1,0,2,0,0,1,0
776970,2025-07-28,669224,"Wells, Austin",NYY,TB,2025,4,4,0,0,0,0,0,0,0,1,0,0,0,0
776970,2025-07-28,683011,"Volpe, Anthony",NYY,TB,2025,3,3,0,0,0,0,0,0,0,2,0,0,0,0
776970,2025-07-28,691176,"Domínguez, Jasson",NYY,TB,2025,3,3,2,2,0,0,0,0,0,0,0,0,0,2
776979,2025-07-27,605137,"Bell, Josh",WSH,MIN,2025,5,4,3,3,0,0,0,1,0,0,0,0,1,3
776979,2025-07-27,656180,"Adams, Riley",WSH,MIN,2025,4,4,0,0,0,0,0,0,0,2,0,0,0,0
776979,2025-07-27,657557,"DeJong, Paul",WSH,MIN,2025,4,2,1,1,0,0,0,1,0,0,0,0,1,1
776979,2025-07-27,663993,"Lowe, Nathaniel",WSH,MIN,2025,5,5,1,1,0,0,0,0,0,0,0,0,0,1
776979,2025-07-27,669743,"Call, Alex",WSH,MIN,2025,5,4,2,2,0,0,0,1,0,0,0,0,2,2
776979,2025-07-27,671277,"García Jr., Luis",WSH,MIN,2025,5,4,1,1,0,0,0,0,0,1,0,0,1,1
776979,2025-07-27,682928,"Abrams, CJ",WSH,MIN,2025,5,3,2,1,0,0,1,0,2,0,0,0,1,5
776979,2025-07-27,695578,"Wood, James",WSH,MIN,2025,5,4,0,0,0,0,0,1,0,4,0,0,0,0
776979,2025-07-27,695734,"Lile, Daylen",WSH,MIN,2025,5,4,1,0,0,1,0,0,0,0,0,0,1,3
776988,2025-07-27,502671,"Goldschmidt, Paul",NYY,PHI,2025,1,1,0,0,0,0,0,0,0,0,0,0,0,0
776988,2025-07-27,519317,"Stanton, Giancarlo",NYY,PHI,2025,4,4,1,1,0,0,0,0,0,2,0,0,0,1
776988,2025-07-27,641355,"Bellinger, Cody",NYY,PHI,2025,4,3,1,0,0,1,0,1,0,0,0,0,0,3
776988,2025-07-27,641857,"McMahon, Ryan",NYY,PHI,2025,4,3,2,1,1,0,0,0,1,1,0,0,2,3
776988,2025-07-27,663757,"Grisham, Trent",NYY,PHI,2025,4,4,1,1,0,0,0,0,0,2,0,0,1,1
776988,2025-07-27,665862,"Chisholm Jr., Jazz",NYY,PHI,2025,4,3,0,0,0,0,0,0,1,1,0,0,0,0
776988,2025-07-27,669224,"Wells, Austin",NYY,PHI,2025,3,0,0,0,0,0,0,2,0,0,0,0,1,0
776988,2025-07-27,683011,"Volpe, Anthony",NYY,PHI,2025,4,4,0,0,0,0,0,0,0,2,0,0,0,0
776988,2025-07-27,691176,"Domínguez, Jasson",NYY,PHI,2025,4,3,1,1,0,0,0,0,1,0,0,0,0,1
776988,2025-07-27,700250,"Rice, Ben",NYY,PHI,2025,3,3,0,0,0,0,0,0,0,1,0,0,0,0
776997,2025-07-26,605137,"Bell, Josh",WSH,MIN,2025,5,5,1,1,0,0,0,0,0,3,0,0,1,1
776997,2025-07-26,663993,"Lowe, Nathaniel",WSH,MIN,2025,4,3,1,1,0,0,0,1,0,1,0,0,0,1
776997,2025-07-26,669743,"Call, Alex",WSH,MIN,2025,4,4,2,1,0,0,1,0,0,0,0,0,3,5
776997,2025-07-26,671277,"García Jr., Luis",WSH,MIN,2025,5,6,2,0,1,0,1,0,0,0,0,0,1,6
776997,2025-07-26,682928,"Abrams, CJ",WSH,MIN,2025,5,5,1,0,1,0,0,0,0,1,0,0,3,2
776997,2025-07-26,686452,"Millas, Drew",WSH,MIN,2025,4,4,3,3,0,0,0,0,0,0,0,0,0,3
776997,2025-07-26,691781,"House, Brady",WSH,MIN,2025,4,4,0,0,0,0,0,0,0,1,0,0,0,0
776997,2025-07-26,695578,"Wood, James",WSH,MIN,2025,5,4,0,0,0,0,0,1,0,3,0,0,0,0
776997,2025-07-26,695734,"Lile, Daylen",WSH,MIN,2025,4,4,2,2,0,0,0,0,0,0,0,0,0,2
777001,2025-07-26,502671,"Goldschmidt, Paul",NYY,PHI,2025,5,4,0,0,0,0,0,1,0,1,0,0,0,0
777001,2025-07-26,519317,"Stanton, Giancarlo",NYY,PHI,2025,5,5,2,1,0,0,1,0,0,2,0,0,2,5
777001,2025-07-26,641355,"Bellinger, Cody",NYY,PHI,2025,5,4,0,0,0,0,0,1,0,1,0,0,0,0
777001,2025-07-26,641857,"McMahon, Ryan",NYY,PHI,2025,4,3,1,1,0,0,0,1,0,2,0,0,0,1
777001,2025-07-26,663757,"Grisham, Trent",NYY,PHI,2025,5,3,1,1,0,0,0,1,1,1,0,0,0,1
777001,2025-07-26,665862,"Chisholm Jr., Jazz",NYY,PHI,2025,5,5,2,2,0,0,0,0,0,2,0,0,0,2
777001,2025-07-26,683011,"Volpe, Anthony",NYY,PHI,2025,4,4,2,2,0,0,0,0,0,1,0,0,0,2
777001,2025-07-26,691176,"Domínguez, Jasson",NYY,PHI,2025,4,4,1,1,0,0,0,0,0,1,0,0,1,1
777001,2025-07-26,700250,"Rice, Ben",NYY,PHI,2025,5,4,0,0,0,0,0,1,0,1,0,0,0,0
777011,2025-07-25,605137,"Bell, Josh",WSH,MIN,2025,4,4,0,0,0,0,0,0,0,0,0,0,0,0
777011,2025-07-25,656180,"Adams, Riley",WSH,MIN,2025,3,3,0,0,0,0,0,0,0,1,0,0,0,0
777011,2025-07-25,663993,"Lowe, Nathaniel",WSH,MIN,2025,3,3,0,0,0,0,0,0,0,2,0,0,0,0
777011,2025-07-25,671277,"García Jr., Luis",WSH,MIN,2025,4,4,1,0,1,0,0,0,0,0,0,0,0,2
777011,2025-07-25,682928,"Abrams, CJ",WSH,MIN,2025,4,4,0,0,0,0,0,0,0,2,0,0,0,0
777011,2025-07-25,691781,"House, Brady",WSH,MIN,2025,3,3,0,0,0,0,0,0,0,2,0,0,0,0
777011,2025-07-25,695578,"Wood, James",WSH,MIN,2025,4,4,0,0,0,0,0,0,0,3,0,0,0,0
777011,2025-07-25,695734,"Lile, Daylen",WSH,MIN,2025,3,3,2,1,1,0,0,0,0,0,0,0,0,3
777011,2025-07-25,696285,"Young, Jacob",WSH,MIN,2025,3,2,0,0,0,0,0,1,0,0,0,0,0,0
777015,2025-07-25,502671,"Goldschmidt, Paul",NYY,PHI,2025,4,4,2,2,0,0,0,0,0,0,0,0,0,2
777015,2025-07-25,519317,"Stanton, Giancarlo",NYY,PHI,2025,4,4,1,0,0,0,1,0,0,2,0,0,1,4
777015,2025-07-25,592450,"Judge, Aaron",NYY,PHI,2025,4,3,0,0,0,0,0,0,0,1,0,0,1,0
777015,2025-07-25,641355,"Bellinger, Cody",NYY,PHI,2025,4,4,1,0,0,0,1,0,0,1,0,0,1,4
777015,2025-07-25,663757,"Grisham, Trent",NYY,PHI,2025,5,5,0,0,0,0,0,0,0,0,0,0,0,0
777015,2025-07-25,665862,"Chisholm Jr., Jazz",NYY,PHI,2025,4,4,2,2,0,0,0,0,0,2,0,0,0,2
777015,2025-07-25,669224,"Wells, Austin",NYY,PHI,2025,4,4,1,0,0,0,1,0,0,1,0,0,1,4
777015,2025-07-25,672724,"Peraza, Oswald",NYY,PHI,2025,2,2,1,1,0,0,0,0,0,0,0,0,0,1
777015,2025-07-25,678391,"Vivas, Jorbit",NYY,PHI,2025,1,1,0,0,0,0,0,0,0,0,0,0,0,0
777015,2025-07-25,683011,"Volpe, Anthony",NYY,PHI,2025,4,4,1,0,0,0,1,0,0,0,0,0,1,4
777015,2025-07-25,700250,"Rice, Ben",NYY,PHI,2025,1,1,1,1,0,0,0,0,0,0,0,0,0,1
777026,2025-07-23,642708,"Rosario, Amed",WSH,CIN,2025,4,4,1,1,0,0,0,0,0,0,0,0,0,1
777026,2025-07-23,656180,"Adams, Riley",WSH,CIN,2025,1,1,0,0,0,0,0,0,0,1,0,0,0,0
777026,2025-07-23,663993,"Lowe, Nathaniel",WSH,CIN,2025,3,3,0,0,0,0,0,0,0,1,0,0,0,0
777026,2025-07-23,669743,"Call, Alex",WSH,CIN,2025,3,3,0,0,0,0,0,0,0,1,0,0,0,0
777026,2025-07-23,671277,"García Jr., Luis",WSH,CIN,2025,3,3,1,1,0,0,0,0,0,1,0,0,0,1
777026,2025-07-23,682928,"Abrams, CJ",WSH,CIN,2025,4,4,0,0,0,0,0,0,0,1,0,0,0,0
777026,2025-07-23,686452,"Millas, Drew",WSH,CIN,2025,2,2,0,0,0,0,0,0,0,1,0,0,0,0
777026,2025-07-23,691781,"House, Brady",WSH,CIN,2025,3,3,1,1,0,0,0,0,0,1,0,0,0,1
777026,2025-07-23,695578,"Wood, James",WSH,CIN,2025,4,4,1,1,0,0,0,0,0,1,0,0,0,1
777026,2025-07-23,696285,"Young, Jacob",WSH,CIN,2025,3,3,0,0,0,0,0,0,0,0,0,0,0,0
777027,2025-07-23,592450,"Judge, Aaron",NYY,TOR,2025,4,4,1,0,0,0,1,0,0,1,0,0,2,4
777027,2025-07-23,641355,"Bellinger, Cody",NYY,TOR,2025,4,4,1,1,0,0,0,0,0,0,0,0,0,1
777027,2025-07-23,641555,"Escarra, J.C.",NYY,TOR,2025,3,3,0,0,0,0,0,0,0,0,0,0,0,0
777027,2025-07-23,663757,"Grisham, Trent",NYY,TOR,2025,4,4,1,1,0,0,0,0,0,0,0,0,0,1
777027,2025-07-23,665862,"Chisholm Jr., Jazz",NYY,TOR,2025,4,4,0,0,0,0,0,0,0,2,0,0,0,0
777027,2025-07-23,672724,"Peraza, Oswald",NYY,TOR,2025,2,2,0,0,0,0,0,0,0,1,0,0,0,0
777027,2025-07-23,678391,"Vivas, Jorbit",NYY,TOR,2025,1,1,0,0,0,0,0,0,0,0,0,0,0,0
777027,2025-07-23,683011,"Volpe, Anthony",NYY,TOR,2025,3,2,1,0,0,0,1,0,1,1,0,0,1,4
777027,2025-07-23,691176,"Domínguez, Jasson",NYY,TOR,2025,4,4,1,0,0,0,1,0,0,1,0,0,1,4
777027,2025-07-23,700250,"Rice, Ben",NYY,TOR,2025,4,4,0,0,0,0,0,0,0,2,0,0,0,0
777042,2025-07-22,605137,"Bell, Josh",WSH,CIN,2025,4,3,1,0,0,0,1,1,0,1,0,0,1,4
777042,2025-07-22,656180,"Adams, Riley",WSH,CIN,2025,3,3,1,1,0,0,0,0,0,1,0,0,3,1
777042,2025-07-22,663993,"Lowe, Nathaniel",WSH,CIN,2025,4,4,1,0,1,0,0,0,0,2,0,0,0,2
777042,2025-07-22,671277,"García Jr., Luis",WSH,CIN,2025,4,3,1,1,0,0,0,1,0,1,0,0,0,1
777042,2025-07-22,682928,"Abrams, CJ",WSH,CIN,2025,4,4,1,0,1,0,0,0,0,1,0,0,1,2
777042,2025-07-22,691781,"House, Brady",WSH,CIN,2025,4,4,1,1,0,0,0,0,0,1,0,0,0,1
777042,2025-07-22,695578,"Wood, James",WSH,CIN,2025,4,4,0,0,0,0,0,0,0,2,0,0,0,0
777042,2025-07-22,695734,"Lile, Daylen",WSH,CIN,2025,4,4,0,0,0,0,0,0,0,2,0,0,0,0
777042,2025-07-22,696285,"Young, Jacob",WSH,CIN,2025,3,2,1,0,1,0,0,0,1,0,0,0,1,2
777046,2025-07-22,502671,"Goldschmidt, Paul",NYY,TOR,2025,1,1,0,0,0,0,0,0,0,0,0,0,0,0
777046,2025-07-22,519317,"Stanton, Giancarlo",NYY,TOR,2025,4,4,0,0,0,0,0,0,0,1,0,0,0,0
777046,2025-07-22,592450,"Judge, Aaron",NYY,TOR,2025,4,3,0,0,0,0,0,1,0,1,0,0,0,0
777046,2025-07-22,641355,"Bellinger, Cody",NYY,TOR,2025,4,4,3,0,2,0,1,0,0,0,0,0,1,8
777046,2025-07-22,663757,"Grisham, Trent",NYY,TOR,2025,4,4,1,1,0,0,0,0,0,1,0,0,0,1
777046,2025-07-22,665862,"Chisholm Jr., Jazz",NYY,TOR,2025,4,3,1,0,0,0,1,1,0,1,0,0,3,4
777046,2025-07-22,669224,"Wells, Austin",NYY,TOR,2025,4,4,0,0,0,0,0,0,0,1,0,0,0,0
777046,2025-07-22,672724,"Peraza, Oswald",NYY,TOR,2025,1,1,0,0,0,0,0,0,0,0,0,0,0,0
777046,2025-07-22,678391,"Vivas, Jorbit",NYY,TOR,2025,2,2,0,0,0,0,0,0,0,1,0,0,0,0
777046,2025-07-22,683011,"Volpe, Anthony",NYY,TOR,2025,3,3,0,0,0,0,0,0,0,0,0,0,0,0
777046,2025-07-22,700250,"Rice, Ben",NYY,TOR,2025,4,4,1,0,0,0,1,0,0,0,0,0,1,4
777064,2025-07-21,605137,"Bell, Josh",WSH,CIN,2025,6,5,2,0,1,0,1,1,0,0,0,0,1,6
777064,2025-07-21,642708,"Rosario, Amed",WSH,CIN,2025,5,5,1,0,1,0,0,0,0,2,0,0,1,2
777064,2025-07-21,656180,"Adams, Riley",WSH,CIN,2025,5,4,2,1,1,0,0,1,0,1,0,0,1,3
777064,2025-07-21,663993,"Lowe, Nathaniel",WSH,CIN,2025,5,2,0,0,0,0,0,3,0,0,0,0,0,0
777064,2025-07-21,682928,"Abrams, CJ",WSH,CIN,2025,6,5,0,0,0,0,0,1,0,3,0,0,0,0
777064,2025-07-21,691781,"House, Brady",WSH,CIN,2025,5,4,3,2,1,0,0,0,0,1,0,0,1,4
777064,2025-07-21,695578,"Wood, James",WSH,CIN,2025,6,4,2,0,2,0,0,2,0,0,0,0,1,4
777064,2025-07-21,695734,"Lile, Daylen",WSH,CIN,2025,5,4,2,1,0,1,0,0,1,1,0,0,3,4
777064,2025-07-21,696285,"Young, Jacob",WSH,CIN,2025,5,5,3,3,0,0,0,0,0,0,0,0,2,3
777066,2025-07-21,502671,"Goldschmidt, Paul",NYY,TOR,2025,4,4,1,1,0,0,0,0,0,3,0,0,0,1
777066,2025-07-21,519317,"Stanton, Giancarlo",NYY,TOR,2025,4,4,1,0,0,0,1,0,0,0,0,0,1,4
777066,2025-07-21,592450,"Judge, Aaron",NYY,TOR,2025,4,3,0,0,0,0,0,1,0,2,0,0,0,0
777066,2025-07-21,663757,"Grisham, Trent",NYY,TOR,2025,4,3,1,0,1,0,0,1,0,1,0,0,0,2
777066,2025-07-21,665862,"Chisholm Jr., Jazz",NYY,TOR,2025,4,3,1,1,0,0,0,1,0,1,0,0,0,1
777066,2025-07-21,669224,"Wells, Austin",NYY,TOR,2025,4,4,0,0,0,0,0,0,0,2,0,0,0,0
777066,2025-07-21,672724,"Peraza, Oswald",NYY,TOR,2025,3,3,1,1,0,0,0,0,0,1,0,0,0,1
777066,2025-07-21,683011,"Volpe, Anthony",NYY,TOR,2025,3,3,0,0,0,0,0,0,0,0,0,0,0,0
777066,2025-07-21,691176,"Domínguez, Jasson",NYY,TOR,2025,4,4,0,0,0,0,0,0,0,1,0,0,0,0
777066,2025-07-21,700250,"Rice, Ben",NYY,TOR,2025,1,1,0,0,0,0,0,0,0,1,0,0,0,0
777077,2025-07-20,656180,"Adams, Riley",WSH,SD,2025,4,3,1,0,0,0,1,1,0,1,0,0,1,4
777077,2025-07-20,657557,"DeJong, Paul",WSH,SD,2025,4,4,2,1,1,0,0,0,0,1,0,0,0,3
777077,2025-07-20,663993,"Lowe, Nathaniel",WSH,SD,2025,4,4,0,0,0,0,0,0,0,1,0,0,0,0
777077,2025-07-20,669743,"Call, Alex",WSH,SD,2025,4,3,0,0,0,0,0,1,0,0,0,0,0,0
777077,2025-07-20,671277,"García Jr., Luis",WSH,SD,2025,4,4,2,2,0,0,0,0,0,1,0,0,0,2
777077,2025-07-20,682928,"Abrams, CJ",WSH,SD,2025,4,4,0,0,0,0,0,0,0,0,0,0,0,0
777077,2025-07-20,695578,"Wood, James",WSH,SD,2025,4,4,1,1,0,0,0,0,0,1,0,0,0,1
777077,2025-07-20,695734,"Lile, Daylen",WSH,SD,2025,4,4,0,0,0,0,0,0,0,1,0,0,0,0
777077,2025-07-20,696285,"Young, Jacob",WSH,SD,2025,4,4,0,0,0,0,0,0,0,0,0,0,0,0
777083,2025-07-20,502671,"Goldschmidt, Paul",NYY,ATL,2025,4,3,1,1,0,0,0,1,0,0,0,0,1,1
777083,2025-07-20,519317,"Stanton, Giancarlo",NYY,ATL,2025,5,5,3,3,0,0,0,0,0,1,0,0,0,3
777083,2025-07-20,592450,"Judge, Aaron",NYY,ATL,2025,5,4,1,0,0,0,1,1,0,2,0,0,1,4
777083,2025-07-20,641355,"Bellinger, Cody",NYY,ATL,2025,5,5,0,0,0,0,0,0,0,0,0,0,0,0
777083,2025-07-20,665862,"Chisholm Jr., Jazz",NYY,ATL,2025,4,4,2,1,1,0,0,0,0,0,0,0,1,3
777083,2025-07-20,678391,"Vivas, Jorbit",NYY,ATL,2025,4,3,1,1,0,0,0,0,1,0,0,0,1,1
777083,2025-07-20,683011,"Volpe, Anthony",NYY,ATL,2025,4,4,1,1,0,0,0,0,0,0,0,0,0,1
777083,2025-07-20,691176,"Domínguez, Jasson",NYY,ATL,2025,5,5,0,0,0,0,0,0,0,1,0,0,0,0
777083,2025-07-20,700250,"Rice, Ben",NYY,ATL,2025,4,3,0,0,0,0,0,1,0,0,0,0,0,0
777091,2025-07-19,605137,"Bell, Josh",WSH,SD,2025,4,4,0,0,0,0,0,0,0,0,0,0,0,0
777091,2025-07-19,663993,"Lowe, Nathaniel",WSH,SD,2025,3,3,1,0,0,0,1,0,0,0,0,0,1,4
777091,2025-07-19,671277,"García Jr., Luis",WSH,SD,2025,4,3,0,0,0,0,0,1,0,1,0,0,0,0
777091,2025-07-19,682928,"Abrams, CJ",WSH,SD,2025,4,4,1,0,1,0,0,0,0,0,0,0,1,2
777091,2025-07-19,686452,"Millas, Drew",WSH,SD,2025,3,2,1,1,0,0,0,1,0,0,0,0,2,1
777091,2025-07-19,691781,"House, Brady",WSH,SD,2025,3,3,1,1,0,0,0,0,0,0,0,0,0,1
777091,2025-07-19,695578,"Wood, James",WSH,SD,2025,4,4,0,0,0,0,0,0,0,1,0,0,0,0
777091,2025-07-19,695734,"Lile, Daylen",WSH,SD,2025,3,2,1,0,1,0,0,1,0,1,0,0,0,2
777091,2025-07-19,696285,"Young, Jacob",WSH,SD,2025,3,3,1,1,0,0,0,0,0,0,0,0,0,1
777097,2025-07-19,502671,"Goldschmidt, Paul",NYY,ATL,2025,5,5,2,1,1,0,0,0,0,2,0,0,0,3
777097,2025-07-19,519317,"Stanton, Giancarlo",NYY,ATL,2025,5,2,1,1,0,0,0,3,0,1,0,0,0,1
777097,2025-07-19,592450,"Judge, Aaron",NYY,ATL,2025,5,4,1,1,0,0,0,1,0,1,0,0,0,1
777097,2025-07-19,641355,"Bellinger, Cody",NYY,ATL,2025,5,5,2,1,0,0,1,0,0,0,0,0,1,5
777097,2025-07-19,663757,"Grisham, Trent",NYY,ATL,2025,5,5,2,0,1,0,1,0,0,0,0,0,5,6
777097,2025-07-19,665862,"Chisholm Jr., Jazz",NYY,ATL,2025,5,5,1,1,0,0,0,0,0,0,0,0,1,1
777097,2025-07-19,669224,"Wells, Austin",NYY,ATL,2025,4,4,0,0,0,0,0,0,0,0,0,0,1,0
777097,2025-07-19,672724,"Peraza, Oswald",NYY,ATL,2025,2,2,0,0,0,0,0,0,0,0,0,0,0,0
777097,2025-07-19,678391,"Vivas, Jorbit",NYY,ATL,2025,1,1,0,0,0,0,0,0,0,0,0,0,0,0
777097,2025-07-19,683011,"Volpe, Anthony",NYY,ATL,2025,5,4,2,0,0,0,2,0,0,1,0,0,4,8
777097,2025-07-19,700250,"Rice, Ben",NYY,ATL,2025,1,0,0,0,0,0,0,1,0,0,0,0,0,0
777112,2025-07-18,605137,"Bell, Josh",WSH,SD,2025,4,3,2,2,0,0,0,0,1,1,0,0,0,2
777112,2025-07-18,656180,"Adams, Riley",WSH,SD,2025,3,3,0,0,0,0,0,0,0,3,0,0,0,0
777112,2025-07-18,663993,"Lowe, Nathaniel",WSH,SD,2025,4,4,2,2,0,0,0,0,0,2,0,0,0,2
777112,2025-07-18,671277,"García Jr., Luis",WSH,SD,2025,4,4,1,1,0,0,0,0,0,1,0,0,0,1
777112,2025-07-18,682928,"Abrams, CJ",WSH,SD,2025,4,4,1,0,0,0,1,0,0,1,0,0,2,4
777112,2025-07-18,691781,"House, Brady",WSH,SD,2025,4,4,1,1,0,0,0,0,0,0,0,0,0,1
777112,2025-07-18,695578,"Wood, James",WSH,SD,2025,4,3,0,0,0,0,0,1,0,3,0,0,0,0
777112,2025-07-18,695734,"Lile, Daylen",WSH,SD,2025,4,4,0,0,0,0,0,0,0,2,0,0,0,0
777112,2025-07-18,696285,"Young, Jacob",WSH,SD,2025,3,3,2,2,0,0,0,0,0,0,0,0,0,2
777114,2025-07-18,519317,"Stanton, Giancarlo",NYY,ATL,2025,1,1,1,0,1,0,0,0,0,0,0,0,2,2
777114,2025-07-18,592450,"Judge, Aaron",NYY,ATL,2025,4,4,1,1,0,0,0,0,0,3,0,0,0,1
777114,2025-07-18,641355,"Bellinger, Cody",NYY,ATL,2025,4,4,1,1,0,0,0,0,0,0,0,0,1,1
777114,2025-07-18,641555,"Escarra, J.C.",NYY,ATL,2025,1,1,0,0,0,0,0,0,0,1,0,0,0,0
777114,2025-07-18,663757,"Grisham, Trent",NYY,ATL,2025,5,3,1,1,0,0,0,2,0,0,0,0,0,1
777114,2025-07-18,665862,"Chisholm Jr., Jazz",NYY,ATL,2025,4,4,0,0,0,0,0,0,0,1,0,0,0,0
777114,2025-07-18,669224,"Wells, Austin",NYY,ATL,2025,4,4,1,1,0,0,0,0,0,2,0,0,0,1
777114,2025-07-18,678391,"Vivas, Jorbit",NYY,ATL,2025,2,1,1,1,0,0,0,1,0,0,0,0,0,1
777114,2025-07-18,683011,"Volpe, Anthony",NYY,ATL,2025,4,3,0,0,0,0,0,1,0,2,0,0,0,0
777114,2025-07-18,691176,"Domínguez, Jasson",NYY,ATL,2025,4,4,0,0,0,0,0,0,0,3,0,0,0,0
777114,2025-07-18,700250,"Rice, Ben",NYY,ATL,2025,4,4,2,0,2,0,0,0,0,1,0,0,0,4
777122,2025-07-13,502671,"Goldschmidt, Paul",NYY,CHC,2025,4,4,0,0,0,0,0,0,0,1,0,0,0,0
777122,2025-07-13,519317,"Stanton, Giancarlo",NYY,CHC,2025,3,3,1,0,0,0,1,0,0,1,0,0,1,4
777122,2025-07-13,592450,"Judge, Aaron",NYY,CHC,2025,3,3,0,0,0,0,0,0,0,2,0,0,0,0
777122,2025-07-13,641355,"Bellinger, Cody",NYY,CHC,2025,3,3,0,0,0,0,0,0,0,0,0,0,0,0
777122,2025-07-13,665862,"Chisholm Jr., Jazz",NYY,CHC,2025,3,2,0,0,0,0,0,1,0,1,0,0,0,0
777122,2025-07-13,669224,"Wells, Austin",NYY,CHC,2025,3,3,1,1,0,0,0,0,0,0,0,0,0,1
777122,2025-07-13,672724,"Peraza, Oswald",NYY,CHC,2025,2,2,0,0,0,0,0,0,0,1,0,0,0,0
777122,2025-07-13,683011,"Volpe, Anthony",NYY,CHC,2025,3,3,0,0,0,0,0,0,0,0,0,0,0,0
777122,2025-07-13,691176,"Domínguez, Jasson",NYY,CHC,2025,3,3,0,0,0,0,0,0,0,1,0,0,0,0
777122,2025-07-13,700250,"Rice, Ben",NYY,CHC,2025,1,1,0,0,0,0,0,0,0,1,0,0,0,0
777123,2025-07-13,605137,"Bell, Josh",WSH,MIL,2025,4,4,0,0,0,0,0,0,0,2,0,0,0,0
777123,2025-07-13,656180,"Adams, Riley",WSH,MIL,2025,3,3,0,0,0,0,0,0,0,2,0,0,0,0
777123,2025-07-13,657557,"DeJong, Paul",WSH,MIL,2025,4,4,1,1,0,0,0,0,0,1,0,0,0,1
777123,2025-07-13,663993,"Lowe, Nathaniel",WSH,MIL,2025,4,3,0,0,0,0,0,1,0,0,0,0,0,0
777123,2025-07-13,669743,"Call, Alex",WSH,MIL,2025,4,4,0,0,0,0,0,0,0,2,0,0,0,0
777123,2025-07-13,671277,"García Jr., Luis",WSH,MIL,2025,4,4,1,0,1,0,0,0,0,0,0,0,0,2
777123,2025-07-13,691781,"House, Brady",WSH,MIL,2025,4,4,0,0,0,0,0,0,0,2,0,0,0,0
777123,2025-07-13,695734,"Lile, Daylen",WSH,MIL,2025,3,3,1,1,0,0,0,0,0,0,0,0,1,1
777123,2025-07-13,696285,"Young, Jacob",WSH,MIL,2025,3,3,1,1,0,0,0,0,0,0,0,0,0,1
777135,2025-07-12,605137,"Bell, Josh",WSH,MIL,2025,4,3,2,2,0,0,0,1,0,1,0,0,0,2
777135,2025-07-12,656180,"Adams, Riley",WSH,MIL,2025,4,3,1,1,0,0,0,1,0,2,0,0,0,1
777135,2025-07-12,663993,"Lowe, Nathaniel",WSH,MIL,2025,5,5,0,0,0,0,0,0,0,3,0,0,0,0
777135,2025-07-12,669743,"Call, Alex",WSH,MIL,2025,1,0,0,0,0,0,0,1,0,0,0,0,0,0
777135,2025-07-12,671277,"García Jr., Luis",WSH,MIL,2025,4,4,1,1,0,0,0,0,0,1,0,0,0,1
777135,2025-07-12,682928,"Abrams, CJ",WSH,MIL,2025,5,4,1,1,0,0,0,0,0,0,0,0,1,1
777135,2025-07-12,691781,"House, Brady",WSH,MIL,2025,4,4,3,1,0,0,2,0,0,1,0,0,3,9
777135,2025-07-12,695578,"Wood, James",WSH,MIL,2025,5,5,0,0,0,0,0,0,0,4,0,0,0,0
777135,2025-07-12,695734,"Lile, Daylen",WSH,MIL,2025,4,4,1,0,0,0,1,0,0,1,0,0,1,4
777135,2025-07-12,696285,"Young, Jacob",WSH,MIL,2025,4,4,2,2,0,0,0,0,0,1,0,0,0,2
777142,2025-07-12,502671,"Goldschmidt, Paul",NYY,CHC,2025,4,4,0,0,0,0,0,0,0,0,0,0,0,0
777142,2025-07-12,519317,"Stanton, Giancarlo",NYY,CHC,2025,4,3,0,0,0,0,0,0,1,2,0,0,0,0
777142,2025-07-12,592450,"Judge, Aaron",NYY,CHC,2025,4,4,3,0,2,0,1,0,0,0,0,0,2,8
777142,2025-07-12,641355,"Bellinger, Cody",NYY,CHC,2025,4,4,1,0,1,0,0,0,0,1,0,0,0,2
777142,2025-07-12,663757,"Grisham, Trent",NYY,CHC,2025,4,4,0,0,0,0,0,0,0,0,0,0,0,0
777142,2025-07-12,665862,"Chisholm Jr., Jazz",NYY,CHC,2025,4,4,1,1,0,0,0,0,0,1,0,0,0,1
777142,2025-07-12,669224,"Wells, Austin",NYY,CHC,2025,3,3,0,0,0,0,0,0,0,2,0,0,0,0
777142,2025-07-12,672724,"Peraza, Oswald",NYY,CHC,2025,3,3,0,0,0,0,0,0,0,1,0,0,0,0
777142,2025-07-12,683011,"Volpe, Anthony",NYY,CHC,2025,3,3,1,1,0,0,0,0,0,0,0,0,0,1
777149,2025-07-11,605137,"Bell, Josh",WSH,MIL,2025,4,4,1,0,1,0,0,0,0,0,0,0,0,2
777149,2025-07-11,656180,"Adams, Riley",WSH,MIL,2025,4,3,2,0,1,0,1,1,0,1,0,0,1,6
777149,2025-07-11,663993,"Lowe, Nathaniel",WSH,MIL,2025,4,4,0,0,0,0,0,0,0,1,0,0,0,0
777149,2025-07-11,669743,"Call, Alex",WSH,MIL,2025,4,3,0,0,0,0,0,1,0,2,0,0,0,0
777149,2025-07-11,671277,"García Jr., Luis",WSH,MIL,2025,4,3,0,0,0,0,0,1,0,2,0,0,0,0
777149,2025-07-11,682928,"Abrams, CJ",WSH,MIL,2025,5,5,2,1,0,1,0,0,0,0,0,0,1,4
777149,2025-07-11,691781,"House, Brady",WSH,MIL,2025,4,4,1,0,1,0,0,0,0,0,0,0,1,2
777149,2025-07-11,695578,"Wood, James",WSH,MIL,2025,4,3,0,0,0,0,0,1,0,1,0,0,0,0
777149,2025-07-11,695734,"Lile, Daylen",WSH,MIL,2025,4,4,0,0,0,0,0,0,0,0,0,0,0,0
777153,2025-07-11,502671,"Goldschmidt, Paul",NYY,CHC,2025,5,5,3,1,2,0,0,0,0,1,0,0,2,5
777153,2025-07-11,592450,"Judge, Aaron",NYY,CHC,2025,5,2,0,0,0,0,0,2,0,2,0,0,1,0
777153,2025-07-11,641355,"Bellinger, Cody",NYY,CHC,2025,5,5,3,0,0,0,3,0,0,0,0,0,6,12
777153,2025-07-11,641555,"Escarra, J.C.",NYY,CHC,2025,5,5,1,1,0,0,0,0,0,0,0,0,1,1
777153,2025-07-11,665862,"Chisholm Jr., Jazz",NYY,CHC,2025,5,3,1,1,0,0,0,2,0,0,0,0,0,1
777153,2025-07-11,672724,"Peraza, Oswald",NYY,CHC,2025,4,4,2,2,0,0,0,0,0,1,0,0,0,2
777153,2025-07-11,683011,"Volpe, Anthony",NYY,CHC,2025,4,4,1,0,1,0,0,0,0,0,0,0,1,2
777153,2025-07-11,691176,"Domínguez, Jasson",NYY,CHC,2025,5,5,2,2,0,0,0,0,0,3,0,0,0,2
777153,2025-07-11,700250,"Rice, Ben",NYY,CHC,2025,5,5,2,1,1,0,0,0,0,0,0,0,0,3
777167,2025-07-10,605137,"Bell, Josh",WSH,STL,2025,4,3,0,0,0,0,0,1,0,0,0,0,0,0
777167,2025-07-10,657557,"DeJong, Paul",WSH,STL,2025,4,4,1,1,0,0,0,0,0,1,0,0,0,1
777167,2025-07-10,663993,"Lowe, Nathaniel",WSH,STL,2025,4,4,1,1,0,0,0,0,0,1,0,0,0,1
777167,2025-07-10,671277,"García Jr., Luis",WSH,STL,2025,4,4,0,0,0,0,0,0,0,0,0,0,0,0
777167,2025-07-10,682928,"Abrams, CJ",WSH,STL,2025,4,4,1,0,1,0,0,0,0,1,0,0,0,2
777167,2025-07-10,686452,"Millas, Drew",WSH,STL,2025,3,3,1,1,0,0,0,0,0,0,0,0,0,1
777167,2025-07-10,695578,"Wood, James",WSH,STL,2025,4,3,0,0,0,0,0,1,0,3,0,0,0,0
777167,2025-07-10,695734,"Lile, Daylen",WSH,STL,2025,3,2,0,0,0,0,0,1,0,1,0,0,0,0
777167,2025-07-10,696285,"Young, Jacob",WSH,STL,2025,3,3,0,0,0,0,0,0,0,0,0,0,1,0
777169,2025-07-10,502671,"Goldschmidt, Paul",NYY,SEA,2025,1,0,0,0,0,0,0,1,0,0,0,0,0,0
777169,2025-07-10,519317,"Stanton, Giancarlo",NYY,SEA,2025,1,1,1,0,0,0,1,0,0,0,0,0,2,4
777169,2025-07-10,592450,"Judge, Aaron",NYY,SEA,2025,5,4,0,0,0,0,0,0,0,1,0,0,1,0
777169,2025-07-10,641355,"Bellinger, Cody",NYY,SEA,2025,4,4,1,1,0,0,0,0,0,0,0,0,0,1
777169,2025-07-10,663757,"Grisham, Trent",NYY,SEA,2025,5,3,1,1,0,0,0,2,0,0,0,0,0,1
777169,2025-07-10,665862,"Chisholm Jr., Jazz",NYY,SEA,2025,4,4,1,1,0,0,0,0,0,1,0,0,0,1
777169,2025-07-10,669224,"Wells, Austin",NYY,SEA,2025,4,3,1,1,0,0,0,0,0,1,0,0,3,1
777169,2025-07-10,672724,"Peraza, Oswald",NYY,SEA,2025,1,1,0,0,0,0,0,0,0,0,0,0,0,0
777169,2025-07-10,678391,"Vivas, Jorbit",NYY,SEA,2025,2,2,0,0,0,0,0,0,0,1,0,0,0,0
777169,2025-07-10,683011,"Volpe, Anthony",NYY,SEA,2025,4,4,0,0,0,0,0,0,0,1,0,0,0,0
777169,2025-07-10,691176,"Domínguez, Jasson",NYY,SEA,2025,4,3,0,0,0,0,0,1,0,1,0,0,0,0
777169,2025-07-10,700250,"Rice, Ben",NYY,SEA,2025,4,3,1,1,0,0,0,1,0,0,0,0,0,1
777178,2025-07-09,605137,"Bell, Josh",WSH,STL,2025,4,3,1,0,1,0,0,1,0,1,0,0,0,2
777178,2025-07-09,642708,"Rosario, Amed",WSH,STL,2025,4,4,1,0,0,0,1,0,0,0,0,0,1,4
777178,2025-07-09,656180,"Adams, Riley",WSH,STL,2025,4,4,0,0,0,0,0,0,0,0,0,0,0,0
777178,2025-07-09,663993,"Lowe, Nathaniel",WSH,STL,2025,4,4,2,1,0,0,1,0,0,0,0,0,3,5
777178,2025-07-09,669743,"Call, Alex",WSH,STL,2025,4,3,1,0,1,0,0,1,0,0,0,0,1,2
777178,2025-07-09,682928,"Abrams, CJ",WSH,STL,2025,5,5,1,0,1,0,0,0,0,0,0,0,0,2
777178,2025-07-09,691781,"House, Brady",WSH,STL,2025,4,4,1,1,0,0,0,0,0,0,0,0,0,1
777178,2025-07-09,695578,"Wood, James",WSH,STL,2025,4,4,1,0,0,0,1,0,0,1,0,0,1,4
777178,2025-07-09,696285,"Young, Jacob",WSH,STL,2025,4,4,1,1,0,0,0,0,0,0,0,0,2,1
777184,2025-07-09,502671,"Goldschmidt, Paul",NYY,SEA,2025,4,4,1,1,0,0,0,0,0,0,0,0,0,1
777184,2025-07-09,519317,"Stanton, Giancarlo",NYY,SEA,2025,4,4,1,1,0,0,0,0,0,2,0,0,1,1
777184,2025-07-09,592450,"Judge, Aaron",NYY,SEA,2025,5,3,1,0,1,0,0,2,0,1,0,0,2,2
777184,2025-07-09,641355,"Bellinger, Cody",NYY,SEA,2025,4,4,2,2,0,0,0,0,0,0,0,0,1,2
777184,2025-07-09,665862,"Chisholm Jr., Jazz",NYY,SEA,2025,4,4,2,0,0,0,2,0,0,1,0,0,4,8
777184,2025-07-09,669224,"Wells, Austin",NYY,SEA,2025,4,5,2,1,1,0,0,0,0,0,0,0,0,3
777184,2025-07-09,672724,"Peraza, Oswald",NYY,SEA,2025,4,4,0,0,0,0,0,0,0,0,0,0,0,0
777184,2025-07-09,683011,"Volpe, Anthony",NYY,SEA,2025,4,4,1,1,0,0,0,0,0,0,0,0,0,1
777184,2025-07-09,691176,"Domínguez, Jasson",NYY,SEA,2025,5,4,3,2,1,0,0,1,0,0,0,0,1,4
777187,2025-07-08,502671,"Goldschmidt, Paul",NYY,SEA,2025,4,4,3,2,1,0,0,0,0,0,0,0,2,4
777187,2025-07-08,519317,"Stanton, Giancarlo",NYY,SEA,2025,4,4,2,1,0,0,1,0,0,2,0,0,3,5
777187,2025-07-08,592450,"Judge, Aaron",NYY,SEA,2025,5,5,2,1,0,0,1,0,0,2,0,0,1,5
777187,2025-07-08,641355,"Bellinger, Cody",NYY,SEA,2025,4,4,3,3,0,0,0,0,0,1,0,0,0,3
777187,2025-07-08,665862,"Chisholm Jr., Jazz",NYY,SEA,2025,4,3,1,0,1,0,0,1,0,0,0,0,1,2
777187,2025-07-08,669224,"Wells, Austin",NYY,SEA,2025,4,3,1,0,0,0,1,1,0,0,0,0,2,4
777187,2025-07-08,672724,"Peraza, Oswald",NYY,SEA,2025,4,4,0,0,0,0,0,0,0,2,0,0,0,0
777187,2025-07-08,683011,"Volpe, Anthony",NYY,SEA,2025,4,4,0,0,0,0,0,0,0,0,0,0,0,0
777187,2025-07-08,691176,"Domínguez, Jasson",NYY,SEA,2025,5,5,0,0,0,0,0,0,0,2,0,0,0,0
777191,2025-07-08,605137,"Bell, Josh",WSH,STL,2025,4,2,1,0,1,0,0,2,0,0,0,0,0,2
777191,2025-07-08,642708,"Rosario, Amed",WSH,STL,2025,1,1,0,0,0,0,0,0,0,0,0,0,0,0
777191,2025-07-08,656180,"Adams, Riley",WSH,STL,2025,4,4,1,1,0,0,0,0,0,1,0,0,0,1
777191,2025-07-08,663993,"Lowe, Nathaniel",WSH,STL,2025,4,4,0,0,0,0,0,0,0,2,0,0,0,0
777191,2025-07-08,671277,"García Jr., Luis",WSH,STL,2025,3,3,1,1,0,0,0,0,0,1,0,0,1,1
777191,2025-07-08,682928,"Abrams, CJ",WSH,STL,2025,4,4,2,2,0,0,0,0,0,0,0,0,0,2
777191,2025-07-08,691781,"House, Brady",WSH,STL,2025,4,4,1,0,1,0,0,0,0,0,0,0,0,2
777191,2025-07-08,695578,"Wood, James",WSH,STL,2025,4,4,1,1,0,0,0,0,0,3,0,0,1,1
777191,2025-07-08,695734,"Lile, Daylen",WSH,STL,2025,4,4,1,1,0,0,0,0,0,0,0,0,0,1
777191,2025-07-08,696285,"Young, Jacob",WSH,STL,2025,4,3,0,0,0,0,0,1,0,1,0,0,0,0
777213,2025-07-06,605137,"Bell, Josh",WSH,BOS,2025,5,5,2,2,0,0,0,0,0,1,0,0,0,2
777213,2025-07-06,642708,"Rosario, Amed",WSH,BOS,2025,5,4,2,2,0,0,0,1,0,1,0,0,0,2
777213,2025-07-06,656180,"Adams, Riley",WSH,BOS,2025,5,4,0,0,0,0,0,1,0,3,0,0,0,0
777213,2025-07-06,657557,"DeJong, Paul",WSH,BOS,2025,5,5,1,0,1,0,0,0,0,1,0,0,1,2
777213,2025-07-06,663993,"Lowe, Nathaniel",WSH,BOS,2025,5,4,1,1,0,0,0,1,0,2,0,0,0,1
777213,2025-07-06,669743,"Call, Alex",WSH,BOS,2025,5,5,1,1,0,0,0,0,0,2,0,0,0,1
777213,2025-07-06,671277,"García Jr., Luis",WSH,BOS,2025,1,0,0,0,0,0,0,1,0,0,0,0,1,0
777213,2025-07-06,682928,"Abrams, CJ",WSH,BOS,2025,1,1,0,0,0,0,0,0,0,0,0,0,0,0
777213,2025-07-06,691781,"House, Brady",WSH,BOS,2025,5,4,3,3,0,0,0,1,0,0,0,0,1,3
777213,2025-07-06,695578,"Wood, James",WSH,BOS,2025,5,4,1,1,0,0,0,0,1,1,0,0,0,1
777213,2025-07-06,695734,"Lile, Daylen",WSH,BOS,2025,1,1,1,1,0,0,0,0,0,0,0,0,1,1
777213,2025-07-06,696285,"Young, Jacob",WSH,BOS,2025,3,2,0,0,0,0,0,1,0,0,0,0,0,0
777216,2025-07-06,502671,"Goldschmidt, Paul",NYY,NYM,2025,5,5,2,1,1,0,0,0,0,0,0,0,0,3
777216,2025-07-06,518934,"LeMahieu, DJ",NYY,NYM,2025,4,4,1,1,0,0,0,0,0,3,0,0,0,1
777216,2025-07-06,519317,"Stanton, Giancarlo",NYY,NYM,2025,5,5,1,0,1,0,0,0,0,1,0,0,0,2
777216,2025-07-06,592450,"Judge, Aaron",NYY,NYM,2025,5,4,1,0,0,0,1,0,0,1,0,0,3,4
777216,2025-07-06,641355,"Bellinger, Cody",NYY,NYM,2025,4,3,2,1,1,0,0,1,0,0,0,0,0,3
777216,2025-07-06,663757,"Grisham, Trent",NYY,NYM,2025,5,5,3,3,0,0,0,0,0,0,0,0,0,3
777216,2025-07-06,669224,"Wells, Austin",NYY,NYM,2025,4,4,2,1,0,0,1,0,0,0,0,0,2,5
777216,2025-07-06,672724,"Peraza, Oswald",NYY,NYM,2025,4,4,0,0,0,0,0,0,0,1,0,0,0,0
777216,2025-07-06,683011,"Volpe, Anthony",NYY,NYM,2025,4,4,0,0,0,0,0,0,0,2,0,0,1,0
777228,2025-07-05,605137,"Bell, Josh",WSH,BOS,2025,4,4,3,3,0,0,0,0,0,0,0,0,1,3
777228,2025-07-05,660688,"Ruiz, Keibert",WSH,BOS,2025,4,4,1,1,0,0,0,0,0,0,0,0,1,1
777228,2025-07-05,663993,"Lowe, Nathaniel",WSH,BOS,2025,4,4,2,1,0,1,0,0,0,1,0,0,0,4
777228,2025-07-05,671277,"García Jr., Luis",WSH,BOS,2025,4,4,0,0,0,0,0,0,0,0,0,0,0,0
777228,2025-07-05,682928,"Abrams, CJ",WSH,BOS,2025,4,4,1,1,0,0,0,0,0,1,0,0,0,1
777228,2025-07-05,691781,"House, Brady",WSH,BOS,2025,4,4,1,1,0,0,0,0,0,1,0,0,0,1
777228,2025-07-05,695578,"Wood, James",WSH,BOS,2025,4,4,0,0,0,0,0,0,0,0,0,0,0,0
777228,2025-07-05,695734,"Lile, Daylen",WSH,BOS,2025,4,4,1,1,0,0,0,0,0,0,0,0,0,1
777228,2025-07-05,696285,"Young, Jacob",WSH,BOS,2025,4,4,0,0,0,0,0,0,0,1,0,0,0,0
777241,2025-07-05,518934,"LeMahieu, DJ",NYY,NYM,2025,2,2,2,2,0,0,0,0,0,0,0,0,0,2
777241,2025-07-05,592450,"Judge, Aaron",NYY,NYM,2025,5,4,0,0,0,0,0,1,0,1,0,0,0,0
777241,2025-07-05,641355,"Bellinger, Cody",NYY,NYM,2025,4,4,1,0,1,0,0,0,0,0,0,0,2,2
777241,2025-07-05,663757,"Grisham, Trent",NYY,NYM,2025,5,5,1,1,0,0,0,0,0,1,0,0,0,1
777241,2025-07-05,665862,"Chisholm Jr., Jazz",NYY,NYM,2025,4,3,1,0,0,0,1,1,0,0,0,0,1,4
777241,2025-07-05,669224,"Wells, Austin",NYY,NYM,2025,4,4,1,0,0,0,1,0,0,1,0,0,1,4
777241,2025-07-05,672724,"Peraza, Oswald",NYY,NYM,2025,2,2,1,1,0,0,0,0,0,0,0,0,0,1
777241,2025-07-05,683011,"Volpe, Anthony",NYY,NYM,2025,4,4,1,0,0,0,1,0,0,2,0,0,1,4
777241,2025-07-05,691176,"Domínguez, Jasson",NYY,NYM,2025,4,4,0,0,0,0,0,0,0,2,0,0,0,0
777241,2025-07-05,700250,"Rice, Ben",NYY,NYM,2025,4,4,1,0,1,0,0,0,0,0,0,0,1,2
777245,2025-07-04,605137,"Bell, Josh",WSH,BOS,2025,4,4,1,1,0,0,0,0,0,2,0,0,0,1
777245,2025-07-04,660688,"Ruiz, Keibert",WSH,BOS,2025,4,4,1,1,0,0,0,0,0,2,0,0,0,1
777245,2025-07-04,663993,"Lowe, Nathaniel",WSH,BOS,2025,4,3,1,1,0,0,0,1,0,2,0,0,0,1
777245,2025-07-04,669743,"Call, Alex",WSH,BOS,2025,1,1,0,0,0,0,0,0,0,0,0,0,0,0
777245,2025-07-04,671277,"García Jr., Luis",WSH,BOS,2025,4,3,0,0,0,0,0,0,0,0,0,0,1,0
777245,2025-07-04,682928,"Abrams, CJ",WSH,BOS,2025,4,3,1,1,0,0,0,1,0,0,0,0,0,1
777245,2025-07-04,691781,"House, Brady",WSH,BOS,2025,4,4,0,0,0,0,0,0,0,1,0,0,0,0
777245,2025-07-04,695578,"Wood, James",WSH,BOS,2025,3,2,0,0,0,0,0,1,0,1,0,0,0,0
777245,2025-07-04,695734,"Lile, Daylen",WSH,BOS,2025,4,4,1,0,1,0,0,0,0,0,0,0,1,2
777245,2025-07-04,696285,"Young, Jacob",WSH,BOS,2025,3,3,1,1,0,0,0,0,0,0,0,0,0,1
777250,2025-07-04,502671,"Goldschmidt, Paul",NYY,NYM,2025,4,4,0,0,0,0,0,0,0,1,0,0,0,0
777250,2025-07-04,518934,"LeMahieu, DJ",NYY,NYM,2025,4,4,1,1,0,0,0,0,0,2,0,0,0,1
777250,2025-07-04,519317,"Stanton, Giancarlo",NYY,NYM,2025,4,3,0,0,0,0,0,1,0,1,0,0,0,0
777250,2025-07-04,592450,"Judge, Aaron",NYY,NYM,2025,4,4,2,1,0,0,1,0,0,2,0,0,1,5
777250,2025-07-04,641355,"Bellinger, Cody",NYY,NYM,2025,4,4,1,0,0,0,1,0,0,1,0,0,1,4
777250,2025-07-04,641555,"Escarra, J.C.",NYY,NYM,2025,3,2,0,0,0,0,0,1,0,1,0,0,0,0
777250,2025-07-04,663757,"Grisham, Trent",NYY,NYM,2025,1,1,0,0,0,0,0,0,0,0,0,0,0,0
777250,2025-07-04,665862,"Chisholm Jr., Jazz",NYY,NYM,2025,4,4,2,2,0,0,0,0,0,1,0,0,0,2
777250,2025-07-04,683011,"Volpe, Anthony",NYY,NYM,2025,3,3,0,0,0,0,0,0,0,1,0,0,0,0
777250,2025-07-04,691176,"Domínguez, Jasson",NYY,NYM,2025,5,4,2,0,0,0,2,1,0,0,0,0,3,8
777250,2025-07-04,700250,"Rice, Ben",NYY,NYM,2025,1,1,0,0,0,0,0,0,0,0,0,0,0,0
777258,2025-07-03,605137,"Bell, Josh",WSH,DET,2025,1,1,0,0,0,0,0,0,0,1,0,0,0,0
777258,2025-07-03,642708,"Rosario, Amed",WSH,DET,2025,4,4,1,1,0,0,0,0,0,1,0,0,0,1
777258,2025-07-03,656180,"Adams, Riley",WSH,DET,2025,4,3,1,1,0,0,0,1,0,0,0,0,0,1
777258,2025-07-03,657557,"DeJong, Paul",WSH,DET,2025,4,4,1,0,0,0,1,0,0,0,0,0,3,4
777258,2025-07-03,663993,"Lowe, Nathaniel",WSH,DET,2025,5,4,0,0,0,0,0,1,0,1,0,0,0,0
777258,2025-07-03,669743,"Call, Alex",WSH,DET,2025,5,5,3,2,1,0,0,0,0,0,0,0,3,4
777258,2025-07-03,671277,"García Jr., Luis",WSH,DET,2025,1,1,1,1,0,0,0,0,0,0,0,0,1,1
777258,2025-07-03,682928,"Abrams, CJ",WSH,DET,2025,5,4,1,1,0,0,0,1,0,0,0,0,0,1
777258,2025-07-03,691781,"House, Brady",WSH,DET,2025,5,5,1,1,0,0,0,0,0,2,0,0,2,1
777258,2025-07-03,695578,"Wood, James",WSH,DET,2025,5,5,5,4,0,0,1,0,0,0,0,0,2,8
777258,2025-07-03,696285,"Young, Jacob",WSH,DET,2025,4,4,1,1,0,0,0,0,0,1,0,0,0,1
777260,2025-07-03,519317,"Stanton, Giancarlo",NYY,TOR,2025,1,1,0,0,0,0,0,0,0,0,0,0,0,0
777260,2025-07-03,592450,"Judge, Aaron",NYY,TOR,2025,5,2,1,1,0,0,0,2,1,0,0,0,0,1
777260,2025-07-03,641355,"Bellinger, Cody",NYY,TOR,2025,5,5,2,2,0,0,0,0,0,2,0,0,0,2
777260,2025-07-03,663757,"Grisham, Trent",NYY,TOR,2025,5,3,1,0,0,0,1,2,0,1,0,0,1,4
777260,2025-07-03,665862,"Chisholm Jr., Jazz",NYY,TOR,2025,5,5,1,0,1,0,0,0,0,2,0,0,1,2
777260,2025-07-03,669224,"Wells, Austin",NYY,TOR,2025,5,4,1,0,1,0,0,1,0,1,0,0,0,2
777260,2025-07-03,672724,"Peraza, Oswald",NYY,TOR,2025,3,3,0,0,0,0,0,0,0,3,0,0,0,0
777260,2025-07-03,683011,"Volpe, Anthony",NYY,TOR,2025,5,5,1,1,0,0,0,0,0,0,0,0,2,1
777260,2025-07-03,691176,"Domínguez, Jasson",NYY,TOR,2025,5,5,4,2,1,1,0,0,0,1,0,0,0,7
777260,2025-07-03,700250,"Rice, Ben",NYY,TOR,2025,5,5,1,1,0,0,0,0,0,2,0,0,0,1
777265,2025-07-02,605137,"Bell, Josh",WSH,DET,2025,4,4,3,2,1,0,0,0,0,0,0,0,3,4
777265,2025-07-02,656180,"Adams, Riley",WSH,DET,2025,4,4,0,0,0,0,0,0,0,3,0,0,0,0
777265,2025-07-02,657557,"DeJong, Paul",WSH,DET,2025,4,3,1,1,0,0,0,1,0,1,0,0,1,1
777265,2025-07-02,663993,"Lowe, Nathaniel",WSH,DET,2025,4,4,2,1,0,1,0,0,0,1,0,0,4,4
777265,2025-07-02,671277,"García Jr., Luis",WSH,DET,2025,4,4,2,2,0,0,0,0,0,2,0,0,0,2
777265,2025-07-02,682928,"Abrams, CJ",WSH,DET,2025,5,5,1,1,0,0,0,0,0,1,0,0,0,1
777265,2025-07-02,695578,"Wood, James",WSH,DET,2025,4,2,1,1,0,0,0,2,0,1,0,0,0,1
777265,2025-07-02,695734,"Lile, Daylen",WSH,DET,2025,4,4,1,1,0,0,0,0,0,1,0,0,0,1
777265,2025-07-02,696285,"Young, Jacob",WSH,DET,2025,4,4,0,0,0,0,0,0,0,2,0,0,1,0
777274,2025-07-02,502671,"Goldschmidt, Paul",NYY,TOR,2025,5,5,2,0,2,0,0,0,0,1,0,0,0,4
777274,2025-07-02,518934,"LeMahieu, DJ",NYY,TOR,2025,3,2,1,1,0,0,0,1,0,0,0,0,1,1
777274,2025-07-02,519317,"Stanton, Giancarlo",NYY,TOR,2025,5,4,1,0,0,0,1,1,0,1,0,0,3,4
777274,2025-07-02,592450,"Judge, Aaron",NYY,TOR,2025,5,4,3,1,1,0,1,1,0,0,0,0,3,7
777274,2025-07-02,641355,"Bellinger, Cody",NYY,TOR,2025,5,5,1,1,0,0,0,0,0,1,0,0,1,1
777274,2025-07-02,663757,"Grisham, Trent",NYY,TOR,2025,2,2,1,1,0,0,0,0,0,0,0,0,0,1
777274,2025-07-02,665862,"Chisholm Jr., Jazz",NYY,TOR,2025,5,4,1,1,0,0,0,1,0,2,0,0,0,1
777274,2025-07-02,683011,"Volpe, Anthony",NYY,TOR,2025,5,5,1,1,0,0,0,0,0,0,0,0,0,1
777274,2025-07-02,691176,"Domínguez, Jasson",NYY,TOR,2025,5,5,2,2,0,0,0,0,0,2,0,0,0,2
777274,2025-07-02,700250,"Rice, Ben",NYY,TOR,2025,6,5,2,1,1,0,0,1,0,0,0,0,1,3
777283,2025-07-01,502671,"Goldschmidt, Paul",NYY,TOR,2025,5,5,2,1,1,0,0,0,0,0,0,0,0,3
777283,2025-07-01,518934,"LeMahieu, DJ",NYY,TOR,2025,4,3,2,2,0,0,0,1,0,1,0,0,0,2
777283,2025-07-01,519317,"Stanton, Giancarlo",NYY,TOR,2025,5,4,1,1,0,0,0,1,0,2,0,0,0,1
777283,2025-07-01,592450,"Judge, Aaron",NYY,TOR,2025,5,2,2,1,1,0,0,3,0,0,0,0,0,3
777283,2025-07-01,641355,"Bellinger, Cody",NYY,TOR,2025,5,5,1,1,0,0,0,0,0,0,0,0,0,1
777283,2025-07-01,641555,"Escarra, J.C.",NYY,TOR,2025,4,4,0,0,0,0,0,0,0,2,0,0,0,0
777283,2025-07-01,665862,"Chisholm Jr., Jazz",NYY,TOR,2025,5,3,0,0,0,0,0,2,0,0,0,0,0,0
777283,2025-07-01,683011,"Volpe, Anthony",NYY,TOR,2025,5,5,0,0,0,0,0,0,0,0,0,0,0,0
777283,2025-07-01,691176,"Domínguez, Jasson",NYY,TOR,2025,5,5,1,1,0,0,0,0,0,0,0,0,4,1
777284,2025-07-02,605137,"Bell, Josh",WSH,DET,2025,2,1,0,0,0,0,0,1,0,0,0,0,1,0
777284,2025-07-02,642708,"Rosario, Amed",WSH,DET,2025,5,4,1,1,0,0,0,1,0,0,0,0,0,1
777284,2025-07-02,657557,"DeJong, Paul",WSH,DET,2025,2,1,0,0,0,0,0,1,0,0,0,0,0,0
777284,2025-07-02,663993,"Lowe, Nathaniel",WSH,DET,2025,3,3,0,0,0,0,0,0,0,2,0,0,0,0
777284,2025-07-02,669743,"Call, Alex",WSH,DET,2025,5,5,3,3,0,0,0,0,0,1,0,0,0,3
777284,2025-07-02,682928,"Abrams, CJ",WSH,DET,2025,3,2,1,1,0,0,0,1,0,0,0,0,0,1
777284,2025-07-02,686452,"Millas, Drew",WSH,DET,2025,4,4,0,0,0,0,0,0,0,1,0,0,0,0
777284,2025-07-02,691781,"House, Brady",WSH,DET,2025,4,4,1,1,0,0,0,0,0,2,0,0,0,1
777284,2025-07-02,695578,"Wood, James",WSH,DET,2025,5,5,1,1,0,0,0,0,0,1,0,0,1,1
777284,2025-07-02,695734,"Lile, Daylen",WSH,DET,2025,5,4,2,2,0,0,0,1,0,0,0,0,0,2
777284,2025-07-02,696285,"Young, Jacob",WSH,DET,2025,4,3,0,0,0,0,0,1,0,1,0,0,0,0
777295,2025-06-30,518934,"LeMahieu, DJ",NYY,TOR,2025,4,4,0,0,0,0,0,0,0,2,0,0,0,0
777295,2025-06-30,519317,"Stanton, Giancarlo",NYY,TOR,2025,4,3,1,1,0,0,0,1,0,2,0,0,1,1
777295,2025-06-30,592450,"Judge, Aaron",NYY,TOR,2025,4,2,0,0,0,0,0,2,0,2,0,0,0,0
777295,2025-06-30,641355,"Bellinger, Cody",NYY,TOR,2025,5,5,1,0,0,0,1,0,0,1,0,0,1,4
777295,2025-06-30,641555,"Escarra, J.C.",NYY,TOR,2025,4,3,0,0,0,0,0,1,0,0,0,0,0,0
777295,2025-06-30,663757,"Grisham, Trent",NYY,TOR,2025,2,2,1,1,0,0,0,0,0,1,0,0,0,1
777295,2025-06-30,665862,"Chisholm Jr., Jazz",NYY,TOR,2025,4,3,1,0,0,0,1,0,0,1,0,0,2,4
777295,2025-06-30,683011,"Volpe, Anthony",NYY,TOR,2025,4,4,1,0,1,0,0,0,0,2,0,0,0,2
777295,2025-06-30,691176,"Domínguez, Jasson",NYY,TOR,2025,3,3,2,2,0,0,0,0,0,1,0,0,0,2
777295,2025-06-30,700250,"Rice, Ben",NYY,TOR,2025,4,4,0,0,0,0,0,0,0,0,0,0,0,0
777305,2025-06-29,605137,"Bell, Josh",WSH,LAA,2025,5,4,1,1,0,0,0,1,0,0,0,0,0,1
777305,2025-06-29,642708,"Rosario, Amed",WSH,LAA,2025,3,3,0,0,0,0,0,0,0,2,0,0,0,0
777305,2025-06-29,663993,"Lowe, Nathaniel",WSH,LAA,2025,6,5,0,0,0,0,0,1,0,2,0,0,0,0
777305,2025-06-29,671277,"García Jr., Luis",WSH,LAA,2025,3,3,0,0,0,0,0,0,0,0,0,0,1,0
777305,2025-06-29,682928,"Abrams, CJ",WSH,LAA,2025,6,6,2,0,1,1,0,0,0,1,0,0,3,5
777305,2025-06-29,686452,"Millas, Drew",WSH,LAA,2025,5,4,1,0,1,0,0,1,0,0,0,0,1,2
777305,2025-06-29,691781,"House, Brady",WSH,LAA,2025,5,5,1,0,1,0,0,0,0,2,0,0,1,2
777305,2025-06-29,695578,"Wood, James",WSH,LAA,2025,6,2,1,1,0,0,0,4,0,0,0,0,0,1
777305,2025-06-29,695734,"Lile, Daylen",WSH,LAA,2025,5,5,2,2,0,0,0,0,0,0,0,0,0,2
777305,2025-06-29,696285,"Young, Jacob",WSH,LAA,2025,5,4,2,1,1,0,0,1,0,0,0,0,1,3
777307,2025-06-29,502671,"Goldschmidt, Paul",NYY,ATH,2025,5,3,0,0,0,0,0,2,0,0,0,0,0,0
777307,2025-06-29,592450,"Judge, Aaron",NYY,ATH,2025,5,4,2,0,0,0,2,1,0,2,0,0,4,8
777307,2025-06-29,641355,"Bellinger, Cody",NYY,ATH,2025,5,5,3,1,1,0,1,0,0,0,0,0,3,7
777307,2025-06-29,663757,"Grisham, Trent",NYY,ATH,2025,5,3,0,0,0,0,0,2,0,1,0,0,0,0
777307,2025-06-29,665862,"Chisholm Jr., Jazz",NYY,ATH,2025,5,4,2,0,1,0,1,1,0,1,0,0,4,6
777307,2025-06-29,672724,"Peraza, Oswald",NYY,ATH,2025,4,4,0,0,0,0,0,0,0,1,0,0,0,0
777307,2025-06-29,683011,"Volpe, Anthony",NYY,ATH,2025,5,4,1,1,0,0,0,1,0,1,0,0,0,1
777307,2025-06-29,691176,"Domínguez, Jasson",NYY,ATH,2025,5,5,1,1,0,0,0,0,0,2,0,0,0,1
777307,2025-06-29,700250,"Rice, Ben",NYY,ATH,2025,5,2,0,0,0,0,0,1,2,1,0,0,0,0
777315,2025-06-28,605137,"Bell, Josh",WSH,LAA,2025,4,4,1,0,1,0,0,0,0,0,0,0,0,2
777315,2025-06-28,656180,"Adams, Riley",WSH,LAA,2025,4,4,2,2,0,0,0,0,0,1,0,0,1,2
777315,2025-06-28,663993,"Lowe, Nathaniel",WSH,LAA,2025,4,3,2,2,0,0,0,1,0,0,0,0,0,2
777315,2025-06-28,671277,"García Jr., Luis",WSH,LAA,2025,4,4,0,0,0,0,0,0,0,1,0,0,0,0
777315,2025-06-28,682928,"Abrams, CJ",WSH,LAA,2025,5,5,1,0,0,0,1,0,0,1,0,0,1,4
777315,2025-06-28,691781,"House, Brady",WSH,LAA,2025,4,4,0,0,0,0,0,0,0,1,0,0,0,0
777315,2025-06-28,695578,"Wood, James",WSH,LAA,2025,4,4,2,2,0,0,0,0,0,1,0,0,0,2
777315,2025-06-28,695734,"Lile, Daylen",WSH,LAA,2025,4,3,1,1,0,0,0,1,0,0,0,0,0,1
777315,2025-06-28,696285,"Young, Jacob",WSH,LAA,2025,4,4,0,0,0,0,0,0,0,2,0,0,0,0
777326,2025-06-28,502671,"Goldschmidt, Paul",NYY,ATH,2025,4,4,1,1,0,0,0,0,0,0,0,0,0,1
777326,2025-06-28,518934,"LeMahieu, DJ",NYY,ATH,2025,3,2,1,1,0,0,0,1,0,1,0,0,0,1
777326,2025-06-28,519317,"Stanton, Giancarlo",NYY,ATH,2025,4,4,0,0,0,0,0,0,0,0,0,0,0,0
777326,2025-06-28,592450,"Judge, Aaron",NYY,ATH,2025,4,3,0,0,0,0,0,1,0,0,0,0,0,0
777326,2025-06-28,641355,"Bellinger, Cody",NYY,ATH,2025,4,3,1,1,0,0,0,1,0,1,0,0,0,1
777326,2025-06-28,665862,"Chisholm Jr., Jazz",NYY,ATH,2025,4,4,0,0,0,0,0,0,0,2,0,0,0,0
777326,2025-06-28,669224,"Wells, Austin",NYY,ATH,2025,3,3,0,0,0,0,0,0,0,0,0,0,0,0
777326,2025-06-28,683011,"Volpe, Anthony",NYY,ATH,2025,4,2,0,0,0,0,0,2,0,0,0,0,0,0
777326,2025-06-28,691176,"Domínguez, Jasson",NYY,ATH,2025,3,3,0,0,0,0,0,0,0,3,0,0,0,0
777331,2025-06-27,605137,"Bell, Josh",WSH,LAA,2025,6,4,1,0,0,0,1,2,0,0,0,0,3,4
777331,2025-06-27,656180,"Adams, Riley",WSH,LAA,2025,5,6,2,1,1,0,0,0,0,3,0,0,1,3
777331,2025-06-27,663993,"Lowe, Nathaniel",WSH,LAA,2025,6,6,3,1,2,0,0,0,0,1,0,0,2,5
777331,2025-06-27,671277,"García Jr., Luis",WSH,LAA,2025,6,6,3,3,0,0,0,0,0,0,0,0,2,3
777331,2025-06-27,682928,"Abrams, CJ",WSH,LAA,2025,6,6,3,3,0,0,0,0,0,0,0,0,1,3
777331,2025-06-27,691781,"House, Brady",WSH,LAA,2025,5,4,2,1,1,0,0,1,0,2,0,0,1,3
777331,2025-06-27,695578,"Wood, James",WSH,LAA,2025,6,2,1,1,0,0,0,3,0,1,0,0,1,1
777331,2025-06-27,695734,"Lile, Daylen",WSH,LAA,2025,5,5,2,2,0,0,0,0,0,0,0,0,1,2
777331,2025-06-27,696285,"Young, Jacob",WSH,LAA,2025,5,5,2,1,1,0,0,0,0,1,0,0,3,3
777337,2025-06-27,502671,"Goldschmidt, Paul",NYY,ATH,2025,4,2,0,0,0,0,0,1,0,0,0,0,0,0
777337,2025-06-27,518934,"LeMahieu, DJ",NYY,ATH,2025,3,3,1,1,0,0,0,0,0,0,0,0,1,1
777337,2025-06-27,519317,"Stanton, Giancarlo",NYY,ATH,2025,4,4,0,0,0,0,0,0,0,2,0,0,0,0
777337,2025-06-27,592450,"Judge, Aaron",NYY,ATH,2025,4,3,0,0,0,0,0,1,0,2,0,0,0,0
777337,2025-06-27,641355,"Bellinger, Cody",NYY,ATH,2025,4,4,2,2,0,0,0,0,0,0,0,0,1,2
777337,2025-06-27,663757,"Grisham, Trent",NYY,ATH,2025,4,4,0,0,0,0,0,0,0,3,0,0,0,0
777337,2025-06-27,665862,"Chisholm Jr., Jazz",NYY,ATH,2025,4,4,1,0,0,0,1,0,0,0,0,0,1,4
777337,2025-06-27,683011,"Volpe, Anthony",NYY,ATH,2025,3,1,0,0,0,0,0,2,0,0,0,0,0,0
777337,2025-06-27,700250,"Rice, Ben",NYY,ATH,2025,4,3,0,0,0,0,0,1,0,0,0,0,0,0
777360,2025-06-25,605137,"Bell, Josh",WSH,SD,2025,1,1,0,0,0,0,0,0,0,1,0,0,0,0
777360,2025-06-25,656180,"Adams, Riley",WSH,SD,2025,2,2,0,0,0,0,0,0,0,2,0,0,0,0
777360,2025-06-25,663993,"Lowe, Nathaniel",WSH,SD,2025,3,3,0,0,0,0,0,0,0,2,0,0,0,0
777360,2025-06-25,669743,"Call, Alex",WSH,SD,2025,3,3,1,1,0,0,0,0,0,0,0,0,0,1
777360,2025-06-25,671277,"García Jr., Luis",WSH,SD,2025,3,3,0,0,0,0,0,0,0,1,0,0,0,0
777360,2025-06-25,682928,"Abrams, CJ",WSH,SD,2025,4,4,0,0,0,0,0,0,0,3,0,0,0,0
777360,2025-06-25,691781,"House, Brady",WSH,SD,2025,3,3,0,0,0,0,0,0,0,0,0,0,0,0
777360,2025-06-25,695578,"Wood, James",WSH,SD,2025,4,4,0,0,0,0,0,0,0,3,0,0,0,0
777360,2025-06-25,695734,"Lile, Daylen",WSH,SD,2025,3,3,1,1,0,0,0,0,0,0,0,0,0,1
777360,2025-06-25,696285,"Young, Jacob",WSH,SD,2025,3,3,1,1,0,0,0,0,0,0,0,0,0,1
777367,2025-06-25,518934,"LeMahieu, DJ",NYY,CIN,2025,5,5,1,1,0,0,0,0,0,2,0,0,0,1
777367,2025-06-25,519317,"Stanton, Giancarlo",NYY,CIN,2025,5,3,1,1,0,0,0,2,0,0,0,0,1,1
777367,2025-06-25,592450,"Judge, Aaron",NYY,CIN,2025,5,5,1,0,1,0,0,0,0,2,0,0,1,2
777367,2025-06-25,663757,"Grisham, Trent",NYY,CIN,2025,6,6,4,2,2,0,0,0,0,0,0,0,1,6
777367,2025-06-25,665862,"Chisholm Jr., Jazz",NYY,CIN,2025,5,5,1,0,0,0,1,0,0,2,0,0,2,4
777367,2025-06-25,669224,"Wells, Austin",NYY,CIN,2025,5,4,1,1,0,0,0,1,0,2,0,0,1,1
777367,2025-06-25,683011,"Volpe, Anthony",NYY,CIN,2025,5,3,0,0,0,0,0,1,0,1,0,0,1,0
777367,2025-06-25,691176,"Domínguez, Jasson",NYY,CIN,2025,5,5,4,2,2,0,0,0,0,1,0,0,0,6
777367,2025-06-25,700250,"Rice, Ben",NYY,CIN,2025,5,3,0,0,0,0,0,1,1,2,0,0,0,0
777372,2025-06-24,605137,"Bell, Josh",WSH,SD,2025,4,4,0,0,0,0,0,0,0,0,0,0,0,0
777372,2025-06-24,656180,"Adams, Riley",WSH,SD,2025,4,4,1,0,1,0,0,0,0,1,0,0,0,2
777372,2025-06-24,663993,"Lowe, Nathaniel",WSH,SD,2025,4,4,0,0,0,0,0,0,0,1,0,0,0,0
777372,2025-06-24,671277,"García Jr., Luis",WSH,SD,2025,4,3,0,0,0,0,0,1,0,1,0,0,0,0
777372,2025-06-24,682928,"Abrams, CJ",WSH,SD,2025,5,4,2,1,1,0,0,1,0,0,0,0,0,3
777372,2025-06-24,691781,"House, Brady",WSH,SD,2025,4,4,1,1,0,0,0,0,0,3,0,0,0,1
777372,2025-06-24,695578,"Wood, James",WSH,SD,2025,5,4,0,0,0,0,0,1,0,3,0,0,2,0
777372,2025-06-24,695734,"Lile, Daylen",WSH,SD,2025,4,4,1,1,0,0,0,0,0,0,0,0,0,1
777372,2025-06-24,696285,"Young, Jacob",WSH,SD,2025,4,3,2,2,0,0,0,0,0,0,0,0,1,2
777382,2025-06-23,605137,"Bell, Josh",WSH,SD,2025,5,4,2,1,0,0,1,0,0,1,0,0,3,5
777382,2025-06-23,656180,"Adams, Riley",WSH,SD,2025,4,4,0,0,0,0,0,0,0,3,0,0,0,0
777382,2025-06-23,660688,"Ruiz, Keibert",WSH,SD,2025,1,1,0,0,0,0,0,0,0,0,0,0,0,0
777382,2025-06-23,663993,"Lowe, Nathaniel",WSH,SD,2025,5,5,2,2,0,0,0,0,0,0,0,0,1,2
777382,2025-06-23,671277,"García Jr., Luis",WSH,SD,2025,5,5,2,1,1,0,0,0,0,2,0,0,1,3
777382,2025-06-23,682928,"Abrams, CJ",WSH,SD,2025,5,6,3,3,0,0,0,0,0,0,0,0,0,3
777382,2025-06-23,691781,"House, Brady",WSH,SD,2025,5,5,2,1,1,0,0,0,0,2,0,0,1,3
777382,2025-06-23,695578,"Wood, James",WSH,SD,2025,5,5,3,2,0,0,1,0,0,2,0,0,4,6
777382,2025-06-23,695734,"Lile, Daylen",WSH,SD,2025,5,4,1,1,0,0,0,1,0,2,0,0,0,1
777382,2025-06-23,696285,"Young, Jacob",WSH,SD,2025,4,3,0,0,0,0,0,1,0,2,0,0,0,0
777385,2025-06-24,502671,"Goldschmidt, Paul",NYY,CIN,2025,5,5,0,0,0,0,0,0,0,1,0,0,0,0
777385,2025-06-24,518934,"LeMahieu, DJ",NYY,CIN,2025,1,1,0,0,0,0,0,0,0,0,0,0,0,0
777385,2025-06-24,592450,"Judge, Aaron",NYY,CIN,2025,5,5,1,1,0,0,0,0,0,1,0,0,0,1
777385,2025-06-24,641355,"Bellinger, Cody",NYY,CIN,2025,5,5,1,1,0,0,0,0,0,1,0,0,0,1
777385,2025-06-24,663757,"Grisham, Trent",NYY,CIN,2025,5,4,0,0,0,0,0,1,0,3,0,0,0,0
777385,2025-06-24,665862,"Chisholm Jr., Jazz",NYY,CIN,2025,4,4,2,2,0,0,0,0,0,1,0,0,0,2
777385,2025-06-24,669224,"Wells, Austin",NYY,CIN,2025,4,4,0,0,0,0,0,0,0,1,0,0,0,0
777385,2025-06-24,672724,"Peraza, Oswald",NYY,CIN,2025,3,3,1,1,0,0,0,0,0,1,0,0,0,1
777385,2025-06-24,683011,"Volpe, Anthony",NYY,CIN,2025,4,4,1,0,0,1,0,0,0,3,0,0,2,3
777385,2025-06-24,691176,"Domínguez, Jasson",NYY,CIN,2025,1,1,0,0,0,0,0,0,0,0,0,0,0,0
777385,2025-06-24,700250,"Rice, Ben",NYY,CIN,2025,5,4,1,0,0,0,1,1,0,1,0,0,1,4
777390,2025-06-23,502671,"Goldschmidt, Paul",NYY,CIN,2025,5,5,0,0,0,0,0,0,0,2,0,0,0,0
777390,2025-06-23,518934,"LeMahieu, DJ",NYY,CIN,2025,4,4,0,0,0,0,0,0,0,1,0,0,0,0
777390,2025-06-23,519317,"Stanton, Giancarlo",NYY,CIN,2025,4,4,1,1,0,0,0,0,0,3,0,0,0,1
777390,2025-06-23,592450,"Judge, Aaron",NYY,CIN,2025,4,3,1,0,0,0,1,1,0,0,0,0,1,4
777390,2025-06-23,641355,"Bellinger, Cody",NYY,CIN,2025,4,4,3,1,2,0,0,0,0,0,0,0,0,5
777390,2025-06-23,665862,"Chisholm Jr., Jazz",NYY,CIN,2025,4,4,0,0,0,0,0,0,0,3,0,0,0,0
777390,2025-06-23,669224,"Wells, Austin",NYY,CIN,2025,4,4,1,0,1,0,0,0,0,1,0,0,0,2
777390,2025-06-23,683011,"Volpe, Anthony",NYY,CIN,2025,4,4,0,0,0,0,0,0,0,2,0,0,0,0
777390,2025-06-23,691176,"Domínguez, Jasson",NYY,CIN,2025,4,4,2,2,0,0,0,0,0,1,0,0,0,2
777398,2025-06-22,605137,"Bell, Josh",WSH,LAD,2025,5,4,2,2,0,0,0,1,0,0,0,0,0,2
777398,2025-06-22,642708,"Rosario, Amed",WSH,LAD,2025,1,1,1,1,0,0,0,0,0,0,0,0,1,1
777398,2025-06-22,660688,"Ruiz, Keibert",WSH,LAD,2025,5,5,0,0,0,0,0,0,0,0,0,0,0,0
777398,2025-06-22,663993,"Lowe, Nathaniel",WSH,LAD,2025,5,3,1,0,0,0,1,1,0,1,0,0,4,4
777398,2025-06-22,669743,"Call, Alex",WSH,LAD,2025,1,0,0,0,0,0,0,1,0,0,0,0,0,0
777398,2025-06-22,671277,"García Jr., Luis",WSH,LAD,2025,5,5,2,2,0,0,0,0,0,1,0,0,1,2
777398,2025-06-22,682928,"Abrams, CJ",WSH,LAD,2025,5,4,1,0,1,0,0,1,0,0,0,0,0,2
777398,2025-06-22,691781,"House, Brady",WSH,LAD,2025,5,4,1,1,0,0,0,0,0,0,0,0,1,1
777398,2025-06-22,695578,"Wood, James",WSH,LAD,2025,4,3,1,1,0,0,0,1,0,0,0,0,0,1
777398,2025-06-22,695734,"Lile, Daylen",WSH,LAD,2025,4,4,1,1,0,0,0,0,0,2,0,0,0,1
777398,2025-06-22,696285,"Young, Jacob",WSH,LAD,2025,4,3,1,1,0,0,0,1,0,0,0,0,0,1
777406,2025-06-22,518934,"LeMahieu, DJ",NYY,BAL,2025,4,4,1,1,0,0,0,0,0,1,0,0,2,1
777406,2025-06-22,519317,"Stanton, Giancarlo",NYY,BAL,2025,4,4,1,1,0,0,0,0,0,3,0,0,0,1
777406,2025-06-22,592450,"Judge, Aaron",NYY,BAL,2025,4,3,1,1,0,0,0,1,0,1,0,0,0,1
777406,2025-06-22,641355,"Bellinger, Cody",NYY,BAL,2025,4,4,0,0,0,0,0,0,0,1,0,0,0,0
777406,2025-06-22,663757,"Grisham, Trent",NYY,BAL,2025,5,4,0,0,0,0,0,1,0,2,0,0,0,0
777406,2025-06-22,665862,"Chisholm Jr., Jazz",NYY,BAL,2025,4,4,2,0,2,0,0,0,0,0,0,0,2,4
777406,2025-06-22,669224,"Wells, Austin",NYY,BAL,2025,4,4,1,1,0,0,0,0,0,1,0,0,0,1
777406,2025-06-22,672724,"Peraza, Oswald",NYY,BAL,2025,2,2,0,0,0,0,0,0,0,0,0,0,0,0
777406,2025-06-22,683011,"Volpe, Anthony",NYY,BAL,2025,1,0,0,0,0,0,0,1,0,0,0,0,0,0
777406,2025-06-22,691176,"Domínguez, Jasson",NYY,BAL,2025,1,1,0,0,0,0,0,0,0,0,0,0,0,0
777406,2025-06-22,700250,"Rice, Ben",NYY,BAL,2025,4,4,3,2,1,0,0,0,0,0,0,0,0,4
777416,2025-06-21,605137,"Bell, Josh",WSH,LAD,2025,4,4,1,1,0,0,0,0,0,0,0,0,0,1
777416,2025-06-21,660688,"Ruiz, Keibert",WSH,LAD,2025,4,3,3,1,2,0,0,0,0,0,0,0,1,5
777416,2025-06-21,663993,"Lowe, Nathaniel",WSH,LAD,2025,5,5,2,0,0,0,2,0,0,2,0,0,2,8
777416,2025-06-21,671277,"García Jr., Luis",WSH,LAD,2025,5,5,1,0,0,0,1,0,0,2,0,0,1,4
777416,2025-06-21,682928,"Abrams, CJ",WSH,LAD,2025,5,5,1,0,0,0,1,0,0,1,0,0,2,4
777416,2025-06-21,691781,"House, Brady",WSH,LAD,2025,4,4,0,0,0,0,0,0,0,1,0,0,0,0
777416,2025-06-21,695578,"Wood, James",WSH,LAD,2025,5,4,1,0,0,0,1,1,0,2,0,0,1,4
777416,2025-06-21,695734,"Lile, Daylen",WSH,LAD,2025,4,3,1,0,1,0,0,1,0,1,0,0,0,2
777416,2025-06-21,696285,"Young, Jacob",WSH,LAD,2025,4,1,0,0,0,0,0,1,0,0,0,0,0,0
777422,2025-06-21,592450,"Judge, Aaron",NYY,BAL,2025,5,3,0,0,0,0,0,2,0,2,0,0,0,0
777422,2025-06-21,641355,"Bellinger, Cody",NYY,BAL,2025,5,5,1,1,0,0,0,0,0,0,0,0,0,1
777422,2025-06-21,641555,"Escarra, J.C.",NYY,BAL,2025,4,3,2,1,0,0,1,0,0,0,0,0,3,5
777422,2025-06-21,663757,"Grisham, Trent",NYY,BAL,2025,5,5,3,2,0,0,1,0,0,2,0,0,1,6
777422,2025-06-21,665862,"Chisholm Jr., Jazz",NYY,BAL,2025,5,4,1,1,0,0,0,1,0,1,0,0,0,1
777422,2025-06-21,672724,"Peraza, Oswald",NYY,BAL,2025,4,4,1,1,0,0,0,0,0,1,0,0,2,1
777422,2025-06-21,683011,"Volpe, Anthony",NYY,BAL,2025,4,4,3,2,0,0,1,0,0,1,0,0,1,6
777422,2025-06-21,691176,"Domínguez, Jasson",NYY,BAL,2025,5,4,1,1,0,0,0,1,0,1,0,0,0,1
777422,2025-06-21,700250,"Rice, Ben",NYY,BAL,2025,5,5,2,0,0,1,1,0,0,1,0,0,2,7
777427,2025-06-20,642708,"Rosario, Amed",WSH,LAD,2025,5,4,2,1,0,0,1,1,0,0,0,0,1,5
777427,2025-06-20,656180,"Adams, Riley",WSH,LAD,2025,4,3,1,0,0,0,1,0,1,1,0,0,1,4
777427,2025-06-20,663993,"Lowe, Nathaniel",WSH,LAD,2025,4,3,0,0,0,0,0,1,0,1,0,0,0,0
777427,2025-06-20,665953,"Chaparro, Andrés",WSH,LAD,2025,3,3,0,0,0,0,0,0,0,1,0,0,0,0
777427,2025-06-20,669743,"Call, Alex",WSH,LAD,2025,4,4,1,1,0,0,0,0,0,1,0,0,0,1
777427,2025-06-20,671277,"García Jr., Luis",WSH,LAD,2025,1,1,1,0,1,0,0,0,0,0,0,0,2,2
777427,2025-06-20,682928,"Abrams, CJ",WSH,LAD,2025,5,4,2,1,0,0,1,1,0,1,0,0,1,5
777427,2025-06-20,691781,"House, Brady",WSH,LAD,2025,4,4,1,1,0,0,0,0,0,1,0,0,0,1
777427,2025-06-20,695578,"Wood, James",WSH,LAD,2025,5,5,0,0,0,0,0,0,0,2,0,0,0,0
777427,2025-06-20,696285,"Young, Jacob",WSH,LAD,2025,4,4,1,1,0,0,0,0,0,0,0,0,0,1
777438,2025-06-20,502671,"Goldschmidt, Paul",NYY,BAL,2025,5,4,0,0,0,0,0,1,0,0,0,0,0,0
777438,2025-06-20,518934,"LeMahieu, DJ",NYY,BAL,2025,4,4,2,1,1,0,0,0,0,0,0,0,0,3
777438,2025-06-20,519317,"Stanton, Giancarlo",NYY,BAL,2025,4,3,1,1,0,0,0,1,0,2,0,0,0,1
777438,2025-06-20,592450,"Judge, Aaron",NYY,BAL,2025,5,4,3,2,0,0,1,1,0,1,0,0,1,6
777438,2025-06-20,663757,"Grisham, Trent",NYY,BAL,2025,5,4,0,0,0,0,0,1,0,1,0,0,0,0
777438,2025-06-20,665862,"Chisholm Jr., Jazz",NYY,BAL,2025,5,5,2,2,0,0,0,0,0,2,0,0,1,2
777438,2025-06-20,669224,"Wells, Austin",NYY,BAL,2025,4,4,1,1,0,0,0,0,0,1,0,0,0,1
777438,2025-06-20,683011,"Volpe, Anthony",NYY,BAL,2025,4,4,0,0,0,0,0,0,0,2,0,0,0,0
777438,2025-06-20,691176,"Domínguez, Jasson",NYY,BAL,2025,4,2,1,1,0,0,0,1,0,0,0,0,1,1
777445,2025-06-19,605137,"Bell, Josh",WSH,COL,2025,3,3,0,0,0,0,0,0,0,0,0,0,0,0
777445,2025-06-19,642708,"Rosario, Amed",WSH,COL,2025,1,1,0,0,0,0,0,0,0,0,0,0,0,0
777445,2025-06-19,660688,"Ruiz, Keibert",WSH,COL,2025,4,4,0,0,0,0,0,0,0,0,0,0,0,0
777445,2025-06-19,663993,"Lowe, Nathaniel",WSH,COL,2025,4,4,0,0,0,0,0,0,0,3,0,0,0,0
777445,2025-06-19,669743,"Call, Alex",WSH,COL,2025,1,0,0,0,0,0,0,0,0,0,0,0,0,0
777445,2025-06-19,671277,"García Jr., Luis",WSH,COL,2025,4,4,3,2,1,0,0,0,0,0,0,0,0,4
777445,2025-06-19,682928,"Abrams, CJ",WSH,COL,2025,5,6,2,2,0,0,0,0,0,0,0,0,0,2
777445,2025-06-19,691781,"House, Brady",WSH,COL,2025,4,4,0,0,0,0,0,0,0,1,0,0,0,0
777445,2025-06-19,695578,"Wood, James",WSH,COL,2025,5,5,2,0,0,0,2,0,0,0,0,0,4,8
777445,2025-06-19,695734,"Lile, Daylen",WSH,COL,2025,3,3,0,0,0,0,0,0,0,0,0,0,0,0
777445,2025-06-19,696285,"Young, Jacob",WSH,COL,2025,4,3,1,1,0,0,0,0,0,1,0,0,0,1
777449,2025-06-19,502671,"Goldschmidt, Paul",NYY,LAA,2025,4,4,2,0,1,0,1,0,0,2,0,0,1,6
777449,2025-06-19,518934,"LeMahieu, DJ",NYY,LAA,2025,4,4,1,1,0,0,0,0,0,1,0,0,0,1
777449,2025-06-19,519317,"Stanton, Giancarlo",NYY,LAA,2025,4,3,0,0,0,0,0,1,0,0,0,0,1,0
777449,2025-06-19,592450,"Judge, Aaron",NYY,LAA,2025,4,3,1,0,1,0,0,1,0,1,0,0,0,2
777449,2025-06-19,641355,"Bellinger, Cody",NYY,LAA,2025,4,4,3,3,0,0,0,0,0,1,0,0,1,3
777449,2025-06-19,663757,"Grisham, Trent",NYY,LAA,2025,3,3,2,0,1,0,1,0,0,0,0,0,2,6
777449,2025-06-19,665862,"Chisholm Jr., Jazz",NYY,LAA,2025,4,4,2,2,0,0,0,0,0,1,0,0,0,2
777449,2025-06-19,669224,"Wells, Austin",NYY,LAA,2025,4,3,1,1,0,0,0,0,0,0,0,0,1,1
777449,2025-06-19,683011,"Volpe, Anthony",NYY,LAA,2025,4,3,0,0,0,0,0,1,0,0,0,0,1,0
777461,2025-06-18,605137,"Bell, Josh",WSH,COL,2025,4,4,1,1,0,0,0,0,0,0,0,0,0,1
777461,2025-06-18,660688,"Ruiz, Keibert",WSH,COL,2025,4,4,0,0,0,0,0,0,0,0,0,0,0,0
777461,2025-06-18,663993,"Lowe, Nathaniel",WSH,COL,2025,4,4,1,1,0,0,0,0,0,0,0,0,0,1
777461,2025-06-18,669743,"Call, Alex",WSH,COL,2025,1,1,0,0,0,0,0,0,0,1,0,0,0,0
777461,2025-06-18,671277,"García Jr., Luis",WSH,COL,2025,4,4,1,1,0,0,0,0,0,0,0,0,0,1
777461,2025-06-18,682928,"Abrams, CJ",WSH,COL,2025,4,2,0,0,0,0,0,2,0,0,0,0,0,0
777461,2025-06-18,691781,"House, Brady",WSH,COL,2025,4,4,2,2,0,0,0,0,0,0,0,0,0,2
777461,2025-06-18,695578,"Wood, James",WSH,COL,2025,4,3,1,0,1,0,0,1,0,2,0,0,1,2
777461,2025-06-18,695734,"Lile, Daylen",WSH,COL,2025,4,4,0,0,0,0,0,0,0,1,0,0,0,0
777461,2025-06-18,696285,"Young, Jacob",WSH,COL,2025,3,3,1,1,0,0,0,0,0,0,0,0,0,1
777466,2025-06-18,502671,"Goldschmidt, Paul",NYY,LAA,2025,4,4,0,0,0,0,0,0,0,1,0,0,0,0
777466,2025-06-18,519317,"Stanton, Giancarlo",NYY,LAA,2025,1,1,0,0,0,0,0,0,0,0,0,0,0,0
777466,2025-06-18,592450,"Judge, Aaron",NYY,LAA,2025,4,4,0,0,0,0,0,0,0,2,0,0,0,0
777466,2025-06-18,641355,"Bellinger, Cody",NYY,LAA,2025,4,4,2,1,0,0,1,0,0,0,0,0,1,5
777466,2025-06-18,641555,"Escarra, J.C.",NYY,LAA,2025,1,1,0,0,0,0,0,0,0,0,0,0,0,0
777466,2025-06-18,663757,"Grisham, Trent",NYY,LAA,2025,4,3,0,0,0,0,0,1,0,1,0,0,0,0
777466,2025-06-18,665862,"Chisholm Jr., Jazz",NYY,LAA,2025,4,4,1,0,0,0,1,0,0,1,0,0,1,4
777466,2025-06-18,669224,"Wells, Austin",NYY,LAA,2025,1,0,0,0,0,0,0,0,1,0,0,0,0,0
777466,2025-06-18,672724,"Peraza, Oswald",NYY,LAA,2025,2,2,0,0,0,0,0,0,0,1,0,0,0,0
777466,2025-06-18,683011,"Volpe, Anthony",NYY,LAA,2025,4,4,0,0,0,0,0,0,0,3,0,0,0,0
777466,2025-06-18,691176,"Domínguez, Jasson",NYY,LAA,2025,3,2,0,0,0,0,0,2,0,1,0,0,0,0
777466,2025-06-18,700250,"Rice, Ben",NYY,LAA,2025,2,1,0,0,0,0,0,1,0,0,0,0,0,0
777476,2025-06-17,502671,"Goldschmidt, Paul",NYY,LAA,2025,4,4,0,0,0,0,0,0,0,2,0,0,0,0
777476,2025-06-17,518934,"LeMahieu, DJ",NYY,LAA,2025,3,3,0,0,0,0,0,0,0,3,0,0,0,0
777476,2025-06-17,519317,"Stanton, Giancarlo",NYY,LAA,2025,4,4,2,2,0,0,0,0,0,0,0,0,0,2
777476,2025-06-17,592450,"Judge, Aaron",NYY,LAA,2025,4,4,0,0,0,0,0,0,0,3,0,0,0,0
777476,2025-06-17,641355,"Bellinger, Cody",NYY,LAA,2025,4,4,1,0,1,0,0,0,0,1,0,0,0,2
777476,2025-06-17,665862,"Chisholm Jr., Jazz",NYY,LAA,2025,4,2,0,0,0,0,0,2,0,0,0,0,0,0
777476,2025-06-17,669224,"Wells, Austin",NYY,LAA,2025,3,3,0,0,0,0,0,0,0,2,0,0,0,0
777476,2025-06-17,683011,"Volpe, Anthony",NYY,LAA,2025,3,3,0,0,0,0,0,0,0,0,0,0,0,0
777476,2025-06-17,691176,"Domínguez, Jasson",NYY,LAA,2025,4,4,1,1,0,0,0,0,0,1,0,0,0,1
777480,2025-06-17,605137,"Bell, Josh",WSH,COL,2025,5,5,2,1,1,0,0,0,0,0,0,0,0,3
777480,2025-06-17,660688,"Ruiz, Keibert",WSH,COL,2025,4,4,1,1,0,0,0,0,0,1,0,0,0,1
777480,2025-06-17,663993,"Lowe, Nathaniel",WSH,COL,2025,5,5,2,0,1,0,1,0,0,1,0,0,1,6
777480,2025-06-17,671277,"García Jr., Luis",WSH,COL,2025,5,5,1,0,0,0,1,0,0,0,0,0,2,4
777480,2025-06-17,682928,"Abrams, CJ",WSH,COL,2025,5,4,2,2,0,0,0,1,0,0,0,0,1,2
777480,2025-06-17,691781,"House, Brady",WSH,COL,2025,5,4,2,2,0,0,0,1,0,0,0,0,1,2
777480,2025-06-17,695578,"Wood, James",WSH,COL,2025,5,3,0,0,0,0,0,2,0,1,0,0,0,0
777480,2025-06-17,695734,"Lile, Daylen",WSH,COL,2025,5,5,0,0,0,0,0,0,0,1,0,0,0,0
777480,2025-06-17,696285,"Young, Jacob",WSH,COL,2025,4,4,2,1,1,0,0,0,0,0,0,0,0,3
777487,2025-06-16,502671,"Goldschmidt, Paul",NYY,LAA,2025,2,2,0,0,0,0,0,0,0,0,0,0,0,0
777487,2025-06-16,518934,"LeMahieu, DJ",NYY,LAA,2025,4,3,0,0,0,0,0,1,0,1,0,0,0,0
777487,2025-06-16,519317,"Stanton, Giancarlo",NYY,LAA,2025,4,4,2,1,1,0,0,0,0,1,0,0,0,3
777487,2025-06-16,592450,"Judge, Aaron",NYY,LAA,2025,5,3,1,1,0,0,0,2,0,0,0,0,0,1
777487,2025-06-16,641355,"Bellinger, Cody",NYY,LAA,2025,5,5,0,0,0,0,0,0,0,0,0,0,0,0
777487,2025-06-16,663757,"Grisham, Trent",NYY,LAA,2025,5,5,1,1,0,0,0,0,0,2,0,0,0,1
777487,2025-06-16,665862,"Chisholm Jr., Jazz",NYY,LAA,2025,5,5,3,2,1,0,0,0,0,1,0,0,0,4
777487,2025-06-16,669224,"Wells, Austin",NYY,LAA,2025,4,4,0,0,0,0,0,0,0,2,0,0,0,0
777487,2025-06-16,683011,"Volpe, Anthony",NYY,LAA,2025,5,4,0,0,0,0,0,0,0,1,0,0,0,0
777487,2025-06-16,691176,"Domínguez, Jasson",NYY,LAA,2025,1,1,0,0,0,0,0,0,0,0,0,0,0,0
777487,2025-06-16,700250,"Rice, Ben",NYY,LAA,2025,3,3,1,1,0,0,0,0,0,2,0,0,0,1
777488,2025-06-16,605137,"Bell, Josh",WSH,COL,2025,1,1,0,0,0,0,0,0,0,0,0,0,0,0
777488,2025-06-16,642708,"Rosario, Amed",WSH,COL,2025,3,2,0,0,0,0,0,0,0,0,0,0,1,0
777488,2025-06-16,656180,"Adams, Riley",WSH,COL,2025,3,3,0,0,0,0,0,0,0,2,0,0,0,0
777488,2025-06-16,663993,"Lowe, Nathaniel",WSH,COL,2025,1,1,0,0,0,0,0,0,0,0,0,0,0,0
777488,2025-06-16,665953,"Chaparro, Andrés",WSH,COL,2025,3,2,0,0,0,0,0,1,0,0,0,0,0,0
777488,2025-06-16,669743,"Call, Alex",WSH,COL,2025,4,4,1,1,0,0,0,0,0,0,0,0,0,1
777488,2025-06-16,671277,"García Jr., Luis",WSH,COL,2025,1,0,0,0,0,0,0,1,0,0,0,0,0,0
777488,2025-06-16,682928,"Abrams, CJ",WSH,COL,2025,4,3,0,0,0,0,0,1,0,1,0,0,0,0
777488,2025-06-16,691781,"House, Brady",WSH,COL,2025,4,3,0,0,0,0,0,1,0,1,0,0,0,0
777488,2025-06-16,695578,"Wood, James",WSH,COL,2025,4,3,2,0,1,0,1,1,0,0,0,0,2,6
777488,2025-06-16,695734,"Lile, Daylen",WSH,COL,2025,3,3,1,0,0,0,1,0,0,0,0,0,1,4
777488,2025-06-16,696285,"Young, Jacob",WSH,COL,2025,3,3,0,0,0,0,0,0,0,0,0,0,0,0
777500,2025-06-15,502671,"Goldschmidt, Paul",NYY,BOS,2025,1,1,1,1,0,0,0,0,0,0,0,0,0,1
777500,2025-06-15,518934,"LeMahieu, DJ",NYY,BOS,2025,1,1,0,0,0,0,0,0,0,1,0,0,0,0
777500,2025-06-15,592450,"Judge, Aaron",NYY,BOS,2025,4,4,0,0,0,0,0,0,0,3,0,0,0,0
777500,2025-06-15,641355,"Bellinger, Cody",NYY,BOS,2025,4,3,1,1,0,0,0,1,0,1,0,0,0,1
777500,2025-06-15,641555,"Escarra, J.C.",NYY,BOS,2025,3,2,0,0,0,0,0,1,0,1,0,0,0,0
777500,2025-06-15,663757,"Grisham, Trent",NYY,BOS,2025,4,4,2,1,1,0,0,0,0,0,0,0,0,3
777500,2025-06-15,665862,"Chisholm Jr., Jazz",NYY,BOS,2025,4,3,0,0,0,0,0,1,0,2,0,0,0,0
777500,2025-06-15,672724,"Peraza, Oswald",NYY,BOS,2025,2,2,0,0,0,0,0,0,0,1,0,0,0,0
777500,2025-06-15,683011,"Volpe, Anthony",NYY,BOS,2025,4,4,0,0,0,0,0,0,0,1,0,0,0,0
777500,2025-06-15,691176,"Domínguez, Jasson",NYY,BOS,2025,3,3,0,0,0,0,0,0,0,1,0,0,0,0
777500,2025-06-15,700250,"Rice, Ben",NYY,BOS,2025,3,3,1,1,0,0,0,0,0,0,0,0,0,1
777503,2025-06-15,605137,"Bell, Josh",WSH,MIA,2025,4,4,1,0,1,0,0,0,0,0,0,0,0,2
777503,2025-06-15,660688,"Ruiz, Keibert",WSH,MIA,2025,4,4,1,1,0,0,0,0,0,0,0,0,0,1
777503,2025-06-15,663993,"Lowe, Nathaniel",WSH,MIA,2025,4,3,0,0,0,0,0,1,0,1,0,0,0,0
777503,2025-06-15,669743,"Call, Alex",WSH,MIA,2025,5,4,1,1,0,0,0,1,0,0,0,0,0,1
777503,2025-06-15,671277,"García Jr., Luis",WSH,MIA,2025,4,4,1,1,0,0,0,0,0,0,0,0,1,1
777503,2025-06-15,677588,"Tena, José",WSH,MIA,2025,4,3,1,1,0,0,0,0,1,0,0,0,0,1
777503,2025-06-15,682928,"Abrams, CJ",WSH,MIA,2025,4,3,1,0,1,0,0,0,1,0,0,0,0,2
777503,2025-06-15,690987,"Hassell III, Robert",WSH,MIA,2025,4,4,0,0,0,0,0,0,0,1,0,0,0,0
777503,2025-06-15,695578,"Wood, James",WSH,MIA,2025,4,2,0,0,0,0,0,2,0,1,0,0,0,0
777514,2025-06-14,605137,"Bell, Josh",WSH,MIA,2025,4,3,1,1,0,0,0,1,0,1,0,0,0,1
777514,2025-06-14,642708,"Rosario, Amed",WSH,MIA,2025,5,4,0,0,0,0,0,1,0,1,0,0,0,0
777514,2025-06-14,656180,"Adams, Riley",WSH,MIA,2025,3,2,0,0,0,0,0,1,0,0,0,0,1,0
777514,2025-06-14,660688,"Ruiz, Keibert",WSH,MIA,2025,1,1,0,0,0,0,0,0,0,0,0,0,0,0
777514,2025-06-14,663993,"Lowe, Nathaniel",WSH,MIA,2025,4,3,1,1,0,0,0,1,0,2,0,0,0,1
777514,2025-06-14,669743,"Call, Alex",WSH,MIA,2025,4,4,2,1,1,0,0,0,0,1,0,0,0,3
777514,2025-06-14,671277,"García Jr., Luis",WSH,MIA,2025,4,4,1,0,1,0,0,0,0,0,0,0,0,2
777514,2025-06-14,682928,"Abrams, CJ",WSH,MIA,2025,5,4,2,2,0,0,0,1,0,1,0,0,0,2
777514,2025-06-14,690987,"Hassell III, Robert",WSH,MIA,2025,4,3,0,0,0,0,0,1,0,0,0,0,0,0
777514,2025-06-14,695578,"Wood, James",WSH,MIA,2025,5,5,0,0,0,0,0,0,0,0,0,0,0,0
777516,2025-06-14,502671,"Goldschmidt, Paul",NYY,BOS,2025,4,3,1,0,1,0,0,1,0,1,0,0,0,2
777516,2025-06-14,518934,"LeMahieu, DJ",NYY,BOS,2025,3,3,0,0,0,0,0,0,0,1,0,0,0,0
777516,2025-06-14,592450,"Judge, Aaron",NYY,BOS,2025,4,4,0,0,0,0,0,0,0,3,0,0,0,0
777516,2025-06-14,663757,"Grisham, Trent",NYY,BOS,2025,4,5,0,0,0,0,0,0,0,2,0,0,0,0
777516,2025-06-14,665862,"Chisholm Jr., Jazz",NYY,BOS,2025,4,3,1,1,0,0,0,1,0,0,0,0,0,1
777516,2025-06-14,669224,"Wells, Austin",NYY,BOS,2025,4,4,1,1,0,0,0,0,0,0,0,0,1,1
777516,2025-06-14,683011,"Volpe, Anthony",NYY,BOS,2025,4,3,1,1,0,0,0,1,0,0,0,0,1,1
777516,2025-06-14,691176,"Domínguez, Jasson",NYY,BOS,2025,4,4,2,1,1,0,0,0,0,0,0,0,1,3
777516,2025-06-14,700250,"Rice, Ben",NYY,BOS,2025,4,4,0,0,0,0,0,0,0,1,0,0,0,0
777530,2025-06-13,605137,"Bell, Josh",WSH,MIA,2025,5,4,1,1,0,0,0,1,0,1,0,0,1,1
777530,2025-06-13,660688,"Ruiz, Keibert",WSH,MIA,2025,5,5,3,3,0,0,0,0,0,0,0,0,1,3
777530,2025-06-13,663993,"Lowe, Nathaniel",WSH,MIA,2025,5,4,1,1,0,0,0,1,0,1,0,0,2,1
777530,2025-06-13,669743,"Call, Alex",WSH,MIA,2025,5,4,1,1,0,0,0,0,1,0,0,0,1,1
777530,2025-06-13,671277,"García Jr., Luis",WSH,MIA,2025,5,5,1,1,0,0,0,0,0,2,0,0,0,1
777530,2025-06-13,677588,"Tena, José",WSH,MIA,2025,5,5,1,1,0,0,0,0,0,4,0,0,0,1
777530,2025-06-13,682928,"Abrams, CJ",WSH,MIA,2025,6,6,3,3,0,0,0,0,0,2,0,0,0,3
777530,2025-06-13,690987,"Hassell III, Robert",WSH,MIA,2025,5,5,2,2,0,0,0,0,0,0,0,0,0,2
777530,2025-06-13,695578,"Wood, James",WSH,MIA,2025,5,5,3,1,1,0,1,0,0,1,0,0,4,7
777536,2025-06-12,502671,"Goldschmidt, Paul",NYY,KC,2025,4,2,1,1,0,0,0,2,0,0,0,0,1,1
777536,2025-06-12,592450,"Judge, Aaron",NYY,KC,2025,1,1,0,0,0,0,0,0,0,1,0,0,0,0
777536,2025-06-12,622569,"Reyes, Pablo",NYY,KC,2025,4,3,1,1,0,0,0,0,0,1,0,0,0,1
777536,2025-06-12,641355,"Bellinger, Cody",NYY,KC,2025,4,4,0,0,0,0,0,0,0,0,0,0,0,0
777536,2025-06-12,641555,"Escarra, J.C.",NYY,KC,2025,4,4,2,1,1,0,0,0,0,1,0,0,0,3
777536,2025-06-12,663757,"Grisham, Trent",NYY,KC,2025,4,3,1,1,0,0,0,1,0,1,0,0,0,1
777536,2025-06-12,672724,"Peraza, Oswald",NYY,KC,2025,2,2,0,0,0,0,0,0,0,0,0,0,0,0
777536,2025-06-12,683011,"Volpe, Anthony",NYY,KC,2025,4,4,0,0,0,0,0,0,0,2,0,0,0,0
777536,2025-06-12,691176,"Domínguez, Jasson",NYY,KC,2025,4,4,0,0,0,0,0,0,0,1,0,0,0,0
777536,2025-06-12,700250,"Rice, Ben",NYY,KC,2025,4,3,0,0,0,0,0,1,0,0,0,0,0,0
777537,2025-06-13,502671,"Goldschmidt, Paul",NYY,BOS,2025,4,4,0,0,0,0,0,0,0,0,0,0,0,0
777537,2025-06-13,518934,"LeMahieu, DJ",NYY,BOS,2025,4,4,1,1,0,0,0,0,0,0,0,0,0,1
777537,2025-06-13,592450,"Judge, Aaron",NYY,BOS,2025,4,4,1,0,0,0,1,0,0,3,0,0,1,4
777537,2025-06-13,641355,"Bellinger, Cody",NYY,BOS,2025,4,4,0,0,0,0,0,0,0,0,0,0,0,0
777537,2025-06-13,669224,"Wells, Austin",NYY,BOS,2025,3,3,0,0,0,0,0,0,0,2,0,0,0,0
777537,2025-06-13,672724,"Peraza, Oswald",NYY,BOS,2025,3,2,0,0,0,0,0,1,0,1,0,0,0,0
777537,2025-06-13,683011,"Volpe, Anthony",NYY,BOS,2025,4,4,2,2,0,0,0,0,0,1,0,0,0,2
777537,2025-06-13,691176,"Domínguez, Jasson",NYY,BOS,2025,4,4,0,0,0,0,0,0,0,1,0,0,0,0
777537,2025-06-13,700250,"Rice, Ben",NYY,BOS,2025,4,4,0,0,0,0,0,0,0,0,0,0,0,0
777544,2025-06-12,605137,"Bell, Josh",WSH,NYM,2025,4,4,1,1,0,0,0,0,0,1,0,0,1,1
777544,2025-06-12,660688,"Ruiz, Keibert",WSH,NYM,2025,4,4,0,0,0,0,0,0,0,0,0,0,0,0
777544,2025-06-12,663993,"Lowe, Nathaniel",WSH,NYM,2025,4,3,1,1,0,0,0,1,0,0,0,0,0,1
777544,2025-06-12,669743,"Call, Alex",WSH,NYM,2025,4,4,0,0,0,0,0,0,0,0,0,0,0,0
777544,2025-06-12,671277,"García Jr., Luis",WSH,NYM,2025,4,4,1,1,0,0,0,0,0,1,0,0,1,1
777544,2025-06-12,677588,"Tena, José",WSH,NYM,2025,4,3,0,0,0,0,0,1,0,0,0,0,0,0
777544,2025-06-12,682928,"Abrams, CJ",WSH,NYM,2025,4,4,1,1,0,0,0,0,0,1,0,0,0,1
777544,2025-06-12,690987,"Hassell III, Robert",WSH,NYM,2025,3,3,0,0,0,0,0,0,0,2,0,0,0,0
777544,2025-06-12,695578,"Wood, James",WSH,NYM,2025,4,4,3,3,0,0,0,0,0,1,0,0,0,3
777551,2025-06-11,502671,"Goldschmidt, Paul",NYY,KC,2025,5,5,2,2,0,0,0,0,0,1,0,0,2,2
777551,2025-06-11,518934,"LeMahieu, DJ",NYY,KC,2025,4,3,1,1,0,0,0,1,0,0,0,0,0,1
777551,2025-06-11,592450,"Judge, Aaron",NYY,KC,2025,5,4,1,0,0,0,1,1,0,2,0,0,1,4
777551,2025-06-11,641355,"Bellinger, Cody",NYY,KC,2025,4,4,1,0,0,1,0,0,0,0,0,0,0,3
777551,2025-06-11,663757,"Grisham, Trent",NYY,KC,2025,4,3,0,0,0,0,0,1,0,1,0,0,0,0
777551,2025-06-11,665862,"Chisholm Jr., Jazz",NYY,KC,2025,3,1,0,0,0,0,0,2,0,0,0,0,0,0
777551,2025-06-11,669224,"Wells, Austin",NYY,KC,2025,4,4,1,0,1,0,0,0,0,0,0,0,1,2
777551,2025-06-11,672724,"Peraza, Oswald",NYY,KC,2025,1,1,0,0,0,0,0,0,0,0,0,0,0,0
777551,2025-06-11,683011,"Volpe, Anthony",NYY,KC,2025,4,4,1,0,1,0,0,0,0,2,0,0,1,2
777551,2025-06-11,700250,"Rice, Ben",NYY,KC,2025,5,5,1,1,0,0,0,0,0,1,0,0,1,1
777555,2025-06-11,642708,"Rosario, Amed",WSH,NYM,2025,4,4,1,1,0,0,0,0,0,0,0,0,0,1
777555,2025-06-11,656180,"Adams, Riley",WSH,NYM,2025,3,3,0,0,0,0,0,0,0,1,0,0,0,0
777555,2025-06-11,663993,"Lowe, Nathaniel",WSH,NYM,2025,3,3,0,0,0,0,0,0,0,1,0,0,0,0
777555,2025-06-11,665953,"Chaparro, Andrés",WSH,NYM,2025,4,4,0,0,0,0,0,0,0,2,0,0,0,0
777555,2025-06-11,669743,"Call, Alex",WSH,NYM,2025,3,3,0,0,0,0,0,0,0,0,0,0,0,0
777555,2025-06-11,671277,"García Jr., Luis",WSH,NYM,2025,3,3,2,1,1,0,0,0,0,0,0,0,0,3
777555,2025-06-11,682928,"Abrams, CJ",WSH,NYM,2025,4,4,0,0,0,0,0,0,0,0,0,0,0,0
777555,2025-06-11,695578,"Wood, James",WSH,NYM,2025,4,4,2,2,0,0,0,0,0,2,0,0,0,2
777555,2025-06-11,696285,"Young, Jacob",WSH,NYM,2025,3,3,1,1,0,0,0,0,0,0,0,0,0,1
777570,2025-06-10,605137,"Bell, Josh",WSH,NYM,2025,3,3,0,0,0,0,0,0,0,0,0,0,0,0
777570,2025-06-10,660688,"Ruiz, Keibert",WSH,NYM,2025,4,4,0,0,0,0,0,0,0,1,0,0,0,0
777570,2025-06-10,663993,"Lowe, Nathaniel",WSH,NYM,2025,5,5,1,0,0,0,1,0,0,3,0,0,2,4
777570,2025-06-10,665953,"Chaparro, Andrés",WSH,NYM,2025,2,2,1,0,1,0,0,0,0,0,0,0,0,2
777570,2025-06-10,669743,"Call, Alex",WSH,NYM,2025,4,4,1,1,0,0,0,0,0,2,0,0,0,1
777570,2025-06-10,671277,"García Jr., Luis",WSH,NYM,2025,4,2,0,0,0,0,0,2,0,1,0,0,0,0
777570,2025-06-10,677588,"Tena, José",WSH,NYM,2025,4,3,1,1,0,0,0,1,0,1,0,0,0,1
777570,2025-06-10,682928,"Abrams, CJ",WSH,NYM,2025,5,4,3,0,2,0,1,0,1,1,0,0,2,8
777570,2025-06-10,690987,"Hassell III, Robert",WSH,NYM,2025,4,4,0,0,0,0,0,0,0,2,0,0,0,0
777570,2025-06-10,695578,"Wood, James",WSH,NYM,2025,5,4,1,1,0,0,0,1,0,0,0,0,0,1
777572,2025-06-10,502671,"Goldschmidt, Paul",NYY,KC,2025,5,5,1,1,0,0,0,0,0,1,0,0,0,1
777572,2025-06-10,518934,"LeMahieu, DJ",NYY,KC,2025,5,3,2,1,1,0,0,2,0,0,0,0,0,3
777572,2025-06-10,592450,"Judge, Aaron",NYY,KC,2025,5,5,2,1,0,0,1,0,0,2,0,0,3,5
777572,2025-06-10,641355,"Bellinger, Cody",NYY,KC,2025,5,5,1,1,0,0,0,0,0,1,0,0,1,1
777572,2025-06-10,641555,"Escarra, J.C.",NYY,KC,2025,1,1,0,0,0,0,0,0,0,0,0,0,0,0
777572,2025-06-10,663757,"Grisham, Trent",NYY,KC,2025,5,4,2,2,0,0,0,1,0,1,0,0,1,2
777572,2025-06-10,665862,"Chisholm Jr., Jazz",NYY,KC,2025,4,4,1,0,1,0,0,0,0,1,0,0,0,2
777572,2025-06-10,669224,"Wells, Austin",NYY,KC,2025,4,4,2,0,1,0,1,0,0,1,0,0,5,6
777572,2025-06-10,672724,"Peraza, Oswald",NYY,KC,2025,1,1,0,0,0,0,0,0,0,1,0,0,0,0
777572,2025-06-10,683011,"Volpe, Anthony",NYY,KC,2025,5,5,2,1,1,0,0,0,0,1,0,0,0,3
777572,2025-06-10,691176,"Domínguez, Jasson",NYY,KC,2025,5,5,3,3,0,0,0,0,0,0,0,0,0,3
777572,2025-06-10,700250,"Rice, Ben",NYY,KC,2025,1,1,0,0,0,0,0,0,0,0,0,0,0,0
777593,2025-06-08,502671,"Goldschmidt, Paul",NYY,BOS,2025,5,4,1,1,0,0,0,1,0,1,0,0,0,1
777593,2025-06-08,518934,"LeMahieu, DJ",NYY,BOS,2025,4,4,1,0,0,0,1,0,0,0,0,0,1,4
777593,2025-06-08,592450,"Judge, Aaron",NYY,BOS,2025,5,4,3,1,0,0,2,1,0,0,0,0,4,9
777593,2025-06-08,641355,"Bellinger, Cody",NYY,BOS,2025,5,4,1,1,0,0,0,1,0,0,0,0,0,1
777593,2025-06-08,641555,"Escarra, J.C.",NYY,BOS,2025,2,2,0,0,0,0,0,0,0,0,0,0,0,0
777593,2025-06-08,663757,"Grisham, Trent",NYY,BOS,2025,4,3,1,1,0,0,0,1,0,1,0,0,1,1
777593,2025-06-08,665862,"Chisholm Jr., Jazz",NYY,BOS,2025,5,3,0,0,0,0,0,1,0,0,0,0,1,0
777593,2025-06-08,669224,"Wells, Austin",NYY,BOS,2025,2,1,0,0,0,0,0,1,0,1,0,0,0,0
777593,2025-06-08,683011,"Volpe, Anthony",NYY,BOS,2025,5,5,2,1,1,0,0,0,0,1,0,0,0,3
777593,2025-06-08,700250,"Rice, Ben",NYY,BOS,2025,5,5,1,1,0,0,0,0,0,2,0,0,0,1
777596,2025-06-08,605137,"Bell, Josh",WSH,TEX,2025,4,4,0,0,0,0,0,0,0,2,0,0,1,0
777596,2025-06-08,642708,"Rosario, Amed",WSH,TEX,2025,4,3,0,0,0,0,0,1,0,0,0,0,0,0
777596,2025-06-08,656180,"Adams, Riley",WSH,TEX,2025,4,4,0,0,0,0,0,0,0,2,0,0,0,0
777596,2025-06-08,663993,"Lowe, Nathaniel",WSH,TEX,2025,4,4,3,2,1,0,0,0,0,1,0,0,0,4
777596,2025-06-08,669743,"Call, Alex",WSH,TEX,2025,4,4,3,2,0,0,1,0,0,1,0,0,1,6
777596,2025-06-08,671277,"García Jr., Luis",WSH,TEX,2025,3,3,0,0,0,0,0,0,0,1,0,0,0,0
777596,2025-06-08,682928,"Abrams, CJ",WSH,TEX,2025,1,1,0,0,0,0,0,0,0,0,0,0,0,0
777596,2025-06-08,683083,"Nuñez, Nasim",WSH,TEX,2025,2,2,0,0,0,0,0,0,0,1,0,0,0,0
777596,2025-06-08,690987,"Hassell III, Robert",WSH,TEX,2025,1,1,0,0,0,0,0,0,0,1,0,0,0,0
777596,2025-06-08,695578,"Wood, James",WSH,TEX,2025,4,3,0,0,0,0,0,1,0,2,0,0,0,0
777596,2025-06-08,696285,"Young, Jacob",WSH,TEX,2025,2,2,1,1,0,0,0,0,0,0,0,0,0,1
777605,2025-06-07,502671,"Goldschmidt, Paul",NYY,BOS,2025,5,5,0,0,0,0,0,0,0,3,0,0,0,0
777605,2025-06-07,518934,"LeMahieu, DJ",NYY,BOS,2025,4,3,2,2,0,0,0,1,0,1,0,0,2,2
777605,2025-06-07,592450,"Judge, Aaron",NYY,BOS,2025,4,4,0,0,0,0,0,0,0,3,0,0,0,0
777605,2025-06-07,622569,"Reyes, Pablo",NYY,BOS,2025,2,2,0,0,0,0,0,0,0,0,0,0,1,0
777605,2025-06-07,641355,"Bellinger, Cody",NYY,BOS,2025,4,3,2,2,0,0,0,1,0,0,0,0,0,2
777605,2025-06-07,665862,"Chisholm Jr., Jazz",NYY,BOS,2025,2,2,0,0,0,0,0,0,0,2,0,0,0,0
777605,2025-06-07,669224,"Wells, Austin",NYY,BOS,2025,4,4,2,0,1,0,1,0,0,1,0,0,4,6
777605,2025-06-07,672724,"Peraza, Oswald",NYY,BOS,2025,4,4,1,1,0,0,0,0,0,2,0,0,0,1
777605,2025-06-07,691176,"Domínguez, Jasson",NYY,BOS,2025,4,4,0,0,0,0,0,0,0,3,0,0,0,0
777605,2025-06-07,700250,"Rice, Ben",NYY,BOS,2025,4,2,0,0,0,0,0,1,0,0,0,0,0,0
777610,2025-06-07,605137,"Bell, Josh",WSH,TEX,2025,3,3,0,0,0,0,0,0,0,0,0,0,0,0
777610,2025-06-07,660688,"Ruiz, Keibert",WSH,TEX,2025,3,3,0,0,0,0,0,0,0,1,0,0,0,0
777610,2025-06-07,663993,"Lowe, Nathaniel",WSH,TEX,2025,3,3,1,1,0,0,0,0,0,2,0,0,0,1
777610,2025-06-07,669743,"Call, Alex",WSH,TEX,2025,3,1,0,0,0,0,0,1,1,0,0,0,0,0
777610,2025-06-07,671277,"García Jr., Luis",WSH,TEX,2025,4,4,1,1,0,0,0,0,0,0,0,0,0,1
777610,2025-06-07,677588,"Tena, José",WSH,TEX,2025,3,3,0,0,0,0,0,0,0,0,0,0,0,0
777610,2025-06-07,682928,"Abrams, CJ",WSH,TEX,2025,4,4,0,0,0,0,0,0,0,2,0,0,0,0
777610,2025-06-07,690987,"Hassell III, Robert",WSH,TEX,2025,3,3,1,1,0,0,0,0,0,2,0,0,0,1
777610,2025-06-07,695578,"Wood, James",WSH,TEX,2025,4,4,0,0,0,0,0,0,0,2,0,0,0,0
777624,2025-06-06,642708,"Rosario, Amed",WSH,TEX,2025,4,4,0,0,0,0,0,0,0,0,0,0,0,0
777624,2025-06-06,656180,"Adams, Riley",WSH,TEX,2025,3,3,0,0,0,0,0,0,0,0,0,0,0,0
777624,2025-06-06,663993,"Lowe, Nathaniel",WSH,TEX,2025,3,3,1,1,0,0,0,0,0,0,0,0,0,1
777624,2025-06-06,669743,"Call, Alex",WSH,TEX,2025,3,3,2,1,0,0,1,0,0,0,0,0,1,5
777624,2025-06-06,682928,"Abrams, CJ",WSH,TEX,2025,4,4,0,0,0,0,0,0,0,0,0,0,0,0
777624,2025-06-06,683083,"Nuñez, Nasim",WSH,TEX,2025,3,3,0,0,0,0,0,0,0,1,0,0,0,0
777624,2025-06-06,690987,"Hassell III, Robert",WSH,TEX,2025,3,3,0,0,0,0,0,0,0,0,0,0,1,0
777624,2025-06-06,695578,"Wood, James",WSH,TEX,2025,3,3,1,1,0,0,0,0,0,1,0,0,0,1
777624,2025-06-06,696285,"Young, Jacob",WSH,TEX,2025,3,3,1,1,0,0,0,0,0,0,0,0,0,1
777627,2025-06-06,502671,"Goldschmidt, Paul",NYY,BOS,2025,5,5,1,0,0,0,1,0,0,2,0,0,1,4
777627,2025-06-06,518934,"LeMahieu, DJ",NYY,BOS,2025,4,3,1,1,0,0,0,1,0,1,0,0,0,1
777627,2025-06-06,592450,"Judge, Aaron",NYY,BOS,2025,5,5,3,2,1,0,0,0,0,1,0,0,1,4
777627,2025-06-06,641355,"Bellinger, Cody",NYY,BOS,2025,5,5,1,0,1,0,0,0,0,1,0,0,0,2
777627,2025-06-06,663757,"Grisham, Trent",NYY,BOS,2025,5,4,1,1,0,0,0,1,0,1,0,0,0,1
777627,2025-06-06,665862,"Chisholm Jr., Jazz",NYY,BOS,2025,5,5,3,2,0,0,1,0,0,1,0,0,4,6
777627,2025-06-06,669224,"Wells, Austin",NYY,BOS,2025,4,4,2,2,0,0,0,0,0,0,0,0,0,2
777627,2025-06-06,672724,"Peraza, Oswald",NYY,BOS,2025,3,2,0,0,0,0,0,1,0,1,0,0,0,0
777627,2025-06-06,683011,"Volpe, Anthony",NYY,BOS,2025,2,1,1,0,0,0,1,0,1,0,0,0,3,4
777627,2025-06-06,691176,"Domínguez, Jasson",NYY,BOS,2025,5,4,1,1,0,0,0,1,0,2,0,0,0,1
777632,2025-06-05,605137,"Bell, Josh",WSH,CHC,2025,4,3,1,0,1,0,0,1,0,0,0,0,0,2
777632,2025-06-05,642708,"Rosario, Amed",WSH,CHC,2025,4,4,1,1,0,0,0,0,0,0,0,0,0,1
777632,2025-06-05,660688,"Ruiz, Keibert",WSH,CHC,2025,4,4,0,0,0,0,0,0,0,0,0,0,0,0
777632,2025-06-05,663993,"Lowe, Nathaniel",WSH,CHC,2025,4,4,0,0,0,0,0,0,0,0,0,0,0,0
777632,2025-06-05,669743,"Call, Alex",WSH,CHC,2025,3,2,0,0,0,0,0,0,1,0,0,0,0,0
777632,2025-06-05,671277,"García Jr., Luis",WSH,CHC,2025,4,4,2,1,1,0,0,0,0,0,0,0,1,3
777632,2025-06-05,682928,"Abrams, CJ",WSH,CHC,2025,4,4,2,1,1,0,0,0,0,1,0,0,0,3
777632,2025-06-05,690987,"Hassell III, Robert",WSH,CHC,2025,4,4,2,2,0,0,0,0,0,0,0,0,0,2
777632,2025-06-05,695578,"Wood, James",WSH,CHC,2025,4,4,0,0,0,0,0,0,0,0,0,0,0,0
777632,2025-06-05,695734,"Lile, Daylen",WSH,CHC,2025,1,0,0,0,0,0,0,0,0,0,0,0,0,0
777644,2025-06-05,592450,"Judge, Aaron",NYY,CLE,2025,4,1,1,0,1,0,0,2,1,0,0,0,0,2
777644,2025-06-05,641355,"Bellinger, Cody",NYY,CLE,2025,4,4,2,1,0,0,1,0,0,0,0,0,3,5
777644,2025-06-05,663757,"Grisham, Trent",NYY,CLE,2025,5,4,0,0,0,0,0,1,0,1,0,0,0,0
777644,2025-06-05,665862,"Chisholm Jr., Jazz",NYY,CLE,2025,4,4,3,3,0,0,0,0,0,0,0,0,1,3
777644,2025-06-05,669224,"Wells, Austin",NYY,CLE,2025,4,4,1,1,0,0,0,0,0,2,0,0,0,1
777644,2025-06-05,672724,"Peraza, Oswald",NYY,CLE,2025,4,4,2,2,0,0,0,0,0,0,0,0,0,2
777644,2025-06-05,683011,"Volpe, Anthony",NYY,CLE,2025,4,4,1,1,0,0,0,0,0,0,0,0,0,1
777644,2025-06-05,691176,"Domínguez, Jasson",NYY,CLE,2025,4,4,0,0,0,0,0,0,0,2,0,0,0,0
777644,2025-06-05,700250,"Rice, Ben",NYY,CLE,2025,4,4,0,0,0,0,0,0,0,0,0,0,0,0
777650,2025-06-04,605137,"Bell, Josh",WSH,CHC,2025,3,3,0,0,0,0,0,0,0,0,0,0,0,0
777650,2025-06-04,642708,"Rosario, Amed",WSH,CHC,2025,3,3,1,0,0,0,1,0,0,1,0,0,1,4
777650,2025-06-04,656180,"Adams, Riley",WSH,CHC,2025,3,3,0,0,0,0,0,0,0,2,0,0,0,0
777650,2025-06-04,663993,"Lowe, Nathaniel",WSH,CHC,2025,3,3,0,0,0,0,0,0,0,1,0,0,0,0
777650,2025-06-04,669743,"Call, Alex",WSH,CHC,2025,3,3,1,1,0,0,0,0,0,0,0,0,0,1
777650,2025-06-04,682928,"Abrams, CJ",WSH,CHC,2025,4,4,0,0,0,0,0,0,0,1,0,0,0,0
777650,2025-06-04,683083,"Nuñez, Nasim",WSH,CHC,2025,3,2,1,0,1,0,0,1,0,0,0,0,1,2
777650,2025-06-04,690987,"Hassell III, Robert",WSH,CHC,2025,3,3,1,1,0,0,0,0,0,1,0,0,0,1
777650,2025-06-04,695578,"Wood, James",WSH,CHC,2025,3,3,0,0,0,0,0,0,0,0,0,0,0,0
777653,2025-06-04,502671,"Goldschmidt, Paul",NYY,CLE,2025,4,3,0,0,0,0,0,1,0,2,0,0,0,0
777653,2025-06-04,518934,"LeMahieu, DJ",NYY,CLE,2025,3,3,0,0,0,0,0,0,0,1,0,0,0,0
777653,2025-06-04,592450,"Judge, Aaron",NYY,CLE,2025,4,4,2,2,0,0,0,0,0,2,0,0,0,2
777653,2025-06-04,641355,"Bellinger, Cody",NYY,CLE,2025,4,4,1,0,1,0,0,0,0,0,0,0,0,2
777653,2025-06-04,663757,"Grisham, Trent",NYY,CLE,2025,4,2,0,0,0,0,0,2,0,1,0,0,0,0
777653,2025-06-04,665862,"Chisholm Jr., Jazz",NYY,CLE,2025,4,4,0,0,0,0,0,0,0,3,0,0,0,0
777653,2025-06-04,669224,"Wells, Austin",NYY,CLE,2025,3,3,0,0,0,0,0,0,0,1,0,0,0,0
777653,2025-06-04,683011,"Volpe, Anthony",NYY,CLE,2025,3,3,0,0,0,0,0,0,0,0,0,0,0,0
777653,2025-06-04,700250,"Rice, Ben",NYY,CLE,2025,4,4,2,2,0,0,0,0,0,0,0,0,0,2
777659,2025-06-03,605137,"Bell, Josh",WSH,CHC,2025,4,5,1,1,0,0,0,0,0,0,0,0,0,1
777659,2025-06-03,660688,"Ruiz, Keibert",WSH,CHC,2025,4,4,0,0,0,0,0,0,0,0,0,0,0,0
777659,2025-06-03,663993,"Lowe, Nathaniel",WSH,CHC,2025,4,4,0,0,0,0,0,0,0,1,0,0,0,0
777659,2025-06-03,671277,"García Jr., Luis",WSH,CHC,2025,4,4,3,3,0,0,0,0,0,0,0,0,1,3
777659,2025-06-03,677588,"Tena, José",WSH,CHC,2025,3,2,1,0,1,0,0,1,0,1,0,0,0,2
777659,2025-06-03,682928,"Abrams, CJ",WSH,CHC,2025,4,4,1,1,0,0,0,0,0,0,0,0,1,1
777659,2025-06-03,690987,"Hassell III, Robert",WSH,CHC,2025,4,4,0,0,0,0,0,0,0,1,0,0,0,0
777659,2025-06-03,695578,"Wood, James",WSH,CHC,2025,4,3,1,0,1,0,0,0,0,1,0,0,1,2
777659,2025-06-03,695734,"Lile, Daylen",WSH,CHC,2025,3,3,0,0,0,0,0,0,0,0,0,0,0,0
777664,2025-06-03,502671,"Goldschmidt, Paul",NYY,CLE,2025,4,4,0,0,0,0,0,0,0,2,0,0,0,0
777664,2025-06-03,518934,"LeMahieu, DJ",NYY,CLE,2025,3,3,1,1,0,0,0,0,0,0,0,0,1,1
777664,2025-06-03,592450,"Judge, Aaron",NYY,CLE,2025,4,2,0,0,0,0,0,2,0,1,0,0,0,0
777664,2025-06-03,641355,"Bellinger, Cody",NYY,CLE,2025,4,4,1,1,0,0,0,0,0,1,0,0,0,1
777664,2025-06-03,641555,"Escarra, J.C.",NYY,CLE,2025,3,2,0,0,0,0,0,1,0,0,0,0,0,0
777664,2025-06-03,663757,"Grisham, Trent",NYY,CLE,2025,4,4,0,0,0,0,0,0,0,1,0,0,0,0
777664,2025-06-03,665862,"Chisholm Jr., Jazz",NYY,CLE,2025,3,3,2,1,0,0,1,0,0,0,0,0,1,5
777664,2025-06-03,683011,"Volpe, Anthony",NYY,CLE,2025,3,3,1,0,0,0,1,0,0,0,0,0,1,4
777664,2025-06-03,700250,"Rice, Ben",NYY,CLE,2025,4,4,0,0,0,0,0,0,0,1,0,0,0,0
777679,2025-06-01,605137,"Bell, Josh",WSH,AZ,2025,4,4,1,1,0,0,0,0,0,0,0,0,0,1
777679,2025-06-01,660688,"Ruiz, Keibert",WSH,AZ,2025,4,4,1,1,0,0,0,0,0,1,0,0,0,1
777679,2025-06-01,663993,"Lowe, Nathaniel",WSH,AZ,2025,4,4,1,1,0,0,0,0,0,1,0,0,1,1
777679,2025-06-01,671277,"García Jr., Luis",WSH,AZ,2025,4,4,0,0,0,0,0,0,0,2,0,0,0,0
777679,2025-06-01,677588,"Tena, José",WSH,AZ,2025,4,3,0,0,0,0,0,1,0,1,0,0,0,0
777679,2025-06-01,682928,"Abrams, CJ",WSH,AZ,2025,4,4,1,1,0,0,0,0,0,2,0,0,0,1
777679,2025-06-01,690987,"Hassell III, Robert",WSH,AZ,2025,4,4,1,0,1,0,0,0,0,2,0,0,0,2
777679,2025-06-01,695578,"Wood, James",WSH,AZ,2025,4,2,0,0,0,0,0,2,0,2,0,0,0,0
777679,2025-06-01,695734,"Lile, Daylen",WSH,AZ,2025,4,4,1,0,1,0,0,0,0,2,0,0,0,2
777682,2025-06-01,502671,"Goldschmidt, Paul",NYY,LAD,2025,6,6,1,1,0,0,0,0,0,1,0,0,0,1
777682,2025-06-01,518934,"LeMahieu, DJ",NYY,LAD,2025,5,5,4,3,1,0,0,0,0,1,0,0,2,5
777682,2025-06-01,592450,"Judge, Aaron",NYY,LAD,2025,5,4,0,0,0,0,0,1,0,2,0,0,0,0
777682,2025-06-01,641355,"Bellinger, Cody",NYY,LAD,2025,2,0,0,0,0,0,0,1,1,0,0,0,0,0
777682,2025-06-01,663757,"Grisham, Trent",NYY,LAD,2025,5,5,1,1,0,0,0,0,0,2,0,0,0,1
777682,2025-06-01,669224,"Wells, Austin",NYY,LAD,2025,5,3,1,1,0,0,0,1,1,1,0,0,0,1
777682,2025-06-01,672724,"Peraza, Oswald",NYY,LAD,2025,5,4,1,1,0,0,0,1,0,1,0,0,1,1
777682,2025-06-01,683011,"Volpe, Anthony",NYY,LAD,2025,5,4,1,1,0,0,0,1,0,1,0,0,0,1
777682,2025-06-01,691176,"Domínguez, Jasson",NYY,LAD,2025,3,2,1,1,0,0,0,1,0,0,0,0,1,1
777682,2025-06-01,700250,"Rice, Ben",NYY,LAD,2025,5,4,1,0,0,0,1,1,0,2,0,0,2,4
777696,2025-05-31,605137,"Bell, Josh",WSH,AZ,2025,5,3,1,1,0,0,0,1,1,1,0,0,0,1
777696,2025-05-31,660688,"Ruiz, Keibert",WSH,AZ,2025,5,5,2,1,1,0,0,0,0,0,0,0,2,3
777696,2025-05-31,663993,"Lowe, Nathaniel",WSH,AZ,2025,5,5,1,0,1,0,0,0,0,1,0,0,2,2
777696,2025-05-31,671277,"García Jr., Luis",WSH,AZ,2025,5,5,1,0,1,0,0,0,0,0,0,0,3,2
777696,2025-05-31,677588,"Tena, José",WSH,AZ,2025,5,4,1,0,1,0,0,1,0,1,0,0,2,2
777696,2025-05-31,682928,"Abrams, CJ",WSH,AZ,2025,6,3,1,1,0,0,0,0,3,0,0,0,0,1
777696,2025-05-31,690987,"Hassell III, Robert",WSH,AZ,2025,5,5,2,2,0,0,0,0,0,0,0,0,0,2
777696,2025-05-31,695578,"Wood, James",WSH,AZ,2025,6,6,2,2,0,0,0,0,0,2,0,0,1,2
777696,2025-05-31,695734,"Lile, Daylen",WSH,AZ,2025,5,3,2,0,1,1,0,1,1,0,0,0,1,5
777698,2025-05-31,502671,"Goldschmidt, Paul",NYY,LAD,2025,3,3,0,0,0,0,0,0,0,0,0,0,0,0
777698,2025-05-31,518934,"LeMahieu, DJ",NYY,LAD,2025,4,2,0,0,0,0,0,2,0,1,0,0,0,0
777698,2025-05-31,592450,"Judge, Aaron",NYY,LAD,2025,4,4,3,1,0,0,2,0,0,0,0,0,2,9
777698,2025-05-31,641355,"Bellinger, Cody",NYY,LAD,2025,4,4,1,1,0,0,0,0,0,0,0,0,0,1
777698,2025-05-31,641555,"Escarra, J.C.",NYY,LAD,2025,1,1,0,0,0,0,0,0,0,0,0,0,0,0
777698,2025-05-31,663757,"Grisham, Trent",NYY,LAD,2025,4,3,0,0,0,0,0,1,0,2,0,0,0,0
777698,2025-05-31,669224,"Wells, Austin",NYY,LAD,2025,4,4,1,1,0,0,0,0,0,2,0,0,0,1
777698,2025-05-31,672724,"Peraza, Oswald",NYY,LAD,2025,1,1,0,0,0,0,0,0,0,0,0,0,0,0
777698,2025-05-31,678391,"Vivas, Jorbit",NYY,LAD,2025,3,3,1,0,1,0,0,0,0,0,0,0,0,2
777698,2025-05-31,683011,"Volpe, Anthony",NYY,LAD,2025,3,2,0,0,0,0,0,1,0,1,0,0,0,0
777698,2025-05-31,691176,"Domínguez, Jasson",NYY,LAD,2025,4,4,1,0,1,0,0,0,0,3,0,0,0,2
777708,2025-05-30,502671,"Goldschmidt, Paul",NYY,LAD,2025,5,5,1,0,0,0,1,0,0,0,0,0,1,4
777708,2025-05-30,518934,"LeMahieu, DJ",NYY,LAD,2025,1,1,0,0,0,0,0,0,0,0,0,0,0,0
777708,2025-05-30,592450,"Judge, Aaron",NYY,LAD,2025,5,5,2,0,1,0,1,0,0,1,0,0,1,6
777708,2025-05-30,641355,"Bellinger, Cody",NYY,LAD,2025,5,4,0,0,0,0,0,1,0,0,0,0,0,0
777708,2025-05-30,663757,"Grisham, Trent",NYY,LAD,2025,5,5,2,1,0,0,1,0,0,1,0,0,2,5
777708,2025-05-30,669224,"Wells, Austin",NYY,LAD,2025,4,3,1,0,0,0,1,1,0,2,0,0,1,4
777708,2025-05-30,672724,"Peraza, Oswald",NYY,LAD,2025,3,2,0,0,0,0,0,1,0,1,0,0,0,0
777708,2025-05-30,678391,"Vivas, Jorbit",NYY,LAD,2025,3,2,0,0,0,0,0,0,1,0,0,0,0,0
777708,2025-05-30,683011,"Volpe, Anthony",NYY,LAD,2025,4,4,0,0,0,0,0,0,0,1,0,0,0,0
777708,2025-05-30,691176,"Domínguez, Jasson",NYY,LAD,2025,1,1,1,1,0,0,0,0,0,0,0,0,0,1
777708,2025-05-30,700250,"Rice, Ben",NYY,LAD,2025,4,3,2,2,0,0,0,1,0,0,0,0,0,2
777710,2025-05-30,605137,"Bell, Josh",WSH,AZ,2025,5,4,2,1,0,0,1,1,0,1,0,0,3,5
777710,2025-05-30,656180,"Adams, Riley",WSH,AZ,2025,5,5,0,0,0,0,0,0,0,1,0,0,0,0
777710,2025-05-30,663993,"Lowe, Nathaniel",WSH,AZ,2025,5,3,2,2,0,0,0,2,0,0,0,0,2,2
777710,2025-05-30,671277,"García Jr., Luis",WSH,AZ,2025,5,5,2,1,1,0,0,0,0,0,0,0,0,3
777710,2025-05-30,677588,"Tena, José",WSH,AZ,2025,4,3,2,1,0,1,0,1,0,1,0,0,0,4
777710,2025-05-30,682928,"Abrams, CJ",WSH,AZ,2025,5,4,0,0,0,0,0,1,0,1,0,0,0,0
777710,2025-05-30,690987,"Hassell III, Robert",WSH,AZ,2025,5,5,2,2,0,0,0,0,0,2,0,0,3,2
777710,2025-05-30,695578,"Wood, James",WSH,AZ,2025,5,4,1,0,0,0,1,1,0,1,0,0,1,4
777710,2025-05-30,695734,"Lile, Daylen",WSH,AZ,2025,4,4,0,0,0,0,0,0,0,1,0,0,0,0
777722,2025-05-29,605137,"Bell, Josh",WSH,SEA,2025,5,5,2,1,0,0,1,0,0,0,0,0,3,5
777722,2025-05-29,660688,"Ruiz, Keibert",WSH,SEA,2025,5,5,1,1,0,0,0,0,0,0,0,0,0,1
777722,2025-05-29,663993,"Lowe, Nathaniel",WSH,SEA,2025,5,5,2,2,0,0,0,0,0,2,0,0,1,2
777722,2025-05-29,671277,"García Jr., Luis",WSH,SEA,2025,5,5,4,3,1,0,0,0,0,0,0,0,2,5
777722,2025-05-29,677588,"Tena, José",WSH,SEA,2025,5,4,0,0,0,0,0,1,0,1,0,0,0,0
777722,2025-05-29,682928,"Abrams, CJ",WSH,SEA,2025,5,4,1,0,1,0,0,1,0,2,0,0,0,2
777722,2025-05-29,690987,"Hassell III, Robert",WSH,SEA,2025,5,5,1,1,0,0,0,0,0,0,0,0,0,1
777722,2025-05-29,695578,"Wood, James",WSH,SEA,2025,5,3,1,0,1,0,0,2,0,2,0,0,2,2
777722,2025-05-29,695734,"Lile, Daylen",WSH,SEA,2025,4,3,0,0,0,0,0,0,0,1,0,0,1,0
777728,2025-05-28,502671,"Goldschmidt, Paul",NYY,LAA,2025,5,4,2,1,1,0,0,1,0,1,0,0,0,3
777728,2025-05-28,518934,"LeMahieu, DJ",NYY,LAA,2025,4,4,0,0,0,0,0,0,0,2,0,0,0,0
777728,2025-05-28,592450,"Judge, Aaron",NYY,LAA,2025,4,2,0,0,0,0,0,2,0,1,0,0,0,0
777728,2025-05-28,641355,"Bellinger, Cody",NYY,LAA,2025,4,3,0,0,0,0,0,1,0,1,0,0,0,0
777728,2025-05-28,641555,"Escarra, J.C.",NYY,LAA,2025,4,4,1,1,0,0,0,0,0,1,0,0,0,1
777728,2025-05-28,663757,"Grisham, Trent",NYY,LAA,2025,5,5,2,1,1,0,0,0,0,3,0,0,0,3
777728,2025-05-28,672724,"Peraza, Oswald",NYY,LAA,2025,2,2,0,0,0,0,0,0,0,1,0,0,0,0
777728,2025-05-28,678391,"Vivas, Jorbit",NYY,LAA,2025,1,1,0,0,0,0,0,0,0,0,0,0,0,0
777728,2025-05-28,683011,"Volpe, Anthony",NYY,LAA,2025,4,3,1,0,1,0,0,0,0,1,0,0,1,2
777728,2025-05-28,691176,"Domínguez, Jasson",NYY,LAA,2025,4,3,1,1,0,0,0,1,0,2,0,0,0,1
777728,2025-05-28,700250,"Rice, Ben",NYY,LAA,2025,1,1,0,0,0,0,0,0,0,0,0,0,0,0
777730,2025-05-28,605137,"Bell, Josh",WSH,SEA,2025,5,5,3,2,0,0,1,0,0,0,0,0,1,6
777730,2025-05-28,660688,"Ruiz, Keibert",WSH,SEA,2025,5,5,0,0,0,0,0,0,0,1,0,0,0,0
777730,2025-05-28,663993,"Lowe, Nathaniel",WSH,SEA,2025,5,4,0,0,0,0,0,1,0,2,0,0,0,0
777730,2025-05-28,671277,"García Jr., Luis",WSH,SEA,2025,5,4,1,0,0,0,1,1,0,0,0,0,1,4
777730,2025-05-28,677588,"Tena, José",WSH,SEA,2025,4,4,2,0,2,0,0,0,0,0,0,0,2,4
777730,2025-05-28,682928,"Abrams, CJ",WSH,SEA,2025,5,4,0,0,0,0,0,0,1,0,0,0,0,0
777730,2025-05-28,690987,"Hassell III, Robert",WSH,SEA,2025,5,5,3,2,0,0,1,0,0,2,0,0,2,6
777730,2025-05-28,695578,"Wood, James",WSH,SEA,2025,5,4,2,0,1,0,1,1,0,1,0,0,3,6
777730,2025-05-28,695734,"Lile, Daylen",WSH,SEA,2025,4,3,1,0,1,0,0,1,0,0,0,0,0,2
777743,2025-05-27,605137,"Bell, Josh",WSH,SEA,2025,3,2,0,0,0,0,0,1,0,0,0,0,0,0
777743,2025-05-27,660688,"Ruiz, Keibert",WSH,SEA,2025,3,3,0,0,0,0,0,0,0,0,0,0,0,0
777743,2025-05-27,663993,"Lowe, Nathaniel",WSH,SEA,2025,4,4,1,1,0,0,0,0,0,0,0,0,0,1
777743,2025-05-27,671277,"García Jr., Luis",WSH,SEA,2025,3,3,1,0,1,0,0,0,0,0,0,0,0,2
777743,2025-05-27,677588,"Tena, José",WSH,SEA,2025,3,3,1,1,0,0,0,0,0,0,0,0,0,1
777743,2025-05-27,682928,"Abrams, CJ",WSH,SEA,2025,4,4,0,0,0,0,0,0,0,1,0,0,0,0
777743,2025-05-27,690987,"Hassell III, Robert",WSH,SEA,2025,3,3,0,0,0,0,0,0,0,1,0,0,0,0
777743,2025-05-27,695578,"Wood, James",WSH,SEA,2025,4,4,1,0,0,0,1,0,0,3,0,0,1,4
777743,2025-05-27,695734,"Lile, Daylen",WSH,SEA,2025,3,3,0,0,0,0,0,0,0,0,0,0,0,0
777745,2025-05-27,502671,"Goldschmidt, Paul",NYY,LAA,2025,5,4,1,0,1,0,0,1,0,0,0,0,0,2
777745,2025-05-27,518934,"LeMahieu, DJ",NYY,LAA,2025,4,5,0,0,0,0,0,0,0,2,0,0,0,0
777745,2025-05-27,592450,"Judge, Aaron",NYY,LAA,2025,4,4,1,1,0,0,0,0,0,2,0,0,0,1
777745,2025-05-27,641355,"Bellinger, Cody",NYY,LAA,2025,4,4,0,0,0,0,0,0,0,0,0,0,0,0
777745,2025-05-27,663757,"Grisham, Trent",NYY,LAA,2025,5,3,0,0,0,0,0,2,0,0,0,0,0,0
777745,2025-05-27,669224,"Wells, Austin",NYY,LAA,2025,4,4,1,1,0,0,0,0,0,1,0,0,0,1
777745,2025-05-27,672724,"Peraza, Oswald",NYY,LAA,2025,4,3,1,0,0,0,1,1,0,0,0,0,1,4
777745,2025-05-27,683011,"Volpe, Anthony",NYY,LAA,2025,4,3,1,1,0,0,0,1,0,1,0,0,1,1
777745,2025-05-27,700250,"Rice, Ben",NYY,LAA,2025,4,4,1,0,0,0,1,0,0,1,0,0,1,4
777763,2025-05-26,592450,"Judge, Aaron",NYY,LAA,2025,4,2,1,1,0,0,0,2,0,0,0,0,0,1
777763,2025-05-26,641355,"Bellinger, Cody",NYY,LAA,2025,4,3,2,2,0,0,0,1,0,0,0,0,1,2
777763,2025-05-26,663757,"Grisham, Trent",NYY,LAA,2025,5,5,1,1,0,0,0,0,0,1,0,0,0,1
777763,2025-05-26,669224,"Wells, Austin",NYY,LAA,2025,4,3,0,0,0,0,0,0,0,0,0,0,1,0
777763,2025-05-26,672724,"Peraza, Oswald",NYY,LAA,2025,4,4,0,0,0,0,0,0,0,3,0,0,0,0
777763,2025-05-26,678391,"Vivas, Jorbit",NYY,LAA,2025,4,3,0,0,0,0,0,0,1,0,0,0,0,0
777763,2025-05-26,683011,"Volpe, Anthony",NYY,LAA,2025,4,4,1,0,1,0,0,0,0,1,0,0,3,2
777763,2025-05-26,691176,"Domínguez, Jasson",NYY,LAA,2025,4,4,0,0,0,0,0,0,0,1,0,0,0,0
777763,2025-05-26,700250,"Rice, Ben",NYY,LAA,2025,5,5,1,1,0,0,0,0,0,1,0,0,0,1
777768,2025-05-25,502671,"Goldschmidt, Paul",NYY,COL,2025,5,5,2,2,0,0,0,0,0,1,0,0,0,2
777768,2025-05-25,518934,"LeMahieu, DJ",NYY,COL,2025,4,4,0,0,0,0,0,0,0,2,0,0,0,0
777768,2025-05-25,592450,"Judge, Aaron",NYY,COL,2025,5,4,2,1,1,0,0,1,0,1,0,0,1,3
777768,2025-05-25,641355,"Bellinger, Cody",NYY,COL,2025,5,4,0,0,0,0,0,1,0,0,0,0,1,0
777768,2025-05-25,641555,"Escarra, J.C.",NYY,COL,2025,4,4,3,2,1,0,0,0,0,1,0,0,2,4
777768,2025-05-25,672724,"Peraza, Oswald",NYY,COL,2025,4,4,0,0,0,0,0,0,0,0,0,0,0,0
777768,2025-05-25,683011,"Volpe, Anthony",NYY,COL,2025,4,4,1,0,0,1,0,0,0,1,0,0,0,3
777768,2025-05-25,691176,"Domínguez, Jasson",NYY,COL,2025,4,2,0,0,0,0,0,1,0,2,0,0,1,0
777768,2025-05-25,700250,"Rice, Ben",NYY,COL,2025,5,4,1,0,1,0,0,1,0,1,0,0,0,2
777778,2025-05-25,605137,"Bell, Josh",WSH,SF,2025,1,1,0,0,0,0,0,0,0,0,0,0,0,0
777778,2025-05-25,642708,"Rosario, Amed",WSH,SF,2025,3,3,1,0,1,0,0,0,0,1,0,0,0,2
777778,2025-05-25,656180,"Adams, Riley",WSH,SF,2025,2,2,0,0,0,0,0,0,0,1,0,0,0,0
777778,2025-05-25,660688,"Ruiz, Keibert",WSH,SF,2025,1,1,0,0,0,0,0,0,0,0,0,0,0,0
777778,2025-05-25,663993,"Lowe, Nathaniel",WSH,SF,2025,4,4,1,0,1,0,0,0,0,2,0,0,0,2
777778,2025-05-25,669743,"Call, Alex",WSH,SF,2025,4,4,0,0,0,0,0,0,0,0,0,0,0,0
777778,2025-05-25,671277,"García Jr., Luis",WSH,SF,2025,1,1,0,0,0,0,0,0,0,0,0,0,0,0
777778,2025-05-25,682928,"Abrams, CJ",WSH,SF,2025,4,4,1,0,1,0,0,0,0,0,0,0,0,2
777778,2025-05-25,683083,"Nuñez, Nasim",WSH,SF,2025,2,2,1,1,0,0,0,0,0,0,0,0,0,1
777778,2025-05-25,690987,"Hassell III, Robert",WSH,SF,2025,3,3,0,0,0,0,0,0,0,1,0,0,0,0
777778,2025-05-25,695578,"Wood, James",WSH,SF,2025,4,4,1,0,1,0,0,0,0,2,0,0,1,2
777778,2025-05-25,695734,"Lile, Daylen",WSH,SF,2025,3,3,0,0,0,0,0,0,0,3,0,0,0,0
777782,2025-05-24,502671,"Goldschmidt, Paul",NYY,COL,2025,5,4,3,3,0,0,0,1,0,0,0,0,1,3
777782,2025-05-24,518934,"LeMahieu, DJ",NYY,COL,2025,5,5,3,3,0,0,0,0,0,0,0,0,1,3
777782,2025-05-24,592450,"Judge, Aaron",NYY,COL,2025,5,4,1,0,0,0,1,1,0,1,0,0,1,4
777782,2025-05-24,622569,"Reyes, Pablo",NYY,COL,2025,1,1,1,0,1,0,0,0,0,0,0,0,0,2
777782,2025-05-24,641355,"Bellinger, Cody",NYY,COL,2025,6,5,3,1,1,1,0,0,0,0,0,0,1,6
777782,2025-05-24,641555,"Escarra, J.C.",NYY,COL,2025,1,1,1,1,0,0,0,0,0,0,0,0,0,1
777782,2025-05-24,663757,"Grisham, Trent",NYY,COL,2025,6,6,1,0,1,0,0,0,0,2,0,0,2,2
777782,2025-05-24,669224,"Wells, Austin",NYY,COL,2025,5,4,2,1,1,0,0,1,0,2,0,0,2,3
777782,2025-05-24,672724,"Peraza, Oswald",NYY,COL,2025,5,4,1,0,1,0,0,1,0,2,0,0,1,2
777782,2025-05-24,683011,"Volpe, Anthony",NYY,COL,2025,6,6,3,2,1,0,0,0,0,1,0,0,2,4
777782,2025-05-24,691176,"Domínguez, Jasson",NYY,COL,2025,5,3,2,2,0,0,0,1,0,0,0,0,1,2
777793,2025-05-24,642708,"Rosario, Amed",WSH,SF,2025,4,4,1,0,1,0,0,0,0,1,0,0,0,2
777793,2025-05-24,660688,"Ruiz, Keibert",WSH,SF,2025,4,4,2,2,0,0,0,0,0,1,0,0,0,2
777793,2025-05-24,663993,"Lowe, Nathaniel",WSH,SF,2025,4,4,1,1,0,0,0,0,0,2,0,0,0,1
777793,2025-05-24,669743,"Call, Alex",WSH,SF,2025,3,3,1,1,0,0,0,0,0,0,0,0,0,1
777793,2025-05-24,671277,"García Jr., Luis",WSH,SF,2025,3,3,1,1,0,0,0,0,0,0,0,0,0,1
777793,2025-05-24,682928,"Abrams, CJ",WSH,SF,2025,4,4,0,0,0,0,0,0,0,1,0,0,0,0
777793,2025-05-24,690987,"Hassell III, Robert",WSH,SF,2025,3,3,0,0,0,0,0,0,0,1,0,0,1,0
777793,2025-05-24,695578,"Wood, James",WSH,SF,2025,4,4,1,0,0,0,1,0,0,2,0,0,2,4
777793,2025-05-24,695734,"Lile, Daylen",WSH,SF,2025,3,3,1,1,0,0,0,0,0,0,0,0,0,1
777801,2025-05-23,605137,"Bell, Josh",WSH,SF,2025,3,2,0,0,0,0,0,1,0,1,0,0,0,0
777801,2025-05-23,660688,"Ruiz, Keibert",WSH,SF,2025,4,4,0,0,0,0,0,0,0,0,0,0,0,0
777801,2025-05-23,663993,"Lowe, Nathaniel",WSH,SF,2025,4,4,1,1,0,0,0,0,0,0,0,0,0,1
777801,2025-05-23,669743,"Call, Alex",WSH,SF,2025,1,0,0,0,0,0,0,1,0,0,0,0,0,0
777801,2025-05-23,671277,"García Jr., Luis",WSH,SF,2025,4,3,2,0,2,0,0,1,0,0,0,0,0,4
777801,2025-05-23,677588,"Tena, José",WSH,SF,2025,3,3,1,0,1,0,0,0,0,1,0,0,0,2
777801,2025-05-23,682928,"Abrams, CJ",WSH,SF,2025,4,5,0,0,0,0,0,0,0,0,0,0,0,0
777801,2025-05-23,690987,"Hassell III, Robert",WSH,SF,2025,3,3,0,0,0,0,0,0,0,1,0,0,0,0
777801,2025-05-23,695578,"Wood, James",WSH,SF,2025,4,4,0,0,0,0,0,0,0,0,0,0,0,0
777801,2025-05-23,695734,"Lile, Daylen",WSH,SF,2025,2,2,1,1,0,0,0,0,0,0,0,0,0,1
777802,2025-05-23,502671,"Goldschmidt, Paul",NYY,COL,2025,4,4,1,0,0,1,0,0,0,0,0,0,1,3
777802,2025-05-23,518934,"LeMahieu, DJ",NYY,COL,2025,3,2,0,0,0,0,0,1,0,0,0,0,0,0
777802,2025-05-23,592450,"Judge, Aaron",NYY,COL,2025,4,4,2,1,0,0,1,0,0,0,0,0,1,5
777802,2025-05-23,663757,"Grisham, Trent",NYY,COL,2025,4,3,0,0,0,0,0,1,0,1,0,0,0,0
777802,2025-05-23,669224,"Wells, Austin",NYY,COL,2025,4,4,1,1,0,0,0,0,0,1,0,0,0,1
777802,2025-05-23,678391,"Vivas, Jorbit",NYY,COL,2025,3,3,0,0,0,0,0,0,0,1,0,0,0,0
777802,2025-05-23,683011,"Volpe, Anthony",NYY,COL,2025,4,3,0,0,0,0,0,1,0,2,0,0,0,0
777802,2025-05-23,691176,"Domínguez, Jasson",NYY,COL,2025,4,3,1,1,0,0,0,1,0,0,0,0,0,1
777802,2025-05-23,700250,"Rice, Ben",NYY,COL,2025,4,4,0,0,0,0,0,0,0,2,0,0,0,0
777818,2025-05-22,502671,"Goldschmidt, Paul",NYY,TEX,2025,4,4,1,1,0,0,0,0,0,1,0,0,0,1
777818,2025-05-22,518934,"LeMahieu, DJ",NYY,TEX,2025,1,1,0,0,0,0,0,0,0,0,0,0,0,0
777818,2025-05-22,592450,"Judge, Aaron",NYY,TEX,2025,4,3,0,0,0,0,0,1,0,1,0,0,0,0
777818,2025-05-22,641355,"Bellinger, Cody",NYY,TEX,2025,4,4,0,0,0,0,0,0,0,2,0,0,0,0
777818,2025-05-22,641555,"Escarra, J.C.",NYY,TEX,2025,3,3,0,0,0,0,0,0,0,0,0,0,0,0
777818,2025-05-22,663757,"Grisham, Trent",NYY,TEX,2025,4,4,1,1,0,0,0,0,0,0,0,0,0,1
777818,2025-05-22,672724,"Peraza, Oswald",NYY,TEX,2025,3,3,1,0,1,0,0,0,0,0,0,0,0,2
777818,2025-05-22,678391,"Vivas, Jorbit",NYY,TEX,2025,2,1,1,0,0,0,1,0,0,0,0,0,1,4
777818,2025-05-22,683011,"Volpe, Anthony",NYY,TEX,2025,3,3,1,1,0,0,0,0,0,2,0,0,0,1
777818,2025-05-22,691176,"Domínguez, Jasson",NYY,TEX,2025,3,3,0,0,0,0,0,0,0,1,0,0,0,0
777820,2025-05-22,605137,"Bell, Josh",WSH,ATL,2025,5,5,1,1,0,0,0,0,0,2,0,0,0,1
777820,2025-05-22,642708,"Rosario, Amed",WSH,ATL,2025,1,1,1,1,0,0,0,0,0,0,0,0,1,1
777820,2025-05-22,660688,"Ruiz, Keibert",WSH,ATL,2025,5,5,2,1,1,0,0,0,0,0,0,0,2,3
777820,2025-05-22,663993,"Lowe, Nathaniel",WSH,ATL,2025,5,5,1,1,0,0,0,0,0,0,0,0,0,1
777820,2025-05-22,669743,"Call, Alex",WSH,ATL,2025,5,2,1,0,0,1,0,1,1,1,0,0,0,3
777820,2025-05-22,671277,"García Jr., Luis",WSH,ATL,2025,5,5,0,0,0,0,0,0,0,1,0,0,1,0
777820,2025-05-22,677588,"Tena, José",WSH,ATL,2025,4,4,1,1,0,0,0,0,0,0,0,0,0,1
777820,2025-05-22,682928,"Abrams, CJ",WSH,ATL,2025,5,4,1,1,0,0,0,1,0,1,0,0,1,1
777820,2025-05-22,690987,"Hassell III, Robert",WSH,ATL,2025,5,5,2,2,0,0,0,0,0,1,0,0,0,2
777820,2025-05-22,695578,"Wood, James",WSH,ATL,2025,5,3,2,1,1,0,0,2,0,0,0,0,3,3
777825,2025-09-16,595751,"Alfaro, Jorge",WSH,ATL,2025,4,4,1,1,0,0,0,0,0,1,0,0,1,1
777825,2025-09-16,665953,"Chaparro, Andrés",WSH,ATL,2025,4,3,1,1,0,0,0,1,0,0,0,0,0,1
777825,2025-09-16,671277,"García Jr., Luis",WSH,ATL,2025,4,4,0,0,0,0,0,0,0,1,0,0,0,0
777825,2025-09-16,682928,"Abrams, CJ",WSH,ATL,2025,5,4,1,1,0,0,0,0,0,2,0,0,1,1
777825,2025-09-16,683083,"Nuñez, Nasim",WSH,ATL,2025,1,0,0,0,0,0,0,1,0,0,0,0,0,0
777825,2025-09-16,686611,"Crews, Dylan",WSH,ATL,2025,4,3,1,1,0,0,0,1,0,1,0,0,0,1
777825,2025-09-16,690987,"Hassell III, Robert",WSH,ATL,2025,1,1,0,0,0,0,0,0,0,1,0,0,0,0
777825,2025-09-16,691781,"House, Brady",WSH,ATL,2025,3,3,1,1,0,0,0,0,0,1,0,0,0,1
777825,2025-09-16,695578,"Wood, James",WSH,ATL,2025,5,5,0,0,0,0,0,0,0,4,0,0,0,0
777825,2025-09-16,695734,"Lile, Daylen",WSH,ATL,2025,4,4,2,1,0,1,0,0,0,0,0,0,0,4
777825,2025-09-16,696285,"Young, Jacob",WSH,ATL,2025,3,3,1,1,0,0,0,0,0,1,0,0,1,1
777835,2025-05-21,502671,"Goldschmidt, Paul",NYY,TEX,2025,1,0,0,0,0,0,0,1,0,0,0,0,0,0
777835,2025-05-21,518934,"LeMahieu, DJ",NYY,TEX,2025,3,3,0,0,0,0,0,0,0,1,0,0,1,0
777835,2025-05-21,592450,"Judge, Aaron",NYY,TEX,2025,4,3,1,1,0,0,0,1,0,0,0,0,1,1
777835,2025-05-21,641355,"Bellinger, Cody",NYY,TEX,2025,4,4,2,1,0,0,1,0,0,0,0,0,1,5
777835,2025-05-21,663757,"Grisham, Trent",NYY,TEX,2025,4,3,0,0,0,0,0,1,0,2,0,0,0,0
777835,2025-05-21,669224,"Wells, Austin",NYY,TEX,2025,3,3,0,0,0,0,0,0,0,3,0,0,0,0
777835,2025-05-21,678391,"Vivas, Jorbit",NYY,TEX,2025,2,2,0,0,0,0,0,0,0,1,0,0,0,0
777835,2025-05-21,683011,"Volpe, Anthony",NYY,TEX,2025,3,3,1,0,0,1,0,0,0,0,0,0,0,3
777835,2025-05-21,691176,"Domínguez, Jasson",NYY,TEX,2025,4,4,1,0,0,0,1,0,0,1,0,0,1,4
777835,2025-05-21,700250,"Rice, Ben",NYY,TEX,2025,4,4,0,0,0,0,0,0,0,2,0,0,0,0
777841,2025-05-20,605137,"Bell, Josh",WSH,ATL,2025,4,1,0,0,0,0,0,2,1,1,0,0,0,0
777841,2025-05-20,660688,"Ruiz, Keibert",WSH,ATL,2025,4,4,1,0,1,0,0,0,0,0,0,0,1,2
777841,2025-05-20,663993,"Lowe, Nathaniel",WSH,ATL,2025,4,3,1,1,0,0,0,0,0,1,0,0,1,1
777841,2025-05-20,669743,"Call, Alex",WSH,ATL,2025,4,4,0,0,0,0,0,0,0,1,0,0,0,0
777841,2025-05-20,671277,"García Jr., Luis",WSH,ATL,2025,4,4,1,1,0,0,0,0,0,0,0,0,1,1
777841,2025-05-20,677588,"Tena, José",WSH,ATL,2025,4,4,1,1,0,0,0,0,0,1,0,0,0,1
777841,2025-05-20,682928,"Abrams, CJ",WSH,ATL,2025,4,3,1,1,0,0,0,0,1,0,0,0,0,1
777841,2025-05-20,683083,"Nuñez, Nasim",WSH,ATL,2025,1,1,0,0,0,0,0,0,0,0,0,0,0,0
777841,2025-05-20,686611,"Crews, Dylan",WSH,ATL,2025,2,1,1,0,0,0,1,1,0,0,0,0,1,4
777841,2025-05-20,695578,"Wood, James",WSH,ATL,2025,4,3,2,2,0,0,0,1,0,0,0,0,0,2
777849,2025-05-20,502671,"Goldschmidt, Paul",NYY,TEX,2025,4,3,1,1,0,0,0,1,0,1,0,0,0,1
777849,2025-05-20,518934,"LeMahieu, DJ",NYY,TEX,2025,4,4,0,0,0,0,0,1,0,0,0,0,0,0
777849,2025-05-20,592450,"Judge, Aaron",NYY,TEX,2025,4,4,2,1,0,0,1,0,0,1,0,0,2,5
777849,2025-05-20,641355,"Bellinger, Cody",NYY,TEX,2025,4,4,1,1,0,0,0,0,0,0,0,0,0,1
777849,2025-05-20,663757,"Grisham, Trent",NYY,TEX,2025,4,4,2,2,0,0,0,0,0,1,0,0,0,2
777849,2025-05-20,669224,"Wells, Austin",NYY,TEX,2025,3,2,0,0,0,0,0,1,0,2,0,0,0,0
777849,2025-05-20,672724,"Peraza, Oswald",NYY,TEX,2025,3,3,0,0,0,0,0,0,0,1,0,0,0,0
777849,2025-05-20,683011,"Volpe, Anthony",NYY,TEX,2025,4,4,1,0,1,0,0,0,0,0,0,0,1,2
777849,2025-05-20,700250,"Rice, Ben",NYY,TEX,2025,4,3,2,1,0,0,1,0,0,0,0,0,2,5
777873,2025-05-18,605137,"Bell, Josh",WSH,BAL,2025,4,4,1,0,0,0,1,0,0,0,0,0,1,4
777873,2025-05-18,660688,"Ruiz, Keibert",WSH,BAL,2025,5,5,1,1,0,0,0,0,0,1,0,0,1,1
777873,2025-05-18,663993,"Lowe, Nathaniel",WSH,BAL,2025,5,5,0,0,0,0,0,0,0,2,0,0,0,0
777873,2025-05-18,669743,"Call, Alex",WSH,BAL,2025,4,3,1,0,1,0,0,0,1,2,0,0,0,2
777873,2025-05-18,671277,"García Jr., Luis",WSH,BAL,2025,4,5,1,0,0,0,1,0,0,1,0,0,1,4
777873,2025-05-18,677588,"Tena, José",WSH,BAL,2025,4,4,2,1,1,0,0,0,0,2,0,0,0,3
777873,2025-05-18,682928,"Abrams, CJ",WSH,BAL,2025,5,5,3,0,1,0,2,0,0,0,0,0,2,10
777873,2025-05-18,686611,"Crews, Dylan",WSH,BAL,2025,4,4,2,1,0,0,1,0,0,0,0,0,3,5
777873,2025-05-18,695578,"Wood, James",WSH,BAL,2025,5,4,2,2,0,0,0,0,0,2,0,0,2,2
777878,2025-05-18,502671,"Goldschmidt, Paul",NYY,NYM,2025,5,4,1,1,0,0,0,1,0,0,0,0,1,1
777878,2025-05-18,518934,"LeMahieu, DJ",NYY,NYM,2025,4,4,1,1,0,0,0,0,0,2,0,0,0,1
777878,2025-05-18,592450,"Judge, Aaron",NYY,NYM,2025,5,3,1,0,1,0,0,2,0,1,0,0,0,2
777878,2025-05-18,641355,"Bellinger, Cody",NYY,NYM,2025,5,3,3,1,1,0,1,2,0,0,0,0,6,7
777878,2025-05-18,663757,"Grisham, Trent",NYY,NYM,2025,5,3,0,0,0,0,0,2,0,1,0,0,0,0
777878,2025-05-18,669224,"Wells, Austin",NYY,NYM,2025,4,4,1,0,1,0,0,0,0,1,0,0,0,2
777878,2025-05-18,672724,"Peraza, Oswald",NYY,NYM,2025,2,2,0,0,0,0,0,0,0,0,0,0,0,0
777878,2025-05-18,678391,"Vivas, Jorbit",NYY,NYM,2025,1,1,0,0,0,0,0,0,0,0,0,0,1,0
777878,2025-05-18,683011,"Volpe, Anthony",NYY,NYM,2025,5,5,0,0,0,0,0,0,0,2,0,0,0,0
777878,2025-05-18,691176,"Domínguez, Jasson",NYY,NYM,2025,4,3,0,0,0,0,0,1,0,0,0,0,0,0
777878,2025-05-18,700250,"Rice, Ben",NYY,NYM,2025,1,1,0,0,0,0,0,0,0,0,0,0,0,0
777888,2025-05-17,502671,"Goldschmidt, Paul",NYY,NYM,2025,4,4,0,0,0,0,0,0,0,1,0,0,0,0
777888,2025-05-17,518934,"LeMahieu, DJ",NYY,NYM,2025,4,4,2,1,0,0,1,0,0,0,0,0,1,5
777888,2025-05-17,592450,"Judge, Aaron",NYY,NYM,2025,5,5,0,0,0,0,0,0,0,3,0,0,0,0
777888,2025-05-17,641355,"Bellinger, Cody",NYY,NYM,2025,4,3,1,0,0,0,1,1,0,1,0,0,1,4
777888,2025-05-17,641555,"Escarra, J.C.",NYY,NYM,2025,4,2,0,0,0,0,0,2,0,0,0,0,0,0
777888,2025-05-17,663757,"Grisham, Trent",NYY,NYM,2025,1,1,0,0,0,0,0,0,0,0,0,0,0,0
777888,2025-05-17,669224,"Wells, Austin",NYY,NYM,2025,1,1,0,0,0,0,0,0,0,1,0,0,0,0
777888,2025-05-17,678391,"Vivas, Jorbit",NYY,NYM,2025,2,2,0,0,0,0,0,0,0,1,0,0,0,0
777888,2025-05-17,683011,"Volpe, Anthony",NYY,NYM,2025,4,4,2,1,1,0,0,0,0,0,0,0,0,3
777888,2025-05-17,691176,"Domínguez, Jasson",NYY,NYM,2025,4,3,2,2,0,0,0,1,0,0,0,0,0,2
777888,2025-05-17,700250,"Rice, Ben",NYY,NYM,2025,5,5,1,1,0,0,0,0,0,0,0,0,0,1
777890,2025-05-17,605137,"Bell, Josh",WSH,BAL,2025,4,4,1,1,0,0,0,0,0,1,0,0,0,1
777890,2025-05-17,660688,"Ruiz, Keibert",WSH,BAL,2025,5,5,2,1,1,0,0,0,0,1,0,0,2,3
777890,2025-05-17,663993,"Lowe, Nathaniel",WSH,BAL,2025,5,4,1,0,1,0,0,1,0,2,0,0,2,2
777890,2025-05-17,669743,"Call, Alex",WSH,BAL,2025,1,0,0,0,0,0,0,0,0,0,0,0,0,0
777890,2025-05-17,671277,"García Jr., Luis",WSH,BAL,2025,5,5,2,1,1,0,0,0,0,2,0,0,3,3
777890,2025-05-17,677588,"Tena, José",WSH,BAL,2025,4,3,1,1,0,0,0,0,0,0,0,0,1,1
777890,2025-05-17,682928,"Abrams, CJ",WSH,BAL,2025,5,5,1,0,1,0,0,0,0,2,0,0,0,2
777890,2025-05-17,686611,"Crews, Dylan",WSH,BAL,2025,4,3,0,0,0,0,0,0,1,2,0,0,0,0
777890,2025-05-17,695578,"Wood, James",WSH,BAL,2025,5,3,1,1,0,0,0,2,0,1,0,0,1,1
777890,2025-05-17,696285,"Young, Jacob",WSH,BAL,2025,3,3,2,1,0,1,0,0,0,0,0,0,1,4
777904,2025-05-16,502671,"Goldschmidt, Paul",NYY,NYM,2025,4,4,2,2,0,0,0,0,0,0,0,0,3,2
777904,2025-05-16,592450,"Judge, Aaron",NYY,NYM,2025,5,4,2,2,0,0,0,1,0,1,0,0,0,2
777904,2025-05-16,641355,"Bellinger, Cody",NYY,NYM,2025,5,5,3,2,1,0,0,0,0,0,0,0,0,4
777904,2025-05-16,663757,"Grisham, Trent",NYY,NYM,2025,5,3,0,0,0,0,0,2,0,0,0,0,0,0
777904,2025-05-16,669224,"Wells, Austin",NYY,NYM,2025,4,3,0,0,0,0,0,1,0,1,0,0,0,0
777904,2025-05-16,672724,"Peraza, Oswald",NYY,NYM,2025,4,3,0,0,0,0,0,1,0,2,0,0,1,0
777904,2025-05-16,678391,"Vivas, Jorbit",NYY,NYM,2025,4,4,1,1,0,0,0,0,0,0,0,0,0,1
777904,2025-05-16,683011,"Volpe, Anthony",NYY,NYM,2025,4,3,0,0,0,0,0,0,0,1,0,0,1,0
777904,2025-05-16,691176,"Domínguez, Jasson",NYY,NYM,2025,4,2,0,0,0,0,0,2,0,1,0,0,1,0
777907,2025-05-16,660688,"Ruiz, Keibert",WSH,BAL,2025,4,3,0,0,0,0,0,0,1,0,0,0,0,0
777907,2025-05-16,663993,"Lowe, Nathaniel",WSH,BAL,2025,4,4,1,0,0,0,1,0,0,2,0,0,1,4
777907,2025-05-16,669743,"Call, Alex",WSH,BAL,2025,4,4,0,0,0,0,0,0,0,1,0,0,0,0
777907,2025-05-16,671277,"García Jr., Luis",WSH,BAL,2025,2,2,0,0,0,0,0,0,0,1,0,0,0,0
777907,2025-05-16,677588,"Tena, José",WSH,BAL,2025,4,2,0,0,0,0,0,2,0,1,0,0,0,0
777907,2025-05-16,682928,"Abrams, CJ",WSH,BAL,2025,5,5,0,0,0,0,0,0,0,2,0,0,0,0
777907,2025-05-16,683083,"Nuñez, Nasim",WSH,BAL,2025,4,4,1,1,0,0,0,1,0,1,0,0,1,1
777907,2025-05-16,686611,"Crews, Dylan",WSH,BAL,2025,4,2,0,0,0,0,0,2,0,2,0,0,0,0
777907,2025-05-16,695578,"Wood, James",WSH,BAL,2025,4,4,2,1,0,0,1,0,0,2,0,0,2,5
777907,2025-05-16,696285,"Young, Jacob",WSH,BAL,2025,2,2,1,1,0,0,0,0,0,1,0,0,0,1
777909,2025-05-15,605137,"Bell, Josh",WSH,ATL,2025,4,3,1,1,0,0,0,1,0,1,0,0,0,1
777909,2025-05-15,642708,"Rosario, Amed",WSH,ATL,2025,4,3,1,1,0,0,0,0,1,1,0,0,0,1
777909,2025-05-15,660688,"Ruiz, Keibert",WSH,ATL,2025,4,4,1,0,1,0,0,0,0,0,0,0,0,2
777909,2025-05-15,663993,"Lowe, Nathaniel",WSH,ATL,2025,4,3,0,0,0,0,0,1,0,0,0,0,0,0
777909,2025-05-15,669743,"Call, Alex",WSH,ATL,2025,4,4,1,0,1,0,0,0,0,0,0,0,0,2
777909,2025-05-15,677588,"Tena, José",WSH,ATL,2025,4,3,0,0,0,0,0,1,0,0,0,0,0,0
777909,2025-05-15,682928,"Abrams, CJ",WSH,ATL,2025,4,4,2,1,0,0,1,0,0,2,0,0,1,5
777909,2025-05-15,695578,"Wood, James",WSH,ATL,2025,4,4,0,0,0,0,0,0,0,2,0,0,0,0
777909,2025-05-15,696285,"Young, Jacob",WSH,ATL,2025,3,3,0,0,0,0,0,0,0,0,0,0,0,0
777915,2025-05-14,502671,"Goldschmidt, Paul",NYY,SEA,2025,2,2,1,0,0,0,1,0,0,0,0,0,1,4
777915,2025-05-14,518934,"LeMahieu, DJ",NYY,SEA,2025,4,3,1,1,0,0,0,1,0,0,0,0,0,1
777915,2025-05-14,592450,"Judge, Aaron",NYY,SEA,2025,4,4,2,1,0,0,1,0,0,2,0,0,1,5
777915,2025-05-14,622569,"Reyes, Pablo",NYY,SEA,2025,1,1,0,0,0,0,0,0,0,1,0,0,0,0
777915,2025-05-14,641355,"Bellinger, Cody",NYY,SEA,2025,4,4,1,0,1,0,0,0,0,2,0,0,0,2
777915,2025-05-14,641555,"Escarra, J.C.",NYY,SEA,2025,2,2,0,0,0,0,0,0,0,0,0,0,0,0
777915,2025-05-14,663757,"Grisham, Trent",NYY,SEA,2025,5,4,0,0,0,0,0,1,0,3,0,0,0,0
777915,2025-05-14,669224,"Wells, Austin",NYY,SEA,2025,1,1,0,0,0,0,0,0,0,1,0,0,0,0
777915,2025-05-14,678391,"Vivas, Jorbit",NYY,SEA,2025,2,2,1,1,0,0,0,0,0,0,0,0,0,1
777915,2025-05-14,683011,"Volpe, Anthony",NYY,SEA,2025,4,4,1,0,1,0,0,0,0,2,0,0,0,2
777915,2025-05-14,691176,"Domínguez, Jasson",NYY,SEA,2025,4,4,1,0,1,0,0,0,0,0,0,0,1,2
777915,2025-05-14,700250,"Rice, Ben",NYY,SEA,2025,4,4,1,1,0,0,0,0,0,1,0,0,0,1
777926,2025-05-13,502671,"Goldschmidt, Paul",NYY,SEA,2025,4,3,0,0,0,0,0,0,1,0,0,0,0,0
777926,2025-05-13,518934,"LeMahieu, DJ",NYY,SEA,2025,1,1,0,0,0,0,0,0,0,1,0,0,0,0
777926,2025-05-13,592450,"Judge, Aaron",NYY,SEA,2025,5,4,1,1,0,0,0,1,0,2,0,0,0,1
777926,2025-05-13,622569,"Reyes, Pablo",NYY,SEA,2025,1,1,0,0,0,0,0,0,0,0,0,0,0,0
777926,2025-05-13,641355,"Bellinger, Cody",NYY,SEA,2025,5,5,1,0,1,0,0,0,0,1,0,0,0,2
777926,2025-05-13,663757,"Grisham, Trent",NYY,SEA,2025,5,5,2,2,0,0,0,0,0,1,0,0,0,2
777926,2025-05-13,669224,"Wells, Austin",NYY,SEA,2025,5,5,1,0,1,0,0,0,0,1,0,0,0,2
777926,2025-05-13,672724,"Peraza, Oswald",NYY,SEA,2025,4,4,0,0,0,0,0,0,0,1,0,0,0,0
777926,2025-05-13,678391,"Vivas, Jorbit",NYY,SEA,2025,2,2,0,0,0,0,0,0,0,1,0,0,0,0
777926,2025-05-13,683011,"Volpe, Anthony",NYY,SEA,2025,5,3,0,0,0,0,0,2,0,1,0,0,1,0
777926,2025-05-13,691176,"Domínguez, Jasson",NYY,SEA,2025,5,5,0,0,0,0,0,0,0,3,0,0,0,0
777926,2025-05-13,700250,"Rice, Ben",NYY,SEA,2025,1,1,0,0,0,0,0,0,0,1,0,0,0,0
777929,2025-05-14,605137,"Bell, Josh",WSH,ATL,2025,4,4,1,1,0,0,0,0,0,1,0,0,0,1
777929,2025-05-14,642708,"Rosario, Amed",WSH,ATL,2025,4,3,1,1,0,0,0,0,1,0,0,0,1,1
777929,2025-05-14,656180,"Adams, Riley",WSH,ATL,2025,2,2,0,0,0,0,0,0,0,1,0,0,0,0
777929,2025-05-14,660688,"Ruiz, Keibert",WSH,ATL,2025,2,2,0,0,0,0,0,0,0,0,0,0,0,0
777929,2025-05-14,663993,"Lowe, Nathaniel",WSH,ATL,2025,4,4,1,1,0,0,0,0,0,0,0,0,1,1
777929,2025-05-14,669743,"Call, Alex",WSH,ATL,2025,4,4,0,0,0,0,0,0,0,2,0,0,0,0
777929,2025-05-14,677588,"Tena, José",WSH,ATL,2025,4,4,2,0,2,0,0,0,0,0,0,0,1,4
777929,2025-05-14,682928,"Abrams, CJ",WSH,ATL,2025,5,3,2,2,0,0,0,2,0,0,0,0,0,2
777929,2025-05-14,686611,"Crews, Dylan",WSH,ATL,2025,4,4,2,2,0,0,0,0,0,1,0,0,1,2
777929,2025-05-14,695578,"Wood, James",WSH,ATL,2025,4,4,2,1,1,0,0,0,0,1,0,0,1,3
777941,2025-05-12,502671,"Goldschmidt, Paul",NYY,SEA,2025,5,5,2,2,0,0,0,0,0,1,0,0,1,2
777941,2025-05-12,592450,"Judge, Aaron",NYY,SEA,2025,6,3,2,1,1,0,0,2,0,0,0,0,1,3
777941,2025-05-12,641355,"Bellinger, Cody",NYY,SEA,2025,5,4,2,2,0,0,0,1,0,2,0,0,1,2
777941,2025-05-12,663757,"Grisham, Trent",NYY,SEA,2025,6,6,3,1,0,0,2,0,0,2,0,0,2,9
777941,2025-05-12,665828,"Cabrera, Oswaldo",NYY,SEA,2025,5,4,1,1,0,0,0,1,0,0,0,0,0,1
777941,2025-05-12,669224,"Wells, Austin",NYY,SEA,2025,5,4,1,0,0,0,1,0,0,1,0,0,4,4
777941,2025-05-12,672724,"Peraza, Oswald",NYY,SEA,2025,5,4,1,0,1,0,0,0,1,1,0,0,0,2
777941,2025-05-12,683011,"Volpe, Anthony",NYY,SEA,2025,5,3,2,1,0,0,1,2,0,0,0,0,2,5
777941,2025-05-12,700250,"Rice, Ben",NYY,SEA,2025,6,6,1,0,1,0,0,0,0,2,0,0,0,2
777942,2025-05-13,605137,"Bell, Josh",WSH,ATL,2025,4,3,1,1,0,0,0,1,0,1,0,0,0,1
777942,2025-05-13,642708,"Rosario, Amed",WSH,ATL,2025,4,4,2,2,0,0,0,0,0,1,0,0,1,2
777942,2025-05-13,660688,"Ruiz, Keibert",WSH,ATL,2025,4,4,0,0,0,0,0,0,0,0,0,0,0,0
777942,2025-05-13,663993,"Lowe, Nathaniel",WSH,ATL,2025,4,4,0,0,0,0,0,0,0,1,0,0,0,0
777942,2025-05-13,677588,"Tena, José",WSH,ATL,2025,3,3,0,0,0,0,0,0,0,0,0,0,0,0
777942,2025-05-13,682928,"Abrams, CJ",WSH,ATL,2025,4,4,1,0,0,0,1,0,0,1,0,0,1,4
777942,2025-05-13,686611,"Crews, Dylan",WSH,ATL,2025,4,4,0,0,0,0,0,0,0,1,0,0,0,0
777942,2025-05-13,695578,"Wood, James",WSH,ATL,2025,4,3,0,0,0,0,0,1,0,0,0,0,0,0
777942,2025-05-13,696285,"Young, Jacob",WSH,ATL,2025,3,3,1,1,0,0,0,0,0,0,0,0,0,1
777957,2025-05-11,502671,"Goldschmidt, Paul",NYY,ATH,2025,5,5,3,0,3,0,0,0,0,0,0,0,2,6
777957,2025-05-11,592450,"Judge, Aaron",NYY,ATH,2025,5,5,4,3,1,0,0,0,0,1,0,0,2,5
777957,2025-05-11,622569,"Reyes, Pablo",NYY,ATH,2025,1,1,0,0,0,0,0,0,0,0,0,0,0,0
777957,2025-05-11,641355,"Bellinger, Cody",NYY,ATH,2025,6,6,1,1,0,0,0,0,0,1,0,0,0,1
777957,2025-05-11,665828,"Cabrera, Oswaldo",NYY,ATH,2025,5,4,1,0,1,0,0,1,0,0,0,0,2,2
777957,2025-05-11,669224,"Wells, Austin",NYY,ATH,2025,5,3,1,1,0,0,0,1,1,1,0,0,0,1
777957,2025-05-11,672724,"Peraza, Oswald",NYY,ATH,2025,1,1,0,0,0,0,0,0,0,1,0,0,0,0
777957,2025-05-11,678391,"Vivas, Jorbit",NYY,ATH,2025,5,4,0,0,0,0,0,1,0,2,0,0,1,0
777957,2025-05-11,683011,"Volpe, Anthony",NYY,ATH,2025,5,5,2,2,0,0,0,0,0,1,0,0,1,2
777957,2025-05-11,691176,"Domínguez, Jasson",NYY,ATH,2025,6,5,2,2,0,0,0,1,0,3,0,0,0,2
777957,2025-05-11,700250,"Rice, Ben",NYY,ATH,2025,6,3,1,0,0,0,1,1,2,0,0,0,4,4
777959,2025-05-12,605137,"Bell, Josh",WSH,ATL,2025,4,4,1,1,0,0,0,0,0,1,0,0,0,1
777959,2025-05-12,660688,"Ruiz, Keibert",WSH,ATL,2025,4,4,2,2,0,0,0,0,0,1,0,0,0,2
777959,2025-05-12,663993,"Lowe, Nathaniel",WSH,ATL,2025,4,4,0,0,0,0,0,0,0,1,0,0,0,0
777959,2025-05-12,669743,"Call, Alex",WSH,ATL,2025,2,1,0,0,0,0,0,0,1,1,0,0,0,0
777959,2025-05-12,671277,"García Jr., Luis",WSH,ATL,2025,4,4,2,1,1,0,0,0,0,0,0,0,0,3
777959,2025-05-12,677588,"Tena, José",WSH,ATL,2025,4,3,1,0,1,0,0,1,0,0,0,0,0,2
777959,2025-05-12,682928,"Abrams, CJ",WSH,ATL,2025,4,4,0,0,0,0,0,0,0,1,0,0,0,0
777959,2025-05-12,686611,"Crews, Dylan",WSH,ATL,2025,4,3,1,1,0,0,0,1,0,1,0,0,2,1
777959,2025-05-12,695578,"Wood, James",WSH,ATL,2025,4,4,1,0,0,0,1,0,0,1,0,0,1,4
777959,2025-05-12,696285,"Young, Jacob",WSH,ATL,2025,2,2,0,0,0,0,0,0,0,1,0,0,0,0
777962,2025-05-11,605137,"Bell, Josh",WSH,STL,2025,4,4,1,0,1,0,0,0,0,2,0,0,0,2
777962,2025-05-11,656180,"Adams, Riley",WSH,STL,2025,3,3,0,0,0,0,0,0,0,3,0,0,0,0
777962,2025-05-11,663993,"Lowe, Nathaniel",WSH,STL,2025,4,4,1,0,0,0,1,0,0,1,0,0,1,4
777962,2025-05-11,669743,"Call, Alex",WSH,STL,2025,4,3,0,0,0,0,0,0,0,2,0,0,0,0
777962,2025-05-11,671277,"García Jr., Luis",WSH,STL,2025,3,3,0,0,0,0,0,0,0,0,0,0,0,0
777962,2025-05-11,677588,"Tena, José",WSH,STL,2025,3,1,0,0,0,0,0,2,0,0,0,0,0,0
777962,2025-05-11,682928,"Abrams, CJ",WSH,STL,2025,4,4,3,3,0,0,0,0,0,0,0,0,0,3
777962,2025-05-11,686611,"Crews, Dylan",WSH,STL,2025,3,3,0,0,0,0,0,0,0,0,0,0,0,0
777962,2025-05-11,695578,"Wood, James",WSH,STL,2025,4,4,0,0,0,0,0,0,0,0,0,0,0,0
777972,2025-05-10,502671,"Goldschmidt, Paul",NYY,ATH,2025,5,5,1,1,0,0,0,0,0,1,0,0,0,1
777972,2025-05-10,592450,"Judge, Aaron",NYY,ATH,2025,5,5,2,0,0,0,2,0,0,2,0,0,3,8
777972,2025-05-10,622569,"Reyes, Pablo",NYY,ATH,2025,2,2,1,1,0,0,0,0,0,1,0,0,0,1
777972,2025-05-10,641355,"Bellinger, Cody",NYY,ATH,2025,5,4,2,2,0,0,0,1,0,1,0,0,0,2
777972,2025-05-10,663757,"Grisham, Trent",NYY,ATH,2025,5,5,1,0,0,1,0,0,0,1,0,0,0,3
777972,2025-05-10,665828,"Cabrera, Oswaldo",NYY,ATH,2025,2,1,0,0,0,0,0,0,0,0,0,0,1,0
777972,2025-05-10,669224,"Wells, Austin",NYY,ATH,2025,4,1,0,0,0,0,0,1,1,0,0,0,1,0
777972,2025-05-10,672724,"Peraza, Oswald",NYY,ATH,2025,3,3,1,0,0,0,1,0,0,0,0,0,2,4
777972,2025-05-10,683011,"Volpe, Anthony",NYY,ATH,2025,5,4,1,0,1,0,0,1,0,2,0,0,0,2
777972,2025-05-10,691176,"Domínguez, Jasson",NYY,ATH,2025,4,3,0,0,0,0,0,1,0,0,0,0,0,0
777972,2025-05-10,700250,"Rice, Ben",NYY,ATH,2025,1,1,0,0,0,0,0,0,0,1,0,0,0,0
777980,2025-05-10,605137,"Bell, Josh",WSH,STL,2025,1,0,0,0,0,0,0,1,0,0,0,0,0,0
777980,2025-05-10,660688,"Ruiz, Keibert",WSH,STL,2025,4,4,1,1,0,0,0,0,0,0,0,0,0,1
777980,2025-05-10,663993,"Lowe, Nathaniel",WSH,STL,2025,4,4,0,0,0,0,0,0,0,1,0,0,0,0
777980,2025-05-10,669743,"Call, Alex",WSH,STL,2025,4,4,0,0,0,0,0,0,0,1,0,0,0,0
777980,2025-05-10,671277,"García Jr., Luis",WSH,STL,2025,4,4,0,0,0,0,0,0,0,1,0,0,0,0
777980,2025-05-10,677588,"Tena, José",WSH,STL,2025,4,4,2,2,0,0,0,0,0,1,0,0,0,2
777980,2025-05-10,682928,"Abrams, CJ",WSH,STL,2025,5,5,1,0,1,0,0,0,0,0,0,0,0,2
777980,2025-05-10,686611,"Crews, Dylan",WSH,STL,2025,4,3,1,0,0,0,1,1,0,1,0,0,2,4
777980,2025-05-10,695578,"Wood, James",WSH,STL,2025,4,3,1,1,0,0,0,1,0,2,0,0,0,1
777980,2025-05-10,696285,"Young, Jacob",WSH,STL,2025,3,3,1,1,0,0,0,0,0,1,0,0,0,1
777994,2025-05-09,502671,"Goldschmidt, Paul",NYY,ATH,2025,5,4,2,1,0,0,1,1,0,1,0,0,1,5
777994,2025-05-09,592450,"Judge, Aaron",NYY,ATH,2025,5,4,1,0,1,0,0,1,0,1,0,0,0,2
777994,2025-05-09,622569,"Reyes, Pablo",NYY,ATH,2025,1,1,0,0,0,0,0,0,0,0,0,0,0,0
777994,2025-05-09,641555,"Escarra, J.C.",NYY,ATH,2025,5,4,2,1,1,0,0,1,0,0,0,0,0,3
777994,2025-05-09,663757,"Grisham, Trent",NYY,ATH,2025,6,4,0,0,0,0,0,2,0,0,0,0,0,0
777994,2025-05-09,665828,"Cabrera, Oswaldo",NYY,ATH,2025,5,5,1,0,1,0,0,0,0,3,0,0,0,2
777994,2025-05-09,672724,"Peraza, Oswald",NYY,ATH,2025,1,1,0,0,0,0,0,0,0,1,0,0,0,0
777994,2025-05-09,678391,"Vivas, Jorbit",NYY,ATH,2025,5,5,2,1,1,0,0,0,0,1,0,0,0,3
777994,2025-05-09,683011,"Volpe, Anthony",NYY,ATH,2025,5,4,1,1,0,0,0,1,0,1,0,0,0,1
777994,2025-05-09,691176,"Domínguez, Jasson",NYY,ATH,2025,5,4,3,0,0,0,3,0,0,1,0,0,7,12
777994,2025-05-09,700250,"Rice, Ben",NYY,ATH,2025,6,5,2,1,1,0,0,0,1,1,0,0,1,3
777995,2025-05-09,605137,"Bell, Josh",WSH,STL,2025,3,3,0,0,0,0,0,0,0,1,0,0,0,0
777995,2025-05-09,642708,"Rosario, Amed",WSH,STL,2025,3,3,1,1,0,0,0,0,0,2,0,0,0,1
777995,2025-05-09,660688,"Ruiz, Keibert",WSH,STL,2025,4,4,1,1,0,0,0,0,0,0,0,0,0,1
777995,2025-05-09,663993,"Lowe, Nathaniel",WSH,STL,2025,4,4,0,0,0,0,0,0,0,1,0,0,0,0
777995,2025-05-09,671277,"García Jr., Luis",WSH,STL,2025,3,3,0,0,0,0,0,0,0,0,0,0,0,0
777995,2025-05-09,682928,"Abrams, CJ",WSH,STL,2025,4,4,3,2,1,0,0,0,0,1,0,0,0,4
777995,2025-05-09,686611,"Crews, Dylan",WSH,STL,2025,3,3,0,0,0,0,0,0,0,1,0,0,0,0
777995,2025-05-09,695578,"Wood, James",WSH,STL,2025,4,4,1,1,0,0,0,0,0,1,0,0,0,1
777995,2025-05-09,696285,"Young, Jacob",WSH,STL,2025,3,3,0,0,0,0,0,0,0,1,0,0,0,0
778019,2025-05-07,502671,"Goldschmidt, Paul",NYY,SD,2025,4,4,0,0,0,0,0,0,0,1,0,0,0,0
778019,2025-05-07,592450,"Judge, Aaron",NYY,SD,2025,4,4,0,0,0,0,0,0,0,3,0,0,0,0
778019,2025-05-07,641355,"Bellinger, Cody",NYY,SD,2025,4,4,2,1,0,0,1,0,0,0,0,0,1,5
778019,2025-05-07,641555,"Escarra, J.C.",NYY,SD,2025,1,0,0,0,0,0,0,0,0,0,0,0,1,0
778019,2025-05-07,663757,"Grisham, Trent",NYY,SD,2025,1,1,1,0,0,0,1,0,0,0,0,0,2,4
778019,2025-05-07,665828,"Cabrera, Oswaldo",NYY,SD,2025,4,1,0,0,0,0,0,2,0,0,0,0,0,0
778019,2025-05-07,669224,"Wells, Austin",NYY,SD,2025,4,4,0,0,0,0,0,0,0,0,0,0,0,0
778019,2025-05-07,678391,"Vivas, Jorbit",NYY,SD,2025,2,1,0,0,0,0,0,0,0,1,0,0,0,0
778019,2025-05-07,683011,"Volpe, Anthony",NYY,SD,2025,4,4,0,0,0,0,0,0,0,2,0,0,0,0
778019,2025-05-07,691176,"Domínguez, Jasson",NYY,SD,2025,4,3,0,0,0,0,0,1,0,2,0,0,0,0
778019,2025-05-07,700250,"Rice, Ben",NYY,SD,2025,4,4,0,0,0,0,0,0,0,1,0,0,0,0
778022,2025-05-07,642708,"Rosario, Amed",WSH,CLE,2025,6,5,3,2,1,0,0,1,0,1,0,0,2,4
778022,2025-05-07,660688,"Ruiz, Keibert",WSH,CLE,2025,5,4,0,0,0,0,0,1,0,1,0,0,0,0
778022,2025-05-07,663993,"Lowe, Nathaniel",WSH,CLE,2025,5,2,0,0,0,0,0,3,0,1,0,0,0,0
778022,2025-05-07,669743,"Call, Alex",WSH,CLE,2025,5,4,2,1,1,0,0,1,0,0,0,0,1,3
778022,2025-05-07,671277,"García Jr., Luis",WSH,CLE,2025,5,2,1,1,0,0,0,1,1,0,0,0,1,1
778022,2025-05-07,682928,"Abrams, CJ",WSH,CLE,2025,6,6,3,3,0,0,0,0,0,0,0,0,1,3
778022,2025-05-07,686611,"Crews, Dylan",WSH,CLE,2025,5,4,0,0,0,0,0,0,1,0,0,0,0,0
778022,2025-05-07,695578,"Wood, James",WSH,CLE,2025,6,6,3,2,1,0,0,0,0,2,0,0,0,4
778022,2025-05-07,696285,"Young, Jacob",WSH,CLE,2025,5,5,1,0,1,0,0,0,0,1,0,0,1,2
778026,2025-05-06,660688,"Ruiz, Keibert",WSH,CLE,2025,4,4,2,1,1,0,0,0,0,0,0,0,1,3
778026,2025-05-06,663993,"Lowe, Nathaniel",WSH,CLE,2025,5,5,2,2,0,0,0,0,0,1,0,0,1,2
778026,2025-05-06,669743,"Call, Alex",WSH,CLE,2025,5,4,1,1,0,0,0,1,0,1,0,0,1,1
778026,2025-05-06,671277,"García Jr., Luis",WSH,CLE,2025,4,3,0,0,0,0,0,1,0,2,0,0,0,0
778026,2025-05-06,677588,"Tena, José",WSH,CLE,2025,4,4,1,0,1,0,0,0,0,1,0,0,2,2
778026,2025-05-06,682928,"Abrams, CJ",WSH,CLE,2025,5,4,0,0,0,0,0,1,0,1,0,0,0,0
778026,2025-05-06,686611,"Crews, Dylan",WSH,CLE,2025,4,4,1,0,1,0,0,0,0,1,0,0,1,2
778026,2025-05-06,695578,"Wood, James",WSH,CLE,2025,5,4,1,0,0,0,1,1,0,1,0,0,2,4
778026,2025-05-06,696285,"Young, Jacob",WSH,CLE,2025,4,3,2,2,0,0,0,1,0,0,0,0,2,2
778041,2025-05-06,502671,"Goldschmidt, Paul",NYY,SD,2025,2,1,0,0,0,0,0,1,0,0,0,0,0,0
778041,2025-05-06,592450,"Judge, Aaron",NYY,SD,2025,4,3,1,0,0,0,1,1,0,0,0,0,1,4
778041,2025-05-06,641355,"Bellinger, Cody",NYY,SD,2025,4,3,1,1,0,0,0,1,0,0,0,0,1,1
778041,2025-05-06,663757,"Grisham, Trent",NYY,SD,2025,5,4,0,0,0,0,0,1,0,1,0,0,1,0
778041,2025-05-06,665828,"Cabrera, Oswaldo",NYY,SD,2025,4,4,0,0,0,0,0,0,0,0,0,0,0,0
778041,2025-05-06,669224,"Wells, Austin",NYY,SD,2025,4,4,2,1,0,0,1,0,0,0,0,0,5,5
778041,2025-05-06,672724,"Peraza, Oswald",NYY,SD,2025,1,1,0,0,0,0,0,0,0,0,0,0,0,0
778041,2025-05-06,678391,"Vivas, Jorbit",NYY,SD,2025,2,2,0,0,0,0,0,0,0,0,0,0,0,0
778041,2025-05-06,683011,"Volpe, Anthony",NYY,SD,2025,4,4,2,2,0,0,0,0,0,1,0,0,1,2
778041,2025-05-06,691176,"Domínguez, Jasson",NYY,SD,2025,4,3,2,1,1,0,0,1,0,0,0,0,1,3
778041,2025-05-06,700250,"Rice, Ben",NYY,SD,2025,4,4,2,0,2,0,0,0,0,0,0,0,2,4
778045,2025-05-05,502671,"Goldschmidt, Paul",NYY,SD,2025,4,4,2,2,0,0,0,0,0,1,0,0,0,2
778045,2025-05-05,592450,"Judge, Aaron",NYY,SD,2025,4,3,0,0,0,0,0,1,0,0,0,0,0,0
778045,2025-05-05,641355,"Bellinger, Cody",NYY,SD,2025,4,4,1,1,0,0,0,0,0,1,0,0,0,1
778045,2025-05-05,663757,"Grisham, Trent",NYY,SD,2025,4,3,1,0,0,0,1,1,0,0,0,0,2,4
778045,2025-05-05,669224,"Wells, Austin",NYY,SD,2025,4,4,1,1,0,0,0,0,0,1,0,0,0,1
778045,2025-05-05,672724,"Peraza, Oswald",NYY,SD,2025,3,2,0,0,0,0,0,1,0,1,0,0,0,0
778045,2025-05-05,678391,"Vivas, Jorbit",NYY,SD,2025,3,2,0,0,0,0,0,1,0,2,0,0,0,0
778045,2025-05-05,683011,"Volpe, Anthony",NYY,SD,2025,4,3,0,0,0,0,0,0,0,1,0,0,1,0
778045,2025-05-05,691176,"Domínguez, Jasson",NYY,SD,2025,1,1,0,0,0,0,0,0,0,1,0,0,0,0
778045,2025-05-05,700250,"Rice, Ben",NYY,SD,2025,4,4,1,0,1,0,0,0,0,1,0,0,0,2
778046,2025-05-06,605137,"Bell, Josh",WSH,CLE,2025,4,4,0,0,0,0,0,0,0,1,0,0,0,0
778046,2025-05-06,656180,"Adams, Riley",WSH,CLE,2025,3,3,1,0,0,0,1,0,0,0,0,0,1,4
778046,2025-05-06,663993,"Lowe, Nathaniel",WSH,CLE,2025,4,4,1,1,0,0,0,0,0,1,0,0,0,1
778046,2025-05-06,671277,"García Jr., Luis",WSH,CLE,2025,3,3,1,1,0,0,0,0,0,0,0,0,0,1
778046,2025-05-06,677588,"Tena, José",WSH,CLE,2025,3,3,0,0,0,0,0,0,0,0,0,0,0,0
778046,2025-05-06,682928,"Abrams, CJ",WSH,CLE,2025,3,0,0,0,0,0,0,3,0,0,0,0,0,0
778046,2025-05-06,683083,"Nuñez, Nasim",WSH,CLE,2025,1,1,0,0,0,0,0,0,0,0,0,0,0,0
778046,2025-05-06,686611,"Crews, Dylan",WSH,CLE,2025,3,3,0,0,0,0,0,0,0,2,0,0,0,0
778046,2025-05-06,695578,"Wood, James",WSH,CLE,2025,4,5,1,1,0,0,0,0,0,2,0,0,0,1
778046,2025-05-06,696285,"Young, Jacob",WSH,CLE,2025,3,3,0,0,0,0,0,0,0,1,0,0,0,0
778057,2025-05-04,502671,"Goldschmidt, Paul",NYY,TB,2025,4,3,1,1,0,0,0,1,0,0,0,0,1,1
778057,2025-05-04,592450,"Judge, Aaron",NYY,TB,2025,5,5,1,0,1,0,0,0,0,1,0,0,0,2
778057,2025-05-04,622569,"Reyes, Pablo",NYY,TB,2025,2,2,0,0,0,0,0,0,0,1,0,0,0,0
778057,2025-05-04,641355,"Bellinger, Cody",NYY,TB,2025,5,4,1,0,0,0,1,1,0,1,0,0,2,4
778057,2025-05-04,641555,"Escarra, J.C.",NYY,TB,2025,4,3,0,0,0,0,0,1,0,0,0,0,0,0
778057,2025-05-04,663757,"Grisham, Trent",NYY,TB,2025,5,4,2,2,0,0,0,1,0,1,0,0,0,2
778057,2025-05-04,665828,"Cabrera, Oswaldo",NYY,TB,2025,3,3,0,0,0,0,0,0,0,0,0,0,0,0
778057,2025-05-04,672724,"Peraza, Oswald",NYY,TB,2025,4,3,1,1,0,0,0,1,0,0,0,0,0,1
778057,2025-05-04,678391,"Vivas, Jorbit",NYY,TB,2025,2,2,1,1,0,0,0,0,0,0,0,0,2,1
778057,2025-05-04,691176,"Domínguez, Jasson",NYY,TB,2025,4,3,1,1,0,0,0,1,0,0,0,0,0,1
778057,2025-05-04,700250,"Rice, Ben",NYY,TB,2025,1,0,0,0,0,0,0,1,0,0,0,0,0,0
778058,2025-05-04,642708,"Rosario, Amed",WSH,CIN,2025,5,5,0,0,0,0,0,0,0,1,0,0,0,0
778058,2025-05-04,660688,"Ruiz, Keibert",WSH,CIN,2025,4,4,2,2,0,0,0,0,0,0,0,0,0,2
778058,2025-05-04,663993,"Lowe, Nathaniel",WSH,CIN,2025,4,3,1,0,1,0,0,0,1,1,0,0,0,2
778058,2025-05-04,669743,"Call, Alex",WSH,CIN,2025,4,3,2,2,0,0,0,1,0,1,0,0,0,2
778058,2025-05-04,671277,"García Jr., Luis",WSH,CIN,2025,4,3,1,0,0,0,1,0,0,1,0,0,2,4
778058,2025-05-04,682928,"Abrams, CJ",WSH,CIN,2025,5,5,1,0,1,0,0,0,0,1,0,0,2,2
778058,2025-05-04,686611,"Crews, Dylan",WSH,CIN,2025,4,4,1,1,0,0,0,0,0,2,0,0,0,1
778058,2025-05-04,695578,"Wood, James",WSH,CIN,2025,4,4,1,0,1,0,0,0,0,0,0,0,0,2
778058,2025-05-04,696285,"Young, Jacob",WSH,CIN,2025,4,4,0,0,0,0,0,0,0,1,0,0,0,0
778074,2025-05-03,502671,"Goldschmidt, Paul",NYY,TB,2025,4,4,0,0,0,0,0,0,0,0,0,0,0,0
778074,2025-05-03,592450,"Judge, Aaron",NYY,TB,2025,4,4,2,1,0,0,1,0,0,1,0,0,1,5
778074,2025-05-03,622569,"Reyes, Pablo",NYY,TB,2025,1,1,0,0,0,0,0,0,0,1,0,0,0,0
778074,2025-05-03,641355,"Bellinger, Cody",NYY,TB,2025,4,4,1,1,0,0,0,0,0,0,0,0,0,1
778074,2025-05-03,663757,"Grisham, Trent",NYY,TB,2025,1,1,1,1,0,0,0,0,0,0,0,0,0,1
778074,2025-05-03,665828,"Cabrera, Oswaldo",NYY,TB,2025,3,3,0,0,0,0,0,0,0,1,0,0,0,0
778074,2025-05-03,669224,"Wells, Austin",NYY,TB,2025,4,4,1,0,0,0,1,0,0,0,0,0,1,4
778074,2025-05-03,678391,"Vivas, Jorbit",NYY,TB,2025,2,2,0,0,0,0,0,0,0,0,0,0,0,0
778074,2025-05-03,683011,"Volpe, Anthony",NYY,TB,2025,3,3,0,0,0,0,0,0,0,0,0,0,0,0
778074,2025-05-03,691176,"Domínguez, Jasson",NYY,TB,2025,2,2,0,0,0,0,0,0,0,0,0,0,0,0
778074,2025-05-03,700250,"Rice, Ben",NYY,TB,2025,4,4,0,0,0,0,0,0,0,1,0,0,0,0
778077,2025-05-03,642708,"Rosario, Amed",WSH,CIN,2025,6,6,3,1,1,0,1,0,0,0,0,0,4,7
778077,2025-05-03,656180,"Adams, Riley",WSH,CIN,2025,5,5,1,1,0,0,0,0,0,2,0,0,2,1
778077,2025-05-03,663993,"Lowe, Nathaniel",WSH,CIN,2025,6,5,3,3,0,0,0,1,0,1,0,0,2,3
778077,2025-05-03,669743,"Call, Alex",WSH,CIN,2025,6,4,1,1,0,0,0,2,0,1,0,0,1,1
778077,2025-05-03,671277,"García Jr., Luis",WSH,CIN,2025,6,5,0,0,0,0,0,0,0,1,0,0,1,0
778077,2025-05-03,682928,"Abrams, CJ",WSH,CIN,2025,6,4,2,2,0,0,0,1,1,1,0,0,0,2
778077,2025-05-03,686611,"Crews, Dylan",WSH,CIN,2025,5,3,0,0,0,0,0,1,1,0,0,0,0,0
778077,2025-05-03,695578,"Wood, James",WSH,CIN,2025,6,6,4,3,1,0,0,0,0,1,0,0,0,5
778077,2025-05-03,696285,"Young, Jacob",WSH,CIN,2025,5,3,1,1,0,0,0,0,1,1,0,0,1,1
778087,2025-05-02,605137,"Bell, Josh",WSH,CIN,2025,3,3,1,0,0,0,1,0,0,1,0,0,1,4
778087,2025-05-02,642708,"Rosario, Amed",WSH,CIN,2025,1,1,0,0,0,0,0,0,0,1,0,0,0,0
778087,2025-05-02,660688,"Ruiz, Keibert",WSH,CIN,2025,4,3,0,0,0,0,0,1,0,2,0,0,0,0
778087,2025-05-02,663993,"Lowe, Nathaniel",WSH,CIN,2025,4,4,0,0,0,0,0,0,0,2,0,0,0,0
778087,2025-05-02,671277,"García Jr., Luis",WSH,CIN,2025,4,4,0,0,0,0,0,0,0,3,0,0,0,0
778087,2025-05-02,677588,"Tena, José",WSH,CIN,2025,3,3,0,0,0,0,0,0,0,2,0,0,0,0
778087,2025-05-02,682928,"Abrams, CJ",WSH,CIN,2025,4,4,1,1,0,0,0,0,0,1,0,0,0,1
778087,2025-05-02,686611,"Crews, Dylan",WSH,CIN,2025,4,3,0,0,0,0,0,1,0,2,0,0,0,0
778087,2025-05-02,695578,"Wood, James",WSH,CIN,2025,4,2,1,1,0,0,0,2,0,1,0,0,0,1
778087,2025-05-02,696285,"Young, Jacob",WSH,CIN,2025,3,3,1,1,0,0,0,0,0,2,0,0,0,1
778088,2025-05-02,502671,"Goldschmidt, Paul",NYY,TB,2025,4,4,2,1,0,0,1,0,0,0,0,0,3,5
778088,2025-05-02,592450,"Judge, Aaron",NYY,TB,2025,4,4,2,0,1,1,0,0,0,1,0,0,0,5
778088,2025-05-02,641355,"Bellinger, Cody",NYY,TB,2025,4,4,0,0,0,0,0,0,0,0,0,0,0,0
778088,2025-05-02,663757,"Grisham, Trent",NYY,TB,2025,4,4,0,0,0,0,0,0,0,0,0,0,0,0
778088,2025-05-02,665828,"Cabrera, Oswaldo",NYY,TB,2025,3,3,0,0,0,0,0,0,0,1,0,0,0,0
778088,2025-05-02,669224,"Wells, Austin",NYY,TB,2025,4,3,0,0,0,0,0,1,0,0,0,0,0,0
778088,2025-05-02,678391,"Vivas, Jorbit",NYY,TB,2025,3,1,0,0,0,0,0,2,0,1,0,0,0,0
778088,2025-05-02,683011,"Volpe, Anthony",NYY,TB,2025,4,3,1,1,0,0,0,1,0,0,0,0,0,1
778088,2025-05-02,700250,"Rice, Ben",NYY,TB,2025,4,4,1,0,1,0,0,0,0,1,0,0,0,2
778099,2025-05-01,605137,"Bell, Josh",WSH,PHI,2025,4,3,0,0,0,0,0,1,0,0,0,0,0,0
778099,2025-05-01,660688,"Ruiz, Keibert",WSH,PHI,2025,4,4,1,1,0,0,0,0,0,0,0,0,0,1
778099,2025-05-01,663993,"Lowe, Nathaniel",WSH,PHI,2025,5,5,1,1,0,0,0,0,0,0,0,0,1,1
778099,2025-05-01,671277,"García Jr., Luis",WSH,PHI,2025,4,4,2,1,1,0,0,0,0,0,0,0,1,3
778099,2025-05-01,677588,"Tena, José",WSH,PHI,2025,4,3,0,0,0,0,0,1,0,2,0,0,0,0
778099,2025-05-01,682928,"Abrams, CJ",WSH,PHI,2025,5,4,1,0,1,0,0,0,1,0,0,0,0,2
778099,2025-05-01,686611,"Crews, Dylan",WSH,PHI,2025,4,3,0,0,0,0,0,1,0,1,0,0,0,0
778099,2025-05-01,695578,"Wood, James",WSH,PHI,2025,5,4,1,1,0,0,0,1,0,1,0,0,0,1
778099,2025-05-01,696285,"Young, Jacob",WSH,PHI,2025,4,4,0,0,0,0,0,0,0,0,0,0,0,0
778115,2025-04-30,502671,"Goldschmidt, Paul",NYY,BAL,2025,5,5,1,0,0,0,1,0,0,0,0,0,1,4
778115,2025-04-30,592450,"Judge, Aaron",NYY,BAL,2025,4,3,3,2,0,0,1,1,0,0,0,0,3,6
778115,2025-04-30,622569,"Reyes, Pablo",NYY,BAL,2025,3,2,0,0,0,0,0,1,0,1,0,0,0,0
778115,2025-04-30,641355,"Bellinger, Cody",NYY,BAL,2025,1,1,0,0,0,0,0,0,0,1,0,0,0,0
778115,2025-04-30,663757,"Grisham, Trent",NYY,BAL,2025,5,4,1,1,0,0,0,1,0,2,0,0,0,1
778115,2025-04-30,669224,"Wells, Austin",NYY,BAL,2025,4,4,1,1,0,0,0,0,0,0,0,0,0,1
778115,2025-04-30,672724,"Peraza, Oswald",NYY,BAL,2025,4,3,0,0,0,0,0,1,0,0,0,0,0,0
778115,2025-04-30,683011,"Volpe, Anthony",NYY,BAL,2025,4,3,1,1,0,0,0,1,0,0,0,0,0,1
778115,2025-04-30,691176,"Domínguez, Jasson",NYY,BAL,2025,4,4,0,0,0,0,0,0,0,2,0,0,0,0
778115,2025-04-30,700250,"Rice, Ben",NYY,BAL,2025,4,4,0,0,0,0,0,0,0,2,0,0,0,0
778118,2025-04-30,605137,"Bell, Josh",WSH,PHI,2025,4,4,0,0,0,0,0,0,0,3,0,0,0,0
778118,2025-04-30,642708,"Rosario, Amed",WSH,PHI,2025,4,4,1,1,0,0,0,0,0,1,0,0,1,1
778118,2025-04-30,660688,"Ruiz, Keibert",WSH,PHI,2025,4,4,1,1,0,0,0,0,0,0,0,0,0,1
778118,2025-04-30,663993,"Lowe, Nathaniel",WSH,PHI,2025,4,3,1,0,1,0,0,1,0,1,0,0,1,2
778118,2025-04-30,677588,"Tena, José",WSH,PHI,2025,4,4,0,0,0,0,0,0,0,2,0,0,0,0
778118,2025-04-30,682928,"Abrams, CJ",WSH,PHI,2025,4,3,1,1,0,0,0,0,1,1,0,0,0,1
778118,2025-04-30,686611,"Crews, Dylan",WSH,PHI,2025,4,4,0,0,0,0,0,0,0,3,0,0,0,0
778118,2025-04-30,695578,"Wood, James",WSH,PHI,2025,4,3,0,0,0,0,0,1,0,1,0,0,0,0
778118,2025-04-30,696285,"Young, Jacob",WSH,PHI,2025,3,2,1,1,0,0,0,1,0,0,0,0,0,1
778131,2025-04-29,605137,"Bell, Josh",WSH,PHI,2025,5,5,1,1,0,0,0,0,0,1,0,0,0,1
778131,2025-04-29,642708,"Rosario, Amed",WSH,PHI,2025,2,2,1,1,0,0,0,0,0,0,0,0,0,1
778131,2025-04-29,660688,"Ruiz, Keibert",WSH,PHI,2025,5,5,1,1,0,0,0,0,0,3,0,0,0,1
778131,2025-04-29,663993,"Lowe, Nathaniel",WSH,PHI,2025,5,5,1,0,0,0,1,0,0,1,0,0,3,4
778131,2025-04-29,669743,"Call, Alex",WSH,PHI,2025,1,1,0,0,0,0,0,0,0,1,0,0,0,0
778131,2025-04-29,671277,"García Jr., Luis",WSH,PHI,2025,3,2,1,0,0,0,1,0,1,0,0,0,1,4
778131,2025-04-29,677588,"Tena, José",WSH,PHI,2025,3,3,0,0,0,0,0,0,0,1,0,0,0,0
778131,2025-04-29,682928,"Abrams, CJ",WSH,PHI,2025,5,5,4,2,1,1,0,0,0,0,0,0,1,7
778131,2025-04-29,686611,"Crews, Dylan",WSH,PHI,2025,4,4,0,0,0,0,0,0,0,2,0,0,0,0
778131,2025-04-29,695578,"Wood, James",WSH,PHI,2025,5,4,1,0,1,0,0,1,0,3,0,0,1,2
778131,2025-04-29,696285,"Young, Jacob",WSH,PHI,2025,4,4,1,0,1,0,0,0,0,1,0,0,0,2
778133,2025-04-29,502671,"Goldschmidt, Paul",NYY,BAL,2025,5,5,2,2,0,0,0,0,0,1,0,0,2,2
778133,2025-04-29,592450,"Judge, Aaron",NYY,BAL,2025,5,3,2,1,0,0,1,2,0,0,0,0,1,5
778133,2025-04-29,622569,"Reyes, Pablo",NYY,BAL,2025,1,1,1,1,0,0,0,0,0,0,0,0,1,1
778133,2025-04-29,641355,"Bellinger, Cody",NYY,BAL,2025,6,4,2,0,1,0,1,2,0,0,0,0,3,6
778133,2025-04-29,641555,"Escarra, J.C.",NYY,BAL,2025,1,1,0,0,0,0,0,0,0,1,0,0,0,0
778133,2025-04-29,663757,"Grisham, Trent",NYY,BAL,2025,6,6,1,0,0,0,1,0,0,1,0,0,1,4
778133,2025-04-29,665828,"Cabrera, Oswaldo",NYY,BAL,2025,6,5,2,2,0,0,0,0,1,2,0,0,0,2
778133,2025-04-29,665862,"Chisholm Jr., Jazz",NYY,BAL,2025,1,1,1,0,1,0,0,0,0,0,0,0,0,2
778133,2025-04-29,669224,"Wells, Austin",NYY,BAL,2025,6,6,1,0,0,0,1,0,0,2,0,0,1,4
778133,2025-04-29,672724,"Peraza, Oswald",NYY,BAL,2025,5,5,2,2,0,0,0,0,0,0,0,0,2,2
778133,2025-04-29,683011,"Volpe, Anthony",NYY,BAL,2025,6,6,2,0,2,0,0,0,0,1,0,0,1,4
778133,2025-04-29,700250,"Rice, Ben",NYY,BAL,2025,6,5,3,1,0,0,2,0,1,1,0,0,2,9
778138,2025-04-28,656180,"Adams, Riley",WSH,NYM,2025,2,2,1,0,1,0,0,0,0,1,0,0,0,2
778138,2025-04-28,660688,"Ruiz, Keibert",WSH,NYM,2025,3,3,2,2,0,0,0,0,0,0,0,0,0,2
778138,2025-04-28,663993,"Lowe, Nathaniel",WSH,NYM,2025,5,4,1,0,0,0,1,1,0,1,0,0,1,4
778138,2025-04-28,669743,"Call, Alex",WSH,NYM,2025,4,4,2,2,0,0,0,0,0,0,0,0,2,2
778138,2025-04-28,671277,"García Jr., Luis",WSH,NYM,2025,5,4,0,0,0,0,0,1,0,2,0,0,0,0
778138,2025-04-28,677588,"Tena, José",WSH,NYM,2025,4,3,1,1,0,0,0,1,0,1,0,0,0,1
778138,2025-04-28,682928,"Abrams, CJ",WSH,NYM,2025,4,4,1,1,0,0,0,0,0,0,0,0,0,1
778138,2025-04-28,683083,"Nuñez, Nasim",WSH,NYM,2025,1,1,1,1,0,0,0,0,0,0,0,0,1,1
778138,2025-04-28,686611,"Crews, Dylan",WSH,NYM,2025,5,5,1,1,0,0,0,0,0,2,0,0,0,1
778138,2025-04-28,695578,"Wood, James",WSH,NYM,2025,5,4,1,0,0,0,1,1,0,1,0,0,1,4
778138,2025-04-28,696285,"Young, Jacob",WSH,NYM,2025,4,4,1,1,0,0,0,0,0,1,0,0,0,1
778140,2025-04-28,502671,"Goldschmidt, Paul",NYY,BAL,2025,4,4,1,1,0,0,0,0,0,2,0,0,0,1
778140,2025-04-28,592450,"Judge, Aaron",NYY,BAL,2025,5,5,2,2,0,0,0,0,0,2,0,0,1,2
778140,2025-04-28,641355,"Bellinger, Cody",NYY,BAL,2025,5,4,1,1,0,0,0,1,0,1,0,0,0,1
778140,2025-04-28,663757,"Grisham, Trent",NYY,BAL,2025,5,5,2,2,0,0,0,0,0,1,0,0,0,2
778140,2025-04-28,665828,"Cabrera, Oswaldo",NYY,BAL,2025,2,2,1,1,0,0,0,0,0,0,0,0,0,1
778140,2025-04-28,665862,"Chisholm Jr., Jazz",NYY,BAL,2025,4,3,0,0,0,0,0,0,1,3,0,0,0,0
778140,2025-04-28,669224,"Wells, Austin",NYY,BAL,2025,4,4,1,0,1,0,0,0,0,1,0,0,1,2
778140,2025-04-28,672724,"Peraza, Oswald",NYY,BAL,2025,2,2,0,0,0,0,0,0,0,1,0,0,0,0
778140,2025-04-28,683011,"Volpe, Anthony",NYY,BAL,2025,4,4,1,0,1,0,0,0,0,1,0,0,1,2
778140,2025-04-28,691176,"Domínguez, Jasson",NYY,BAL,2025,4,4,1,1,0,0,0,0,0,3,0,0,0,1
778153,2025-04-27,605137,"Bell, Josh",WSH,NYM,2025,4,4,1,1,0,0,0,0,0,1,0,0,1,1
778153,2025-04-27,656180,"Adams, Riley",WSH,NYM,2025,3,3,1,0,0,0,1,0,0,2,0,0,3,4
778153,2025-04-27,660688,"Ruiz, Keibert",WSH,NYM,2025,1,1,0,0,0,0,0,0,0,0,0,0,0,0
778153,2025-04-27,663993,"Lowe, Nathaniel",WSH,NYM,2025,4,3,0,0,0,0,0,1,0,2,0,0,0,0
778153,2025-04-27,669743,"Call, Alex",WSH,NYM,2025,4,3,2,1,1,0,0,1,0,0,0,0,1,3
778153,2025-04-27,671277,"García Jr., Luis",WSH,NYM,2025,5,5,1,0,1,0,0,0,0,0,0,0,0,2
778153,2025-04-27,677588,"Tena, José",WSH,NYM,2025,4,4,1,1,0,0,0,0,0,1,0,0,0,1
778153,2025-04-27,682928,"Abrams, CJ",WSH,NYM,2025,5,5,1,1,0,0,0,0,0,3,0,0,1,1
778153,2025-04-27,686611,"Crews, Dylan",WSH,NYM,2025,4,3,1,0,0,0,1,0,1,2,0,0,1,4
778153,2025-04-27,695578,"Wood, James",WSH,NYM,2025,5,4,1,0,1,0,0,1,0,0,0,0,0,2
778156,2025-04-27,502671,"Goldschmidt, Paul",NYY,TOR,2025,5,4,2,1,1,0,0,1,0,1,0,0,1,3
778156,2025-04-27,592450,"Judge, Aaron",NYY,TOR,2025,4,4,2,2,0,0,0,0,0,1,0,0,0,2
778156,2025-04-27,622569,"Reyes, Pablo",NYY,TOR,2025,1,1,0,0,0,0,0,0,0,1,0,0,0,0
778156,2025-04-27,641355,"Bellinger, Cody",NYY,TOR,2025,5,3,1,0,1,0,0,1,0,0,0,0,1,2
778156,2025-04-27,665828,"Cabrera, Oswaldo",NYY,TOR,2025,4,3,2,1,1,0,0,1,0,0,0,0,2,3
778156,2025-04-27,665862,"Chisholm Jr., Jazz",NYY,TOR,2025,5,4,1,1,0,0,0,1,0,1,0,0,2,1
778156,2025-04-27,669224,"Wells, Austin",NYY,TOR,2025,5,5,2,0,2,0,0,0,0,1,0,0,3,4
778156,2025-04-27,672724,"Peraza, Oswald",NYY,TOR,2025,1,1,0,0,0,0,0,0,0,1,0,0,0,0
778156,2025-04-27,683011,"Volpe, Anthony",NYY,TOR,2025,4,3,2,0,1,0,1,1,0,1,0,0,2,6
778156,2025-04-27,691176,"Domínguez, Jasson",NYY,TOR,2025,5,3,0,0,0,0,0,2,0,1,0,0,0,0
778156,2025-04-27,700250,"Rice, Ben",NYY,TOR,2025,5,4,0,0,0,0,0,1,0,2,0,0,0,0
778170,2025-04-27,502671,"Goldschmidt, Paul",NYY,TOR,2025,1,1,0,0,0,0,0,0,0,0,0,0,0,0
778170,2025-04-27,592450,"Judge, Aaron",NYY,TOR,2025,4,4,1,0,0,0,1,0,0,0,0,0,1,4
778170,2025-04-27,641355,"Bellinger, Cody",NYY,TOR,2025,4,4,0,0,0,0,0,0,0,1,0,0,0,0
778170,2025-04-27,641555,"Escarra, J.C.",NYY,TOR,2025,4,4,2,1,0,0,1,0,0,0,0,0,2,5
778170,2025-04-27,663757,"Grisham, Trent",NYY,TOR,2025,4,2,1,0,0,0,1,2,0,0,0,0,1,4
778170,2025-04-27,665828,"Cabrera, Oswaldo",NYY,TOR,2025,4,4,0,0,0,0,0,0,0,1,0,0,0,0
778170,2025-04-27,665862,"Chisholm Jr., Jazz",NYY,TOR,2025,4,4,1,1,0,0,0,0,0,2,0,0,0,1
778170,2025-04-27,683011,"Volpe, Anthony",NYY,TOR,2025,4,4,2,2,0,0,0,0,0,1,0,0,0,2
778170,2025-04-27,691176,"Domínguez, Jasson",NYY,TOR,2025,4,4,2,1,1,0,0,0,0,0,0,0,1,3
778170,2025-04-27,700250,"Rice, Ben",NYY,TOR,2025,3,3,0,0,0,0,0,0,0,2,0,0,0,0
778173,2025-04-26,605137,"Bell, Josh",WSH,NYM,2025,4,4,0,0,0,0,0,0,0,2,0,0,0,0
778173,2025-04-26,660688,"Ruiz, Keibert",WSH,NYM,2025,4,3,0,0,0,0,0,1,0,0,0,0,0,0
778173,2025-04-26,663993,"Lowe, Nathaniel",WSH,NYM,2025,4,4,0,0,0,0,0,0,0,2,0,0,0,0
778173,2025-04-26,671277,"García Jr., Luis",WSH,NYM,2025,4,4,2,2,0,0,0,0,0,1,0,0,0,2
778173,2025-04-26,677588,"Tena, José",WSH,NYM,2025,4,4,1,1,0,0,0,0,0,1,0,0,0,1
778173,2025-04-26,682928,"Abrams, CJ",WSH,NYM,2025,4,4,1,1,0,0,0,0,0,1,0,0,0,1
778173,2025-04-26,686611,"Crews, Dylan",WSH,NYM,2025,4,4,2,2,0,0,0,0,0,1,0,0,0,2
778173,2025-04-26,695578,"Wood, James",WSH,NYM,2025,4,3,1,1,0,0,0,1,0,1,0,0,0,1
778173,2025-04-26,696285,"Young, Jacob",WSH,NYM,2025,3,3,0,0,0,0,0,0,0,1,0,0,0,0
778183,2025-04-25,605137,"Bell, Josh",WSH,NYM,2025,4,4,0,0,0,0,0,0,0,2,0,0,0,0
778183,2025-04-25,660688,"Ruiz, Keibert",WSH,NYM,2025,4,3,0,0,0,0,0,1,0,1,0,0,0,0
778183,2025-04-25,663993,"Lowe, Nathaniel",WSH,NYM,2025,4,4,0,0,0,0,0,0,0,1,0,0,0,0
778183,2025-04-25,671277,"García Jr., Luis",WSH,NYM,2025,4,3,2,2,0,0,0,1,0,0,0,0,0,2
778183,2025-04-25,677588,"Tena, José",WSH,NYM,2025,4,4,3,3,0,0,0,0,0,0,0,0,2,3
778183,2025-04-25,682928,"Abrams, CJ",WSH,NYM,2025,5,5,2,1,0,1,0,0,0,0,0,0,2,4
778183,2025-04-25,686611,"Crews, Dylan",WSH,NYM,2025,4,4,3,2,0,1,0,0,0,1,0,0,0,5
778183,2025-04-25,695578,"Wood, James",WSH,NYM,2025,5,5,2,2,0,0,0,0,0,2,0,0,1,2
778183,2025-04-25,696285,"Young, Jacob",WSH,NYM,2025,4,4,1,1,0,0,0,0,0,0,0,0,0,1
778185,2025-04-25,502671,"Goldschmidt, Paul",NYY,TOR,2025,5,5,0,0,0,0,0,0,0,0,0,0,0,0
778185,2025-04-25,592450,"Judge, Aaron",NYY,TOR,2025,5,4,1,1,0,0,0,1,0,2,0,0,0,1
778185,2025-04-25,641355,"Bellinger, Cody",NYY,TOR,2025,4,3,2,1,1,0,0,1,0,1,0,0,0,3
778185,2025-04-25,663757,"Grisham, Trent",NYY,TOR,2025,5,5,0,0,0,0,0,0,0,2,0,0,0,0
778185,2025-04-25,665828,"Cabrera, Oswaldo",NYY,TOR,2025,4,4,2,2,0,0,0,0,0,0,0,0,1,2
778185,2025-04-25,665862,"Chisholm Jr., Jazz",NYY,TOR,2025,4,2,1,1,0,0,0,2,0,0,0,0,0,1
778185,2025-04-25,669224,"Wells, Austin",NYY,TOR,2025,4,3,2,2,0,0,0,0,0,0,0,0,1,2
778185,2025-04-25,683011,"Volpe, Anthony",NYY,TOR,2025,4,4,1,0,1,0,0,0,1,0,0,0,0,2
778185,2025-04-25,700250,"Rice, Ben",NYY,TOR,2025,5,5,1,0,1,0,0,0,0,1,0,0,0,2
778193,2025-04-24,605137,"Bell, Josh",WSH,BAL,2025,3,3,1,1,0,0,0,0,0,1,0,0,1,1
778193,2025-04-24,642708,"Rosario, Amed",WSH,BAL,2025,4,4,1,0,1,0,0,0,0,0,0,0,0,2
778193,2025-04-24,660688,"Ruiz, Keibert",WSH,BAL,2025,4,4,1,1,0,0,0,0,0,0,0,0,0,1
778193,2025-04-24,663993,"Lowe, Nathaniel",WSH,BAL,2025,4,4,0,0,0,0,0,0,0,1,0,0,0,0
778193,2025-04-24,669743,"Call, Alex",WSH,BAL,2025,4,4,1,1,0,0,0,0,0,0,0,0,0,1
778193,2025-04-24,671277,"García Jr., Luis",WSH,BAL,2025,3,3,1,1,0,0,0,0,0,0,0,0,0,1
778193,2025-04-24,682928,"Abrams, CJ",WSH,BAL,2025,4,4,0,0,0,0,0,0,0,1,0,0,0,0
778193,2025-04-24,686611,"Crews, Dylan",WSH,BAL,2025,3,3,0,0,0,0,0,0,0,1,0,0,0,0
778193,2025-04-24,695578,"Wood, James",WSH,BAL,2025,4,3,0,0,0,0,0,1,0,2,0,0,0,0
778204,2025-04-23,605137,"Bell, Josh",WSH,BAL,2025,3,3,1,0,0,0,1,0,0,0,0,0,2,4
778204,2025-04-23,660688,"Ruiz, Keibert",WSH,BAL,2025,4,4,1,1,0,0,0,0,0,0,0,0,0,1
778204,2025-04-23,663993,"Lowe, Nathaniel",WSH,BAL,2025,4,4,1,1,0,0,0,0,0,0,0,0,0,1
778204,2025-04-23,669743,"Call, Alex",WSH,BAL,2025,1,1,1,1,0,0,0,0,0,0,0,0,0,1
778204,2025-04-23,671277,"García Jr., Luis",WSH,BAL,2025,4,3,0,0,0,0,0,0,0,0,0,0,1,0
778204,2025-04-23,677588,"Tena, José",WSH,BAL,2025,3,3,0,0,0,0,0,0,0,0,0,0,0,0
778204,2025-04-23,683083,"Nuñez, Nasim",WSH,BAL,2025,2,2,0,0,0,0,0,0,0,0,0,0,0,0
778204,2025-04-23,686611,"Crews, Dylan",WSH,BAL,2025,3,3,1,1,0,0,0,0,0,0,0,0,0,1
778204,2025-04-23,695578,"Wood, James",WSH,BAL,2025,4,3,1,0,0,0,1,1,0,1,0,0,1,4
778204,2025-04-23,696285,"Young, Jacob",WSH,BAL,2025,3,3,0,0,0,0,0,0,0,0,0,0,0,0
778206,2025-04-23,502671,"Goldschmidt, Paul",NYY,CLE,2025,5,5,3,1,2,0,0,0,0,2,0,0,2,5
778206,2025-04-23,592450,"Judge, Aaron",NYY,CLE,2025,5,4,2,1,0,1,0,1,0,1,0,0,1,4
778206,2025-04-23,641355,"Bellinger, Cody",NYY,CLE,2025,5,4,1,1,0,0,0,1,0,0,0,0,0,1
778206,2025-04-23,665828,"Cabrera, Oswaldo",NYY,CLE,2025,5,4,0,0,0,0,0,1,0,1,0,0,0,0
778206,2025-04-23,665862,"Chisholm Jr., Jazz",NYY,CLE,2025,5,3,1,1,0,0,0,2,0,2,0,0,0,1
778206,2025-04-23,669224,"Wells, Austin",NYY,CLE,2025,5,5,1,0,1,0,0,0,0,2,0,0,1,2
778206,2025-04-23,683011,"Volpe, Anthony",NYY,CLE,2025,5,5,0,0,0,0,0,0,0,4,0,0,0,0
778206,2025-04-23,691176,"Domínguez, Jasson",NYY,CLE,2025,5,4,2,1,1,0,0,1,0,1,0,0,0,3
778206,2025-04-23,700250,"Rice, Ben",NYY,CLE,2025,5,3,1,1,0,0,0,2,0,1,0,0,1,1
778218,2025-04-22,502671,"Goldschmidt, Paul",NYY,CLE,2025,4,3,1,1,0,0,0,1,0,1,0,0,0,1
778218,2025-04-22,592450,"Judge, Aaron",NYY,CLE,2025,4,4,4,3,1,0,0,0,0,0,0,0,0,5
778218,2025-04-22,622569,"Reyes, Pablo",NYY,CLE,2025,1,1,0,0,0,0,0,0,0,1,0,0,0,0
778218,2025-04-22,641355,"Bellinger, Cody",NYY,CLE,2025,4,4,0,0,0,0,0,0,0,2,0,0,0,0
778218,2025-04-22,641555,"Escarra, J.C.",NYY,CLE,2025,2,2,0,0,0,0,0,0,0,0,0,0,0,0
778218,2025-04-22,665828,"Cabrera, Oswaldo",NYY,CLE,2025,4,4,0,0,0,0,0,0,0,1,0,0,0,0
778218,2025-04-22,665862,"Chisholm Jr., Jazz",NYY,CLE,2025,4,1,0,0,0,0,0,2,0,0,0,0,1,0
778218,2025-04-22,669224,"Wells, Austin",NYY,CLE,2025,1,1,0,0,0,0,0,0,0,0,0,0,0,0
778218,2025-04-22,683011,"Volpe, Anthony",NYY,CLE,2025,4,3,0,0,0,0,0,1,0,1,0,0,0,0
778218,2025-04-22,691176,"Domínguez, Jasson",NYY,CLE,2025,4,4,0,0,0,0,0,0,0,2,0,0,0,0
778218,2025-04-22,700250,"Rice, Ben",NYY,CLE,2025,4,4,1,0,0,0,1,0,0,1,0,0,1,4
778222,2025-04-22,605137,"Bell, Josh",WSH,BAL,2025,4,4,0,0,0,0,0,0,0,0,0,0,0,0
778222,2025-04-22,660688,"Ruiz, Keibert",WSH,BAL,2025,4,4,3,1,2,0,0,0,0,0,0,0,2,5
778222,2025-04-22,663993,"Lowe, Nathaniel",WSH,BAL,2025,4,4,1,0,0,0,1,0,0,3,0,0,2,4
778222,2025-04-22,671277,"García Jr., Luis",WSH,BAL,2025,4,4,2,2,0,0,0,0,0,0,0,0,1,2
778222,2025-04-22,677588,"Tena, José",WSH,BAL,2025,4,4,3,0,2,1,0,0,0,0,0,0,0,7
778222,2025-04-22,683083,"Nuñez, Nasim",WSH,BAL,2025,4,4,0,0,0,0,0,0,0,2,0,0,0,0
778222,2025-04-22,686611,"Crews, Dylan",WSH,BAL,2025,4,4,1,0,0,0,1,0,0,1,0,0,1,4
778222,2025-04-22,695578,"Wood, James",WSH,BAL,2025,5,5,3,1,2,0,0,0,0,1,0,0,0,5
778222,2025-04-22,696285,"Young, Jacob",WSH,BAL,2025,4,4,1,0,1,0,0,0,0,0,0,0,0,2
778227,2025-04-21,502671,"Goldschmidt, Paul",NYY,CLE,2025,4,3,2,2,0,0,0,1,0,1,0,0,0,2
778227,2025-04-21,592450,"Judge, Aaron",NYY,CLE,2025,5,4,1,0,1,0,0,1,0,2,0,0,0,2
778227,2025-04-21,622569,"Reyes, Pablo",NYY,CLE,2025,3,3,1,1,0,0,0,0,0,2,0,0,0,1
778227,2025-04-21,641355,"Bellinger, Cody",NYY,CLE,2025,4,4,1,1,0,0,0,0,0,0,0,0,0,1
778227,2025-04-21,665828,"Cabrera, Oswaldo",NYY,CLE,2025,4,4,2,2,0,0,0,0,0,1,0,0,0,2
778227,2025-04-21,665862,"Chisholm Jr., Jazz",NYY,CLE,2025,4,4,1,0,0,0,1,0,0,2,0,0,2,4
778227,2025-04-21,669224,"Wells, Austin",NYY,CLE,2025,5,5,0,0,0,0,0,0,0,1,0,0,0,0
778227,2025-04-21,683011,"Volpe, Anthony",NYY,CLE,2025,4,3,1,1,0,0,0,1,0,0,0,0,0,1
778227,2025-04-21,691176,"Domínguez, Jasson",NYY,CLE,2025,4,4,1,0,0,0,1,0,0,3,0,0,2,4
778227,2025-04-21,700250,"Rice, Ben",NYY,CLE,2025,1,1,0,0,0,0,0,0,0,0,0,0,0,0
778235,2025-04-20,605137,"Bell, Josh",WSH,COL,2025,4,2,0,0,0,0,0,2,0,0,0,0,0,0
778235,2025-04-20,642708,"Rosario, Amed",WSH,COL,2025,4,4,0,0,0,0,0,0,0,1,0,0,0,0
778235,2025-04-20,656180,"Adams, Riley",WSH,COL,2025,4,4,1,1,0,0,0,0,0,2,0,0,0,1
778235,2025-04-20,663993,"Lowe, Nathaniel",WSH,COL,2025,4,4,1,1,0,0,0,1,0,1,0,0,0,1
778235,2025-04-20,683083,"Nuñez, Nasim",WSH,COL,2025,4,4,0,0,0,0,0,0,0,0,0,0,2,0
778235,2025-04-20,686611,"Crews, Dylan",WSH,COL,2025,4,4,1,1,0,0,0,0,0,0,0,0,0,1
778235,2025-04-20,695578,"Wood, James",WSH,COL,2025,4,4,0,0,0,0,0,0,0,0,0,0,0,0
778235,2025-04-20,696285,"Young, Jacob",WSH,COL,2025,4,3,1,1,0,0,0,1,0,0,0,0,0,1
778235,2025-04-20,702358,"Lipscomb, Trey",WSH,COL,2025,4,4,2,2,0,0,0,0,0,1,0,0,0,2
778240,2025-04-20,502671,"Goldschmidt, Paul",NYY,TB,2025,4,4,1,1,0,0,0,0,0,2,0,0,0,1
778240,2025-04-20,592450,"Judge, Aaron",NYY,TB,2025,4,4,1,1,0,0,0,0,0,2,0,0,0,1
778240,2025-04-20,641355,"Bellinger, Cody",NYY,TB,2025,4,4,1,0,0,0,1,0,0,0,0,0,2,4
778240,2025-04-20,663757,"Grisham, Trent",NYY,TB,2025,4,4,1,0,0,0,1,0,0,3,0,0,1,4
778240,2025-04-20,665828,"Cabrera, Oswaldo",NYY,TB,2025,4,4,1,0,1,0,0,0,0,2,0,0,0,2
778240,2025-04-20,665862,"Chisholm Jr., Jazz",NYY,TB,2025,4,4,0,0,0,0,0,0,0,0,0,0,0,0
778240,2025-04-20,669224,"Wells, Austin",NYY,TB,2025,4,3,1,0,0,0,1,1,0,0,0,0,1,4
778240,2025-04-20,683011,"Volpe, Anthony",NYY,TB,2025,4,4,2,1,1,0,0,0,0,0,0,0,0,3
778240,2025-04-20,691176,"Domínguez, Jasson",NYY,TB,2025,4,4,1,1,0,0,0,0,0,1,0,0,0,1
778247,2025-04-19,605137,"Bell, Josh",WSH,COL,2025,5,5,1,0,0,0,1,0,0,1,0,0,1,4
778247,2025-04-19,660688,"Ruiz, Keibert",WSH,COL,2025,5,5,1,1,0,0,0,0,0,1,0,0,0,1
778247,2025-04-19,663993,"Lowe, Nathaniel",WSH,COL,2025,5,4,0,0,0,0,0,1,0,2,0,0,0,0
778247,2025-04-19,671277,"García Jr., Luis",WSH,COL,2025,5,2,2,2,0,0,0,3,0,0,0,0,0,2
778247,2025-04-19,677588,"Tena, José",WSH,COL,2025,5,5,2,2,0,0,0,0,0,2,0,0,3,2
778247,2025-04-19,683083,"Nuñez, Nasim",WSH,COL,2025,5,4,0,0,0,0,0,1,0,3,0,0,0,0
778247,2025-04-19,686611,"Crews, Dylan",WSH,COL,2025,5,5,3,0,1,0,2,0,0,0,0,0,4,10
778247,2025-04-19,695578,"Wood, James",WSH,COL,2025,5,5,3,2,0,0,1,0,0,0,0,0,4,6
778247,2025-04-19,696285,"Young, Jacob",WSH,COL,2025,5,4,0,0,0,0,0,0,0,1,0,0,0,0
778255,2025-04-19,502671,"Goldschmidt, Paul",NYY,TB,2025,5,4,1,1,0,0,0,1,0,1,0,0,1,1
778255,2025-04-19,592450,"Judge, Aaron",NYY,TB,2025,5,5,3,3,0,0,0,0,0,1,0,0,3,3
778255,2025-04-19,622569,"Reyes, Pablo",NYY,TB,2025,2,2,1,1,0,0,0,0,0,0,0,0,0,1
778255,2025-04-19,641355,"Bellinger, Cody",NYY,TB,2025,1,1,0,0,0,0,0,0,0,1,0,0,0,0
778255,2025-04-19,641555,"Escarra, J.C.",NYY,TB,2025,1,1,0,0,0,0,0,0,0,0,0,0,0,0
778255,2025-04-19,663757,"Grisham, Trent",NYY,TB,2025,5,4,2,1,0,0,1,1,0,0,0,0,1,5
778255,2025-04-19,665828,"Cabrera, Oswaldo",NYY,TB,2025,5,3,0,0,0,0,0,2,0,2,0,0,0,0
778255,2025-04-19,665862,"Chisholm Jr., Jazz",NYY,TB,2025,5,4,1,1,0,0,0,1,0,1,0,0,1,1
778255,2025-04-19,669224,"Wells, Austin",NYY,TB,2025,5,3,1,1,0,0,0,1,0,2,0,0,1,1
778255,2025-04-19,683011,"Volpe, Anthony",NYY,TB,2025,5,5,1,1,0,0,0,0,0,2,0,0,0,1
778255,2025-04-19,691176,"Domínguez, Jasson",NYY,TB,2025,4,3,0,0,0,0,0,1,0,1,0,0,0,0
778255,2025-04-19,700250,"Rice, Ben",NYY,TB,2025,3,1,0,0,0,0,0,0,2,1,0,0,0,0
778266,2025-04-20,605137,"Bell, Josh",WSH,COL,2025,4,4,1,1,0,0,0,0,0,0,0,0,0,1
778266,2025-04-20,660688,"Ruiz, Keibert",WSH,COL,2025,4,4,1,1,0,0,0,0,0,0,0,0,0,1
778266,2025-04-20,663993,"Lowe, Nathaniel",WSH,COL,2025,4,4,3,3,0,0,0,0,0,0,0,0,1,3
778266,2025-04-20,669743,"Call, Alex",WSH,COL,2025,1,1,0,0,0,0,0,0,0,1,0,0,0,0
778266,2025-04-20,671277,"García Jr., Luis",WSH,COL,2025,4,4,1,1,0,0,0,0,0,1,0,0,0,1
778266,2025-04-20,677588,"Tena, José",WSH,COL,2025,4,4,0,0,0,0,0,0,0,2,0,0,0,0
778266,2025-04-20,683083,"Nuñez, Nasim",WSH,COL,2025,4,2,0,0,0,0,0,1,0,1,0,0,0,0
778266,2025-04-20,686611,"Crews, Dylan",WSH,COL,2025,4,4,1,1,0,0,0,0,0,0,0,0,0,1
778266,2025-04-20,695578,"Wood, James",WSH,COL,2025,4,3,0,0,0,0,0,1,0,1,0,0,0,0
778266,2025-04-20,696285,"Young, Jacob",WSH,COL,2025,3,3,1,1,0,0,0,0,0,2,0,0,0,1
778272,2025-04-18,502671,"Goldschmidt, Paul",NYY,TB,2025,4,4,3,3,0,0,0,0,0,1,0,0,0,3
778272,2025-04-18,592450,"Judge, Aaron",NYY,TB,2025,4,3,0,0,0,0,0,1,0,0,0,0,0,0
778272,2025-04-18,641355,"Bellinger, Cody",NYY,TB,2025,4,4,0,0,0,0,0,1,0,0,0,0,0,0
778272,2025-04-18,641555,"Escarra, J.C.",NYY,TB,2025,4,2,0,0,0,0,0,2,0,1,0,0,0,0
778272,2025-04-18,663757,"Grisham, Trent",NYY,TB,2025,3,3,1,1,0,0,0,0,0,0,0,0,1,1
778272,2025-04-18,665828,"Cabrera, Oswaldo",NYY,TB,2025,3,3,1,1,0,0,0,0,0,1,0,0,0,1
778272,2025-04-18,665862,"Chisholm Jr., Jazz",NYY,TB,2025,4,4,0,0,0,0,0,0,0,2,0,0,0,0
778272,2025-04-18,683011,"Volpe, Anthony",NYY,TB,2025,4,4,0,0,0,0,0,0,0,3,0,0,0,0
778272,2025-04-18,700250,"Rice, Ben",NYY,TB,2025,4,4,0,0,0,0,0,0,0,2,0,0,0,0
778280,2025-04-17,642708,"Rosario, Amed",WSH,PIT,2025,4,4,1,1,0,0,0,0,0,0,0,0,0,1
778280,2025-04-17,656180,"Adams, Riley",WSH,PIT,2025,3,3,0,0,0,0,0,0,0,1,0,0,0,0
778280,2025-04-17,663993,"Lowe, Nathaniel",WSH,PIT,2025,4,4,2,1,1,0,0,0,0,0,0,0,0,3
778280,2025-04-17,669743,"Call, Alex",WSH,PIT,2025,4,3,1,1,0,0,0,0,0,1,0,0,0,1
778280,2025-04-17,671277,"García Jr., Luis",WSH,PIT,2025,4,4,0,0,0,0,0,0,0,1,0,0,0,0
778280,2025-04-17,683083,"Nuñez, Nasim",WSH,PIT,2025,3,2,0,0,0,0,0,1,0,0,0,0,0,0
778280,2025-04-17,686611,"Crews, Dylan",WSH,PIT,2025,4,4,1,1,0,0,0,0,0,0,0,0,0,1
778280,2025-04-17,695578,"Wood, James",WSH,PIT,2025,4,4,0,0,0,0,0,0,0,2,0,0,0,0
778280,2025-04-17,696285,"Young, Jacob",WSH,PIT,2025,3,2,0,0,0,0,0,1,0,0,0,0,0,0
778282,2025-04-17,502671,"Goldschmidt, Paul",NYY,TB,2025,5,5,2,2,0,0,0,0,0,0,0,0,0,2
778282,2025-04-17,592450,"Judge, Aaron",NYY,TB,2025,5,4,1,1,0,0,0,1,0,0,0,0,1,1
778282,2025-04-17,641355,"Bellinger, Cody",NYY,TB,2025,5,5,1,1,0,0,0,0,0,0,0,0,1,1
778282,2025-04-17,641555,"Escarra, J.C.",NYY,TB,2025,4,4,1,1,0,0,0,0,0,1,0,0,0,1
778282,2025-04-17,665828,"Cabrera, Oswaldo",NYY,TB,2025,4,3,2,1,0,0,1,1,0,0,0,0,1,5
778282,2025-04-17,665862,"Chisholm Jr., Jazz",NYY,TB,2025,4,3,0,0,0,0,0,1,0,1,0,0,0,0
778282,2025-04-17,683011,"Volpe, Anthony",NYY,TB,2025,4,3,0,0,0,0,0,1,0,1,0,0,0,0
778282,2025-04-17,691176,"Domínguez, Jasson",NYY,TB,2025,4,4,0,0,0,0,0,0,0,2,0,0,1,0
778282,2025-04-17,700250,"Rice, Ben",NYY,TB,2025,5,5,4,3,1,0,0,0,0,0,0,0,2,5
778293,2025-04-16,605137,"Bell, Josh",WSH,PIT,2025,3,3,0,0,0,0,0,0,0,0,0,0,0,0
778293,2025-04-16,642708,"Rosario, Amed",WSH,PIT,2025,3,3,0,0,0,0,0,0,0,0,0,0,0,0
778293,2025-04-16,660688,"Ruiz, Keibert",WSH,PIT,2025,3,3,0,0,0,0,0,0,0,1,0,0,0,0
778293,2025-04-16,663993,"Lowe, Nathaniel",WSH,PIT,2025,3,3,1,1,0,0,0,0,0,1,0,0,0,1
778293,2025-04-16,669743,"Call, Alex",WSH,PIT,2025,4,3,0,0,0,0,0,0,0,0,0,0,1,0
778293,2025-04-16,671277,"García Jr., Luis",WSH,PIT,2025,3,1,0,0,0,0,0,2,0,0,0,0,0,0
778293,2025-04-16,683083,"Nuñez, Nasim",WSH,PIT,2025,3,3,0,0,0,0,0,0,0,0,0,0,0,0
778293,2025-04-16,686611,"Crews, Dylan",WSH,PIT,2025,3,3,1,1,0,0,0,0,0,0,0,0,0,1
778293,2025-04-16,695578,"Wood, James",WSH,PIT,2025,4,4,1,1,0,0,0,0,0,1,0,0,0,1
778300,2025-04-16,502671,"Goldschmidt, Paul",NYY,KC,2025,4,3,1,1,0,0,0,1,0,0,0,0,0,1
778300,2025-04-16,592450,"Judge, Aaron",NYY,KC,2025,4,3,3,1,1,0,1,1,0,0,0,0,1,7
778300,2025-04-16,641355,"Bellinger, Cody",NYY,KC,2025,4,4,1,0,1,0,0,0,0,1,0,0,1,2
778300,2025-04-16,663757,"Grisham, Trent",NYY,KC,2025,4,4,0,0,0,0,0,0,0,1,0,0,0,0
778300,2025-04-16,665862,"Chisholm Jr., Jazz",NYY,KC,2025,4,2,1,1,0,0,0,1,1,0,0,0,0,1
778300,2025-04-16,669224,"Wells, Austin",NYY,KC,2025,4,4,0,0,0,0,0,0,0,1,0,0,0,0
778300,2025-04-16,672724,"Peraza, Oswald",NYY,KC,2025,4,4,1,1,0,0,0,0,0,1,0,0,0,1
778300,2025-04-16,683011,"Volpe, Anthony",NYY,KC,2025,4,4,1,0,1,0,0,0,0,2,0,0,2,2
778300,2025-04-16,691176,"Domínguez, Jasson",NYY,KC,2025,4,3,0,0,0,0,0,1,0,3,0,0,0,0
778312,2025-04-15,502671,"Goldschmidt, Paul",NYY,KC,2025,4,3,0,0,0,0,0,0,0,1,0,0,0,0
778312,2025-04-15,592450,"Judge, Aaron",NYY,KC,2025,4,3,2,2,0,0,0,1,0,0,0,0,0,2
778312,2025-04-15,641355,"Bellinger, Cody",NYY,KC,2025,4,3,0,0,0,0,0,1,0,1,0,0,0,0
778312,2025-04-15,663757,"Grisham, Trent",NYY,KC,2025,1,0,0,0,0,0,0,1,0,0,0,0,0,0
778312,2025-04-15,665862,"Chisholm Jr., Jazz",NYY,KC,2025,4,3,0,0,0,0,0,1,0,1,0,0,0,0
778312,2025-04-15,669224,"Wells, Austin",NYY,KC,2025,4,3,0,0,0,0,0,1,0,2,0,0,1,0
778312,2025-04-15,672724,"Peraza, Oswald",NYY,KC,2025,4,4,0,0,0,0,0,0,0,2,0,0,0,0
778312,2025-04-15,683011,"Volpe, Anthony",NYY,KC,2025,4,3,1,1,0,0,0,1,0,1,0,0,0,1
778312,2025-04-15,691176,"Domínguez, Jasson",NYY,KC,2025,3,3,3,2,1,0,0,0,0,0,0,0,3,4
778312,2025-04-15,700250,"Rice, Ben",NYY,KC,2025,5,5,0,0,0,0,0,0,0,1,0,0,0,0
778314,2025-04-15,605137,"Bell, Josh",WSH,PIT,2025,5,5,0,0,0,0,0,0,0,1,0,0,0,0
778314,2025-04-15,642708,"Rosario, Amed",WSH,PIT,2025,1,1,0,0,0,0,0,0,0,0,0,0,0,0
778314,2025-04-15,657557,"DeJong, Paul",WSH,PIT,2025,3,2,0,0,0,0,0,0,1,1,0,0,0,0
778314,2025-04-15,660688,"Ruiz, Keibert",WSH,PIT,2025,5,5,0,0,0,0,0,0,0,1,0,0,0,0
778314,2025-04-15,663993,"Lowe, Nathaniel",WSH,PIT,2025,5,4,2,2,0,0,0,1,0,0,0,0,0,2
778314,2025-04-15,671277,"García Jr., Luis",WSH,PIT,2025,4,4,1,0,1,0,0,0,0,0,0,0,0,2
778314,2025-04-15,683083,"Nuñez, Nasim",WSH,PIT,2025,4,4,2,2,0,0,0,0,0,0,0,0,2,2
778314,2025-04-15,686611,"Crews, Dylan",WSH,PIT,2025,4,3,1,1,0,0,0,1,0,0,0,0,0,1
778314,2025-04-15,695578,"Wood, James",WSH,PIT,2025,5,5,1,0,0,0,1,0,0,0,0,0,1,4
778314,2025-04-15,696285,"Young, Jacob",WSH,PIT,2025,4,3,1,1,0,0,0,1,0,1,0,0,0,1
778321,2025-04-14,605137,"Bell, Josh",WSH,PIT,2025,4,4,0,0,0,0,0,0,0,1,0,0,0,0
778321,2025-04-14,657557,"DeJong, Paul",WSH,PIT,2025,4,4,2,2,0,0,0,0,0,1,0,0,0,2
778321,2025-04-14,660688,"Ruiz, Keibert",WSH,PIT,2025,4,4,1,1,0,0,0,0,0,1,0,0,1,1
778321,2025-04-14,663993,"Lowe, Nathaniel",WSH,PIT,2025,4,4,1,1,0,0,0,0,0,1,0,0,1,1
778321,2025-04-14,669743,"Call, Alex",WSH,PIT,2025,4,4,0,0,0,0,0,0,0,0,0,0,0,0
778321,2025-04-14,671277,"García Jr., Luis",WSH,PIT,2025,4,4,0,0,0,0,0,0,0,0,0,0,0,0
778321,2025-04-14,683083,"Nuñez, Nasim",WSH,PIT,2025,3,3,2,1,1,0,0,0,0,1,0,0,0,3
778321,2025-04-14,686611,"Crews, Dylan",WSH,PIT,2025,4,4,0,0,0,0,0,0,0,1,0,0,0,0
778321,2025-04-14,695578,"Wood, James",WSH,PIT,2025,4,3,0,0,0,0,0,0,1,1,0,0,1,0
778327,2025-04-14,502671,"Goldschmidt, Paul",NYY,KC,2025,4,4,2,1,1,0,0,0,0,1,0,0,0,3
778327,2025-04-14,592450,"Judge, Aaron",NYY,KC,2025,4,4,2,2,0,0,0,0,0,2,0,0,0,2
778327,2025-04-14,641355,"Bellinger, Cody",NYY,KC,2025,1,1,0,0,0,0,0,0,0,1,0,0,0,0
778327,2025-04-14,663757,"Grisham, Trent",NYY,KC,2025,3,3,1,0,0,0,1,0,0,0,0,0,1,4
778327,2025-04-14,665828,"Cabrera, Oswaldo",NYY,KC,2025,3,3,1,1,0,0,0,0,0,0,0,0,0,1
778327,2025-04-14,665862,"Chisholm Jr., Jazz",NYY,KC,2025,4,4,1,0,0,0,1,0,0,0,0,0,1,4
778327,2025-04-14,669224,"Wells, Austin",NYY,KC,2025,4,4,1,0,0,0,1,0,0,1,0,0,1,4
778327,2025-04-14,683011,"Volpe, Anthony",NYY,KC,2025,4,4,0,0,0,0,0,0,0,0,0,0,0,0
778327,2025-04-14,691176,"Domínguez, Jasson",NYY,KC,2025,3,2,0,0,0,0,0,1,0,1,0,0,0,0
778327,2025-04-14,700250,"Rice, Ben",NYY,KC,2025,4,3,1,0,0,0,1,1,0,0,0,0,1,4
778337,2025-04-13,605137,"Bell, Josh",WSH,MIA,2025,5,4,0,0,0,0,0,1,0,3,0,0,0,0
778337,2025-04-13,642708,"Rosario, Amed",WSH,MIA,2025,4,3,1,1,0,0,0,1,0,0,0,0,0,1
778337,2025-04-13,657557,"DeJong, Paul",WSH,MIA,2025,4,4,1,1,0,0,0,0,0,0,0,0,1,1
778337,2025-04-13,660688,"Ruiz, Keibert",WSH,MIA,2025,5,5,2,2,0,0,0,0,0,0,0,0,0,2
778337,2025-04-13,663993,"Lowe, Nathaniel",WSH,MIA,2025,5,4,1,1,0,0,0,1,0,1,0,0,1,1
778337,2025-04-13,669743,"Call, Alex",WSH,MIA,2025,5,4,1,1,0,0,0,1,0,0,0,0,1,1
778337,2025-04-13,671277,"García Jr., Luis",WSH,MIA,2025,4,4,2,2,0,0,0,0,0,0,0,0,0,2
778337,2025-04-13,695578,"Wood, James",WSH,MIA,2025,5,2,0,0,0,0,0,3,0,1,0,0,0,0
778337,2025-04-13,696285,"Young, Jacob",WSH,MIA,2025,4,3,2,2,0,0,0,1,0,0,0,0,1,2
778339,2025-04-13,502671,"Goldschmidt, Paul",NYY,SF,2025,4,3,1,1,0,0,0,1,0,1,0,0,1,1
778339,2025-04-13,592450,"Judge, Aaron",NYY,SF,2025,5,3,1,0,1,0,0,1,1,1,0,0,0,2
778339,2025-04-13,641355,"Bellinger, Cody",NYY,SF,2025,4,4,0,0,0,0,0,0,0,1,0,0,0,0
778339,2025-04-13,641555,"Escarra, J.C.",NYY,SF,2025,4,4,1,0,1,0,0,0,0,1,0,0,1,2
778339,2025-04-13,665828,"Cabrera, Oswaldo",NYY,SF,2025,3,3,0,0,0,0,0,0,0,0,0,0,0,0
778339,2025-04-13,665862,"Chisholm Jr., Jazz",NYY,SF,2025,4,4,1,0,0,0,1,0,0,1,0,0,1,4
778339,2025-04-13,669224,"Wells, Austin",NYY,SF,2025,1,1,0,0,0,0,0,0,0,0,0,0,0,0
778339,2025-04-13,683011,"Volpe, Anthony",NYY,SF,2025,4,3,0,0,0,0,0,1,0,2,0,0,0,0
778339,2025-04-13,691176,"Domínguez, Jasson",NYY,SF,2025,4,3,1,0,1,0,0,1,0,1,0,0,0,2
778339,2025-04-13,700250,"Rice, Ben",NYY,SF,2025,5,5,1,1,0,0,0,0,0,1,0,0,1,1
778354,2025-04-12,605137,"Bell, Josh",WSH,MIA,2025,4,4,1,1,0,0,0,0,0,0,0,0,2,1
778354,2025-04-12,642708,"Rosario, Amed",WSH,MIA,2025,4,4,1,1,0,0,0,0,0,1,0,0,1,1
778354,2025-04-12,657557,"DeJong, Paul",WSH,MIA,2025,4,4,0,0,0,0,0,0,0,1,0,0,0,0
778354,2025-04-12,660688,"Ruiz, Keibert",WSH,MIA,2025,4,4,3,3,0,0,0,0,0,0,0,0,1,3
778354,2025-04-12,663993,"Lowe, Nathaniel",WSH,MIA,2025,4,2,0,0,0,0,0,2,0,0,0,0,2,0
778354,2025-04-12,669743,"Call, Alex",WSH,MIA,2025,5,3,0,0,0,0,0,2,0,1,0,0,0,0
778354,2025-04-12,671277,"García Jr., Luis",WSH,MIA,2025,4,4,0,0,0,0,0,0,0,0,0,0,0,0
778354,2025-04-12,695578,"Wood, James",WSH,MIA,2025,5,4,1,1,0,0,0,1,0,1,0,0,0,1
778354,2025-04-12,696285,"Young, Jacob",WSH,MIA,2025,4,4,1,1,0,0,0,0,0,0,0,0,0,1
778355,2025-04-12,502671,"Goldschmidt, Paul",NYY,SF,2025,4,3,1,0,1,0,0,0,0,0,0,0,2,2
778355,2025-04-12,592450,"Judge, Aaron",NYY,SF,2025,5,4,2,2,0,0,0,1,0,0,0,0,0,2
778355,2025-04-12,641355,"Bellinger, Cody",NYY,SF,2025,5,5,2,1,0,1,0,0,0,1,0,0,2,4
778355,2025-04-12,665828,"Cabrera, Oswaldo",NYY,SF,2025,4,4,1,1,0,0,0,0,0,2,0,0,0,1
778355,2025-04-12,665862,"Chisholm Jr., Jazz",NYY,SF,2025,4,3,0,0,0,0,0,1,0,1,0,0,0,0
778355,2025-04-12,669224,"Wells, Austin",NYY,SF,2025,4,4,1,1,0,0,0,0,0,1,0,0,0,1
778355,2025-04-12,683011,"Volpe, Anthony",NYY,SF,2025,4,2,0,0,0,0,0,1,0,2,0,0,1,0
778355,2025-04-12,691176,"Domínguez, Jasson",NYY,SF,2025,4,4,2,2,0,0,0,0,0,1,0,0,2,2
778355,2025-04-12,700250,"Rice, Ben",NYY,SF,2025,5,4,2,1,0,0,1,1,0,0,0,0,1,5
778369,2025-04-11,605137,"Bell, Josh",WSH,MIA,2025,5,4,1,0,0,0,1,1,0,1,0,0,2,4
778369,2025-04-11,642708,"Rosario, Amed",WSH,MIA,2025,3,3,0,0,0,0,0,0,0,0,0,0,0,0
778369,2025-04-11,657557,"DeJong, Paul",WSH,MIA,2025,3,3,0,0,0,0,0,0,0,1,0,0,0,0
778369,2025-04-11,660688,"Ruiz, Keibert",WSH,MIA,2025,5,3,1,1,0,0,0,2,0,0,0,0,0,1
778369,2025-04-11,663993,"Lowe, Nathaniel",WSH,MIA,2025,1,1,1,0,1,0,0,0,0,0,0,0,3,2
778369,2025-04-11,669743,"Call, Alex",WSH,MIA,2025,5,3,2,1,0,1,0,2,0,0,0,0,1,4
778369,2025-04-11,671277,"García Jr., Luis",WSH,MIA,2025,5,5,1,1,0,0,0,0,0,2,0,0,0,1
778369,2025-04-11,677588,"Tena, José",WSH,MIA,2025,1,1,0,0,0,0,0,0,0,0,0,0,0,0
778369,2025-04-11,682928,"Abrams, CJ",WSH,MIA,2025,2,1,0,0,0,0,0,1,0,1,0,0,0,0
778369,2025-04-11,686611,"Crews, Dylan",WSH,MIA,2025,4,4,0,0,0,0,0,0,0,1,0,0,0,0
778369,2025-04-11,695578,"Wood, James",WSH,MIA,2025,5,5,2,0,1,0,1,0,0,1,0,0,1,6
778369,2025-04-11,696285,"Young, Jacob",WSH,MIA,2025,4,3,1,1,0,0,0,1,0,0,0,0,0,1
778370,2025-04-11,502671,"Goldschmidt, Paul",NYY,SF,2025,3,3,0,0,0,0,0,0,0,2,0,0,0,0
778370,2025-04-11,592450,"Judge, Aaron",NYY,SF,2025,3,1,0,0,0,0,0,2,0,0,0,0,0,0
778370,2025-04-11,641355,"Bellinger, Cody",NYY,SF,2025,3,3,0,0,0,0,0,0,0,2,0,0,0,0
778370,2025-04-11,663757,"Grisham, Trent",NYY,SF,2025,2,2,0,0,0,0,0,0,0,1,0,0,0,0
778370,2025-04-11,665862,"Chisholm Jr., Jazz",NYY,SF,2025,2,2,0,0,0,0,0,0,0,1,0,0,0,0
778370,2025-04-11,669224,"Wells, Austin",NYY,SF,2025,2,2,1,0,1,0,0,0,0,0,0,0,1,2
778370,2025-04-11,672724,"Peraza, Oswald",NYY,SF,2025,2,1,0,0,0,0,0,1,0,1,0,0,0,0
778370,2025-04-11,683011,"Volpe, Anthony",NYY,SF,2025,2,1,1,1,0,0,0,1,0,0,0,0,0,1
778370,2025-04-11,700250,"Rice, Ben",NYY,SF,2025,3,2,0,0,0,0,0,1,0,2,0,0,0,0
778387,2025-04-09,502671,"Goldschmidt, Paul",NYY,DET,2025,5,5,2,1,1,0,0,0,0,0,0,0,0,3
778387,2025-04-09,592450,"Judge, Aaron",NYY,DET,2025,5,4,2,2,0,0,0,1,0,1,0,0,2,2
778387,2025-04-09,641355,"Bellinger, Cody",NYY,DET,2025,5,4,0,0,0,0,0,1,0,3,0,0,0,0
778387,2025-04-09,641555,"Escarra, J.C.",NYY,DET,2025,4,2,0,0,0,0,0,1,1,1,0,0,0,0
778387,2025-04-09,663757,"Grisham, Trent",NYY,DET,2025,1,1,0,0,0,0,0,0,0,0,0,0,0,0
778387,2025-04-09,665828,"Cabrera, Oswaldo",NYY,DET,2025,4,3,2,2,0,0,0,0,1,0,0,0,0,2
778387,2025-04-09,665862,"Chisholm Jr., Jazz",NYY,DET,2025,5,4,0,0,0,0,0,1,0,2,0,0,0,0
778387,2025-04-09,683011,"Volpe, Anthony",NYY,DET,2025,4,3,0,0,0,0,0,1,0,2,0,0,0,0
778387,2025-04-09,691176,"Domínguez, Jasson",NYY,DET,2025,3,3,0,0,0,0,0,0,0,2,0,0,0,0
778387,2025-04-09,700250,"Rice, Ben",NYY,DET,2025,5,5,1,0,0,0,1,0,0,2,0,0,2,4
778392,2025-04-09,605137,"Bell, Josh",WSH,LAD,2025,4,3,1,1,0,0,0,1,0,0,0,0,1,1
778392,2025-04-09,642708,"Rosario, Amed",WSH,LAD,2025,1,1,0,0,0,0,0,0,0,1,0,0,0,0
778392,2025-04-09,657557,"DeJong, Paul",WSH,LAD,2025,4,4,1,1,0,0,0,0,0,2,0,0,0,1
778392,2025-04-09,660688,"Ruiz, Keibert",WSH,LAD,2025,4,4,1,1,0,0,0,0,0,1,0,0,0,1
778392,2025-04-09,663993,"Lowe, Nathaniel",WSH,LAD,2025,4,2,0,0,0,0,0,2,0,0,0,0,0,0
778392,2025-04-09,669743,"Call, Alex",WSH,LAD,2025,4,2,0,0,0,0,0,1,0,0,0,0,1,0
778392,2025-04-09,671277,"García Jr., Luis",WSH,LAD,2025,3,2,1,0,1,0,0,0,0,0,0,0,2,2
778392,2025-04-09,682928,"Abrams, CJ",WSH,LAD,2025,5,5,1,0,0,0,1,0,0,0,0,0,1,4
778392,2025-04-09,686611,"Crews, Dylan",WSH,LAD,2025,4,3,0,0,0,0,0,1,0,3,0,0,0,0
778392,2025-04-09,695578,"Wood, James",WSH,LAD,2025,5,3,0,0,0,0,0,2,0,2,0,0,0,0
778403,2025-04-08,502671,"Goldschmidt, Paul",NYY,DET,2025,4,4,3,3,0,0,0,0,0,0,0,0,0,3
778403,2025-04-08,592450,"Judge, Aaron",NYY,DET,2025,4,4,2,2,0,0,0,0,0,1,0,0,0,2
778403,2025-04-08,663757,"Grisham, Trent",NYY,DET,2025,3,3,0,0,0,0,0,0,0,2,0,0,0,0
778403,2025-04-08,665862,"Chisholm Jr., Jazz",NYY,DET,2025,4,4,0,0,0,0,0,0,0,0,0,0,0,0
778403,2025-04-08,669224,"Wells, Austin",NYY,DET,2025,4,4,0,0,0,0,0,0,0,2,0,0,0,0
778403,2025-04-08,672724,"Peraza, Oswald",NYY,DET,2025,3,3,0,0,0,0,0,0,0,0,0,0,0,0
778403,2025-04-08,683011,"Volpe, Anthony",NYY,DET,2025,4,3,0,0,0,0,0,1,0,1,0,0,0,0
778403,2025-04-08,691176,"Domínguez, Jasson",NYY,DET,2025,3,3,0,0,0,0,0,0,0,1,0,0,0,0
778403,2025-04-08,700250,"Rice, Ben",NYY,DET,2025,4,4,1,1,0,0,0,0,0,2,0,0,0,1
778409,2025-04-08,642708,"Rosario, Amed",WSH,LAD,2025,4,4,1,0,1,0,0,0,0,0,0,0,0,2
778409,2025-04-08,657557,"DeJong, Paul",WSH,LAD,2025,4,4,0,0,0,0,0,0,0,3,0,0,0,0
778409,2025-04-08,660688,"Ruiz, Keibert",WSH,LAD,2025,4,4,2,2,0,0,0,0,0,0,0,0,2,2
778409,2025-04-08,663993,"Lowe, Nathaniel",WSH,LAD,2025,4,4,0,0,0,0,0,0,0,3,0,0,0,0
778409,2025-04-08,669743,"Call, Alex",WSH,LAD,2025,5,3,1,1,0,0,0,1,0,0,0,0,1,1
778409,2025-04-08,671277,"García Jr., Luis",WSH,LAD,2025,4,4,0,0,0,0,0,0,0,0,0,0,0,0
778409,2025-04-08,686611,"Crews, Dylan",WSH,LAD,2025,4,4,2,2,0,0,0,0,0,0,0,0,0,2
778409,2025-04-08,695578,"Wood, James",WSH,LAD,2025,5,4,3,1,0,0,2,1,0,0,0,0,5,9
778409,2025-04-08,696285,"Young, Jacob",WSH,LAD,2025,4,3,2,2,0,0,0,1,0,0,0,0,0,2
778418,2025-04-07,605137,"Bell, Josh",WSH,LAD,2025,4,3,1,1,0,0,0,1,0,0,0,0,0,1
778418,2025-04-07,642708,"Rosario, Amed",WSH,LAD,2025,2,2,1,1,0,0,0,0,0,0,0,0,0,1
778418,2025-04-07,657557,"DeJong, Paul",WSH,LAD,2025,4,4,1,1,0,0,0,0,0,0,0,0,0,1
778418,2025-04-07,660688,"Ruiz, Keibert",WSH,LAD,2025,4,3,1,0,1,0,0,1,0,0,0,0,1,2
778418,2025-04-07,663993,"Lowe, Nathaniel",WSH,LAD,2025,4,4,1,1,0,0,0,0,0,0,0,0,1,1
778418,2025-04-07,669743,"Call, Alex",WSH,LAD,2025,4,4,1,0,1,0,0,0,0,0,0,0,0,2
778418,2025-04-07,671277,"García Jr., Luis",WSH,LAD,2025,4,4,2,2,0,0,0,0,0,0,0,0,0,2
778418,2025-04-07,677588,"Tena, José",WSH,LAD,2025,2,2,0,0,0,0,0,0,0,1,0,0,0,0
778418,2025-04-07,686611,"Crews, Dylan",WSH,LAD,2025,3,3,0,0,0,0,0,0,0,0,0,0,1,0
778418,2025-04-07,695578,"Wood, James",WSH,LAD,2025,4,3,1,0,0,0,1,1,0,0,0,0,2,4
778424,2025-04-07,502671,"Goldschmidt, Paul",NYY,DET,2025,4,4,2,2,0,0,0,0,0,0,0,0,0,2
778424,2025-04-07,592450,"Judge, Aaron",NYY,DET,2025,4,3,1,1,0,0,0,1,0,0,0,0,1,1
778424,2025-04-07,641355,"Bellinger, Cody",NYY,DET,2025,4,4,1,1,0,0,0,0,0,1,0,0,0,1
778424,2025-04-07,663757,"Grisham, Trent",NYY,DET,2025,4,4,1,1,0,0,0,0,0,0,0,0,0,1
778424,2025-04-07,665828,"Cabrera, Oswaldo",NYY,DET,2025,4,4,0,0,0,0,0,0,0,2,0,0,0,0
778424,2025-04-07,665862,"Chisholm Jr., Jazz",NYY,DET,2025,4,4,0,0,0,0,0,0,0,2,0,0,0,0
778424,2025-04-07,669224,"Wells, Austin",NYY,DET,2025,4,4,1,1,0,0,0,0,0,2,0,0,0,1
778424,2025-04-07,683011,"Volpe, Anthony",NYY,DET,2025,4,4,0,0,0,0,0,0,0,1,0,0,0,0
778424,2025-04-07,700250,"Rice, Ben",NYY,DET,2025,4,2,1,0,0,1,0,2,0,0,0,0,0,3
778428,2025-04-06,502671,"Goldschmidt, Paul",NYY,PIT,2025,5,5,1,1,0,0,0,0,0,1,0,0,0,1
778428,2025-04-06,592450,"Judge, Aaron",NYY,PIT,2025,5,4,0,0,0,0,0,1,0,2,0,0,0,0
778428,2025-04-06,641355,"Bellinger, Cody",NYY,PIT,2025,5,5,1,1,0,0,0,0,0,1,0,0,0,1
778428,2025-04-06,663757,"Grisham, Trent",NYY,PIT,2025,5,5,2,2,0,0,0,0,0,0,0,0,2,2
778428,2025-04-06,665862,"Chisholm Jr., Jazz",NYY,PIT,2025,5,5,1,0,1,0,0,0,0,3,0,0,1,2
778428,2025-04-06,669224,"Wells, Austin",NYY,PIT,2025,5,5,1,0,0,1,0,0,0,2,0,0,0,3
778428,2025-04-06,672724,"Peraza, Oswald",NYY,PIT,2025,5,5,1,0,1,0,0,0,0,3,0,0,1,2
778428,2025-04-06,683011,"Volpe, Anthony",NYY,PIT,2025,5,4,1,1,0,0,0,1,0,0,0,0,0,1
778428,2025-04-06,691176,"Domínguez, Jasson",NYY,PIT,2025,5,4,0,0,0,0,0,1,0,1,0,0,0,0
778429,2025-04-06,605137,"Bell, Josh",WSH,AZ,2025,4,2,0,0,0,0,0,1,1,1,0,0,0,0
778429,2025-04-06,657557,"DeJong, Paul",WSH,AZ,2025,4,4,2,0,2,0,0,0,0,1,0,0,1,4
778429,2025-04-06,660688,"Ruiz, Keibert",WSH,AZ,2025,4,3,1,1,0,0,0,0,1,1,0,0,1,1
778429,2025-04-06,663993,"Lowe, Nathaniel",WSH,AZ,2025,4,4,1,0,1,0,0,0,0,0,0,0,1,2
778429,2025-04-06,669743,"Call, Alex",WSH,AZ,2025,4,3,2,2,0,0,0,1,0,1,0,0,1,2
778429,2025-04-06,671277,"García Jr., Luis",WSH,AZ,2025,5,4,1,1,0,0,0,1,0,1,0,0,0,1
778429,2025-04-06,682928,"Abrams, CJ",WSH,AZ,2025,5,2,0,0,0,0,0,1,0,0,0,0,1,0
778429,2025-04-06,686611,"Crews, Dylan",WSH,AZ,2025,4,4,2,2,0,0,0,0,0,1,0,0,0,2
778429,2025-04-06,695578,"Wood, James",WSH,AZ,2025,4,3,0,0,0,0,0,1,0,1,0,0,0,0
778449,2025-04-05,502671,"Goldschmidt, Paul",NYY,PIT,2025,5,4,3,2,1,0,0,1,0,0,0,0,1,4
778449,2025-04-05,592450,"Judge, Aaron",NYY,PIT,2025,5,4,1,1,0,0,0,0,1,0,0,0,0,1
778449,2025-04-05,663757,"Grisham, Trent",NYY,PIT,2025,4,4,2,0,0,0,2,0,0,0,0,0,4,8
778449,2025-04-05,665862,"Chisholm Jr., Jazz",NYY,PIT,2025,5,4,1,0,1,0,0,0,1,2,0,0,0,2
778449,2025-04-05,669224,"Wells, Austin",NYY,PIT,2025,5,3,1,1,0,0,0,1,0,0,0,0,2,1
778449,2025-04-05,672724,"Peraza, Oswald",NYY,PIT,2025,4,4,2,1,1,0,0,0,0,1,0,0,0,3
778449,2025-04-05,683011,"Volpe, Anthony",NYY,PIT,2025,5,5,2,0,2,0,0,0,0,2,0,0,3,4
778449,2025-04-05,691176,"Domínguez, Jasson",NYY,PIT,2025,5,5,1,0,1,0,0,0,0,1,0,0,0,2
778449,2025-04-05,700250,"Rice, Ben",NYY,PIT,2025,5,5,1,1,0,0,0,0,0,1,0,0,0,1
778452,2025-04-05,605137,"Bell, Josh",WSH,AZ,2025,3,2,1,0,0,1,0,1,0,1,0,0,0,3
778452,2025-04-05,642708,"Rosario, Amed",WSH,AZ,2025,4,4,2,1,1,0,0,0,0,1,0,0,0,3
778452,2025-04-05,656180,"Adams, Riley",WSH,AZ,2025,3,4,0,0,0,0,0,0,0,3,0,0,0,0
778452,2025-04-05,657557,"DeJong, Paul",WSH,AZ,2025,3,3,0,0,0,0,0,0,0,3,0,0,0,0
778452,2025-04-05,663993,"Lowe, Nathaniel",WSH,AZ,2025,4,4,0,0,0,0,0,0,0,3,0,0,0,0
778452,2025-04-05,669743,"Call, Alex",WSH,AZ,2025,3,2,2,2,0,0,0,1,0,0,0,0,2,2
778452,2025-04-05,682928,"Abrams, CJ",WSH,AZ,2025,4,4,0,0,0,0,0,0,0,2,0,0,0,0
778452,2025-04-05,686611,"Crews, Dylan",WSH,AZ,2025,3,3,0,0,0,0,0,0,0,2,0,0,0,0
778452,2025-04-05,695578,"Wood, James",WSH,AZ,2025,3,3,1,0,1,0,0,0,0,1,0,0,2,2
778457,2025-04-04,605137,"Bell, Josh",WSH,AZ,2025,4,4,1,1,0,0,0,0,0,0,0,0,0,1
778457,2025-04-04,660688,"Ruiz, Keibert",WSH,AZ,2025,4,4,0,0,0,0,0,0,0,1,0,0,0,0
778457,2025-04-04,663993,"Lowe, Nathaniel",WSH,AZ,2025,4,4,2,1,0,0,1,0,0,1,0,0,1,5
778457,2025-04-04,671277,"García Jr., Luis",WSH,AZ,2025,4,4,1,0,0,0,1,0,0,0,0,0,2,4
778457,2025-04-04,677588,"Tena, José",WSH,AZ,2025,3,3,0,0,0,0,0,0,0,0,0,0,0,0
778457,2025-04-04,682928,"Abrams, CJ",WSH,AZ,2025,4,4,2,1,0,0,1,0,0,2,0,0,1,5
778457,2025-04-04,686611,"Crews, Dylan",WSH,AZ,2025,4,4,1,1,0,0,0,0,0,0,0,0,0,1
778457,2025-04-04,695578,"Wood, James",WSH,AZ,2025,4,4,1,1,0,0,0,0,0,2,0,0,0,1
778457,2025-04-04,696285,"Young, Jacob",WSH,AZ,2025,3,3,0,0,0,0,0,0,0,0,0,0,0,0
778461,2025-04-04,502671,"Goldschmidt, Paul",NYY,PIT,2025,5,5,2,2,0,0,0,0,0,1,0,0,0,2
778461,2025-04-04,592450,"Judge, Aaron",NYY,PIT,2025,6,5,1,0,0,0,1,1,0,3,0,0,2,4
778461,2025-04-04,663757,"Grisham, Trent",NYY,PIT,2025,5,3,1,1,0,0,0,2,0,2,0,0,0,1
778461,2025-04-04,665828,"Cabrera, Oswaldo",NYY,PIT,2025,5,4,3,3,0,0,0,1,0,1,0,0,4,3
778461,2025-04-04,665862,"Chisholm Jr., Jazz",NYY,PIT,2025,5,5,0,0,0,0,0,0,0,2,0,0,0,0
778461,2025-04-04,669224,"Wells, Austin",NYY,PIT,2025,5,4,0,0,0,0,0,0,1,1,0,0,0,0
778461,2025-04-04,683011,"Volpe, Anthony",NYY,PIT,2025,5,4,3,2,1,0,0,0,1,0,0,0,1,4
778461,2025-04-04,691176,"Domínguez, Jasson",NYY,PIT,2025,5,4,2,1,1,0,0,0,1,1,0,0,2,3
778461,2025-04-04,700250,"Rice, Ben",NYY,PIT,2025,6,4,1,1,0,0,0,2,0,0,0,0,0,1
778466,2025-04-03,502671,"Goldschmidt, Paul",NYY,AZ,2025,1,0,0,0,0,0,0,1,0,0,0,0,0,0
778466,2025-04-03,592450,"Judge, Aaron",NYY,AZ,2025,5,5,3,1,1,0,1,0,0,0,0,0,4,7
778466,2025-04-03,641355,"Bellinger, Cody",NYY,AZ,2025,5,4,0,0,0,0,0,1,0,2,0,0,0,0
778466,2025-04-03,641555,"Escarra, J.C.",NYY,AZ,2025,4,4,1,0,1,0,0,0,0,0,0,0,0,2
778466,2025-04-03,663757,"Grisham, Trent",NYY,AZ,2025,4,4,3,1,1,0,1,0,0,0,0,0,3,7
778466,2025-04-03,665828,"Cabrera, Oswaldo",NYY,AZ,2025,3,3,0,0,0,0,0,0,0,1,0,0,0,0
778466,2025-04-03,665862,"Chisholm Jr., Jazz",NYY,AZ,2025,5,4,1,0,0,0,1,1,0,1,0,0,2,4
778466,2025-04-03,683011,"Volpe, Anthony",NYY,AZ,2025,4,4,1,1,0,0,0,0,0,1,0,0,0,1
778466,2025-04-03,691176,"Domínguez, Jasson",NYY,AZ,2025,5,5,2,1,1,0,0,0,0,1,0,0,0,3
778466,2025-04-03,700250,"Rice, Ben",NYY,AZ,2025,5,3,1,0,1,0,0,2,0,1,0,0,0,2
778478,2025-04-02,605137,"Bell, Josh",WSH,TOR,2025,4,3,1,1,0,0,0,1,0,0,0,0,0,1
778478,2025-04-02,642708,"Rosario, Amed",WSH,TOR,2025,3,3,0,0,0,0,0,0,0,0,0,0,0,0
778478,2025-04-02,657557,"DeJong, Paul",WSH,TOR,2025,2,1,0,0,0,0,0,1,0,1,0,0,0,0
778478,2025-04-02,660688,"Ruiz, Keibert",WSH,TOR,2025,4,4,1,1,0,0,0,0,0,0,0,0,0,1
778478,2025-04-02,663993,"Lowe, Nathaniel",WSH,TOR,2025,4,4,1,0,1,0,0,0,0,3,0,0,1,2
778478,2025-04-02,669743,"Call, Alex",WSH,TOR,2025,3,4,0,0,0,0,0,0,0,0,0,0,0,0
778478,2025-04-02,671277,"García Jr., Luis",WSH,TOR,2025,1,1,0,0,0,0,0,0,0,1,0,0,0,0
778478,2025-04-02,677588,"Tena, José",WSH,TOR,2025,1,1,0,0,0,0,0,0,0,1,0,0,0,0
778478,2025-04-02,682928,"Abrams, CJ",WSH,TOR,2025,4,4,1,0,0,0,1,0,0,0,0,0,1,4
778478,2025-04-02,686611,"Crews, Dylan",WSH,TOR,2025,3,3,0,0,0,0,0,0,0,0,0,0,0,0
778478,2025-04-02,695578,"Wood, James",WSH,TOR,2025,4,4,1,1,0,0,0,0,0,1,0,0,0,1
778484,2025-04-02,502671,"Goldschmidt, Paul",NYY,AZ,2025,4,4,0,0,0,0,0,0,0,2,0,0,0,0
778484,2025-04-02,592450,"Judge, Aaron",NYY,AZ,2025,4,4,1,1,0,0,0,0,0,3,0,0,0,1
778484,2025-04-02,622569,"Reyes, Pablo",NYY,AZ,2025,1,1,0,0,0,0,0,0,0,0,0,0,0,0
778484,2025-04-02,641355,"Bellinger, Cody",NYY,AZ,2025,4,4,1,1,0,0,0,0,0,1,0,0,0,1
778484,2025-04-02,665828,"Cabrera, Oswaldo",NYY,AZ,2025,2,2,0,0,0,0,0,0,0,2,0,0,0,0
778484,2025-04-02,665862,"Chisholm Jr., Jazz",NYY,AZ,2025,4,4,1,1,0,0,0,0,0,1,0,0,0,1
778484,2025-04-02,669224,"Wells, Austin",NYY,AZ,2025,4,4,2,1,1,0,0,0,0,0,0,0,0,3
778484,2025-04-02,683011,"Volpe, Anthony",NYY,AZ,2025,4,4,1,0,0,0,1,0,0,1,0,0,3,4
778484,2025-04-02,691176,"Domínguez, Jasson",NYY,AZ,2025,4,4,0,0,0,0,0,0,0,3,0,0,0,0
778484,2025-04-02,700250,"Rice, Ben",NYY,AZ,2025,3,3,0,0,0,0,0,0,0,3,0,0,0,0
778491,2025-04-01,605137,"Bell, Josh",WSH,TOR,2025,4,3,0,0,0,0,0,1,0,3,0,0,0,0
778491,2025-04-01,657557,"DeJong, Paul",WSH,TOR,2025,4,4,0,0,0,0,0,0,0,3,0,0,0,0
778491,2025-04-01,660688,"Ruiz, Keibert",WSH,TOR,2025,4,3,1,1,0,0,0,1,0,0,0,0,2,1
778491,2025-04-01,663993,"Lowe, Nathaniel",WSH,TOR,2025,4,3,0,0,0,0,0,1,0,2,0,0,0,0
778491,2025-04-01,669743,"Call, Alex",WSH,TOR,2025,4,3,2,1,1,0,0,1,0,0,0,0,0,3
778491,2025-04-01,671277,"García Jr., Luis",WSH,TOR,2025,4,4,0,0,0,0,0,0,0,0,0,0,0,0
778491,2025-04-01,682928,"Abrams, CJ",WSH,TOR,2025,4,4,3,1,2,0,0,0,0,1,0,0,1,5
778491,2025-04-01,695578,"Wood, James",WSH,TOR,2025,4,4,0,0,0,0,0,0,0,3,0,0,0,0
778491,2025-04-01,696285,"Young, Jacob",WSH,TOR,2025,3,3,0,0,0,0,0,0,0,0,0,0,0,0
778492,2025-04-01,502671,"Goldschmidt, Paul",NYY,AZ,2025,4,4,0,0,0,0,0,0,0,1,0,0,0,0
778492,2025-04-01,592450,"Judge, Aaron",NYY,AZ,2025,4,4,0,0,0,0,0,0,0,2,0,0,0,0
778492,2025-04-01,622569,"Reyes, Pablo",NYY,AZ,2025,1,1,0,0,0,0,0,0,0,0,0,0,0,0
778492,2025-04-01,641355,"Bellinger, Cody",NYY,AZ,2025,4,3,0,0,0,0,0,1,0,2,0,0,0,0
778492,2025-04-01,663757,"Grisham, Trent",NYY,AZ,2025,1,1,0,0,0,0,0,0,0,1,0,0,0,0
778492,2025-04-01,665828,"Cabrera, Oswaldo",NYY,AZ,2025,3,2,0,0,0,0,0,1,0,0,0,0,0,0
778492,2025-04-01,665862,"Chisholm Jr., Jazz",NYY,AZ,2025,4,4,0,0,0,0,0,0,0,4,0,0,0,0
778492,2025-04-01,669224,"Wells, Austin",NYY,AZ,2025,4,3,0,0,0,0,0,1,0,1,0,0,0,0
778492,2025-04-01,683011,"Volpe, Anthony",NYY,AZ,2025,4,4,1,0,0,0,1,0,0,2,0,0,1,4
778492,2025-04-01,691176,"Domínguez, Jasson",NYY,AZ,2025,3,3,2,1,0,0,1,0,0,0,0,0,1,5
778492,2025-04-01,700250,"Rice, Ben",NYY,AZ,2025,4,4,2,0,1,0,1,0,0,1,0,0,1,6
778507,2025-03-31,605137,"Bell, Josh",WSH,TOR,2025,4,4,0,0,0,0,0,0,0,0,0,0,0,0
778507,2025-03-31,657557,"DeJong, Paul",WSH,TOR,2025,4,4,1,1,0,0,0,0,0,2,0,0,0,1
778507,2025-03-31,660688,"Ruiz, Keibert",WSH,TOR,2025,4,4,1,1,0,0,0,0,0,0,0,0,0,1
778507,2025-03-31,663993,"Lowe, Nathaniel",WSH,TOR,2025,4,3,0,0,0,0,0,1,0,2,0,0,0,0
778507,2025-03-31,671277,"García Jr., Luis",WSH,TOR,2025,4,4,0,0,0,0,0,0,0,1,0,0,0,0
778507,2025-03-31,682928,"Abrams, CJ",WSH,TOR,2025,4,4,1,0,0,0,1,0,0,1,0,0,1,4
778507,2025-03-31,686611,"Crews, Dylan",WSH,TOR,2025,4,4,0,0,0,0,0,0,0,2,0,0,0,0
778507,2025-03-31,695578,"Wood, James",WSH,TOR,2025,4,3,2,1,0,0,1,1,0,0,0,0,1,5
778507,2025-03-31,696285,"Young, Jacob",WSH,TOR,2025,3,2,0,0,0,0,0,1,0,1,0,0,0,0
778523,2025-03-30,502671,"Goldschmidt, Paul",NYY,MIL,2025,5,5,3,3,0,0,0,0,0,1,0,0,1,3
778523,2025-03-30,592450,"Judge, Aaron",NYY,MIL,2025,4,1,1,0,0,0,1,3,0,0,0,0,2,4
778523,2025-03-30,622569,"Reyes, Pablo",NYY,MIL,2025,1,1,0,0,0,0,0,0,0,0,0,0,0,0
778523,2025-03-30,641355,"Bellinger, Cody",NYY,MIL,2025,4,3,0,0,0,0,0,0,0,0,0,0,1,0
778523,2025-03-30,663757,"Grisham, Trent",NYY,MIL,2025,1,0,0,0,0,0,0,0,1,0,0,0,0,0
778523,2025-03-30,665828,"Cabrera, Oswaldo",NYY,MIL,2025,4,4,2,2,0,0,0,0,0,1,0,0,0,2
778523,2025-03-30,665862,"Chisholm Jr., Jazz",NYY,MIL,2025,4,4,3,1,0,0,2,0,0,1,0,0,5,9
778523,2025-03-30,669224,"Wells, Austin",NYY,MIL,2025,4,4,0,0,0,0,0,0,0,1,0,0,1,0
778523,2025-03-30,672724,"Peraza, Oswald",NYY,MIL,2025,1,1,0,0,0,0,0,0,0,0,0,0,0,0
778523,2025-03-30,683011,"Volpe, Anthony",NYY,MIL,2025,4,4,0,0,0,0,0,0,0,1,0,0,0,0
778523,2025-03-30,691176,"Domínguez, Jasson",NYY,MIL,2025,3,2,0,0,0,0,0,1,0,1,0,0,0,0
778523,2025-03-30,700250,"Rice, Ben",NYY,MIL,2025,4,4,2,1,0,0,1,0,0,0,0,0,1,5
778526,2025-03-30,605137,"Bell, Josh",WSH,PHI,2025,4,4,1,0,0,0,1,0,0,2,0,0,3,4
778526,2025-03-30,657557,"DeJong, Paul",WSH,PHI,2025,3,3,3,1,2,0,0,0,0,0,0,0,0,5
778526,2025-03-30,660688,"Ruiz, Keibert",WSH,PHI,2025,4,3,1,1,0,0,0,0,1,0,0,0,0,1
778526,2025-03-30,663993,"Lowe, Nathaniel",WSH,PHI,2025,4,4,3,1,1,0,1,0,0,1,0,0,2,7
778526,2025-03-30,671277,"García Jr., Luis",WSH,PHI,2025,4,4,0,0,0,0,0,0,0,1,0,0,0,0
778526,2025-03-30,682928,"Abrams, CJ",WSH,PHI,2025,4,4,0,0,0,0,0,0,0,1,0,0,0,0
778526,2025-03-30,686611,"Crews, Dylan",WSH,PHI,2025,3,3,0,0,0,0,0,0,0,3,0,0,0,0
778526,2025-03-30,695578,"Wood, James",WSH,PHI,2025,4,4,0,0,0,0,0,0,0,3,0,0,0,0
778526,2025-03-30,696285,"Young, Jacob",WSH,PHI,2025,3,2,1,0,1,0,0,0,0,0,0,0,0,2
778535,2025-03-29,605137,"Bell, Josh",WSH,PHI,2025,5,4,0,0,0,0,0,1,0,1,0,0,0,0
778535,2025-03-29,642708,"Rosario, Amed",WSH,PHI,2025,5,5,3,2,0,0,1,0,0,0,0,0,1,6
778535,2025-03-29,656180,"Adams, Riley",WSH,PHI,2025,2,2,0,0,0,0,0,0,0,0,0,0,0,0
778535,2025-03-29,657557,"DeJong, Paul",WSH,PHI,2025,3,2,0,0,0,0,0,1,0,1,0,0,0,0
778535,2025-03-29,660688,"Ruiz, Keibert",WSH,PHI,2025,3,3,2,0,1,0,1,0,0,1,0,0,2,6
778535,2025-03-29,663993,"Lowe, Nathaniel",WSH,PHI,2025,5,5,2,1,0,0,1,0,0,2,0,0,3,5
778535,2025-03-29,677588,"Tena, José",WSH,PHI,2025,1,1,1,1,0,0,0,0,0,0,0,0,0,1
778535,2025-03-29,682928,"Abrams, CJ",WSH,PHI,2025,5,4,2,2,0,0,0,1,0,2,0,0,0,2
778535,2025-03-29,686611,"Crews, Dylan",WSH,PHI,2025,5,5,0,0,0,0,0,0,0,5,0,0,0,0
778535,2025-03-29,695578,"Wood, James",WSH,PHI,2025,5,5,2,1,1,0,0,0,0,3,0,0,0,3
778535,2025-03-29,696285,"Young, Jacob",WSH,PHI,2025,4,3,0,0,0,0,0,1,0,0,0,0,0,0
778538,2025-03-29,502671,"Goldschmidt, Paul",NYY,MIL,2025,5,3,2,0,1,0,1,1,1,0,0,0,1,6
778538,2025-03-29,592450,"Judge, Aaron",NYY,MIL,2025,6,6,4,0,1,0,3,0,0,0,0,0,8,14
778538,2025-03-29,622569,"Reyes, Pablo",NYY,MIL,2025,4,3,0,0,0,0,0,1,0,0,0,0,0,0
778538,2025-03-29,641355,"Bellinger, Cody",NYY,MIL,2025,6,5,3,2,0,0,1,0,0,0,0,0,4,6
778538,2025-03-29,641555,"Escarra, J.C.",NYY,MIL,2025,2,2,0,0,0,0,0,0,0,1,0,0,0,0
778538,2025-03-29,663757,"Grisham, Trent",NYY,MIL,2025,5,4,1,1,0,0,0,1,0,1,0,0,0,1
778538,2025-03-29,665828,"Cabrera, Oswaldo",NYY,MIL,2025,1,1,0,0,0,0,0,0,0,0,0,0,0,0
778538,2025-03-29,665862,"Chisholm Jr., Jazz",NYY,MIL,2025,6,5,2,1,0,0,1,0,1,1,0,0,1,5
778538,2025-03-29,669224,"Wells, Austin",NYY,MIL,2025,4,3,1,0,0,0,1,1,0,0,0,0,1,4
778538,2025-03-29,672724,"Peraza, Oswald",NYY,MIL,2025,1,1,1,0,0,0,1,0,0,0,0,0,2,4
778538,2025-03-29,683011,"Volpe, Anthony",NYY,MIL,2025,6,4,1,0,0,0,1,2,0,1,0,0,3,4
778538,2025-03-29,691176,"Domínguez, Jasson",NYY,MIL,2025,5,3,1,1,0,0,0,2,0,1,0,0,0,1
778555,2025-03-27,605137,"Bell, Josh",WSH,PHI,2025,4,4,0,0,0,0,0,0,0,1,0,0,0,0
778555,2025-03-27,657557,"DeJong, Paul",WSH,PHI,2025,4,4,0,0,0,0,0,0,0,4,0,0,0,0
778555,2025-03-27,660688,"Ruiz, Keibert",WSH,PHI,2025,4,4,2,1,0,0,1,0,0,0,0,0,1,5
778555,2025-03-27,663993,"Lowe, Nathaniel",WSH,PHI,2025,4,4,1,1,0,0,0,0,0,3,0,0,0,1
778555,2025-03-27,671277,"García Jr., Luis",WSH,PHI,2025,4,4,2,1,1,0,0,0,0,1,0,0,1,3
778555,2025-03-27,682928,"Abrams, CJ",WSH,PHI,2025,5,5,0,0,0,0,0,0,0,2,0,0,1,0
778555,2025-03-27,686611,"Crews, Dylan",WSH,PHI,2025,4,3,0,0,0,0,0,1,0,0,0,0,0,0
778555,2025-03-27,695578,"Wood, James",WSH,PHI,2025,4,3,0,0,0,0,0,1,0,1,0,0,0,0
778555,2025-03-27,696285,"Young, Jacob",WSH,PHI,2025,4,2,0,0,0,0,0,1,1,1,0,0,0,0
778557,2025-03-27,502671,"Goldschmidt, Paul",NYY,MIL,2025,4,4,0,0,0,0,0,0,0,2,0,0,0,0
778557,2025-03-27,592450,"Judge, Aaron",NYY,MIL,2025,4,4,1,0,1,0,0,0,0,2,0,0,1,2
778557,2025-03-27,641355,"Bellinger, Cody",NYY,MIL,2025,4,2,1,1,0,0,0,1,0,1,0,0,1,1
778557,2025-03-27,663757,"Grisham, Trent",NYY,MIL,2025,1,1,1,1,0,0,0,0,0,0,0,0,0,1
778557,2025-03-27,665828,"Cabrera, Oswaldo",NYY,MIL,2025,3,3,1,1,0,0,0,0,0,0,0,0,0,1
778557,2025-03-27,665862,"Chisholm Jr., Jazz",NYY,MIL,2025,4,3,0,0,0,0,0,1,0,2,0,0,0,0
778557,2025-03-27,669224,"Wells, Austin",NYY,MIL,2025,4,3,1,0,0,0,1,1,0,1,0,0,1,4
778557,2025-03-27,683011,"Volpe, Anthony",NYY,MIL,2025,4,4,1,0,0,0,1,0,0,1,0,0,1,4
778557,2025-03-27,691176,"Domínguez, Jasson",NYY,MIL,2025,3,3,0,0,0,0,0,0,0,0,0,0,0,0
778557,2025-03-27,700250,"Rice, Ben",NYY,MIL,2025,3,3,1,1,0,0,0,1,0,1,0,0,0,1
822680,2026-09-16,660688,"Ruiz, Keibert",WSH,PHI,2026,2,2,0,0,0,0,0,0,0,0,0,0,0,0
822680,2026-09-16,665953,"Chaparro, Andrés",WSH,PHI,2026,1,0,0,0,0,0,0,1,0,0,0,0,0,0
822680,2026-09-16,677588,"Tena, José",WSH,PHI,2026,4,4,0,0,0,0,0,0,0,3,0,0,0,0
822680,2026-09-16,678391,"Vivas, Jorbit",WSH,PHI,2026,3,3,0,0,0,0,0,0,0,1,0,0,0,0
822680,2026-09-16,682928,"Abrams, CJ",WSH,PHI,2026,4,4,1,0,1,0,0,0,0,0,0,0,0,2
822680,2026-09-16,683083,"Nuñez, Nasim",WSH,PHI,2026,2,2,0,0,0,0,0,0,0,0,0,0,0,0
822680,2026-09-16,686611,"Crews, Dylan",WSH,PHI,2026,3,3,1,1,0,0,0,0,0,1,0,0,0,1
822680,2026-09-16,691781,"House, Brady",WSH,PHI,2026,1,1,0,0,0,0,0,0,0,1,0,0,0,0
822680,2026-09-16,694673,"Ortiz, Abimelec",WSH,PHI,2026,4,3,0,0,0,0,0,1,0,2,0,0,0,0
822680,2026-09-16,695578,"Wood, James",WSH,PHI,2026,4,4,0,0,0,0,0,0,0,0,0,0,0,0
822680,2026-09-16,695734,"Lile, Daylen",WSH,PHI,2026,4,4,2,2,0,0,0,0,0,0,0,0,0,2
822682,2026-09-13,660688,"Ruiz, Keibert",WSH,LAA,2026,4,3,1,1,0,0,0,0,1,0,0,0,0,1
822682,2026-09-13,665953,"Chaparro, Andrés",WSH,LAA,2026,5,4,1,1,0,0,0,1,0,1,0,0,0,1
822682,2026-09-13,677588,"Tena, José",WSH,LAA,2026,2,2,0,0,0,0,0,0,0,1,0,0,0,0
822682,2026-09-13,678391,"Vivas, Jorbit",WSH,LAA,2026,1,1,1,1,0,0,0,0,0,0,0,0,1,1
822682,2026-09-13,682928,"Abrams, CJ",WSH,LAA,2026,4,4,2,1,1,0,0,0,0,0,0,0,0,3
822682,2026-09-13,686611,"Crews, Dylan",WSH,LAA,2026,2,2,1,1,0,0,0,0,0,1,0,0,1,1
822682,2026-09-13,691002,"Morales, Yohandy",WSH,LAA,2026,4,4,2,2,0,0,0,0,0,0,0,0,1,2
822682,2026-09-13,691781,"House, Brady",WSH,LAA,2026,1,1,0,0,0,0,0,0,0,0,0,0,1,0
822682,2026-09-13,694673,"Ortiz, Abimelec",WSH,LAA,2026,3,3,0,0,0,0,0,0,0,2,0,0,0,0
822682,2026-09-13,695578,"Wood, James",WSH,LAA,2026,5,4,2,2,0,0,0,1,0,1,0,0,0,2
822682,2026-09-13,695734,"Lile, Daylen",WSH,LAA,2026,4,4,2,1,0,1,0,0,0,1,0,0,1,4
822682,2026-09-13,696285,"Young, Jacob",WSH,LAA,2026,4,4,1,0,1,0,0,0,0,0,0,0,1,2
822683,2026-09-15,665953,"Chaparro, Andrés",WSH,PHI,2026,3,3,2,0,1,0,1,0,0,0,0,0,1,6
822683,2026-09-15,678391,"Vivas, Jorbit",WSH,PHI,2026,4,4,1,1,0,0,0,0,0,2,0,0,1,1
822683,2026-09-15,683083,"Nuñez, Nasim",WSH,PHI,2026,3,1,1,1,0,0,0,1,0,0,0,0,0,1
822683,2026-09-15,686611,"Crews, Dylan",WSH,PHI,2026,3,3,0,0,0,0,0,0,0,0,0,0,0,0
822683,2026-09-15,687605,"Pinckney, Andrew",WSH,PHI,2026,3,3,1,1,0,0,0,0,0,2,0,0,0,1
822683,2026-09-15,691002,"Morales, Yohandy",WSH,PHI,2026,3,3,1,0,1,0,0,0,0,1,0,0,1,2
822683,2026-09-15,691781,"House, Brady",WSH,PHI,2026,4,3,1,0,1,0,0,1,0,1,0,0,0,2
822683,2026-09-15,694673,"Ortiz, Abimelec",WSH,PHI,2026,1,1,0,0,0,0,0,0,0,0,0,0,0,0
822683,2026-09-15,695578,"Wood, James",WSH,PHI,2026,1,1,0,0,0,0,0,0,0,1,0,0,0,0
822683,2026-09-15,695670,"Ford, Harry",WSH,PHI,2026,3,3,1,1,0,0,0,0,0,1,0,0,0,1
822683,2026-09-15,695734,"Lile, Daylen",WSH,PHI,2026,1,1,1,0,0,0,1,0,0,0,0,0,3,4
822683,2026-09-15,696285,"Young, Jacob",WSH,PHI,2026,4,3,0,0,0,0,0,0,1,0,0,0,0,0
822684,2026-09-11,665953,"Chaparro, Andrés",WSH,LAA,2026,3,3,0,0,0,0,0,0,0,2,0,0,0,0
822684,2026-09-11,678391,"Vivas, Jorbit",WSH,LAA,2026,4,3,1,0,1,0,0,1,0,1,0,0,2,2
822684,2026-09-11,682928,"Abrams, CJ",WSH,LAA,2026,4,4,2,1,1,0,0,0,0,1,0,0,0,3
822684,2026-09-11,686611,"Crews, Dylan",WSH,LAA,2026,4,4,1,1,0,0,0,0,0,0,0,0,0,1
822684,2026-09-11,687605,"Pinckney, Andrew",WSH,LAA,2026,1,0,0,0,0,0,0,0,0,0,0,0,1,0
822684,2026-09-11,691002,"Morales, Yohandy",WSH,LAA,2026,4,4,0,0,0,0,0,0,0,0,0,0,0,0
822684,2026-09-11,691781,"House, Brady",WSH,LAA,2026,4,2,1,1,0,0,0,2,0,0,0,0,0,1
822684,2026-09-11,694673,"Ortiz, Abimelec",WSH,LAA,2026,1,1,0,0,0,0,0,0,0,1,0,0,0,0
822684,2026-09-11,695578,"Wood, James",WSH,LAA,2026,4,3,1,1,0,0,0,1,0,1,0,0,1,1
822684,2026-09-11,695670,"Ford, Harry",WSH,LAA,2026,3,2,0,0,0,0,0,1,0,0,0,0,0,0
822684,2026-09-11,695734,"Lile, Daylen",WSH,LAA,2026,2,2,0,0,0,0,0,0,0,1,0,0,0,0
822684,2026-09-11,696285,"Young, Jacob",WSH,LAA,2026,2,2,0,0,0,0,0,0,0,2,0,0,0,0
822685,2026-09-12,660688,"Ruiz, Keibert",WSH,LAA,2026,4,4,3,2,1,0,0,0,0,0,0,0,0,4
822685,2026-09-12,665953,"Chaparro, Andrés",WSH,LAA,2026,2,2,1,1,0,0,0,0,0,0,0,0,1,1
822685,2026-09-12,677588,"Tena, José",WSH,LAA,2026,1,0,0,0,0,0,0,1,0,0,0,0,0,0
822685,2026-09-12,678391,"Vivas, Jorbit",WSH,LAA,2026,4,4,1,0,1,0,0,0,0,3,0,0,0,2
822685,2026-09-12,682928,"Abrams, CJ",WSH,LAA,2026,5,5,2,1,1,0,0,0,0,0,0,0,1,3
822685,2026-09-12,686611,"Crews, Dylan",WSH,LAA,2026,5,5,0,0,0,0,0,0,0,1,0,0,0,0
822685,2026-09-12,691781,"House, Brady",WSH,LAA,2026,5,5,0,0,0,0,0,0,0,0,0,0,0,0
822685,2026-09-12,694673,"Ortiz, Abimelec",WSH,LAA,2026,3,2,2,1,1,0,0,1,0,0,0,0,2,3
822685,2026-09-12,695578,"Wood, James",WSH,LAA,2026,5,4,1,1,0,0,0,1,0,3,0,0,0,1
822685,2026-09-12,695670,"Ford, Harry",WSH,LAA,2026,1,1,0,0,0,0,0,0,0,0,0,0,1,0
822685,2026-09-12,695734,"Lile, Daylen",WSH,LAA,2026,5,4,0,0,0,0,0,1,0,1,0,0,0,0
822685,2026-09-12,696285,"Young, Jacob",WSH,LAA,2026,3,3,1,1,0,0,0,0,0,1,0,0,1,1
822686,2026-09-02,660688,"Ruiz, Keibert",WSH,ATL,2026,1,1,0,0,0,0,0,0,0,0,0,0,0,0
822686,2026-09-02,665953,"Chaparro, Andrés",WSH,ATL,2026,3,2,0,0,0,0,0,1,0,1,0,0,0,0
822686,2026-09-02,682928,"Abrams, CJ",WSH,ATL,2026,4,4,0,0,0,0,0,0,0,1,0,0,0,0
822686,2026-09-02,683083,"Nuñez, Nasim",WSH,ATL,2026,3,3,0,0,0,0,0,0,0,1,0,0,0,0
822686,2026-09-02,686611,"Crews, Dylan",WSH,ATL,2026,4,3,0,0,0,0,0,1,0,0,0,0,0,0
822686,2026-09-02,691002,"Morales, Yohandy",WSH,ATL,2026,3,3,1,1,0,0,0,0,0,1,0,0,0,1
822686,2026-09-02,694673,"Ortiz, Abimelec",WSH,ATL,2026,4,4,0,0,0,0,0,0,0,0,0,0,0,0
822686,2026-09-02,695578,"Wood, James",WSH,ATL,2026,4,4,1,1,0,0,0,0,0,1,0,0,0,1
822686,2026-09-02,695670,"Ford, Harry",WSH,ATL,2026,2,2,0,0,0,0,0,0,0,1,0,0,0,0
822686,2026-09-02,695734,"Lile, Daylen",WSH,ATL,2026,3,3,0,0,0,0,0,0,0,0,0,0,0,0
822687,2026-09-01,665953,"Chaparro, Andrés",WSH,ATL,2026,2,2,1,1,0,0,0,0,0,1,0,0,1,1
822687,2026-09-01,678391,"Vivas, Jorbit",WSH,ATL,2026,4,3,1,0,1,0,0,1,0,0,0,0,0,2
822687,2026-09-01,682928,"Abrams, CJ",WSH,ATL,2026,5,4,2,2,0,0,0,1,0,1,0,0,2,2
822687,2026-09-01,686611,"Crews, Dylan",WSH,ATL,2026,5,4,0,0,0,0,0,1,0,2,0,0,0,0
822687,2026-09-01,691002,"Morales, Yohandy",WSH,ATL,2026,5,5,3,1,1,0,1,0,0,2,0,0,1,7
822687,2026-09-01,691781,"House, Brady",WSH,ATL,2026,5,3,1,0,1,0,0,1,0,1,0,0,3,2
822687,2026-09-01,694673,"Ortiz, Abimelec",WSH,ATL,2026,3,3,0,0,0,0,0,0,0,1,0,0,0,0
822687,2026-09-01,695670,"Ford, Harry",WSH,ATL,2026,5,4,2,2,0,0,0,1,0,1,0,0,0,2
822687,2026-09-01,695734,"Lile, Daylen",WSH,ATL,2026,5,3,0,0,0,0,0,2,0,2,0,0,0,0
822687,2026-09-01,696285,"Young, Jacob",WSH,ATL,2026,4,4,2,2,0,0,0,0,0,1,0,0,1,2
822688,2026-08-30,665953,"Chaparro, Andrés",WSH,MIA,2026,4,4,1,1,0,0,0,0,0,0,0,0,0,1
822688,2026-08-30,677588,"Tena, José",WSH,MIA,2026,1,0,0,0,0,0,0,1,0,0,0,0,0,0
822688,2026-08-30,678391,"Vivas, Jorbit",WSH,MIA,2026,4,2,2,1,1,0,0,2,0,0,0,0,0,3
822688,2026-08-30,682928,"Abrams, CJ",WSH,MIA,2026,4,4,0,0,0,0,0,0,0,3,0,0,0,0
822688,2026-08-30,683083,"Nuñez, Nasim",WSH,MIA,2026,3,3,1,0,1,0,0,0,0,0,0,0,1,2
822688,2026-08-30,686611,"Crews, Dylan",WSH,MIA,2026,4,4,0,0,0,0,0,0,0,1,0,0,0,0
822688,2026-08-30,687605,"Pinckney, Andrew",WSH,MIA,2026,1,1,0,0,0,0,0,0,0,1,0,0,0,0
822688,2026-08-30,691781,"House, Brady",WSH,MIA,2026,1,0,0,0,0,0,0,1,0,0,0,0,0,0
822688,2026-08-30,694673,"Ortiz, Abimelec",WSH,MIA,2026,3,3,0,0,0,0,0,0,0,1,0,0,0,0
822688,2026-08-30,695670,"Ford, Harry",WSH,MIA,2026,4,3,0,0,0,0,0,1,0,0,0,0,0,0
822688,2026-08-30,695734,"Lile, Daylen",WSH,MIA,2026,4,3,1,1,0,0,0,0,0,0,0,0,1,1
822688,2026-08-30,696285,"Young, Jacob",WSH,MIA,2026,2,2,1,1,0,0,0,0,0,0,0,0,0,1
822689,2026-08-31,660688,"Ruiz, Keibert",WSH,MIA,2026,4,5,2,2,0,0,0,0,0,1,0,0,0,2
822689,2026-08-31,665953,"Chaparro, Andrés",WSH,MIA,2026,4,4,1,1,0,0,0,0,0,3,0,0,1,1
822689,2026-08-31,677588,"Tena, José",WSH,MIA,2026,2,2,0,0,0,0,0,0,0,0,0,0,0,0
822689,2026-08-31,678391,"Vivas, Jorbit",WSH,MIA,2026,2,2,0,0,0,0,0,0,0,0,0,0,0,0
822689,2026-08-31,683083,"Nuñez, Nasim",WSH,MIA,2026,4,4,1,1,0,0,0,0,0,1,0,0,0,1
822689,2026-08-31,687605,"Pinckney, Andrew",WSH,MIA,2026,4,4,2,2,0,0,0,0,0,1,0,0,0,2
822689,2026-08-31,691781,"House, Brady",WSH,MIA,2026,4,4,2,2,0,0,0,0,0,1,0,0,1,2
822689,2026-08-31,694673,"Ortiz, Abimelec",WSH,MIA,2026,4,3,0,0,0,0,0,1,0,1,0,0,0,0
822689,2026-08-31,695734,"Lile, Daylen",WSH,MIA,2026,4,4,3,1,0,0,2,1,0,0,0,0,4,9
822689,2026-08-31,696285,"Young, Jacob",WSH,MIA,2026,4,3,0,0,0,0,0,1,0,1,0,0,0,0
822690,2026-08-29,660688,"Ruiz, Keibert",WSH,MIA,2026,4,4,1,1,0,0,0,0,0,1,0,0,0,1
822690,2026-08-29,677588,"Tena, José",WSH,MIA,2026,5,4,0,0,0,0,0,1,0,0,0,0,0,0
822690,2026-08-29,678391,"Vivas, Jorbit",WSH,MIA,2026,4,3,1,0,1,0,0,0,0,0,0,0,1,2
822690,2026-08-29,682928,"Abrams, CJ",WSH,MIA,2026,5,5,0,0,0,0,0,0,0,3,0,0,0,0
822690,2026-08-29,683083,"Nuñez, Nasim",WSH,MIA,2026,4,4,0,0,0,0,0,0,0,1,0,0,0,0
822690,2026-08-29,686611,"Crews, Dylan",WSH,MIA,2026,5,5,2,2,0,0,0,0,0,2,0,0,3,2
822690,2026-08-29,691781,"House, Brady",WSH,MIA,2026,4,4,2,2,0,0,0,0,0,0,0,0,1,2
822690,2026-08-29,694673,"Ortiz, Abimelec",WSH,MIA,2026,5,5,2,2,0,0,0,0,0,0,0,0,0,2
822690,2026-08-29,695734,"Lile, Daylen",WSH,MIA,2026,5,3,1,0,1,0,0,2,0,0,0,0,0,2
822691,2026-08-28,665953,"Chaparro, Andrés",WSH,MIA,2026,4,2,0,0,0,0,0,2,0,1,0,0,0,0
822691,2026-08-28,678391,"Vivas, Jorbit",WSH,MIA,2026,4,4,1,1,0,0,0,0,0,0,0,0,0,1
822691,2026-08-28,682928,"Abrams, CJ",WSH,MIA,2026,4,3,0,0,0,0,0,1,0,1,0,0,0,0
822691,2026-08-28,686611,"Crews, Dylan",WSH,MIA,2026,4,4,1,0,1,0,0,0,0,1,0,0,2,2
822691,2026-08-28,691781,"House, Brady",WSH,MIA,2026,4,4,1,0,0,0,1,0,0,2,0,0,3,4
822691,2026-08-28,694673,"Ortiz, Abimelec",WSH,MIA,2026,4,4,2,1,1,0,0,0,0,2,0,0,0,3
822691,2026-08-28,695670,"Ford, Harry",WSH,MIA,2026,4,4,1,0,0,0,1,0,0,0,0,0,1,4
822691,2026-08-28,695734,"Lile, Daylen",WSH,MIA,2026,4,3,1,0,0,1,0,1,0,1,0,0,1,3
822691,2026-08-28,696285,"Young, Jacob",WSH,MIA,2026,4,3,0,0,0,0,0,1,0,0,0,0,0,0
822692,2026-08-26,665953,"Chaparro, Andrés",WSH,COL,2026,4,4,3,1,1,0,1,0,0,0,0,0,1,7
822692,2026-08-26,677588,"Tena, José",WSH,COL,2026,4,4,1,0,1,0,0,0,0,1,0,0,0,2
822692,2026-08-26,682928,"Abrams, CJ",WSH,COL,2026,4,4,0,0,0,0,0,0,0,0,0,0,0,0
822692,2026-08-26,683083,"Nuñez, Nasim",WSH,COL,2026,3,3,0,0,0,0,0,0,0,0,0,0,0,0
822692,2026-08-26,686611,"Crews, Dylan",WSH,COL,2026,4,4,2,1,0,1,0,0,0,2,0,0,0,4
822692,2026-08-26,687605,"Pinckney, Andrew",WSH,COL,2026,1,1,0,0,0,0,0,0,0,0,0,0,0,0
822692,2026-08-26,694673,"Ortiz, Abimelec",WSH,COL,2026,4,4,0,0,0,0,0,0,0,1,0,0,0,0
822692,2026-08-26,695670,"Ford, Harry",WSH,COL,2026,4,4,1,1,0,0,0,0,0,1,0,0,0,1
822692,2026-08-26,695734,"Lile, Daylen",WSH,COL,2026,3,3,0,0,0,0,0,0,0,1,0,0,0,0
822692,2026-08-26,696285,"Young, Jacob",WSH,COL,2026,3,3,0,0,0,0,0,0,0,1,0,0,0,0
822693,2026-08-25,660688,"Ruiz, Keibert",WSH,COL,2026,1,1,0,0,0,0,0,0,0,0,0,0,0,0
822693,2026-08-25,665953,"Chaparro, Andrés",WSH,COL,2026,2,2,0,0,0,0,0,0,0,1,0,0,0,0
822693,2026-08-25,677588,"Tena, José",WSH,COL,2026,1,1,0,0,0,0,0,0,0,0,0,0,0,0
822693,2026-08-25,678391,"Vivas, Jorbit",WSH,COL,2026,4,2,0,0,0,0,0,2,0,0,0,0,0,0
822693,2026-08-25,682928,"Abrams, CJ",WSH,COL,2026,4,4,0,0,0,0,0,0,0,2,0,0,0,0
822693,2026-08-25,683083,"Nuñez, Nasim",WSH,COL,2026,3,3,0,0,0,0,0,0,0,2,0,0,0,0
822693,2026-08-25,686611,"Crews, Dylan",WSH,COL,2026,4,4,1,1,0,0,0,0,0,1,0,0,0,1
822693,2026-08-25,691781,"House, Brady",WSH,COL,2026,4,4,0,0,0,0,0,0,0,2,0,0,0,0
822693,2026-08-25,694673,"Ortiz, Abimelec",WSH,COL,2026,2,2,1,1,0,0,0,0,0,0,0,0,0,1
822693,2026-08-25,695670,"Ford, Harry",WSH,COL,2026,4,4,0,0,0,0,0,1,0,1,0,0,0,0
822693,2026-08-25,695734,"Lile, Daylen",WSH,COL,2026,4,3,2,1,0,0,1,1,0,1,0,0,1,5
822693,2026-08-25,696285,"Young, Jacob",WSH,COL,2026,2,2,1,0,1,0,0,0,0,0,0,0,0,2
822694,2026-08-27,660688,"Ruiz, Keibert",WSH,COL,2026,5,5,2,0,1,0,1,0,0,0,0,0,2,6
822694,2026-08-27,665953,"Chaparro, Andrés",WSH,COL,2026,5,5,1,1,0,0,0,0,0,0,0,0,0,1
822694,2026-08-27,678391,"Vivas, Jorbit",WSH,COL,2026,4,2,0,0,0,0,0,2,0,1,0,0,0,0
822694,2026-08-27,682928,"Abrams, CJ",WSH,COL,2026,5,4,1,1,0,0,0,1,0,2,0,0,0,1
822694,2026-08-27,683083,"Nuñez, Nasim",WSH,COL,2026,4,3,1,1,0,0,0,0,0,1,0,0,0,1
822694,2026-08-27,686611,"Crews, Dylan",WSH,COL,2026,5,5,2,2,0,0,0,0,0,2,0,0,1,2
822694,2026-08-27,691781,"House, Brady",WSH,COL,2026,5,3,1,0,1,0,0,1,0,0,0,0,2,2
822694,2026-08-27,695734,"Lile, Daylen",WSH,COL,2026,5,4,3,2,0,0,1,1,0,0,0,0,2,6
822694,2026-08-27,696285,"Young, Jacob",WSH,COL,2026,5,4,2,1,1,0,0,1,0,0,0,0,0,3
822695,2026-08-24,660688,"Ruiz, Keibert",WSH,COL,2026,5,4,2,2,0,0,0,1,0,0,0,0,0,2
822695,2026-08-24,678391,"Vivas, Jorbit",WSH,COL,2026,5,5,3,3,0,0,0,0,0,1,0,0,2,3
822695,2026-08-24,682928,"Abrams, CJ",WSH,COL,2026,5,4,1,0,1,0,0,1,0,1,0,0,1,2
822695,2026-08-24,683083,"Nuñez, Nasim",WSH,COL,2026,5,3,0,0,0,0,0,1,0,0,0,0,2,0
822695,2026-08-24,686611,"Crews, Dylan",WSH,COL,2026,5,2,0,0,0,0,0,3,0,1,0,0,1,0
822695,2026-08-24,691781,"House, Brady",WSH,COL,2026,5,4,1,0,1,0,0,1,0,0,0,0,0,2
822695,2026-08-24,694673,"Ortiz, Abimelec",WSH,COL,2026,5,4,1,1,0,0,0,1,0,2,0,0,1,1
822695,2026-08-24,695734,"Lile, Daylen",WSH,COL,2026,5,5,3,1,1,0,1,0,0,0,0,0,5,7
822695,2026-08-24,696285,"Young, Jacob",WSH,COL,2026,5,5,2,1,1,0,0,0,0,1,0,0,0,3
822696,2026-08-13,660688,"Ruiz, Keibert",WSH,CHC,2026,4,4,0,0,0,0,0,0,0,1,0,0,0,0
822696,2026-08-13,665953,"Chaparro, Andrés",WSH,CHC,2026,4,4,1,1,0,0,0,0,0,1,0,0,0,1
822696,2026-08-13,678391,"Vivas, Jorbit",WSH,CHC,2026,4,3,1,1,0,0,0,1,0,1,0,0,1,1
822696,2026-08-13,682928,"Abrams, CJ",WSH,CHC,2026,4,4,1,1,0,0,0,0,0,1,0,0,0,1
822696,2026-08-13,686611,"Crews, Dylan",WSH,CHC,2026,4,4,2,1,1,0,0,0,0,1,0,0,1,3
822696,2026-08-13,687605,"Pinckney, Andrew",WSH,CHC,2026,3,2,0,0,0,0,0,0,0,1,0,0,1,0
822696,2026-08-13,691781,"House, Brady",WSH,CHC,2026,4,4,1,1,0,0,0,0,0,1,0,0,0,1
822696,2026-08-13,694673,"Ortiz, Abimelec",WSH,CHC,2026,4,4,2,1,0,0,1,0,0,1,0,0,3,5
822696,2026-08-13,695734,"Lile, Daylen",WSH,CHC,2026,4,4,2,2,0,0,0,0,0,0,0,0,1,2
822697,2026-08-11,665953,"Chaparro, Andrés",WSH,CHC,2026,3,2,0,0,0,0,0,0,1,0,0,0,0,0
822697,2026-08-11,677588,"Tena, José",WSH,CHC,2026,2,2,0,0,0,0,0,0,0,1,0,0,0,0
822697,2026-08-11,678391,"Vivas, Jorbit",WSH,CHC,2026,1,1,1,1,0,0,0,0,0,0,0,0,1,1
822697,2026-08-11,682928,"Abrams, CJ",WSH,CHC,2026,5,5,1,0,0,0,1,0,0,1,0,0,2,4
822697,2026-08-11,683083,"Nuñez, Nasim",WSH,CHC,2026,4,4,1,1,0,0,0,0,0,1,0,0,1,1
822697,2026-08-11,686611,"Crews, Dylan",WSH,CHC,2026,5,5,1,0,0,0,1,0,0,2,0,0,1,4
822697,2026-08-11,687605,"Pinckney, Andrew",WSH,CHC,2026,2,2,0,0,0,0,0,0,0,1,0,0,0,0
822697,2026-08-11,691781,"House, Brady",WSH,CHC,2026,5,4,3,3,0,0,0,1,0,1,0,0,0,3
822697,2026-08-11,694673,"Ortiz, Abimelec",WSH,CHC,2026,2,2,1,1,0,0,0,0,0,1,0,0,0,1
822697,2026-08-11,695670,"Ford, Harry",WSH,CHC,2026,4,4,1,0,1,0,0,0,0,2,0,0,0,2
822697,2026-08-11,695734,"Lile, Daylen",WSH,CHC,2026,4,4,0,0,0,0,0,0,0,0,0,0,0,0
822697,2026-08-11,696285,"Young, Jacob",WSH,CHC,2026,3,3,2,0,1,0,1,0,0,0,0,0,1,6
822698,2026-08-12,665953,"Chaparro, Andrés",WSH,CHC,2026,3,2,0,0,0,0,0,1,0,1,0,0,0,0
822698,2026-08-12,677588,"Tena, José",WSH,CHC,2026,2,1,1,0,0,0,1,0,1,0,0,0,1,4
822698,2026-08-12,682928,"Abrams, CJ",WSH,CHC,2026,5,3,0,0,0,0,0,2,0,3,0,0,0,0
822698,2026-08-12,683083,"Nuñez, Nasim",WSH,CHC,2026,4,4,1,1,0,0,0,0,0,1,0,0,0,1
822698,2026-08-12,686611,"Crews, Dylan",WSH,CHC,2026,5,5,0,0,0,0,0,0,0,1,0,0,0,0
822698,2026-08-12,687605,"Pinckney, Andrew",WSH,CHC,2026,3,2,1,1,0,0,0,1,0,0,0,0,0,1
822698,2026-08-12,691781,"House, Brady",WSH,CHC,2026,5,5,1,1,0,0,0,0,0,1,0,0,0,1
822698,2026-08-12,694673,"Ortiz, Abimelec",WSH,CHC,2026,2,2,1,0,0,0,1,0,0,0,0,0,1,4
822698,2026-08-12,695670,"Ford, Harry",WSH,CHC,2026,5,5,2,1,1,0,0,0,0,0,0,0,1,3
822698,2026-08-12,695734,"Lile, Daylen",WSH,CHC,2026,4,4,2,2,0,0,0,0,0,1,0,0,3,2
822698,2026-08-12,696285,"Young, Jacob",WSH,CHC,2026,5,5,2,2,0,0,0,0,0,0,0,0,0,2
822699,2026-08-07,677588,"Tena, José",WSH,CIN,2026,3,2,1,1,0,0,0,1,0,0,0,0,0,1
822699,2026-08-07,682928,"Abrams, CJ",WSH,CIN,2026,4,5,1,1,0,0,0,0,0,1,0,0,0,1
822699,2026-08-07,683083,"Nuñez, Nasim",WSH,CIN,2026,3,3,0,0,0,0,0,0,0,0,0,0,0,0
822699,2026-08-07,686611,"Crews, Dylan",WSH,CIN,2026,4,4,0,0,0,0,0,0,0,2,0,0,0,0
822699,2026-08-07,691781,"House, Brady",WSH,CIN,2026,4,4,1,1,0,0,0,0,0,1,0,0,0,1
822699,2026-08-07,694673,"Ortiz, Abimelec",WSH,CIN,2026,4,3,0,0,0,0,0,1,0,2,0,0,0,0
822699,2026-08-07,695670,"Ford, Harry",WSH,CIN,2026,3,3,1,0,0,0,1,0,0,1,0,0,2,4
822699,2026-08-07,695734,"Lile, Daylen",WSH,CIN,2026,4,4,2,0,1,0,1,0,0,2,0,0,3,6
822699,2026-08-07,696285,"Young, Jacob",WSH,CIN,2026,3,3,1,1,0,0,0,0,0,1,0,0,0,1
822700,2026-08-09,660688,"Ruiz, Keibert",WSH,CIN,2026,4,3,3,3,0,0,0,1,0,0,0,0,1,3
822700,2026-08-09,665953,"Chaparro, Andrés",WSH,CIN,2026,2,2,1,0,1,0,0,0,0,1,0,0,2,2
822700,2026-08-09,677588,"Tena, José",WSH,CIN,2026,3,2,0,0,0,0,0,1,0,1,0,0,0,0
822700,2026-08-09,678391,"Vivas, Jorbit",WSH,CIN,2026,4,4,2,2,0,0,0,0,0,0,0,0,0,2
822700,2026-08-09,682928,"Abrams, CJ",WSH,CIN,2026,5,5,1,1,0,0,0,0,0,1,0,0,0,1
822700,2026-08-09,683083,"Nuñez, Nasim",WSH,CIN,2026,4,4,1,1,0,0,0,0,0,1,0,0,0,1
822700,2026-08-09,686611,"Crews, Dylan",WSH,CIN,2026,4,4,1,1,0,0,0,0,0,1,0,0,0,1
822700,2026-08-09,691781,"House, Brady",WSH,CIN,2026,2,2,0,0,0,0,0,0,0,1,0,0,0,0
822700,2026-08-09,694673,"Ortiz, Abimelec",WSH,CIN,2026,3,3,2,1,0,0,1,0,0,0,0,0,1,5
822700,2026-08-09,695734,"Lile, Daylen",WSH,CIN,2026,4,4,2,2,0,0,0,0,0,1,0,0,1,2
822700,2026-08-09,696285,"Young, Jacob",WSH,CIN,2026,4,3,0,0,0,0,0,0,0,0,0,0,2,0
822701,2026-08-08,660688,"Ruiz, Keibert",WSH,CIN,2026,4,4,1,0,1,0,0,0,0,0,0,0,0,2
822701,2026-08-08,665953,"Chaparro, Andrés",WSH,CIN,2026,2,2,2,1,1,0,0,0,0,0,0,0,3,3
822701,2026-08-08,677588,"Tena, José",WSH,CIN,2026,2,2,1,1,0,0,0,0,0,1,0,0,0,1
822701,2026-08-08,678391,"Vivas, Jorbit",WSH,CIN,2026,4,2,0,0,0,0,0,2,0,1,0,0,0,0
822701,2026-08-08,682928,"Abrams, CJ",WSH,CIN,2026,5,5,2,1,1,0,0,0,0,2,0,0,1,3
822701,2026-08-08,683083,"Nuñez, Nasim",WSH,CIN,2026,4,2,0,0,0,0,0,2,0,1,0,0,0,0
822701,2026-08-08,686611,"Crews, Dylan",WSH,CIN,2026,4,4,1,0,1,0,0,0,0,1,0,0,0,2
822701,2026-08-08,694673,"Ortiz, Abimelec",WSH,CIN,2026,4,5,1,1,0,0,0,0,0,0,0,0,2,1
822701,2026-08-08,695734,"Lile, Daylen",WSH,CIN,2026,4,4,1,1,0,0,0,0,0,1,0,0,1,1
822701,2026-08-08,696285,"Young, Jacob",WSH,CIN,2026,4,3,1,1,0,0,0,0,1,0,0,0,1,1
822702,2026-07-29,671277,"García Jr., Luis",WSH,TOR,2026,4,4,1,1,0,0,0,0,0,0,0,0,1,1
822702,2026-07-29,677588,"Tena, José",WSH,TOR,2026,1,0,0,0,0,0,0,1,0,0,0,0,0,0
822702,2026-07-29,678391,"Vivas, Jorbit",WSH,TOR,2026,4,4,1,1,0,0,0,0,0,1,0,0,0,1
822702,2026-07-29,682928,"Abrams, CJ",WSH,TOR,2026,4,3,0,0,0,0,0,1,0,1,0,0,0,0
822702,2026-07-29,683083,"Nuñez, Nasim",WSH,TOR,2026,4,4,0,0,0,0,0,0,0,1,0,0,0,0
822702,2026-07-29,691781,"House, Brady",WSH,TOR,2026,3,3,0,0,0,0,0,0,0,1,0,0,0,0
822702,2026-07-29,695578,"Wood, James",WSH,TOR,2026,5,4,2,1,1,0,0,1,0,0,0,0,0,3
822702,2026-07-29,695670,"Ford, Harry",WSH,TOR,2026,4,3,0,0,0,0,0,1,0,0,0,0,0,0
822702,2026-07-29,695734,"Lile, Daylen",WSH,TOR,2026,4,4,1,1,0,0,0,0,0,1,0,0,0,1
822702,2026-07-29,696285,"Young, Jacob",WSH,TOR,2026,4,2,1,0,1,0,0,1,0,0,0,0,1,2
822703,2026-07-28,660688,"Ruiz, Keibert",WSH,TOR,2026,5,4,1,1,0,0,0,1,0,1,0,0,1,1
822703,2026-07-28,671277,"García Jr., Luis",WSH,TOR,2026,5,5,2,1,0,0,1,0,0,1,0,0,2,5
822703,2026-07-28,678391,"Vivas, Jorbit",WSH,TOR,2026,1,1,0,0,0,0,0,1,0,0,0,0,0,0
822703,2026-07-28,682928,"Abrams, CJ",WSH,TOR,2026,5,5,1,1,0,0,0,0,0,1,0,0,0,1
822703,2026-07-28,683083,"Nuñez, Nasim",WSH,TOR,2026,4,3,0,0,0,0,0,0,0,0,0,0,1,0
822703,2026-07-28,686611,"Crews, Dylan",WSH,TOR,2026,5,4,1,0,0,0,1,1,0,2,0,0,1,4
822703,2026-07-28,691781,"House, Brady",WSH,TOR,2026,3,3,2,2,0,0,0,0,0,0,0,0,0,2
822703,2026-07-28,695578,"Wood, James",WSH,TOR,2026,5,4,0,0,0,0,0,1,0,1,0,0,0,0
822703,2026-07-28,695734,"Lile, Daylen",WSH,TOR,2026,4,3,1,1,0,0,0,1,0,1,0,0,1,1
822703,2026-07-28,696285,"Young, Jacob",WSH,TOR,2026,4,0,0,0,0,0,0,3,0,0,0,0,2,0
822704,2026-07-25,660688,"Ruiz, Keibert",WSH,AZ,2026,4,4,1,0,1,0,0,0,0,0,0,0,0,2
822704,2026-07-25,665953,"Chaparro, Andrés",WSH,AZ,2026,3,3,1,0,1,0,0,0,0,1,0,0,0,2
822704,2026-07-25,671277,"García Jr., Luis",WSH,AZ,2026,2,2,0,0,0,0,0,0,0,1,0,0,0,0
822704,2026-07-25,678554,"Mead, Curtis",WSH,AZ,2026,5,3,0,0,0,0,0,2,0,0,0,0,0,0
822704,2026-07-25,682928,"Abrams, CJ",WSH,AZ,2026,4,4,3,1,1,0,1,0,0,0,0,0,3,7
822704,2026-07-25,683083,"Nuñez, Nasim",WSH,AZ,2026,4,2,0,0,0,0,0,2,0,0,0,0,0,0
822704,2026-07-25,686611,"Crews, Dylan",WSH,AZ,2026,4,1,0,0,0,0,0,3,0,1,0,0,0,0
822704,2026-07-25,695578,"Wood, James",WSH,AZ,2026,5,5,1,1,0,0,0,0,0,2,0,0,0,1
822704,2026-07-25,695734,"Lile, Daylen",WSH,AZ,2026,4,4,1,0,0,1,0,0,0,1,0,0,2,3
822704,2026-07-25,696285,"Young, Jacob",WSH,AZ,2026,4,4,2,2,0,0,0,0,0,0,0,0,0,2
822705,2026-07-27,660688,"Ruiz, Keibert",WSH,TOR,2026,4,4,0,0,0,0,0,0,0,0,0,0,0,0
822705,2026-07-27,665953,"Chaparro, Andrés",WSH,TOR,2026,2,2,1,0,0,0,1,0,0,1,0,0,1,4
822705,2026-07-27,671277,"García Jr., Luis",WSH,TOR,2026,5,5,2,1,1,0,0,0,0,1,0,0,1,3
822705,2026-07-27,677588,"Tena, José",WSH,TOR,2026,2,2,0,0,0,0,0,0,0,1,0,0,0,0
822705,2026-07-27,678391,"Vivas, Jorbit",WSH,TOR,2026,4,4,0,0,0,0,0,0,0,3,0,0,0,0
822705,2026-07-27,682928,"Abrams, CJ",WSH,TOR,2026,4,2,0,0,0,0,0,2,0,2,0,0,0,0
822705,2026-07-27,683083,"Nuñez, Nasim",WSH,TOR,2026,4,4,2,2,0,0,0,0,0,0,0,0,0,2
822705,2026-07-27,686611,"Crews, Dylan",WSH,TOR,2026,4,4,1,0,1,0,0,0,0,2,0,0,0,2
822705,2026-07-27,695578,"Wood, James",WSH,TOR,2026,5,3,1,1,0,0,0,2,0,1,0,0,0,1
822705,2026-07-27,695734,"Lile, Daylen",WSH,TOR,2026,4,4,1,1,0,0,0,0,0,2,0,0,0,1
822706,2026-07-26,665953,"Chaparro, Andrés",WSH,AZ,2026,2,2,0,0,0,0,0,0,0,0,0,0,0,0
822706,2026-07-26,671277,"García Jr., Luis",WSH,AZ,2026,4,4,2,1,1,0,0,0,0,0,0,0,1,3
822706,2026-07-26,682928,"Abrams, CJ",WSH,AZ,2026,5,5,3,1,0,0,2,0,0,1,0,0,3,9
822706,2026-07-26,683083,"Nuñez, Nasim",WSH,AZ,2026,4,3,0,0,0,0,0,1,0,0,0,0,0,0
822706,2026-07-26,686611,"Crews, Dylan",WSH,AZ,2026,5,5,3,2,1,0,0,0,0,0,0,0,0,4
822706,2026-07-26,691781,"House, Brady",WSH,AZ,2026,5,5,2,0,2,0,0,0,0,1,0,0,1,4
822706,2026-07-26,695578,"Wood, James",WSH,AZ,2026,5,4,2,0,0,0,2,1,0,1,0,0,3,8
822706,2026-07-26,695670,"Ford, Harry",WSH,AZ,2026,4,3,0,0,0,0,0,1,0,1,0,0,0,0
822706,2026-07-26,695734,"Lile, Daylen",WSH,AZ,2026,3,3,1,1,0,0,0,0,0,0,0,0,0,1
822706,2026-07-26,696285,"Young, Jacob",WSH,AZ,2026,4,4,2,1,1,0,0,0,0,0,0,0,2,3
822707,2026-07-24,660688,"Ruiz, Keibert",WSH,AZ,2026,1,1,0,0,0,0,0,0,0,0,0,0,0,0
822707,2026-07-24,665953,"Chaparro, Andrés",WSH,AZ,2026,3,3,1,0,1,0,0,0,0,0,0,0,0,2
822707,2026-07-24,671277,"García Jr., Luis",WSH,AZ,2026,4,3,0,0,0,0,0,1,0,0,0,0,0,0
822707,2026-07-24,677588,"Tena, José",WSH,AZ,2026,1,1,0,0,0,0,0,0,0,0,0,0,0,0
822707,2026-07-24,678391,"Vivas, Jorbit",WSH,AZ,2026,1,1,0,0,0,0,0,0,0,1,0,0,0,0
822707,2026-07-24,678554,"Mead, Curtis",WSH,AZ,2026,4,2,0,0,0,0,0,2,0,0,0,0,0,0
822707,2026-07-24,682928,"Abrams, CJ",WSH,AZ,2026,4,4,2,2,0,0,0,0,0,1,0,0,0,2
822707,2026-07-24,683083,"Nuñez, Nasim",WSH,AZ,2026,3,3,0,0,0,0,0,0,0,0,0,0,0,0
822707,2026-07-24,686611,"Crews, Dylan",WSH,AZ,2026,4,4,2,1,0,0,1,0,0,1,0,0,2,5
822707,2026-07-24,695578,"Wood, James",WSH,AZ,2026,4,4,1,1,0,0,0,0,0,2,0,0,0,1
822707,2026-07-24,695670,"Ford, Harry",WSH,AZ,2026,3,3,1,1,0,0,0,0,0,1,0,0,0,1
822707,2026-07-24,695734,"Lile, Daylen",WSH,AZ,2026,1,1,0,0,0,0,0,0,0,0,0,0,0,0
822707,2026-07-24,696285,"Young, Jacob",WSH,AZ,2026,3,2,0,0,0,0,0,0,0,1,0,0,0,0
822708,2026-07-12,502671,"Goldschmidt, Paul",NYY,WSH,2026,2,1,0,0,0,0,0,1,0,0,0,0,0,0
822708,2026-07-12,641355,"Bellinger, Cody",NYY,WSH,2026,4,3,2,1,1,0,0,1,0,0,0,0,0,3
822708,2026-07-12,641857,"McMahon, Ryan",NYY,WSH,2026,2,2,0,0,0,0,0,0,0,2,0,0,0,0
822708,2026-07-12,642708,"Rosario, Amed",NYY,WSH,2026,1,1,0,0,0,0,0,0,0,1,0,0,0,0
822708,2026-07-12,660688,"Ruiz, Keibert",WSH,NYY,2026,3,3,0,0,0,0,0,0,0,0,0,0,0,0
822708,2026-07-12,663757,"Grisham, Trent",NYY,WSH,2026,4,3,0,0,0,0,0,1,0,0,0,0,0,0
822708,2026-07-12,665862,"Chisholm Jr., Jazz",NYY,WSH,2026,4,4,2,1,1,0,0,0,0,0,0,0,1,3
822708,2026-07-12,665953,"Chaparro, Andrés",WSH,NYY,2026,1,1,0,0,0,0,0,0,0,0,0,0,0,0
822708,2026-07-12,669224,"Wells, Austin",NYY,WSH,2026,2,2,1,1,0,0,0,0,0,0,0,0,1,1
822708,2026-07-12,671277,"García Jr., Luis",WSH,NYY,2026,3,2,0,0,0,0,0,1,0,1,0,0,0,0
822708,2026-07-12,676609,"Caballero, José",NYY,WSH,2026,4,3,1,1,0,0,0,0,0,1,0,0,1,1
822708,2026-07-12,677588,"Tena, José",WSH,NYY,2026,3,2,2,1,1,0,0,0,1,0,0,0,0,3
822708,2026-07-12,678391,"Vivas, Jorbit",WSH,NYY,2026,4,4,0,0,0,0,0,0,0,1,0,0,0,0
822708,2026-07-12,678554,"Mead, Curtis",WSH,NYY,2026,2,2,1,0,0,0,1,0,0,0,0,0,1,4
822708,2026-07-12,680474,"Schuemann, Max",NYY,WSH,2026,4,4,1,1,0,0,0,0,0,1,0,0,0,1
822708,2026-07-12,682928,"Abrams, CJ",WSH,NYY,2026,4,4,1,1,0,0,0,0,0,1,0,0,0,1
822708,2026-07-12,683011,"Volpe, Anthony",NYY,WSH,2026,1,1,0,0,0,0,0,0,0,1,0,0,0,0
822708,2026-07-12,683083,"Nuñez, Nasim",WSH,NYY,2026,1,1,0,0,0,0,0,0,0,0,0,0,0,0
822708,2026-07-12,686611,"Crews, Dylan",WSH,NYY,2026,4,4,0,0,0,0,0,0,0,2,0,0,0,0
822708,2026-07-12,691176,"Domínguez, Jasson",NYY,WSH,2026,4,4,0,0,0,0,0,0,0,0,0,0,0,0
822708,2026-07-12,694673,"Ortiz, Abimelec",WSH,NYY,2026,2,2,1,0,1,0,0,0,0,0,0,0,0,2
822708,2026-07-12,695578,"Wood, James",WSH,NYY,2026,4,2,1,0,0,0,1,2,0,1,0,0,1,4
822708,2026-07-12,695734,"Lile, Daylen",WSH,NYY,2026,4,4,0,0,0,0,0,0,0,0,0,0,0,0
822708,2026-07-12,700250,"Rice, Ben",NYY,WSH,2026,4,4,1,0,0,1,0,0,0,2,0,0,2,3
822709,2026-07-10,502671,"Goldschmidt, Paul",NYY,WSH,2026,5,5,2,2,0,0,0,0,0,1,0,0,0,2
822709,2026-07-10,641355,"Bellinger, Cody",NYY,WSH,2026,4,4,2,2,0,0,0,0,0,0,0,0,0,2
822709,2026-07-10,641857,"McMahon, Ryan",NYY,WSH,2026,1,1,0,0,0,0,0,0,0,1,0,0,0,0
822709,2026-07-10,642708,"Rosario, Amed",NYY,WSH,2026,2,2,0,0,0,0,0,0,0,2,0,0,0,0
822709,2026-07-10,660688,"Ruiz, Keibert",WSH,NYY,2026,4,4,1,0,0,0,1,0,0,1,0,0,1,4
822709,2026-07-10,663757,"Grisham, Trent",NYY,WSH,2026,5,4,1,1,0,0,0,1,0,1,0,0,0,1
822709,2026-07-10,665862,"Chisholm Jr., Jazz",NYY,WSH,2026,4,4,1,0,0,0,1,0,0,1,0,0,2,4
822709,2026-07-10,665953,"Chaparro, Andrés",WSH,NYY,2026,2,2,1,1,0,0,0,0,0,0,0,0,0,1
822709,2026-07-10,669224,"Wells, Austin",NYY,WSH,2026,4,4,1,0,0,0,1,0,0,2,0,0,1,4
822709,2026-07-10,671277,"García Jr., Luis",WSH,NYY,2026,4,4,0,0,0,0,0,0,0,1,0,0,0,0
822709,2026-07-10,676609,"Caballero, José",NYY,WSH,2026,4,4,2,2,0,0,0,0,0,1,0,0,0,2
822709,2026-07-10,678391,"Vivas, Jorbit",WSH,NYY,2026,2,2,0,0,0,0,0,0,0,1,0,0,0,0
822709,2026-07-10,678554,"Mead, Curtis",WSH,NYY,2026,4,4,1,1,0,0,0,0,0,1,0,0,0,1
822709,2026-07-10,682928,"Abrams, CJ",WSH,NYY,2026,4,4,1,0,1,0,0,0,0,1,0,0,0,2
822709,2026-07-10,683011,"Volpe, Anthony",NYY,WSH,2026,2,1,1,1,0,0,0,1,0,0,0,0,0,1
822709,2026-07-10,683083,"Nuñez, Nasim",WSH,NYY,2026,2,2,0,0,0,0,0,0,0,0,0,0,0,0
822709,2026-07-10,686611,"Crews, Dylan",WSH,NYY,2026,4,4,0,0,0,0,0,0,0,2,0,0,0,0
822709,2026-07-10,691176,"Domínguez, Jasson",NYY,WSH,2026,4,4,2,1,0,0,1,0,0,1,0,0,1,5
822709,2026-07-10,695578,"Wood, James",WSH,NYY,2026,5,5,3,1,1,0,1,0,0,0,0,0,1,7
822709,2026-07-10,695734,"Lile, Daylen",WSH,NYY,2026,2,1,0,0,0,0,0,0,1,1,0,0,0,0
822709,2026-07-10,696285,"Young, Jacob",WSH,NYY,2026,4,4,1,1,0,0,0,0,0,0,0,0,0,1
822709,2026-07-10,700250,"Rice, Ben",NYY,WSH,2026,5,4,1,0,0,0,1,1,0,1,0,0,1,4
822710,2026-07-08,660688,"Ruiz, Keibert",WSH,HOU,2026,4,3,1,1,0,0,0,0,0,0,0,0,1,1
822710,2026-07-08,671277,"García Jr., Luis",WSH,HOU,2026,5,4,3,2,0,0,1,1,0,0,0,0,3,6
822710,2026-07-08,677588,"Tena, José",WSH,HOU,2026,4,4,0,0,0,0,0,0,0,1,0,0,1,0
822710,2026-07-08,678391,"Vivas, Jorbit",WSH,HOU,2026,5,3,1,0,1,0,0,2,0,0,0,0,0,2
822710,2026-07-08,678554,"Mead, Curtis",WSH,HOU,2026,5,3,0,0,0,0,0,2,0,1,0,0,0,0
822710,2026-07-08,682928,"Abrams, CJ",WSH,HOU,2026,5,3,1,0,0,0,1,1,0,0,0,0,2,4
822710,2026-07-08,686611,"Crews, Dylan",WSH,HOU,2026,5,4,1,1,0,0,0,1,0,0,0,0,0,1
822710,2026-07-08,695578,"Wood, James",WSH,HOU,2026,5,2,0,0,0,0,0,3,0,1,0,0,0,0
822710,2026-07-08,695734,"Lile, Daylen",WSH,HOU,2026,5,5,2,1,1,0,0,0,0,0,0,0,1,3
822711,2026-07-11,502671,"Goldschmidt, Paul",NYY,WSH,2026,4,4,1,0,0,0,1,0,0,1,0,0,1,4
822711,2026-07-11,641355,"Bellinger, Cody",NYY,WSH,2026,4,4,1,0,1,0,0,0,0,0,0,0,0,2
822711,2026-07-11,641857,"McMahon, Ryan",NYY,WSH,2026,4,3,1,0,0,0,1,1,0,0,0,0,1,4
822711,2026-07-11,642708,"Rosario, Amed",NYY,WSH,2026,1,0,0,0,0,0,0,1,0,0,0,0,0,0
822711,2026-07-11,645305,"Sánchez, Ali",NYY,WSH,2026,2,2,0,0,0,0,0,0,0,0,0,0,0,0
822711,2026-07-11,663757,"Grisham, Trent",NYY,WSH,2026,4,4,2,1,0,0,1,0,0,1,0,0,2,5
822711,2026-07-11,665862,"Chisholm Jr., Jazz",NYY,WSH,2026,4,4,0,0,0,0,0,0,0,3,0,0,0,0
822711,2026-07-11,669224,"Wells, Austin",NYY,WSH,2026,2,2,0,0,0,0,0,0,0,0,0,0,0,0
822711,2026-07-11,671277,"García Jr., Luis",WSH,NYY,2026,5,5,1,1,0,0,0,0,0,0,0,0,0,1
822711,2026-07-11,676609,"Caballero, José",NYY,WSH,2026,1,1,0,0,0,0,0,0,0,0,0,0,0,0
822711,2026-07-11,677588,"Tena, José",WSH,NYY,2026,1,1,0,0,0,0,0,0,0,1,0,0,0,0
822711,2026-07-11,678391,"Vivas, Jorbit",WSH,NYY,2026,4,3,0,0,0,0,0,1,0,0,0,0,0,0
822711,2026-07-11,678554,"Mead, Curtis",WSH,NYY,2026,4,3,2,1,0,0,1,1,0,0,0,0,1,5
822711,2026-07-11,682928,"Abrams, CJ",WSH,NYY,2026,4,4,1,1,0,0,0,0,0,2,0,0,0,1
822711,2026-07-11,683011,"Volpe, Anthony",NYY,WSH,2026,4,4,1,1,0,0,0,0,0,1,0,0,0,1
822711,2026-07-11,683083,"Nuñez, Nasim",WSH,NYY,2026,4,3,0,0,0,0,0,1,0,1,0,0,0,0
822711,2026-07-11,686452,"Millas, Drew",WSH,NYY,2026,3,2,0,0,0,0,0,1,0,1,0,0,0,0
822711,2026-07-11,686611,"Crews, Dylan",WSH,NYY,2026,4,3,0,0,0,0,0,1,0,0,0,0,0,0
822711,2026-07-11,691176,"Domínguez, Jasson",NYY,WSH,2026,4,4,1,1,0,0,0,0,0,0,0,0,0,1
822711,2026-07-11,695578,"Wood, James",WSH,NYY,2026,5,5,3,2,0,0,1,0,0,1,0,0,1,6
822711,2026-07-11,695734,"Lile, Daylen",WSH,NYY,2026,4,4,0,0,0,0,0,0,0,2,0,0,0,0
822711,2026-07-11,700250,"Rice, Ben",NYY,WSH,2026,4,2,2,2,0,0,0,2,0,0,0,0,0,2
822712,2026-07-06,671277,"García Jr., Luis",WSH,HOU,2026,5,5,1,0,1,0,0,0,0,3,0,0,1,2
822712,2026-07-06,678554,"Mead, Curtis",WSH,HOU,2026,5,5,3,1,1,0,1,0,0,1,0,0,3,7
822712,2026-07-06,682928,"Abrams, CJ",WSH,HOU,2026,5,5,3,2,0,0,1,0,0,1,0,0,3,6
822712,2026-07-06,683083,"Nuñez, Nasim",WSH,HOU,2026,4,4,3,3,0,0,0,0,0,1,0,0,0,3
822712,2026-07-06,686452,"Millas, Drew",WSH,HOU,2026,4,3,1,1,0,0,0,0,0,2,0,0,1,1
822712,2026-07-06,686611,"Crews, Dylan",WSH,HOU,2026,4,4,0,0,0,0,0,0,0,1,0,0,0,0
822712,2026-07-06,695578,"Wood, James",WSH,HOU,2026,5,2,1,0,0,0,1,3,0,0,0,0,4,4
822712,2026-07-06,695734,"Lile, Daylen",WSH,HOU,2026,4,4,0,0,0,0,0,0,0,0,0,0,0,0
822712,2026-07-06,696285,"Young, Jacob",WSH,HOU,2026,4,4,1,1,0,0,0,0,0,0,0,0,0,1
822713,2026-07-07,660688,"Ruiz, Keibert",WSH,HOU,2026,4,4,0,0,0,0,0,0,0,1,0,0,0,0
822713,2026-07-07,665953,"Chaparro, Andrés",WSH,HOU,2026,2,2,0,0,0,0,0,0,0,2,0,0,0,0
822713,2026-07-07,671277,"García Jr., Luis",WSH,HOU,2026,3,3,2,2,0,0,0,0,0,0,0,0,0,2
822713,2026-07-07,677588,"Tena, José",WSH,HOU,2026,1,1,1,0,0,0,1,0,0,0,0,0,1,4
822713,2026-07-07,678391,"Vivas, Jorbit",WSH,HOU,2026,4,5,1,1,0,0,0,0,0,0,0,0,0,1
822713,2026-07-07,678554,"Mead, Curtis",WSH,HOU,2026,5,5,2,1,1,0,0,0,0,1,0,0,0,3
822713,2026-07-07,682928,"Abrams, CJ",WSH,HOU,2026,5,2,1,1,0,0,0,2,0,0,0,0,1,1
822713,2026-07-07,683083,"Nuñez, Nasim",WSH,HOU,2026,4,4,2,2,0,0,0,0,0,1,0,0,0,2
822713,2026-07-07,686611,"Crews, Dylan",WSH,HOU,2026,1,1,0,0,0,0,0,0,0,1,0,0,0,0
822713,2026-07-07,695578,"Wood, James",WSH,HOU,2026,5,4,2,1,0,0,1,1,0,1,0,0,1,5
822713,2026-07-07,695734,"Lile, Daylen",WSH,HOU,2026,4,4,0,0,0,0,0,0,0,3,0,0,0,0
822713,2026-07-07,696285,"Young, Jacob",WSH,HOU,2026,3,2,0,0,0,0,0,1,0,0,0,0,0,0
822714,2026-07-03,660688,"Ruiz, Keibert",WSH,PIT,2026,4,4,0,0,0,0,0,0,0,0,0,0,0,0
822714,2026-07-03,671277,"García Jr., Luis",WSH,PIT,2026,5,4,2,0,0,0,2,1,0,0,0,0,3,8
822714,2026-07-03,677588,"Tena, José",WSH,PIT,2026,5,5,1,0,0,0,1,0,0,0,0,0,2,4
822714,2026-07-03,678391,"Vivas, Jorbit",WSH,PIT,2026,4,3,1,1,0,0,0,1,0,0,0,0,0,1
822714,2026-07-03,682928,"Abrams, CJ",WSH,PIT,2026,4,4,1,1,0,0,0,0,0,1,0,0,0,1
822714,2026-07-03,683083,"Nuñez, Nasim",WSH,PIT,2026,4,4,2,2,0,0,0,0,0,1,0,0,0,2
822714,2026-07-03,686611,"Crews, Dylan",WSH,PIT,2026,4,3,0,0,0,0,0,1,0,0,0,0,0,0
822714,2026-07-03,695578,"Wood, James",WSH,PIT,2026,5,5,2,0,1,1,0,0,0,0,0,0,0,5
822714,2026-07-03,695734,"Lile, Daylen",WSH,PIT,2026,4,4,3,0,1,0,2,0,0,0,0,0,4,10
822715,2026-07-05,660688,"Ruiz, Keibert",WSH,PIT,2026,3,3,2,1,1,0,0,0,0,0,0,0,0,3
822715,2026-07-05,665953,"Chaparro, Andrés",WSH,PIT,2026,1,1,0,0,0,0,0,0,0,1,0,0,0,0
822715,2026-07-05,671277,"García Jr., Luis",WSH,PIT,2026,5,5,2,1,0,0,1,0,0,0,0,0,2,5
822715,2026-07-05,677588,"Tena, José",WSH,PIT,2026,4,3,2,2,0,0,0,1,0,0,0,0,0,2
822715,2026-07-05,678391,"Vivas, Jorbit",WSH,PIT,2026,3,3,0,0,0,0,0,0,0,1,0,0,1,0
822715,2026-07-05,678554,"Mead, Curtis",WSH,PIT,2026,5,4,2,2,0,0,0,1,0,0,0,0,0,2
822715,2026-07-05,682928,"Abrams, CJ",WSH,PIT,2026,5,4,1,1,0,0,0,0,0,0,0,0,1,1
822715,2026-07-05,686452,"Millas, Drew",WSH,PIT,2026,1,1,0,0,0,0,0,0,0,1,0,0,0,0
822715,2026-07-05,686611,"Crews, Dylan",WSH,PIT,2026,4,3,1,0,0,0,1,1,0,0,0,0,1,4
822715,2026-07-05,695578,"Wood, James",WSH,PIT,2026,5,3,0,0,0,0,0,2,0,0,0,0,0,0
822715,2026-07-05,695734,"Lile, Daylen",WSH,PIT,2026,4,4,0,0,0,0,0,0,0,1,0,0,0,0
822716,2026-07-04,665953,"Chaparro, Andrés",WSH,PIT,2026,1,1,0,0,0,0,0,0,0,1,0,0,0,0
822716,2026-07-04,671277,"García Jr., Luis",WSH,PIT,2026,3,3,0,0,0,0,0,0,0,1,0,0,0,0
822716,2026-07-04,677588,"Tena, José",WSH,PIT,2026,4,3,1,1,0,0,0,1,0,0,0,0,0,1
822716,2026-07-04,678554,"Mead, Curtis",WSH,PIT,2026,4,4,1,1,0,0,0,0,0,2,0,0,0,1
822716,2026-07-04,682928,"Abrams, CJ",WSH,PIT,2026,4,4,0,0,0,0,0,0,0,1,0,0,0,0
822716,2026-07-04,683083,"Nuñez, Nasim",WSH,PIT,2026,3,2,0,0,0,0,0,1,0,0,0,0,0,0
822716,2026-07-04,686452,"Millas, Drew",WSH,PIT,2026,4,3,0,0,0,0,0,1,0,1,0,0,0,0
822716,2026-07-04,686611,"Crews, Dylan",WSH,PIT,2026,4,4,1,1,0,0,0,0,0,3,0,0,0,1
822716,2026-07-04,695578,"Wood, James",WSH,PIT,2026,4,2,1,0,0,0,1,2,0,0,0,0,1,4
822716,2026-07-04,695734,"Lile, Daylen",WSH,PIT,2026,4,4,2,2,0,0,0,0,0,2,0,0,0,2
822717,2026-06-25,660688,"Ruiz, Keibert",WSH,PHI,2026,4,4,0,0,0,0,0,0,0,2,0,0,0,0
822717,2026-06-25,665953,"Chaparro, Andrés",WSH,PHI,2026,4,3,0,0,0,0,0,0,1,1,0,0,0,0
822717,2026-06-25,677588,"Tena, José",WSH,PHI,2026,1,1,0,0,0,0,0,0,0,1,0,0,0,0
822717,2026-06-25,678391,"Vivas, Jorbit",WSH,PHI,2026,4,4,0,0,0,0,0,0,0,1,0,0,0,0
822717,2026-06-25,678554,"Mead, Curtis",WSH,PHI,2026,5,5,1,0,0,0,1,0,0,1,0,0,1,4
822717,2026-06-25,682928,"Abrams, CJ",WSH,PHI,2026,1,1,0,0,0,0,0,0,0,1,0,0,0,0
822717,2026-06-25,683083,"Nuñez, Nasim",WSH,PHI,2026,3,2,1,1,0,0,0,1,0,1,0,0,1,1
822717,2026-06-25,686611,"Crews, Dylan",WSH,PHI,2026,4,4,3,3,0,0,0,0,0,1,0,0,0,3
822717,2026-06-25,695578,"Wood, James",WSH,PHI,2026,5,5,0,0,0,0,0,0,0,2,0,0,0,0
822717,2026-06-25,695734,"Lile, Daylen",WSH,PHI,2026,4,4,2,1,1,0,0,0,0,1,0,0,1,3
822717,2026-06-25,696285,"Young, Jacob",WSH,PHI,2026,3,3,1,1,0,0,0,0,0,0,0,0,2,1
822718,2026-06-23,660688,"Ruiz, Keibert",WSH,PHI,2026,4,3,0,0,0,0,0,1,0,1,0,0,0,0
822718,2026-06-23,665953,"Chaparro, Andrés",WSH,PHI,2026,3,3,0,0,0,0,0,0,0,2,0,0,0,0
822718,2026-06-23,671277,"García Jr., Luis",WSH,PHI,2026,2,1,1,0,0,0,1,1,0,0,0,0,1,4
822718,2026-06-23,677588,"Tena, José",WSH,PHI,2026,4,4,2,1,1,0,0,0,0,2,0,0,2,3
822718,2026-06-23,678391,"Vivas, Jorbit",WSH,PHI,2026,4,3,2,1,0,0,1,1,0,0,0,0,3,5
822718,2026-06-23,678554,"Mead, Curtis",WSH,PHI,2026,5,5,0,0,0,0,0,0,0,4,0,0,0,0
822718,2026-06-23,683083,"Nuñez, Nasim",WSH,PHI,2026,4,3,1,1,0,0,0,1,0,2,0,0,2,1
822718,2026-06-23,686611,"Crews, Dylan",WSH,PHI,2026,5,4,2,2,0,0,0,0,1,1,0,0,0,2
822718,2026-06-23,695578,"Wood, James",WSH,PHI,2026,5,5,0,0,0,0,0,0,0,3,0,0,0,0
822718,2026-06-23,696285,"Young, Jacob",WSH,PHI,2026,4,4,0,0,0,0,0,0,0,2,0,0,0,0
822719,2026-06-24,671277,"García Jr., Luis",WSH,PHI,2026,5,3,1,0,0,0,1,2,0,1,0,0,1,4
822719,2026-06-24,677588,"Tena, José",WSH,PHI,2026,4,4,1,0,0,1,0,0,0,1,0,0,0,3
822719,2026-06-24,678391,"Vivas, Jorbit",WSH,PHI,2026,2,2,1,0,0,0,1,0,0,0,0,0,1,4
822719,2026-06-24,678554,"Mead, Curtis",WSH,PHI,2026,2,2,1,0,0,0,1,0,0,0,0,0,2,4
822719,2026-06-24,682928,"Abrams, CJ",WSH,PHI,2026,4,2,1,1,0,0,0,1,1,0,0,0,0,1
822719,2026-06-24,683083,"Nuñez, Nasim",WSH,PHI,2026,4,4,0,0,0,0,0,0,0,3,0,0,0,0
822719,2026-06-24,686452,"Millas, Drew",WSH,PHI,2026,4,3,0,0,0,0,0,0,1,1,0,0,0,0
822719,2026-06-24,686611,"Crews, Dylan",WSH,PHI,2026,4,4,0,0,0,0,0,0,0,1,0,0,0,0
822719,2026-06-24,695578,"Wood, James",WSH,PHI,2026,5,5,0,0,0,0,0,0,0,3,0,0,0,0
822719,2026-06-24,695734,"Lile, Daylen",WSH,PHI,2026,4,4,1,1,0,0,0,0,0,0,0,0,0,1
822720,2026-06-22,660688,"Ruiz, Keibert",WSH,PHI,2026,4,3,2,1,1,0,0,0,1,0,0,0,0,3
822720,2026-06-22,671277,"García Jr., Luis",WSH,PHI,2026,4,4,1,0,0,0,1,0,0,0,0,0,1,4
822720,2026-06-22,678554,"Mead, Curtis",WSH,PHI,2026,5,5,1,0,0,0,1,0,0,1,0,0,2,4
822720,2026-06-22,682928,"Abrams, CJ",WSH,PHI,2026,4,4,1,1,0,0,0,0,0,0,0,0,0,1
822720,2026-06-22,683083,"Nuñez, Nasim",WSH,PHI,2026,4,4,2,2,0,0,0,0,0,1,0,0,0,2
822720,2026-06-22,686611,"Crews, Dylan",WSH,PHI,2026,5,5,2,1,1,0,0,0,0,1,0,0,1,3
822720,2026-06-22,695578,"Wood, James",WSH,PHI,2026,5,4,2,1,1,0,0,1,0,2,0,0,0,3
822720,2026-06-22,695734,"Lile, Daylen",WSH,PHI,2026,4,4,0,0,0,0,0,0,0,2,0,0,0,0
822720,2026-06-22,696285,"Young, Jacob",WSH,PHI,2026,4,4,1,1,0,0,0,0,0,1,0,0,0,1
822721,2026-06-17,660688,"Ruiz, Keibert",WSH,KC,2026,3,3,1,1,0,0,0,0,0,0,0,0,0,1
822721,2026-06-17,671277,"García Jr., Luis",WSH,KC,2026,4,4,0,0,0,0,0,0,0,0,0,0,0,0
822721,2026-06-17,677588,"Tena, José",WSH,KC,2026,3,3,1,1,0,0,0,0,0,2,0,0,0,1
822721,2026-06-17,678554,"Mead, Curtis",WSH,KC,2026,4,2,0,0,0,0,0,1,1,1,0,0,0,0
822721,2026-06-17,682928,"Abrams, CJ",WSH,KC,2026,4,4,1,0,1,0,0,0,0,1,0,0,1,2
822721,2026-06-17,683083,"Nuñez, Nasim",WSH,KC,2026,3,3,2,2,0,0,0,0,0,0,0,0,0,2
822721,2026-06-17,686611,"Crews, Dylan",WSH,KC,2026,4,4,1,1,0,0,0,0,0,0,0,0,1,1
822721,2026-06-17,695578,"Wood, James",WSH,KC,2026,4,4,0,0,0,0,0,0,0,2,0,0,0,0
822721,2026-06-17,695734,"Lile, Daylen",WSH,KC,2026,4,4,0,0,0,0,0,0,0,0,0,0,0,0
822722,2026-06-14,660688,"Ruiz, Keibert",WSH,SEA,2026,4,4,3,2,0,0,1,0,0,0,0,0,2,6
822722,2026-06-14,671277,"García Jr., Luis",WSH,SEA,2026,5,5,1,1,0,0,0,0,0,2,0,0,0,1
822722,2026-06-14,678391,"Vivas, Jorbit",WSH,SEA,2026,4,3,1,1,0,0,0,1,0,1,0,0,1,1
822722,2026-06-14,682928,"Abrams, CJ",WSH,SEA,2026,5,5,1,1,0,0,0,0,0,1,0,0,0,1
822722,2026-06-14,683083,"Nuñez, Nasim",WSH,SEA,2026,4,4,1,1,0,0,0,0,0,2,0,0,2,1
822722,2026-06-14,686611,"Crews, Dylan",WSH,SEA,2026,5,5,1,0,1,0,0,0,0,0,0,0,1,2
822722,2026-06-14,695578,"Wood, James",WSH,SEA,2026,5,4,3,1,1,0,1,1,0,0,0,0,2,7
822722,2026-06-14,695734,"Lile, Daylen",WSH,SEA,2026,4,4,1,0,1,0,0,0,0,1,0,0,1,2
822722,2026-06-14,696285,"Young, Jacob",WSH,SEA,2026,4,4,2,0,2,0,0,0,0,1,0,0,1,4
822723,2026-06-16,665953,"Chaparro, Andrés",WSH,KC,2026,1,0,0,0,0,0,0,1,0,0,0,0,0,0
822723,2026-06-16,671277,"García Jr., Luis",WSH,KC,2026,3,3,2,2,0,0,0,0,0,0,0,0,0,2
822723,2026-06-16,677588,"Tena, José",WSH,KC,2026,1,1,0,0,0,0,0,0,0,0,0,0,0,0
822723,2026-06-16,678554,"Mead, Curtis",WSH,KC,2026,4,3,1,0,0,0,1,1,0,0,0,0,3,4
822723,2026-06-16,682928,"Abrams, CJ",WSH,KC,2026,4,4,1,1,0,0,0,0,0,1,0,0,0,1
822723,2026-06-16,683083,"Nuñez, Nasim",WSH,KC,2026,4,2,2,0,0,2,0,2,0,0,0,0,1,6
822723,2026-06-16,686452,"Millas, Drew",WSH,KC,2026,4,4,2,1,1,0,0,0,0,0,0,0,0,3
822723,2026-06-16,686611,"Crews, Dylan",WSH,KC,2026,4,4,0,0,0,0,0,0,0,1,0,0,0,0
822723,2026-06-16,695578,"Wood, James",WSH,KC,2026,5,4,1,1,0,0,0,0,0,1,0,0,2,1
822723,2026-06-16,695734,"Lile, Daylen",WSH,KC,2026,4,3,0,0,0,0,0,0,1,0,0,0,0,0
822723,2026-06-16,696285,"Young, Jacob",WSH,KC,2026,4,4,1,1,0,0,0,0,0,1,0,0,0,1
822724,2026-06-15,660688,"Ruiz, Keibert",WSH,KC,2026,4,4,1,1,0,0,0,0,0,0,0,0,0,1
822724,2026-06-15,671277,"García Jr., Luis",WSH,KC,2026,4,4,1,1,0,0,0,0,0,0,0,0,2,1
822724,2026-06-15,678554,"Mead, Curtis",WSH,KC,2026,4,4,1,1,0,0,0,0,0,1,0,0,2,1
822724,2026-06-15,682928,"Abrams, CJ",WSH,KC,2026,4,4,0,0,0,0,0,0,0,1,0,0,0,0
822724,2026-06-15,683083,"Nuñez, Nasim",WSH,KC,2026,3,2,2,2,0,0,0,1,0,0,0,0,0,2
822724,2026-06-15,686611,"Crews, Dylan",WSH,KC,2026,4,4,1,0,0,0,1,0,0,0,0,0,3,4
822724,2026-06-15,695578,"Wood, James",WSH,KC,2026,4,3,1,0,1,0,0,1,0,1,0,0,0,2
822724,2026-06-15,695734,"Lile, Daylen",WSH,KC,2026,4,3,1,1,0,0,0,1,0,0,0,0,0,1
822724,2026-06-15,696285,"Young, Jacob",WSH,KC,2026,4,3,0,0,0,0,0,1,0,0,0,0,0,0
822725,2026-06-13,665953,"Chaparro, Andrés",WSH,SEA,2026,2,2,1,0,1,0,0,0,0,0,0,0,0,2
822725,2026-06-13,671277,"García Jr., Luis",WSH,SEA,2026,3,3,1,0,0,0,1,0,0,0,0,0,2,4
822725,2026-06-13,677588,"Tena, José",WSH,SEA,2026,4,4,2,2,0,0,0,0,0,1,0,0,1,2
822725,2026-06-13,678554,"Mead, Curtis",WSH,SEA,2026,4,3,0,0,0,0,0,1,0,0,0,0,0,0
822725,2026-06-13,682928,"Abrams, CJ",WSH,SEA,2026,4,4,3,3,0,0,0,0,0,0,0,0,2,3
822725,2026-06-13,683083,"Nuñez, Nasim",WSH,SEA,2026,4,3,0,0,0,0,0,1,0,1,0,0,0,0
822725,2026-06-13,686452,"Millas, Drew",WSH,SEA,2026,4,3,0,0,0,0,0,0,0,2,0,0,0,0
822725,2026-06-13,686611,"Crews, Dylan",WSH,SEA,2026,4,4,1,1,0,0,0,0,0,2,0,0,1,1
822725,2026-06-13,695578,"Wood, James",WSH,SEA,2026,5,4,1,1,0,0,0,1,0,1,0,0,0,1
822725,2026-06-13,695734,"Lile, Daylen",WSH,SEA,2026,4,4,1,0,0,1,0,0,0,0,0,0,1,3
822726,2026-06-12,660688,"Ruiz, Keibert",WSH,SEA,2026,3,3,0,0,0,0,0,0,0,0,0,0,0,0
822726,2026-06-12,671277,"García Jr., Luis",WSH,SEA,2026,4,4,0,0,0,0,0,0,0,1,0,0,0,0
822726,2026-06-12,678391,"Vivas, Jorbit",WSH,SEA,2026,3,3,1,1,0,0,0,0,0,0,0,0,0,1
822726,2026-06-12,678554,"Mead, Curtis",WSH,SEA,2026,3,3,0,0,0,0,0,0,0,1,0,0,0,0
822726,2026-06-12,682928,"Abrams, CJ",WSH,SEA,2026,3,3,0,0,0,0,0,0,0,2,0,0,0,0
822726,2026-06-12,686611,"Crews, Dylan",WSH,SEA,2026,3,3,1,0,0,0,1,0,0,0,0,0,1,4
822726,2026-06-12,695578,"Wood, James",WSH,SEA,2026,4,4,2,1,0,0,1,0,0,1,0,0,1,5
822726,2026-06-12,695734,"Lile, Daylen",WSH,SEA,2026,3,3,0,0,0,0,0,0,0,1,0,0,0,0
822726,2026-06-12,696285,"Young, Jacob",WSH,SEA,2026,3,3,0,0,0,0,0,0,0,2,0,0,0,0
822727,2026-06-03,660688,"Ruiz, Keibert",WSH,MIA,2026,3,2,1,1,0,0,0,1,0,0,0,0,0,1
822727,2026-06-03,671277,"García Jr., Luis",WSH,MIA,2026,3,2,0,0,0,0,0,1,0,0,0,0,0,0
822727,2026-06-03,677588,"Tena, José",WSH,MIA,2026,1,1,0,0,0,0,0,0,0,0,0,0,0,0
822727,2026-06-03,678554,"Mead, Curtis",WSH,MIA,2026,4,4,1,1,0,0,0,0,0,1,0,0,0,1
822727,2026-06-03,682928,"Abrams, CJ",WSH,MIA,2026,4,4,0,0,0,0,0,0,0,2,0,0,0,0
822727,2026-06-03,683083,"Nuñez, Nasim",WSH,MIA,2026,2,2,0,0,0,0,0,0,0,0,0,0,0,0
822727,2026-06-03,686611,"Crews, Dylan",WSH,MIA,2026,4,3,0,0,0,0,0,0,1,1,0,0,1,0
822727,2026-06-03,695578,"Wood, James",WSH,MIA,2026,4,3,0,0,0,0,0,1,0,3,0,0,0,0
822727,2026-06-03,695734,"Lile, Daylen",WSH,MIA,2026,4,4,0,0,0,0,0,0,0,1,0,0,0,0
822727,2026-06-03,696285,"Young, Jacob",WSH,MIA,2026,4,4,1,1,0,0,0,0,0,1,0,0,0,1
822728,2026-06-02,660688,"Ruiz, Keibert",WSH,MIA,2026,2,2,0,0,0,0,0,0,0,1,0,0,1,0
822728,2026-06-02,671277,"García Jr., Luis",WSH,MIA,2026,4,4,1,0,0,1,0,0,0,1,0,0,1,3
822728,2026-06-02,677588,"Tena, José",WSH,MIA,2026,1,1,0,0,0,0,0,0,0,1,0,0,0,0
822728,2026-06-02,678391,"Vivas, Jorbit",WSH,MIA,2026,4,4,0,0,0,0,0,0,0,1,0,0,0,0
822728,2026-06-02,678554,"Mead, Curtis",WSH,MIA,2026,4,4,0,0,0,0,0,0,0,2,0,0,0,0
822728,2026-06-02,682928,"Abrams, CJ",WSH,MIA,2026,4,4,1,1,0,0,0,0,0,1,0,0,0,1
822728,2026-06-02,686452,"Millas, Drew",WSH,MIA,2026,2,2,1,1,0,0,0,0,0,0,0,0,0,1
822728,2026-06-02,686611,"Crews, Dylan",WSH,MIA,2026,4,4,1,1,0,0,0,0,0,2,0,0,1,1
822728,2026-06-02,695578,"Wood, James",WSH,MIA,2026,4,4,0,0,0,0,0,0,0,1,0,0,0,0
822728,2026-06-02,695734,"Lile, Daylen",WSH,MIA,2026,4,3,2,2,0,0,0,1,0,0,0,0,0,2
822728,2026-06-02,696285,"Young, Jacob",WSH,MIA,2026,2,2,1,1,0,0,0,0,0,1,0,0,0,1
822729,2026-05-31,660688,"Ruiz, Keibert",WSH,SD,2026,3,3,2,2,0,0,0,0,0,0,0,0,0,2
822729,2026-05-31,665953,"Chaparro, Andrés",WSH,SD,2026,1,1,1,0,1,0,0,0,0,0,0,0,1,2
822729,2026-05-31,671277,"García Jr., Luis",WSH,SD,2026,3,3,1,0,0,0,1,0,0,0,0,0,1,4
822729,2026-05-31,677588,"Tena, José",WSH,SD,2026,4,3,1,1,0,0,0,1,0,1,0,0,0,1
822729,2026-05-31,678391,"Vivas, Jorbit",WSH,SD,2026,3,3,1,1,0,0,0,0,0,1,0,0,0,1
822729,2026-05-31,678554,"Mead, Curtis",WSH,SD,2026,4,4,0,0,0,0,0,0,0,1,0,0,0,0
822729,2026-05-31,682928,"Abrams, CJ",WSH,SD,2026,4,4,2,1,1,0,0,0,0,0,0,0,0,3
822729,2026-05-31,695578,"Wood, James",WSH,SD,2026,4,3,1,0,0,0,1,1,0,1,0,0,2,4
822729,2026-05-31,695734,"Lile, Daylen",WSH,SD,2026,4,4,0,0,0,0,0,0,0,1,0,0,0,0
822729,2026-05-31,696285,"Young, Jacob",WSH,SD,2026,4,3,0,0,0,0,0,1,0,0,0,0,0,0
822730,2026-06-01,660688,"Ruiz, Keibert",WSH,MIA,2026,3,3,0,0,0,0,0,0,0,0,0,0,0,0
822730,2026-06-01,671277,"García Jr., Luis",WSH,MIA,2026,4,3,0,0,0,0,0,1,0,0,0,0,0,0
822730,2026-06-01,677588,"Tena, José",WSH,MIA,2026,3,3,0,0,0,0,0,0,0,1,0,0,0,0
822730,2026-06-01,678391,"Vivas, Jorbit",WSH,MIA,2026,1,1,0,0,0,0,0,0,0,0,0,0,0,0
822730,2026-06-01,678554,"Mead, Curtis",WSH,MIA,2026,4,4,2,2,0,0,0,0,0,1,0,0,1,2
822730,2026-06-01,682928,"Abrams, CJ",WSH,MIA,2026,4,4,1,1,0,0,0,0,0,0,0,0,0,1
822730,2026-06-01,683083,"Nuñez, Nasim",WSH,MIA,2026,2,2,1,1,0,0,0,0,0,1,0,0,0,1
822730,2026-06-01,695578,"Wood, James",WSH,MIA,2026,4,5,1,1,0,0,0,0,0,2,0,0,0,1
822730,2026-06-01,695734,"Lile, Daylen",WSH,MIA,2026,4,4,1,1,0,0,0,0,0,0,0,0,0,1
822730,2026-06-01,696285,"Young, Jacob",WSH,MIA,2026,4,4,1,0,0,0,1,0,0,2,0,0,2,4
822731,2026-05-30,665953,"Chaparro, Andrés",WSH,SD,2026,1,0,0,0,0,0,0,1,0,0,0,0,0,0
822731,2026-05-30,671277,"García Jr., Luis",WSH,SD,2026,4,4,2,2,0,0,0,0,0,0,0,0,2,2
822731,2026-05-30,677588,"Tena, José",WSH,SD,2026,3,3,0,0,0,0,0,0,0,1,0,0,0,0
822731,2026-05-30,678391,"Vivas, Jorbit",WSH,SD,2026,4,3,1,1,0,0,0,1,0,0,0,0,0,1
822731,2026-05-30,678554,"Mead, Curtis",WSH,SD,2026,2,1,1,0,1,0,0,1,0,0,0,0,3,2
822731,2026-05-30,682928,"Abrams, CJ",WSH,SD,2026,4,4,1,1,0,0,0,0,0,1,0,0,0,1
822731,2026-05-30,683083,"Nuñez, Nasim",WSH,SD,2026,2,2,1,1,0,0,0,0,0,0,0,0,0,1
822731,2026-05-30,686452,"Millas, Drew",WSH,SD,2026,4,4,1,0,0,0,1,0,0,0,0,0,2,4
822731,2026-05-30,686611,"Crews, Dylan",WSH,SD,2026,4,3,0,0,0,0,0,0,1,0,0,0,1,0
822731,2026-05-30,695578,"Wood, James",WSH,SD,2026,5,5,1,1,0,0,0,0,0,2,0,0,0,1
822731,2026-05-30,695734,"Lile, Daylen",WSH,SD,2026,4,4,0,0,0,0,0,0,0,0,0,0,1,0
822732,2026-05-29,660688,"Ruiz, Keibert",WSH,SD,2026,4,4,2,1,0,0,1,0,0,1,0,0,1,5
822732,2026-05-29,671277,"García Jr., Luis",WSH,SD,2026,5,5,1,1,0,0,0,0,0,1,0,0,0,1
822732,2026-05-29,677588,"Tena, José",WSH,SD,2026,1,1,1,1,0,0,0,0,0,0,0,0,0,1
822732,2026-05-29,678391,"Vivas, Jorbit",WSH,SD,2026,1,1,0,0,0,0,0,0,0,0,0,0,0,0
822732,2026-05-29,678554,"Mead, Curtis",WSH,SD,2026,5,4,2,1,0,0,1,1,0,1,0,0,2,5
822732,2026-05-29,682928,"Abrams, CJ",WSH,SD,2026,5,2,0,0,0,0,0,2,1,2,0,0,0,0
822732,2026-05-29,683083,"Nuñez, Nasim",WSH,SD,2026,3,3,0,0,0,0,0,0,0,1,0,0,0,0
822732,2026-05-29,686611,"Crews, Dylan",WSH,SD,2026,5,5,1,1,0,0,0,0,0,0,0,0,1,1
822732,2026-05-29,695578,"Wood, James",WSH,SD,2026,5,3,0,0,0,0,0,2,0,0,0,0,0,0
822732,2026-05-29,695734,"Lile, Daylen",WSH,SD,2026,5,5,1,1,0,0,0,0,0,1,0,0,0,1
822732,2026-05-29,696285,"Young, Jacob",WSH,SD,2026,3,2,1,1,0,0,0,1,0,1,0,0,1,1
822733,2026-05-21,660688,"Ruiz, Keibert",WSH,NYM,2026,4,4,2,2,0,0,0,0,0,0,0,0,0,2
822733,2026-05-21,665953,"Chaparro, Andrés",WSH,NYM,2026,3,2,0,0,0,0,0,1,0,0,0,0,1,0
822733,2026-05-21,671277,"García Jr., Luis",WSH,NYM,2026,1,1,0,0,0,0,0,0,0,0,0,0,0,0
822733,2026-05-21,677588,"Tena, José",WSH,NYM,2026,1,1,0,0,0,0,0,0,0,1,0,0,0,0
822733,2026-05-21,678391,"Vivas, Jorbit",WSH,NYM,2026,1,1,0,0,0,0,0,0,0,1,0,0,0,0
822733,2026-05-21,678554,"Mead, Curtis",WSH,NYM,2026,4,5,0,0,0,0,0,0,0,1,0,0,0,0
822733,2026-05-21,682928,"Abrams, CJ",WSH,NYM,2026,4,2,0,0,0,0,0,2,0,0,0,0,0,0
822733,2026-05-21,683083,"Nuñez, Nasim",WSH,NYM,2026,3,3,0,0,0,0,0,0,0,1,0,0,0,0
822733,2026-05-21,686611,"Crews, Dylan",WSH,NYM,2026,4,3,0,0,0,0,0,1,0,0,0,0,0,0
822733,2026-05-21,695578,"Wood, James",WSH,NYM,2026,4,4,1,0,1,0,0,0,0,2,0,0,0,2
822733,2026-05-21,695734,"Lile, Daylen",WSH,NYM,2026,4,4,2,1,1,0,0,0,0,1,0,0,0,3
822733,2026-05-21,696285,"Young, Jacob",WSH,NYM,2026,3,3,0,0,0,0,0,0,0,0,0,0,0,0
822734,2026-05-18,671277,"García Jr., Luis",WSH,NYM,2026,3,3,0,0,0,0,0,0,0,0,0,0,0,0
822734,2026-05-18,677588,"Tena, José",WSH,NYM,2026,6,6,1,0,1,0,0,0,0,3,0,0,1,2
822734,2026-05-18,678391,"Vivas, Jorbit",WSH,NYM,2026,6,5,1,0,1,0,0,1,0,0,0,0,0,2
822734,2026-05-18,678554,"Mead, Curtis",WSH,NYM,2026,4,2,1,0,1,0,0,2,0,0,0,0,1,2
822734,2026-05-18,682928,"Abrams, CJ",WSH,NYM,2026,7,6,2,1,1,0,0,0,0,3,0,0,1,3
822734,2026-05-18,683083,"Nuñez, Nasim",WSH,NYM,2026,3,3,0,0,0,0,0,0,0,0,0,0,0,0
822734,2026-05-18,686452,"Millas, Drew",WSH,NYM,2026,6,4,1,1,0,0,0,1,0,0,0,0,1,1
822734,2026-05-18,686894,"Wiemer, Joey",WSH,NYM,2026,5,2,1,0,1,0,0,2,1,0,0,0,2,2
822734,2026-05-18,691781,"House, Brady",WSH,NYM,2026,4,3,1,1,0,0,0,1,0,0,0,0,0,1
822734,2026-05-18,695578,"Wood, James",WSH,NYM,2026,7,6,3,2,1,0,0,1,0,2,0,0,1,4
822734,2026-05-18,695734,"Lile, Daylen",WSH,NYM,2026,7,6,0,0,0,0,0,1,0,2,0,0,0,0
822734,2026-05-18,696285,"Young, Jacob",WSH,NYM,2026,1,0,0,0,0,0,0,0,1,0,0,0,0,0
822735,2026-05-20,660688,"Ruiz, Keibert",WSH,NYM,2026,3,3,2,1,1,0,0,0,0,0,0,0,1,3
822735,2026-05-20,665953,"Chaparro, Andrés",WSH,NYM,2026,2,1,0,0,0,0,0,1,0,0,0,0,0,0
822735,2026-05-20,671277,"García Jr., Luis",WSH,NYM,2026,2,2,1,1,0,0,0,0,0,0,0,0,0,1
822735,2026-05-20,678554,"Mead, Curtis",WSH,NYM,2026,4,4,1,1,0,0,0,0,0,1,0,0,0,1
822735,2026-05-20,682928,"Abrams, CJ",WSH,NYM,2026,4,4,2,1,0,0,1,0,0,0,0,0,3,5
822735,2026-05-20,683083,"Nuñez, Nasim",WSH,NYM,2026,4,2,0,0,0,0,0,1,0,1,0,0,1,0
822735,2026-05-20,686611,"Crews, Dylan",WSH,NYM,2026,4,4,1,1,0,0,0,0,0,2,0,0,0,1
822735,2026-05-20,695578,"Wood, James",WSH,NYM,2026,4,4,0,0,0,0,0,0,0,0,0,0,0,0
822735,2026-05-20,695734,"Lile, Daylen",WSH,NYM,2026,4,3,1,0,1,0,0,0,0,0,0,0,1,2
822735,2026-05-20,696285,"Young, Jacob",WSH,NYM,2026,4,4,2,0,1,0,1,0,0,1,0,0,2,6
822736,2026-05-19,671277,"García Jr., Luis",WSH,NYM,2026,5,5,0,0,0,0,0,0,0,2,0,0,0,0
822736,2026-05-19,677588,"Tena, José",WSH,NYM,2026,4,4,1,0,0,0,1,0,0,1,0,0,1,4
822736,2026-05-19,678391,"Vivas, Jorbit",WSH,NYM,2026,4,3,1,0,1,0,0,0,0,1,0,0,1,2
822736,2026-05-19,682928,"Abrams, CJ",WSH,NYM,2026,4,2,0,0,0,0,0,1,1,1,0,0,2,0
822736,2026-05-19,683083,"Nuñez, Nasim",WSH,NYM,2026,4,4,2,2,0,0,0,0,0,1,0,0,0,2
822736,2026-05-19,686452,"Millas, Drew",WSH,NYM,2026,4,2,0,0,0,0,0,1,1,0,0,0,0,0
822736,2026-05-19,686611,"Crews, Dylan",WSH,NYM,2026,4,4,1,1,0,0,0,0,0,0,0,0,0,1
822736,2026-05-19,695578,"Wood, James",WSH,NYM,2026,5,5,3,2,0,0,1,0,0,0,0,0,4,6
822736,2026-05-19,695734,"Lile, Daylen",WSH,NYM,2026,4,5,1,1,0,0,0,0,0,0,0,0,0,1
822737,2026-05-16,660688,"Ruiz, Keibert",WSH,BAL,2026,5,5,3,1,1,0,1,0,0,0,0,0,5,7
822737,2026-05-16,671277,"García Jr., Luis",WSH,BAL,2026,3,3,1,1,0,0,0,0,0,0,0,0,0,1
822737,2026-05-16,677588,"Tena, José",WSH,BAL,2026,3,3,0,0,0,0,0,0,0,1,0,0,0,0
822737,2026-05-16,678391,"Vivas, Jorbit",WSH,BAL,2026,2,2,0,0,0,0,0,0,0,1,0,0,0,0
822737,2026-05-16,678554,"Mead, Curtis",WSH,BAL,2026,2,1,0,0,0,0,0,1,0,0,0,0,0,0
822737,2026-05-16,682928,"Abrams, CJ",WSH,BAL,2026,5,5,3,1,2,0,0,0,0,0,0,0,1,5
822737,2026-05-16,683083,"Nuñez, Nasim",WSH,BAL,2026,5,3,0,0,0,0,0,2,0,1,0,0,0,0
822737,2026-05-16,686894,"Wiemer, Joey",WSH,BAL,2026,2,2,0,0,0,0,0,0,0,0,0,0,0,0
822737,2026-05-16,691781,"House, Brady",WSH,BAL,2026,2,2,2,0,1,0,1,0,0,0,0,0,3,6
822737,2026-05-16,695578,"Wood, James",WSH,BAL,2026,5,3,1,0,1,0,0,1,1,0,0,0,0,2
822737,2026-05-16,695734,"Lile, Daylen",WSH,BAL,2026,5,5,1,1,0,0,0,0,0,1,0,0,1,1
822737,2026-05-16,696285,"Young, Jacob",WSH,BAL,2026,4,4,2,1,0,0,1,0,0,1,0,0,3,5
822738,2026-05-17,660688,"Ruiz, Keibert",WSH,BAL,2026,4,2,1,0,1,0,0,1,0,1,0,0,1,2
822738,2026-05-17,671277,"García Jr., Luis",WSH,BAL,2026,5,5,2,1,1,0,0,0,0,1,0,0,0,3
822738,2026-05-17,677588,"Tena, José",WSH,BAL,2026,4,3,0,0,0,0,0,1,0,1,0,0,0,0
822738,2026-05-17,678391,"Vivas, Jorbit",WSH,BAL,2026,1,1,0,0,0,0,0,0,0,0,0,0,0,0
822738,2026-05-17,682928,"Abrams, CJ",WSH,BAL,2026,5,5,1,1,0,0,0,0,0,1,0,0,1,1
822738,2026-05-17,683083,"Nuñez, Nasim",WSH,BAL,2026,4,4,0,0,0,0,0,0,0,1,0,0,0,0
822738,2026-05-17,691781,"House, Brady",WSH,BAL,2026,5,5,1,1,0,0,0,0,0,2,0,0,0,1
822738,2026-05-17,695578,"Wood, James",WSH,BAL,2026,5,4,2,2,0,0,0,1,0,2,0,0,0,2
822738,2026-05-17,695734,"Lile, Daylen",WSH,BAL,2026,4,4,1,1,0,0,0,0,0,2,0,0,0,1
822738,2026-05-17,696285,"Young, Jacob",WSH,BAL,2026,3,2,1,0,0,0,1,1,0,0,0,0,1,4
822739,2026-05-15,671277,"García Jr., Luis",WSH,BAL,2026,4,4,0,0,0,0,0,0,0,1,0,0,0,0
822739,2026-05-15,678391,"Vivas, Jorbit",WSH,BAL,2026,3,1,0,0,0,0,0,2,0,0,0,0,0,0
822739,2026-05-15,678554,"Mead, Curtis",WSH,BAL,2026,4,3,1,1,0,0,0,1,0,0,0,0,0,1
822739,2026-05-15,682928,"Abrams, CJ",WSH,BAL,2026,4,4,1,1,0,0,0,0,0,1,0,0,0,1
822739,2026-05-15,686452,"Millas, Drew",WSH,BAL,2026,3,3,0,0,0,0,0,0,0,1,0,0,0,0
822739,2026-05-15,691781,"House, Brady",WSH,BAL,2026,4,3,0,0,0,0,0,0,0,1,0,0,1,0
822739,2026-05-15,695578,"Wood, James",WSH,BAL,2026,4,4,1,1,0,0,0,0,0,1,0,0,0,1
822739,2026-05-15,695734,"Lile, Daylen",WSH,BAL,2026,4,4,3,1,1,0,1,0,0,0,0,0,2,7
822739,2026-05-15,696285,"Young, Jacob",WSH,BAL,2026,3,3,0,0,0,0,0,0,0,0,0,0,0,0
822740,2026-05-06,677588,"Tena, José",WSH,MIN,2026,5,5,2,0,1,0,1,0,0,0,0,0,2,6
822740,2026-05-06,678554,"Mead, Curtis",WSH,MIN,2026,5,3,0,0,0,0,0,2,0,2,0,0,0,0
822740,2026-05-06,682928,"Abrams, CJ",WSH,MIN,2026,5,5,3,0,2,0,1,0,0,0,0,0,5,8
822740,2026-05-06,683083,"Nuñez, Nasim",WSH,MIN,2026,4,4,1,0,0,1,0,0,0,1,0,0,1,3
822740,2026-05-06,686452,"Millas, Drew",WSH,MIN,2026,4,4,2,0,1,0,1,0,0,1,0,0,2,6
822740,2026-05-06,691781,"House, Brady",WSH,MIN,2026,5,5,2,0,1,0,1,0,0,0,0,0,3,6
822740,2026-05-06,695578,"Wood, James",WSH,MIN,2026,5,4,2,2,0,0,0,1,0,2,0,0,2,2
822740,2026-05-06,695734,"Lile, Daylen",WSH,MIN,2026,5,3,0,0,0,0,0,2,0,1,0,0,0,0
822740,2026-05-06,696285,"Young, Jacob",WSH,MIN,2026,5,5,2,2,0,0,0,0,0,0,0,0,0,2
822741,2026-05-07,660688,"Ruiz, Keibert",WSH,MIN,2026,4,4,3,0,2,0,1,0,0,1,0,0,4,8
822741,2026-05-07,677588,"Tena, José",WSH,MIN,2026,4,3,0,0,0,0,0,1,0,1,0,0,0,0
822741,2026-05-07,678554,"Mead, Curtis",WSH,MIN,2026,4,4,1,1,0,0,0,0,0,0,0,0,2,1
822741,2026-05-07,682928,"Abrams, CJ",WSH,MIN,2026,4,4,0,0,0,0,0,0,0,1,0,0,0,0
822741,2026-05-07,683083,"Nuñez, Nasim",WSH,MIN,2026,3,1,0,0,0,0,0,0,0,1,0,0,1,0
822741,2026-05-07,691781,"House, Brady",WSH,MIN,2026,4,3,1,1,0,0,0,1,0,0,0,0,0,1
822741,2026-05-07,695578,"Wood, James",WSH,MIN,2026,4,2,1,0,1,0,0,2,0,0,0,0,0,2
822741,2026-05-07,695734,"Lile, Daylen",WSH,MIN,2026,4,3,1,1,0,0,0,0,1,1,0,0,0,1
822741,2026-05-07,696285,"Young, Jacob",WSH,MIN,2026,4,3,1,1,0,0,0,0,1,0,0,0,0,1
822742,2026-05-03,660688,"Ruiz, Keibert",WSH,MIL,2026,3,3,1,0,1,0,0,0,0,0,0,0,0,2
822742,2026-05-03,671277,"García Jr., Luis",WSH,MIL,2026,2,2,0,0,0,0,0,0,0,1,0,0,0,0
822742,2026-05-03,677588,"Tena, José",WSH,MIL,2026,2,2,1,0,0,1,0,0,0,1,0,0,1,3
822742,2026-05-03,678391,"Vivas, Jorbit",WSH,MIL,2026,3,3,0,0,0,0,0,0,0,0,0,0,0,0
822742,2026-05-03,678554,"Mead, Curtis",WSH,MIL,2026,2,1,0,0,0,0,0,1,0,1,0,0,0,0
822742,2026-05-03,682928,"Abrams, CJ",WSH,MIL,2026,4,4,2,2,0,0,0,0,0,1,0,0,0,2
822742,2026-05-03,683083,"Nuñez, Nasim",WSH,MIL,2026,3,3,2,2,0,0,0,0,0,0,0,0,2,2
822742,2026-05-03,691781,"House, Brady",WSH,MIL,2026,1,1,1,1,0,0,0,0,0,0,0,0,0,1
822742,2026-05-03,695578,"Wood, James",WSH,MIL,2026,4,4,0,0,0,0,0,0,0,1,0,0,0,0
822742,2026-05-03,695734,"Lile, Daylen",WSH,MIL,2026,3,3,0,0,0,0,0,0,0,1,0,0,0,0
822742,2026-05-03,696285,"Young, Jacob",WSH,MIL,2026,4,4,0,0,0,0,0,0,0,3,0,0,0,0
822743,2026-05-05,660688,"Ruiz, Keibert",WSH,MIN,2026,4,4,0,0,0,0,0,0,0,2,0,0,0,0
822743,2026-05-05,677588,"Tena, José",WSH,MIN,2026,4,3,2,1,1,0,0,1,0,0,0,0,0,3
822743,2026-05-05,678391,"Vivas, Jorbit",WSH,MIN,2026,4,4,0,0,0,0,0,0,0,2,0,0,0,0
822743,2026-05-05,678554,"Mead, Curtis",WSH,MIN,2026,4,4,2,1,1,0,0,0,0,0,0,0,1,3
822743,2026-05-05,682928,"Abrams, CJ",WSH,MIN,2026,4,4,0,0,0,0,0,0,0,2,0,0,1,0
822743,2026-05-05,683083,"Nuñez, Nasim",WSH,MIN,2026,4,3,0,0,0,0,0,1,0,0,0,0,0,0
822743,2026-05-05,695578,"Wood, James",WSH,MIN,2026,4,4,1,0,1,0,0,0,0,2,0,0,1,2
822743,2026-05-05,695734,"Lile, Daylen",WSH,MIN,2026,4,3,1,0,1,0,0,1,0,1,0,0,0,2
822743,2026-05-05,696285,"Young, Jacob",WSH,MIN,2026,4,4,0,0,0,0,0,0,0,1,0,0,0,0
822744,2026-05-01,671277,"García Jr., Luis",WSH,MIL,2026,4,4,0,0,0,0,0,0,0,2,0,0,0,0
822744,2026-05-01,677588,"Tena, José",WSH,MIL,2026,1,1,0,0,0,0,0,0,0,0,0,0,0,0
822744,2026-05-01,678391,"Vivas, Jorbit",WSH,MIL,2026,2,2,0,0,0,0,0,0,0,2,0,0,0,0
822744,2026-05-01,678554,"Mead, Curtis",WSH,MIL,2026,4,3,0,0,0,0,0,1,0,1,0,0,0,0
822744,2026-05-01,682928,"Abrams, CJ",WSH,MIL,2026,4,3,0,0,0,0,0,1,0,1,0,0,0,0
822744,2026-05-01,686452,"Millas, Drew",WSH,MIL,2026,3,2,0,0,0,0,0,1,0,1,0,0,0,0
822744,2026-05-01,686894,"Wiemer, Joey",WSH,MIL,2026,1,1,0,0,0,0,0,0,0,1,0,0,0,0
822744,2026-05-01,691781,"House, Brady",WSH,MIL,2026,3,2,0,0,0,0,0,1,0,1,0,0,1,0
822744,2026-05-01,695578,"Wood, James",WSH,MIL,2026,4,4,0,0,0,0,0,0,0,2,0,0,0,0
822744,2026-05-01,695734,"Lile, Daylen",WSH,MIL,2026,4,3,1,0,1,0,0,1,0,1,0,0,0,2
822744,2026-05-01,696285,"Young, Jacob",WSH,MIL,2026,3,3,1,1,0,0,0,0,0,1,0,0,0,1
822745,2026-04-23,660688,"Ruiz, Keibert",WSH,ATL,2026,2,3,0,0,0,0,0,0,0,0,0,0,0,0
822745,2026-04-23,671277,"García Jr., Luis",WSH,ATL,2026,3,3,0,0,0,0,0,0,0,1,0,0,0,0
822745,2026-04-23,677588,"Tena, José",WSH,ATL,2026,4,4,0,0,0,0,0,0,0,3,0,0,0,0
822745,2026-04-23,678391,"Vivas, Jorbit",WSH,ATL,2026,3,3,1,1,0,0,0,0,0,1,0,0,0,1
822745,2026-04-23,678554,"Mead, Curtis",WSH,ATL,2026,1,1,0,0,0,0,0,0,0,1,0,0,0,0
822745,2026-04-23,682928,"Abrams, CJ",WSH,ATL,2026,4,3,1,0,0,0,1,1,0,1,0,0,1,4
822745,2026-04-23,683083,"Nuñez, Nasim",WSH,ATL,2026,3,3,0,0,0,0,0,0,0,0,0,0,0,0
822745,2026-04-23,686894,"Wiemer, Joey",WSH,ATL,2026,1,1,0,0,0,0,0,0,0,0,0,0,0,0
822745,2026-04-23,695578,"Wood, James",WSH,ATL,2026,4,4,1,0,0,0,1,0,0,2,0,0,1,4
822745,2026-04-23,695734,"Lile, Daylen",WSH,ATL,2026,3,2,2,2,0,0,0,1,0,0,0,0,0,2
822745,2026-04-23,696285,"Young, Jacob",WSH,ATL,2026,4,4,0,0,0,0,0,0,0,1,0,0,0,0
822746,2026-05-02,660688,"Ruiz, Keibert",WSH,MIL,2026,3,3,1,1,0,0,0,0,0,0,0,0,0,1
822746,2026-05-02,671277,"García Jr., Luis",WSH,MIL,2026,2,2,0,0,0,0,0,0,0,0,0,0,0,0
822746,2026-05-02,677588,"Tena, José",WSH,MIL,2026,2,2,1,0,1,0,0,0,0,1,0,0,0,2
822746,2026-05-02,678391,"Vivas, Jorbit",WSH,MIL,2026,1,1,0,0,0,0,0,0,0,0,0,0,0,0
822746,2026-05-02,678554,"Mead, Curtis",WSH,MIL,2026,4,4,1,0,1,0,0,0,0,0,0,0,0,2
822746,2026-05-02,682928,"Abrams, CJ",WSH,MIL,2026,4,3,1,1,0,0,0,1,0,0,0,0,1,1
822746,2026-05-02,683083,"Nuñez, Nasim",WSH,MIL,2026,2,2,1,1,0,0,0,0,0,0,0,0,0,1
822746,2026-05-02,686894,"Wiemer, Joey",WSH,MIL,2026,2,2,0,0,0,0,0,0,0,1,0,0,0,0
822746,2026-05-02,691781,"House, Brady",WSH,MIL,2026,4,4,1,1,0,0,0,0,0,1,0,0,0,1
822746,2026-05-02,695578,"Wood, James",WSH,MIL,2026,4,4,2,2,0,0,0,0,0,1,0,0,0,2
822746,2026-05-02,695734,"Lile, Daylen",WSH,MIL,2026,4,4,0,0,0,0,0,0,0,1,0,0,0,0
822746,2026-05-02,696285,"Young, Jacob",WSH,MIL,2026,4,4,1,1,0,0,0,0,0,1,0,0,0,1
822747,2026-04-21,671277,"García Jr., Luis",WSH,ATL,2026,5,5,4,3,1,0,0,0,0,0,0,0,3,5
822747,2026-04-21,677588,"Tena, José",WSH,ATL,2026,2,2,0,0,0,0,0,0,0,1,0,0,0,0
822747,2026-04-21,678391,"Vivas, Jorbit",WSH,ATL,2026,2,1,0,0,0,0,0,1,0,0,0,0,0,0
822747,2026-04-21,678554,"Mead, Curtis",WSH,ATL,2026,3,2,1,0,0,0,1,1,0,1,0,0,3,4
822747,2026-04-21,682928,"Abrams, CJ",WSH,ATL,2026,5,4,0,0,0,0,0,1,0,2,0,0,0,0
822747,2026-04-21,683083,"Nuñez, Nasim",WSH,ATL,2026,5,4,1,1,0,0,0,1,0,2,0,0,1,1
822747,2026-04-21,686452,"Millas, Drew",WSH,ATL,2026,5,5,1,1,0,0,0,0,0,3,0,0,0,1
822747,2026-04-21,691781,"House, Brady",WSH,ATL,2026,3,2,1,1,0,0,0,1,0,1,0,0,0,1
822747,2026-04-21,695578,"Wood, James",WSH,ATL,2026,6,2,1,0,0,0,1,4,0,0,0,0,1,4
822747,2026-04-21,695734,"Lile, Daylen",WSH,ATL,2026,5,3,0,0,0,0,0,2,0,0,0,0,1,0
822747,2026-04-21,696285,"Young, Jacob",WSH,ATL,2026,5,4,1,1,0,0,0,1,0,0,0,0,2,1
822748,2026-04-22,660688,"Ruiz, Keibert",WSH,ATL,2026,4,4,0,0,0,0,0,0,0,2,0,0,0,0
822748,2026-04-22,671277,"García Jr., Luis",WSH,ATL,2026,2,2,1,1,0,0,0,0,0,0,0,0,0,1
822748,2026-04-22,677588,"Tena, José",WSH,ATL,2026,2,2,0,0,0,0,0,0,0,2,0,0,0,0
822748,2026-04-22,678391,"Vivas, Jorbit",WSH,ATL,2026,4,4,1,0,1,0,0,0,0,0,0,0,1,2
822748,2026-04-22,678554,"Mead, Curtis",WSH,ATL,2026,3,3,0,0,0,0,0,0,0,2,0,0,0,0
822748,2026-04-22,682928,"Abrams, CJ",WSH,ATL,2026,5,5,1,1,0,0,0,0,0,2,0,0,0,1
822748,2026-04-22,686894,"Wiemer, Joey",WSH,ATL,2026,2,1,1,0,0,0,1,1,0,0,0,0,1,4
822748,2026-04-22,691781,"House, Brady",WSH,ATL,2026,5,5,1,1,0,0,0,0,0,3,0,0,0,1
822748,2026-04-22,695578,"Wood, James",WSH,ATL,2026,5,3,2,1,0,0,1,2,0,1,0,0,1,5
822748,2026-04-22,695734,"Lile, Daylen",WSH,ATL,2026,5,5,2,0,1,0,1,0,0,0,0,0,3,6
822748,2026-04-22,696285,"Young, Jacob",WSH,ATL,2026,5,5,2,2,0,0,0,0,0,0,0,0,0,2
822749,2026-04-20,671277,"García Jr., Luis",WSH,ATL,2026,4,4,0,0,0,0,0,0,0,1,0,0,0,0
822749,2026-04-20,677588,"Tena, José",WSH,ATL,2026,4,4,0,0,0,0,0,0,0,1,0,0,0,0
822749,2026-04-20,682928,"Abrams, CJ",WSH,ATL,2026,4,2,0,0,0,0,0,1,1,1,0,0,0,0
822749,2026-04-20,683083,"Nuñez, Nasim",WSH,ATL,2026,3,3,0,0,0,0,0,0,0,0,0,0,0,0
822749,2026-04-20,686452,"Millas, Drew",WSH,ATL,2026,3,3,0,0,0,0,0,0,0,2,0,0,0,0
822749,2026-04-20,691781,"House, Brady",WSH,ATL,2026,4,4,1,1,0,0,0,0,0,2,0,0,0,1
822749,2026-04-20,695578,"Wood, James",WSH,ATL,2026,4,4,0,0,0,0,0,0,0,1,0,0,0,0
822749,2026-04-20,695734,"Lile, Daylen",WSH,ATL,2026,4,3,1,0,0,0,1,1,0,0,0,0,1,4
822749,2026-04-20,696285,"Young, Jacob",WSH,ATL,2026,4,4,1,1,0,0,0,0,0,1,0,0,2,1
822750,2026-04-19,660688,"Ruiz, Keibert",WSH,SF,2026,3,3,2,1,1,0,0,0,0,0,0,0,1,3
822750,2026-04-19,671277,"García Jr., Luis",WSH,SF,2026,3,3,0,0,0,0,0,0,0,2,0,0,0,0
822750,2026-04-19,678554,"Mead, Curtis",WSH,SF,2026,4,4,1,0,0,0,1,0,0,0,0,0,2,4
822750,2026-04-19,682928,"Abrams, CJ",WSH,SF,2026,4,4,0,0,0,0,0,0,0,0,0,0,0,0
822750,2026-04-19,683083,"Nuñez, Nasim",WSH,SF,2026,3,3,1,1,0,0,0,0,0,0,0,0,0,1
822750,2026-04-19,686894,"Wiemer, Joey",WSH,SF,2026,3,3,1,0,1,0,0,0,0,2,0,0,0,2
822750,2026-04-19,691781,"House, Brady",WSH,SF,2026,4,4,1,1,0,0,0,0,0,1,0,0,0,1
822750,2026-04-19,695578,"Wood, James",WSH,SF,2026,4,3,0,0,0,0,0,1,0,2,0,0,0,0
822750,2026-04-19,696285,"Young, Jacob",WSH,SF,2026,4,4,1,1,0,0,0,0,0,1,0,0,0,1
822751,2026-04-18,671277,"García Jr., Luis",WSH,SF,2026,3,3,1,1,0,0,0,0,0,0,0,0,2,1
822751,2026-04-18,677588,"Tena, José",WSH,SF,2026,3,2,1,1,0,0,0,1,0,0,0,0,1,1
822751,2026-04-18,678391,"Vivas, Jorbit",WSH,SF,2026,5,4,1,0,1,0,0,1,0,0,0,0,0,2
822751,2026-04-18,678554,"Mead, Curtis",WSH,SF,2026,3,3,0,0,0,0,0,0,0,0,0,0,0,0
822751,2026-04-18,682928,"Abrams, CJ",WSH,SF,2026,6,5,0,0,0,0,0,1,0,1,0,0,0,0
822751,2026-04-18,683083,"Nuñez, Nasim",WSH,SF,2026,5,4,0,0,0,0,0,0,0,1,0,0,0,0
822751,2026-04-18,686452,"Millas, Drew",WSH,SF,2026,5,5,1,0,1,0,0,0,0,1,0,0,0,2
822751,2026-04-18,686894,"Wiemer, Joey",WSH,SF,2026,1,1,0,0,0,0,0,0,0,1,0,0,0,0
822751,2026-04-18,691781,"House, Brady",WSH,SF,2026,2,2,1,1,0,0,0,0,0,1,0,0,1,1
822751,2026-04-18,695578,"Wood, James",WSH,SF,2026,6,3,1,0,0,0,1,2,1,1,0,0,2,4
822751,2026-04-18,695734,"Lile, Daylen",WSH,SF,2026,6,6,2,1,1,0,0,0,0,2,0,0,0,3
822751,2026-04-18,696285,"Young, Jacob",WSH,SF,2026,6,6,2,2,0,0,0,0,0,0,0,0,0,2
822752,2026-04-17,660688,"Ruiz, Keibert",WSH,SF,2026,4,3,1,1,0,0,0,0,1,1,0,0,0,1
822752,2026-04-17,671277,"García Jr., Luis",WSH,SF,2026,3,2,0,0,0,0,0,1,0,0,0,0,0,0
822752,2026-04-17,677588,"Tena, José",WSH,SF,2026,4,4,3,2,1,0,0,0,0,1,0,0,1,4
822752,2026-04-17,678391,"Vivas, Jorbit",WSH,SF,2026,1,1,0,0,0,0,0,0,0,0,0,0,0,0
822752,2026-04-17,678554,"Mead, Curtis",WSH,SF,2026,1,1,0,0,0,0,0,0,0,0,0,0,0,0
822752,2026-04-17,682928,"Abrams, CJ",WSH,SF,2026,4,4,1,1,0,0,0,0,0,1,0,0,0,1
822752,2026-04-17,683083,"Nuñez, Nasim",WSH,SF,2026,4,3,0,0,0,0,0,1,0,1,0,0,0,0
822752,2026-04-17,686894,"Wiemer, Joey",WSH,SF,2026,3,3,1,1,0,0,0,0,0,1,0,0,0,1
822752,2026-04-17,691781,"House, Brady",WSH,SF,2026,5,5,0,0,0,0,0,0,0,1,0,0,1,0
822752,2026-04-17,695578,"Wood, James",WSH,SF,2026,5,5,1,0,0,0,1,0,0,2,0,0,1,4
822752,2026-04-17,695734,"Lile, Daylen",WSH,SF,2026,4,3,1,0,0,0,1,1,0,1,0,0,2,4
822753,2026-04-08,671277,"García Jr., Luis",WSH,STL,2026,4,4,1,1,0,0,0,0,0,0,0,0,1,1
822753,2026-04-08,677588,"Tena, José",WSH,STL,2026,3,3,0,0,0,0,0,0,0,1,0,0,0,0
822753,2026-04-08,678391,"Vivas, Jorbit",WSH,STL,2026,1,1,0,0,0,0,0,0,0,0,0,0,0,0
822753,2026-04-08,682928,"Abrams, CJ",WSH,STL,2026,3,3,0,0,0,0,0,0,0,0,0,0,0,0
822753,2026-04-08,683083,"Nuñez, Nasim",WSH,STL,2026,3,3,0,0,0,0,0,0,0,1,0,0,0,0
822753,2026-04-08,686452,"Millas, Drew",WSH,STL,2026,3,3,0,0,0,0,0,0,0,0,0,0,0,0
822753,2026-04-08,691781,"House, Brady",WSH,STL,2026,3,3,0,0,0,0,0,0,0,0,0,0,0,0
822753,2026-04-08,695578,"Wood, James",WSH,STL,2026,4,4,2,2,0,0,0,0,0,0,0,0,0,2
822753,2026-04-08,695734,"Lile, Daylen",WSH,STL,2026,4,3,0,0,0,0,0,1,0,0,0,0,0,0
822753,2026-04-08,696285,"Young, Jacob",WSH,STL,2026,3,3,1,1,0,0,0,0,0,0,0,0,0,1
822754,2026-04-07,660688,"Ruiz, Keibert",WSH,STL,2026,3,3,0,0,0,0,0,0,0,1,0,0,0,0
822754,2026-04-07,671277,"García Jr., Luis",WSH,STL,2026,1,1,0,0,0,0,0,0,0,0,0,0,0,0
822754,2026-04-07,677588,"Tena, José",WSH,STL,2026,1,1,0,0,0,0,0,0,0,1,0,0,0,0
822754,2026-04-07,678391,"Vivas, Jorbit",WSH,STL,2026,1,0,0,0,0,0,0,0,1,0,0,0,0,0
822754,2026-04-07,678554,"Mead, Curtis",WSH,STL,2026,4,4,3,2,0,0,1,0,0,1,0,0,2,6
822754,2026-04-07,682928,"Abrams, CJ",WSH,STL,2026,5,4,2,2,0,0,0,1,0,2,0,0,1,2
822754,2026-04-07,683083,"Nuñez, Nasim",WSH,STL,2026,5,4,0,0,0,0,0,1,0,1,0,0,0,0
822754,2026-04-07,686894,"Wiemer, Joey",WSH,STL,2026,4,4,1,1,0,0,0,0,0,2,0,0,0,1
822754,2026-04-07,691781,"House, Brady",WSH,STL,2026,5,5,1,1,0,0,0,0,0,1,0,0,0,1
822754,2026-04-07,695578,"Wood, James",WSH,STL,2026,5,4,2,1,0,0,1,1,0,1,0,0,1,5
822754,2026-04-07,695734,"Lile, Daylen",WSH,STL,2026,5,4,1,1,0,0,0,1,0,2,0,0,1,1
822754,2026-04-07,696285,"Young, Jacob",WSH,STL,2026,5,4,0,0,0,0,0,0,0,1,0,0,0,0
822755,2026-04-06,671277,"García Jr., Luis",WSH,STL,2026,3,2,0,0,0,0,0,1,0,0,0,0,0,0
822755,2026-04-06,677588,"Tena, José",WSH,STL,2026,4,3,0,0,0,0,0,1,0,0,0,0,0,0
822755,2026-04-06,678391,"Vivas, Jorbit",WSH,STL,2026,1,1,1,1,0,0,0,0,0,0,0,0,0,1
822755,2026-04-06,678554,"Mead, Curtis",WSH,STL,2026,2,2,1,0,1,0,0,0,0,0,0,0,0,2
822755,2026-04-06,682928,"Abrams, CJ",WSH,STL,2026,5,4,1,0,0,0,1,1,0,0,0,0,1,4
822755,2026-04-06,683083,"Nuñez, Nasim",WSH,STL,2026,5,5,1,1,0,0,0,0,0,1,0,0,1,1
822755,2026-04-06,686452,"Millas, Drew",WSH,STL,2026,4,2,1,1,0,0,0,2,0,0,0,0,0,1
822755,2026-04-06,691781,"House, Brady",WSH,STL,2026,5,5,3,0,2,0,1,0,0,0,0,0,2,8
822755,2026-04-06,695578,"Wood, James",WSH,STL,2026,5,3,2,1,0,0,1,2,0,0,0,0,3,5
822755,2026-04-06,695734,"Lile, Daylen",WSH,STL,2026,5,5,1,1,0,0,0,0,0,2,0,0,1,1
822755,2026-04-06,696285,"Young, Jacob",WSH,STL,2026,3,3,1,0,1,0,0,0,0,1,0,0,1,2
822756,2026-04-05,660688,"Ruiz, Keibert",WSH,LAD,2026,3,3,1,1,0,0,0,0,0,0,0,0,1,1
822756,2026-04-05,671277,"García Jr., Luis",WSH,LAD,2026,5,5,1,0,0,0,1,0,0,1,0,0,2,4
822756,2026-04-05,677588,"Tena, José",WSH,LAD,2026,2,2,1,1,0,0,0,0,0,0,0,0,0,1
822756,2026-04-05,678391,"Vivas, Jorbit",WSH,LAD,2026,3,2,1,1,0,0,0,1,0,1,0,0,0,1
822756,2026-04-05,678554,"Mead, Curtis",WSH,LAD,2026,2,1,0,0,0,0,0,1,0,0,0,0,0,0
822756,2026-04-05,682928,"Abrams, CJ",WSH,LAD,2026,4,3,1,1,0,0,0,1,0,1,0,0,0,1
822756,2026-04-05,683083,"Nuñez, Nasim",WSH,LAD,2026,5,4,1,1,0,0,0,1,0,0,0,0,0,1
822756,2026-04-05,686894,"Wiemer, Joey",WSH,LAD,2026,4,4,0,0,0,0,0,0,0,2,0,0,0,0
822756,2026-04-05,691781,"House, Brady",WSH,LAD,2026,1,1,0,0,0,0,0,0,0,1,0,0,0,0
822756,2026-04-05,695578,"Wood, James",WSH,LAD,2026,5,4,1,0,0,0,1,1,0,1,0,0,3,4
822756,2026-04-05,695734,"Lile, Daylen",WSH,LAD,2026,4,4,0,0,0,0,0,0,0,1,0,0,0,0
822756,2026-04-05,696285,"Young, Jacob",WSH,LAD,2026,1,1,0,0,0,0,0,0,0,0,0,0,0,0
822757,2026-04-04,671277,"García Jr., Luis",WSH,LAD,2026,4,4,3,1,1,1,0,0,0,0,0,0,1,6
822757,2026-04-04,677588,"Tena, José",WSH,LAD,2026,1,1,1,1,0,0,0,0,0,0,0,0,1,1
822757,2026-04-04,678391,"Vivas, Jorbit",WSH,LAD,2026,4,3,1,1,0,0,0,0,1,1,0,0,0,1
822757,2026-04-04,678554,"Mead, Curtis",WSH,LAD,2026,4,4,1,0,1,0,0,0,0,2,0,0,1,2
822757,2026-04-04,682928,"Abrams, CJ",WSH,LAD,2026,4,2,1,0,0,0,1,2,0,1,0,0,2,4
822757,2026-04-04,686452,"Millas, Drew",WSH,LAD,2026,4,4,0,0,0,0,0,0,0,2,0,0,0,0
822757,2026-04-04,691781,"House, Brady",WSH,LAD,2026,4,4,0,0,0,0,0,0,0,3,0,0,0,0
822757,2026-04-04,695578,"Wood, James",WSH,LAD,2026,5,5,0,0,0,0,0,0,0,2,0,0,0,0
822757,2026-04-04,695734,"Lile, Daylen",WSH,LAD,2026,4,4,0,0,0,0,0,0,0,0,0,0,0,0
822757,2026-04-04,696285,"Young, Jacob",WSH,LAD,2026,3,3,1,1,0,0,0,0,0,0,0,0,0,1
822758,2026-04-03,660688,"Ruiz, Keibert",WSH,LAD,2026,4,4,1,0,1,0,0,0,0,0,0,0,1,2
822758,2026-04-03,671277,"García Jr., Luis",WSH,LAD,2026,5,5,2,1,1,0,0,0,0,1,0,0,0,3
822758,2026-04-03,678391,"Vivas, Jorbit",WSH,LAD,2026,4,3,1,1,0,0,0,1,0,0,0,0,0,1
822758,2026-04-03,682928,"Abrams, CJ",WSH,LAD,2026,5,5,2,1,0,0,1,0,0,1,0,0,4,5
822758,2026-04-03,683083,"Nuñez, Nasim",WSH,LAD,2026,5,5,1,1,0,0,0,0,0,0,0,0,0,1
822758,2026-04-03,691781,"House, Brady",WSH,LAD,2026,5,3,1,1,0,0,0,2,0,1,0,0,0,1
822758,2026-04-03,695578,"Wood, James",WSH,LAD,2026,5,4,1,0,1,0,0,1,0,2,0,0,0,2
822758,2026-04-03,695734,"Lile, Daylen",WSH,LAD,2026,5,5,1,1,0,0,0,0,0,0,0,0,0,1
822758,2026-04-03,696285,"Young, Jacob",WSH,LAD,2026,4,3,1,1,0,0,0,1,0,0,0,0,1,1
822774,2026-08-16,502671,"Goldschmidt, Paul",NYY,TOR,2026,1,0,0,0,0,0,0,1,0,0,0,0,0,0
822774,2026-08-16,641857,"McMahon, Ryan",NYY,TOR,2026,2,2,0,0,0,0,0,0,0,2,0,0,0,0
822774,2026-08-16,642708,"Rosario, Amed",NYY,TOR,2026,1,1,0,0,0,0,0,0,0,0,0,0,0,0
822774,2026-08-16,645305,"Sánchez, Ali",NYY,TOR,2026,1,1,0,0,0,0,0,0,0,0,0,0,0,0
822774,2026-08-16,663757,"Grisham, Trent",NYY,TOR,2026,4,4,0,0,0,0,0,0,0,3,0,0,0,0
822774,2026-08-16,665862,"Chisholm Jr., Jazz",NYY,TOR,2026,1,1,1,1,0,0,0,0,0,0,0,0,0,1
822774,2026-08-16,669224,"Wells, Austin",NYY,TOR,2026,2,2,0,0,0,0,0,0,0,1,0,0,0,0
822774,2026-08-16,671218,"Ramos, Heliot",NYY,TOR,2026,5,4,1,0,1,0,0,1,0,0,0,0,0,2
822774,2026-08-16,671277,"García Jr., Luis",NYY,TOR,2026,5,3,1,1,0,0,0,1,0,1,0,0,1,1
822774,2026-08-16,676609,"Caballero, José",NYY,TOR,2026,4,2,1,1,0,0,0,1,0,1,0,0,1,1
822774,2026-08-16,682987,"Jones, Spencer",NYY,TOR,2026,4,4,0,0,0,0,0,0,0,3,0,0,0,0
822774,2026-08-16,700250,"Rice, Ben",NYY,TOR,2026,5,5,1,0,0,0,1,0,0,1,0,0,2,4
822774,2026-08-16,806146,"Lombard Jr., George",NYY,TOR,2026,4,3,1,0,1,0,0,1,0,0,0,0,0,2
822775,2026-08-15,641857,"McMahon, Ryan",NYY,TOR,2026,3,3,0,0,0,0,0,0,0,1,0,0,0,0
822775,2026-08-15,663757,"Grisham, Trent",NYY,TOR,2026,4,3,0,0,0,0,0,1,0,0,0,0,0,0
822775,2026-08-15,665862,"Chisholm Jr., Jazz",NYY,TOR,2026,3,3,0,0,0,0,0,0,0,1,0,0,0,0
822775,2026-08-15,669224,"Wells, Austin",NYY,TOR,2026,3,3,1,1,0,0,0,0,0,1,0,0,0,1
822775,2026-08-15,671218,"Ramos, Heliot",NYY,TOR,2026,4,4,0,0,0,0,0,0,0,1,0,0,0,0
822775,2026-08-15,671277,"García Jr., Luis",NYY,TOR,2026,4,4,1,1,0,0,0,0,0,2,0,0,0,1
822775,2026-08-15,682987,"Jones, Spencer",NYY,TOR,2026,3,3,1,1,0,0,0,0,0,1,0,0,0,1
822775,2026-08-15,700250,"Rice, Ben",NYY,TOR,2026,4,4,0,0,0,0,0,0,0,2,0,0,0,0
822775,2026-08-15,806146,"Lombard Jr., George",NYY,TOR,2026,3,2,1,1,0,0,0,1,0,0,0,0,1,1
822777,2026-08-14,641857,"McMahon, Ryan",NYY,TOR,2026,3,3,1,1,0,0,0,0,0,1,0,0,0,1
822777,2026-08-14,663757,"Grisham, Trent",NYY,TOR,2026,4,4,2,1,0,0,1,0,0,1,0,0,1,5
822777,2026-08-14,665862,"Chisholm Jr., Jazz",NYY,TOR,2026,4,4,1,1,0,0,0,0,0,0,0,0,0,1
822777,2026-08-14,669224,"Wells, Austin",NYY,TOR,2026,3,2,0,0,0,0,0,1,0,0,0,0,0,0
822777,2026-08-14,671218,"Ramos, Heliot",NYY,TOR,2026,3,3,0,0,0,0,0,0,0,0,0,0,0,0
822777,2026-08-14,671277,"García Jr., Luis",NYY,TOR,2026,4,4,0,0,0,0,0,0,0,1,0,0,0,0
822777,2026-08-14,682987,"Jones, Spencer",NYY,TOR,2026,4,4,1,0,1,0,0,0,0,1,0,0,0,2
822777,2026-08-14,700250,"Rice, Ben",NYY,TOR,2026,4,4,0,0,0,0,0,0,0,0,0,0,0,0
822777,2026-08-14,806146,"Lombard Jr., George",NYY,TOR,2026,3,3,0,0,0,0,0,0,0,1,0,0,0,0
822801,2026-06-14,502671,"Goldschmidt, Paul",NYY,TOR,2026,5,5,3,3,0,0,0,0,0,0,0,0,0,3
822801,2026-06-14,641355,"Bellinger, Cody",NYY,TOR,2026,5,5,0,0,0,0,0,0,0,0,0,0,0,0
822801,2026-06-14,642708,"Rosario, Amed",NYY,TOR,2026,2,2,0,0,0,0,0,0,0,0,0,0,0,0
822801,2026-06-14,645305,"Sánchez, Ali",NYY,TOR,2026,3,3,2,1,1,0,0,0,0,1,0,0,1,3
822801,2026-06-14,665862,"Chisholm Jr., Jazz",NYY,TOR,2026,3,0,0,0,0,0,0,3,0,0,0,0,0,0
822801,2026-06-14,676609,"Caballero, José",NYY,TOR,2026,5,5,1,0,0,0,1,0,0,1,0,0,3,4
822801,2026-06-14,680474,"Schuemann, Max",NYY,TOR,2026,5,5,1,0,1,0,0,0,0,1,0,0,0,2
822801,2026-06-14,682987,"Jones, Spencer",NYY,TOR,2026,1,1,0,0,0,0,0,0,0,1,0,0,0,0
822801,2026-06-14,683011,"Volpe, Anthony",NYY,TOR,2026,4,4,2,2,0,0,0,0,0,1,0,0,2,2
822801,2026-06-14,691176,"Domínguez, Jasson",NYY,TOR,2026,5,4,1,0,1,0,0,1,0,1,0,0,0,2
822801,2026-06-14,700250,"Rice, Ben",NYY,TOR,2026,5,5,2,1,0,0,1,0,0,2,0,0,2,5
822802,2026-06-13,502671,"Goldschmidt, Paul",NYY,TOR,2026,4,4,1,0,0,0,1,0,0,0,0,0,2,4
822802,2026-06-13,641355,"Bellinger, Cody",NYY,TOR,2026,4,4,1,1,0,0,0,0,0,1,0,0,0,1
822802,2026-06-13,641555,"Escarra, J.C.",NYY,TOR,2026,3,3,1,1,0,0,0,0,0,0,0,0,0,1
822802,2026-06-13,641857,"McMahon, Ryan",NYY,TOR,2026,3,2,0,0,0,0,0,1,0,0,0,0,0,0
822802,2026-06-13,665862,"Chisholm Jr., Jazz",NYY,TOR,2026,4,3,0,0,0,0,0,1,0,1,0,0,0,0
822802,2026-06-13,676609,"Caballero, José",NYY,TOR,2026,4,4,0,0,0,0,0,0,0,4,0,0,0,0
822802,2026-06-13,682987,"Jones, Spencer",NYY,TOR,2026,4,4,0,0,0,0,0,0,0,1,0,0,0,0
822802,2026-06-13,691176,"Domínguez, Jasson",NYY,TOR,2026,4,5,1,0,0,0,1,0,0,1,0,0,1,4
822802,2026-06-13,700250,"Rice, Ben",NYY,TOR,2026,4,4,1,1,0,0,0,0,0,1,0,0,0,1
822803,2026-06-12,502671,"Goldschmidt, Paul",NYY,TOR,2026,5,4,1,1,0,0,0,0,0,1,0,0,1,1
822803,2026-06-12,641355,"Bellinger, Cody",NYY,TOR,2026,5,5,1,0,0,0,1,0,0,0,0,0,2,4
822803,2026-06-12,641555,"Escarra, J.C.",NYY,TOR,2026,2,2,1,0,1,0,0,0,0,1,0,0,0,2
822803,2026-06-12,641857,"McMahon, Ryan",NYY,TOR,2026,4,3,0,0,0,0,0,1,0,1,0,0,0,0
822803,2026-06-12,642708,"Rosario, Amed",NYY,TOR,2026,1,1,0,0,0,0,0,0,0,0,0,0,0,0
822803,2026-06-12,645305,"Sánchez, Ali",NYY,TOR,2026,1,1,0,0,0,0,0,0,0,0,0,0,0,0
822803,2026-06-12,663757,"Grisham, Trent",NYY,TOR,2026,4,4,1,1,0,0,0,0,0,0,0,0,2,1
822803,2026-06-12,665862,"Chisholm Jr., Jazz",NYY,TOR,2026,5,4,1,1,0,0,0,1,0,2,0,0,0,1
822803,2026-06-12,676609,"Caballero, José",NYY,TOR,2026,4,3,2,1,1,0,0,1,0,0,0,0,0,3
822803,2026-06-12,680474,"Schuemann, Max",NYY,TOR,2026,1,1,0,0,0,0,0,0,0,1,0,0,0,0
822803,2026-06-12,682987,"Jones, Spencer",NYY,TOR,2026,4,2,0,0,0,0,0,2,0,2,0,0,0,0
822803,2026-06-12,700250,"Rice, Ben",NYY,TOR,2026,5,3,0,0,0,0,0,2,0,0,0,0,0,0
822859,2026-08-18,665953,"Chaparro, Andrés",WSH,TEX,2026,1,1,1,0,1,0,0,0,0,0,0,0,0,2
822859,2026-08-18,677588,"Tena, José",WSH,TEX,2026,1,1,0,0,0,0,0,0,0,1,0,0,0,0
822859,2026-08-18,678391,"Vivas, Jorbit",WSH,TEX,2026,3,3,0,0,0,0,0,0,0,0,0,0,0,0
822859,2026-08-18,682928,"Abrams, CJ",WSH,TEX,2026,4,4,2,1,1,0,0,0,0,2,0,0,0,3
822859,2026-08-18,683083,"Nuñez, Nasim",WSH,TEX,2026,4,4,1,1,0,0,0,0,0,0,0,0,0,1
822859,2026-08-18,686611,"Crews, Dylan",WSH,TEX,2026,4,3,1,1,0,0,0,1,0,0,0,0,0,1
822859,2026-08-18,687605,"Pinckney, Andrew",WSH,TEX,2026,1,1,0,0,0,0,0,0,0,0,0,0,0,0
822859,2026-08-18,691781,"House, Brady",WSH,TEX,2026,3,3,0,0,0,0,0,0,0,1,0,0,0,0
822859,2026-08-18,694673,"Ortiz, Abimelec",WSH,TEX,2026,3,3,0,0,0,0,0,0,0,0,0,0,0,0
822859,2026-08-18,695670,"Ford, Harry",WSH,TEX,2026,4,4,1,1,0,0,0,0,0,3,0,0,0,1
822859,2026-08-18,695734,"Lile, Daylen",WSH,TEX,2026,4,4,1,1,0,0,0,0,0,1,0,0,0,1
822859,2026-08-18,696285,"Young, Jacob",WSH,TEX,2026,3,3,0,0,0,0,0,0,0,1,0,0,0,0
822860,2026-08-19,660688,"Ruiz, Keibert",WSH,TEX,2026,4,3,1,1,0,0,0,1,0,0,0,0,1,1
822860,2026-08-19,665953,"Chaparro, Andrés",WSH,TEX,2026,4,4,3,1,1,0,1,0,0,0,0,0,3,7
822860,2026-08-19,677588,"Tena, José",WSH,TEX,2026,4,3,2,1,0,0,1,1,0,0,0,0,1,5
822860,2026-08-19,678391,"Vivas, Jorbit",WSH,TEX,2026,3,3,0,0,0,0,0,0,0,0,0,0,1,0
822860,2026-08-19,682928,"Abrams, CJ",WSH,TEX,2026,5,5,1,0,1,0,0,0,0,1,0,0,0,2
822860,2026-08-19,683083,"Nuñez, Nasim",WSH,TEX,2026,4,4,0,0,0,0,0,0,0,0,0,0,0,0
822860,2026-08-19,686611,"Crews, Dylan",WSH,TEX,2026,1,1,0,0,0,0,0,0,0,0,0,0,0,0
822860,2026-08-19,691781,"House, Brady",WSH,TEX,2026,1,1,0,0,0,0,0,0,0,0,0,0,0,0
822860,2026-08-19,694673,"Ortiz, Abimelec",WSH,TEX,2026,5,4,1,0,1,0,0,1,0,1,0,0,0,2
822860,2026-08-19,695734,"Lile, Daylen",WSH,TEX,2026,5,5,0,0,0,0,0,0,0,2,0,0,0,0
822860,2026-08-19,696285,"Young, Jacob",WSH,TEX,2026,4,3,1,1,0,0,0,0,0,1,0,0,0,1
822861,2026-08-20,660688,"Ruiz, Keibert",WSH,TEX,2026,3,3,0,0,0,0,0,0,0,0,0,0,0,0
822861,2026-08-20,665953,"Chaparro, Andrés",WSH,TEX,2026,4,4,0,0,0,0,0,0,0,2,0,0,0,0
822861,2026-08-20,677588,"Tena, José",WSH,TEX,2026,4,3,0,0,0,0,0,1,0,3,0,0,0,0
822861,2026-08-20,678391,"Vivas, Jorbit",WSH,TEX,2026,1,1,0,0,0,0,0,0,0,0,0,0,0,0
822861,2026-08-20,683083,"Nuñez, Nasim",WSH,TEX,2026,3,3,0,0,0,0,0,0,0,1,0,0,0,0
822861,2026-08-20,686611,"Crews, Dylan",WSH,TEX,2026,3,3,0,0,0,0,0,0,0,2,0,0,0,0
822861,2026-08-20,687605,"Pinckney, Andrew",WSH,TEX,2026,2,2,0,0,0,0,0,0,0,1,0,0,0,0
822861,2026-08-20,691781,"House, Brady",WSH,TEX,2026,3,1,1,1,0,0,0,2,0,0,0,0,0,1
822861,2026-08-20,694673,"Ortiz, Abimelec",WSH,TEX,2026,3,3,0,0,0,0,0,0,0,2,0,0,0,0
822861,2026-08-20,695670,"Ford, Harry",WSH,TEX,2026,1,0,0,0,0,0,0,1,0,0,0,0,0,0
822861,2026-08-20,695734,"Lile, Daylen",WSH,TEX,2026,4,4,0,0,0,0,0,0,0,4,0,0,0,0
822906,2026-04-27,592450,"Judge, Aaron",NYY,TEX,2026,4,3,3,0,2,0,1,0,1,0,0,0,1,8
822906,2026-04-27,641355,"Bellinger, Cody",NYY,TEX,2026,4,4,0,0,0,0,0,0,0,1,0,0,0,0
822906,2026-04-27,641857,"McMahon, Ryan",NYY,TEX,2026,4,4,1,1,0,0,0,0,0,2,0,0,0,1
822906,2026-04-27,663757,"Grisham, Trent",NYY,TEX,2026,5,4,1,1,0,0,0,1,0,0,0,0,0,1
822906,2026-04-27,665862,"Chisholm Jr., Jazz",NYY,TEX,2026,4,4,1,0,0,0,1,0,0,0,0,0,1,4
822906,2026-04-27,669224,"Wells, Austin",NYY,TEX,2026,4,3,0,0,0,0,0,1,0,1,0,0,0,0
822906,2026-04-27,676609,"Caballero, José",NYY,TEX,2026,4,3,1,1,0,0,0,0,1,0,0,0,0,1
822906,2026-04-27,691176,"Domínguez, Jasson",NYY,TEX,2026,4,4,1,1,0,0,0,0,0,1,0,0,0,1
822906,2026-04-27,700250,"Rice, Ben",NYY,TEX,2026,5,4,1,0,0,0,1,1,0,0,0,0,2,4
822907,2026-04-29,592450,"Judge, Aaron",NYY,TEX,2026,4,4,0,0,0,0,0,0,0,2,0,0,0,0
822907,2026-04-29,641355,"Bellinger, Cody",NYY,TEX,2026,4,4,1,1,0,0,0,0,0,1,0,0,0,1
822907,2026-04-29,641555,"Escarra, J.C.",NYY,TEX,2026,3,3,0,0,0,0,0,0,0,1,0,0,0,0
822907,2026-04-29,641857,"McMahon, Ryan",NYY,TEX,2026,3,3,0,0,0,0,0,0,0,1,0,0,0,0
822907,2026-04-29,663757,"Grisham, Trent",NYY,TEX,2026,4,4,0,0,0,0,0,0,0,1,0,0,0,0
822907,2026-04-29,665862,"Chisholm Jr., Jazz",NYY,TEX,2026,4,4,0,0,0,0,0,0,0,1,0,0,0,0
822907,2026-04-29,676609,"Caballero, José",NYY,TEX,2026,3,3,1,1,0,0,0,0,0,1,0,0,0,1
822907,2026-04-29,680474,"Schuemann, Max",NYY,TEX,2026,2,1,0,0,0,0,0,1,0,0,0,0,0,0
822907,2026-04-29,691176,"Domínguez, Jasson",NYY,TEX,2026,2,1,0,0,0,0,0,0,1,0,0,0,0,0
822907,2026-04-29,700250,"Rice, Ben",NYY,TEX,2026,4,4,3,3,0,0,0,0,0,0,0,0,0,3
822908,2026-04-28,592450,"Judge, Aaron",NYY,TEX,2026,4,4,2,1,0,0,1,0,0,1,0,0,1,5
822908,2026-04-28,641355,"Bellinger, Cody",NYY,TEX,2026,4,4,1,0,1,0,0,0,0,1,0,0,1,2
822908,2026-04-28,641857,"McMahon, Ryan",NYY,TEX,2026,3,3,0,0,0,0,0,0,0,2,0,0,0,0
822908,2026-04-28,663757,"Grisham, Trent",NYY,TEX,2026,4,4,0,0,0,0,0,0,0,0,0,0,0,0
822908,2026-04-28,665862,"Chisholm Jr., Jazz",NYY,TEX,2026,4,4,0,0,0,0,0,0,0,1,0,0,0,0
822908,2026-04-28,669224,"Wells, Austin",NYY,TEX,2026,3,3,2,1,0,0,1,0,0,0,0,0,1,5
822908,2026-04-28,676609,"Caballero, José",NYY,TEX,2026,3,3,0,0,0,0,0,0,0,0,0,0,0,0
822908,2026-04-28,691176,"Domínguez, Jasson",NYY,TEX,2026,4,4,0,0,0,0,0,0,0,1,0,0,0,0
822908,2026-04-28,700250,"Rice, Ben",NYY,TEX,2026,4,4,0,0,0,0,0,0,0,1,0,0,0,0
822954,2026-07-09,641355,"Bellinger, Cody",NYY,TB,2026,5,5,2,2,0,0,0,0,0,0,0,0,1,2
822954,2026-07-09,641857,"McMahon, Ryan",NYY,TB,2026,5,5,2,0,2,0,0,0,0,2,0,0,2,4
822954,2026-07-09,663757,"Grisham, Trent",NYY,TB,2026,5,5,2,1,1,0,0,0,0,0,0,0,1,3
822954,2026-07-09,665862,"Chisholm Jr., Jazz",NYY,TB,2026,5,3,0,0,0,0,0,1,0,0,0,0,1,0
822954,2026-07-09,669224,"Wells, Austin",NYY,TB,2026,5,4,1,0,0,0,1,1,0,1,0,0,1,4
822954,2026-07-09,676609,"Caballero, José",NYY,TB,2026,5,4,1,1,0,0,0,0,0,1,0,0,1,1
822954,2026-07-09,680474,"Schuemann, Max",NYY,TB,2026,5,4,2,1,1,0,0,0,1,1,0,0,0,3
822954,2026-07-09,691176,"Domínguez, Jasson",NYY,TB,2026,5,4,2,2,0,0,0,1,0,1,0,0,0,2
822954,2026-07-09,700250,"Rice, Ben",NYY,TB,2026,5,4,2,0,0,0,2,1,0,1,0,0,5,8
822956,2026-07-07,502671,"Goldschmidt, Paul",NYY,TB,2026,4,4,0,0,0,0,0,0,0,4,0,0,0,0
822956,2026-07-07,641355,"Bellinger, Cody",NYY,TB,2026,4,4,1,1,0,0,0,0,0,2,0,0,0,1
822956,2026-07-07,641857,"McMahon, Ryan",NYY,TB,2026,1,1,1,1,0,0,0,0,0,0,0,0,0,1
822956,2026-07-07,642708,"Rosario, Amed",NYY,TB,2026,2,2,0,0,0,0,0,0,0,2,0,0,0,0
822956,2026-07-07,645305,"Sánchez, Ali",NYY,TB,2026,4,3,2,2,0,0,0,0,0,0,0,0,1,2
822956,2026-07-07,663757,"Grisham, Trent",NYY,TB,2026,5,5,1,0,1,0,0,0,0,2,0,0,0,2
822956,2026-07-07,665862,"Chisholm Jr., Jazz",NYY,TB,2026,4,4,1,1,0,0,0,0,0,2,0,0,0,1
822956,2026-07-07,676609,"Caballero, José",NYY,TB,2026,4,4,0,0,0,0,0,0,0,4,0,0,0,0
822956,2026-07-07,680474,"Schuemann, Max",NYY,TB,2026,2,2,1,1,0,0,0,0,0,1,0,0,0,1
822956,2026-07-07,683011,"Volpe, Anthony",NYY,TB,2026,1,1,0,0,0,0,0,0,0,0,0,0,0,0
822956,2026-07-07,691176,"Domínguez, Jasson",NYY,TB,2026,2,2,1,1,0,0,0,0,0,0,0,0,0,1
822956,2026-07-07,700250,"Rice, Ben",NYY,TB,2026,4,4,3,2,0,0,1,0,0,0,0,0,3,6
822957,2026-07-08,502671,"Goldschmidt, Paul",NYY,TB,2026,4,4,0,0,0,0,0,0,0,3,0,0,0,0
822957,2026-07-08,641355,"Bellinger, Cody",NYY,TB,2026,4,4,0,0,0,0,0,0,0,2,0,0,0,0
822957,2026-07-08,642708,"Rosario, Amed",NYY,TB,2026,4,4,1,1,0,0,0,0,0,1,0,0,0,1
822957,2026-07-08,663757,"Grisham, Trent",NYY,TB,2026,1,1,0,0,0,0,0,0,0,0,0,0,0,0
822957,2026-07-08,669224,"Wells, Austin",NYY,TB,2026,3,3,0,0,0,0,0,0,0,1,0,0,0,0
822957,2026-07-08,676609,"Caballero, José",NYY,TB,2026,3,3,1,1,0,0,0,0,0,1,0,0,0,1
822957,2026-07-08,680474,"Schuemann, Max",NYY,TB,2026,2,2,0,0,0,0,0,0,0,0,0,0,0,0
822957,2026-07-08,683011,"Volpe, Anthony",NYY,TB,2026,3,3,1,1,0,0,0,0,0,1,0,0,0,1
822957,2026-07-08,691176,"Domínguez, Jasson",NYY,TB,2026,4,4,2,2,0,0,0,0,0,1,0,0,0,2
822957,2026-07-08,700250,"Rice, Ben",NYY,TB,2026,4,4,1,1,0,0,0,0,0,1,0,0,0,1
822958,2026-07-06,502671,"Goldschmidt, Paul",NYY,TB,2026,4,4,0,0,0,0,0,0,0,3,0,0,0,0
822958,2026-07-06,641355,"Bellinger, Cody",NYY,TB,2026,4,4,0,0,0,0,0,0,0,3,0,0,0,0
822958,2026-07-06,641857,"McMahon, Ryan",NYY,TB,2026,3,3,0,0,0,0,0,0,0,3,0,0,0,0
822958,2026-07-06,663757,"Grisham, Trent",NYY,TB,2026,4,4,0,0,0,0,0,0,0,1,0,0,0,0
822958,2026-07-06,665862,"Chisholm Jr., Jazz",NYY,TB,2026,3,2,0,0,0,0,0,1,0,2,0,0,0,0
822958,2026-07-06,669224,"Wells, Austin",NYY,TB,2026,3,3,0,0,0,0,0,0,0,1,0,0,0,0
822958,2026-07-06,676609,"Caballero, José",NYY,TB,2026,3,3,2,0,0,0,2,0,0,0,0,0,4,8
822958,2026-07-06,691176,"Domínguez, Jasson",NYY,TB,2026,4,3,0,0,0,0,0,1,0,2,0,0,0,0
822958,2026-07-06,700250,"Rice, Ben",NYY,TB,2026,4,4,1,0,0,0,1,0,0,2,0,0,1,4
822966,2026-06-19,660688,"Ruiz, Keibert",WSH,TB,2026,4,4,1,1,0,0,0,0,0,1,0,0,0,1
822966,2026-06-19,671277,"García Jr., Luis",WSH,TB,2026,3,3,2,1,0,0,1,0,0,1,0,0,1,5
822966,2026-06-19,677588,"Tena, José",WSH,TB,2026,2,2,0,0,0,0,0,0,0,1,0,0,0,0
822966,2026-06-19,678391,"Vivas, Jorbit",WSH,TB,2026,3,3,1,1,0,0,0,0,0,0,0,0,0,1
822966,2026-06-19,678554,"Mead, Curtis",WSH,TB,2026,1,1,0,0,0,0,0,0,0,0,0,0,0,0
822966,2026-06-19,682928,"Abrams, CJ",WSH,TB,2026,4,4,1,0,0,0,1,0,0,0,0,0,1,4
822966,2026-06-19,683083,"Nuñez, Nasim",WSH,TB,2026,3,3,1,1,0,0,0,0,0,0,0,0,0,1
822966,2026-06-19,686611,"Crews, Dylan",WSH,TB,2026,2,2,0,0,0,0,0,0,0,1,0,0,0,0
822966,2026-06-19,695578,"Wood, James",WSH,TB,2026,4,4,0,0,0,0,0,0,0,2,0,0,0,0
822966,2026-06-19,695734,"Lile, Daylen",WSH,TB,2026,3,3,0,0,0,0,0,0,0,1,0,0,0,0
822966,2026-06-19,696285,"Young, Jacob",WSH,TB,2026,3,3,0,0,0,0,0,0,0,0,0,0,0,0
822967,2026-06-20,660688,"Ruiz, Keibert",WSH,TB,2026,4,4,1,1,0,0,0,0,0,1,0,0,0,1
822967,2026-06-20,665953,"Chaparro, Andrés",WSH,TB,2026,3,3,1,1,0,0,0,0,0,1,0,0,1,1
822967,2026-06-20,671277,"García Jr., Luis",WSH,TB,2026,1,1,0,0,0,0,0,0,0,1,0,0,0,0
822967,2026-06-20,678391,"Vivas, Jorbit",WSH,TB,2026,1,1,1,1,0,0,0,0,0,0,0,0,0,1
822967,2026-06-20,678554,"Mead, Curtis",WSH,TB,2026,4,4,1,1,0,0,0,0,0,2,0,0,0,1
822967,2026-06-20,682928,"Abrams, CJ",WSH,TB,2026,4,4,1,0,0,0,1,0,0,2,0,0,1,4
822967,2026-06-20,683083,"Nuñez, Nasim",WSH,TB,2026,4,4,2,1,1,0,0,0,0,1,0,0,1,3
822967,2026-06-20,686611,"Crews, Dylan",WSH,TB,2026,4,4,2,1,0,0,1,0,0,0,0,0,1,5
822967,2026-06-20,695578,"Wood, James",WSH,TB,2026,5,5,1,0,1,0,0,0,0,0,0,0,0,2
822967,2026-06-20,695734,"Lile, Daylen",WSH,TB,2026,4,3,0,0,0,0,0,0,1,0,0,0,0,0
822967,2026-06-20,696285,"Young, Jacob",WSH,TB,2026,3,3,0,0,0,0,0,0,0,0,0,0,0,0
822968,2026-06-21,671277,"García Jr., Luis",WSH,TB,2026,4,4,0,0,0,0,0,0,0,2,0,0,0,0
822968,2026-06-21,677588,"Tena, José",WSH,TB,2026,4,2,0,0,0,0,0,2,0,1,0,0,0,0
822968,2026-06-21,678554,"Mead, Curtis",WSH,TB,2026,4,4,0,0,0,0,0,0,0,0,0,0,0,0
822968,2026-06-21,682928,"Abrams, CJ",WSH,TB,2026,4,4,2,0,1,0,1,0,0,0,0,0,1,6
822968,2026-06-21,683083,"Nuñez, Nasim",WSH,TB,2026,3,3,2,2,0,0,0,0,0,0,0,0,0,2
822968,2026-06-21,686452,"Millas, Drew",WSH,TB,2026,3,3,0,0,0,0,0,0,0,2,0,0,0,0
822968,2026-06-21,686611,"Crews, Dylan",WSH,TB,2026,4,4,1,0,1,0,0,0,0,3,0,0,1,2
822968,2026-06-21,695578,"Wood, James",WSH,TB,2026,4,2,0,0,0,0,0,1,0,1,0,0,1,0
822968,2026-06-21,695734,"Lile, Daylen",WSH,TB,2026,4,4,1,1,0,0,0,0,0,0,0,0,0,1
822996,2026-04-11,519317,"Stanton, Giancarlo",NYY,TB,2026,4,3,0,0,0,0,0,1,0,1,0,0,0,0
822996,2026-04-11,545341,"Grichuk, Randal",NYY,TB,2026,1,1,0,0,0,0,0,0,0,0,0,0,0,0
822996,2026-04-11,592450,"Judge, Aaron",NYY,TB,2026,5,3,0,0,0,0,0,2,0,1,0,0,0,0
822996,2026-04-11,641355,"Bellinger, Cody",NYY,TB,2026,5,5,2,2,0,0,0,0,0,1,0,0,0,2
822996,2026-04-11,641857,"McMahon, Ryan",NYY,TB,2026,2,2,1,1,0,0,0,0,0,0,0,0,0,1
822996,2026-04-11,642708,"Rosario, Amed",NYY,TB,2026,3,3,0,0,0,0,0,0,0,1,0,0,0,0
822996,2026-04-11,663757,"Grisham, Trent",NYY,TB,2026,5,3,0,0,0,0,0,2,0,0,0,0,0,0
822996,2026-04-11,665862,"Chisholm Jr., Jazz",NYY,TB,2026,5,5,1,0,1,0,0,0,0,1,0,0,0,2
822996,2026-04-11,669224,"Wells, Austin",NYY,TB,2026,5,5,1,0,0,0,1,0,0,1,0,0,1,4
822996,2026-04-11,676609,"Caballero, José",NYY,TB,2026,5,5,2,1,1,0,0,0,0,2,0,0,3,3
822996,2026-04-11,700250,"Rice, Ben",NYY,TB,2026,5,3,1,0,1,0,0,2,0,1,0,0,0,2
822997,2026-04-10,502671,"Goldschmidt, Paul",NYY,TB,2026,3,1,0,0,0,0,0,1,1,1,0,0,0,0
822997,2026-04-10,519317,"Stanton, Giancarlo",NYY,TB,2026,4,3,1,1,0,0,0,1,0,1,0,0,0,1
822997,2026-04-10,545341,"Grichuk, Randal",NYY,TB,2026,4,4,0,0,0,0,0,0,0,2,0,0,0,0
822997,2026-04-10,592450,"Judge, Aaron",NYY,TB,2026,4,4,1,1,0,0,0,0,0,2,0,0,0,1
822997,2026-04-10,641355,"Bellinger, Cody",NYY,TB,2026,4,3,0,0,0,0,0,0,0,2,0,0,1,0
822997,2026-04-10,642708,"Rosario, Amed",NYY,TB,2026,4,4,2,1,0,1,0,0,0,1,0,0,1,4
822997,2026-04-10,663757,"Grisham, Trent",NYY,TB,2026,1,1,0,0,0,0,0,0,0,0,0,0,0,0
822997,2026-04-10,665862,"Chisholm Jr., Jazz",NYY,TB,2026,4,4,0,0,0,0,0,0,0,1,0,0,0,0
822997,2026-04-10,669224,"Wells, Austin",NYY,TB,2026,3,3,0,0,0,0,0,0,0,0,0,0,0,0
822997,2026-04-10,676609,"Caballero, José",NYY,TB,2026,3,3,0,0,0,0,0,0,0,2,0,0,0,0
822997,2026-04-10,700250,"Rice, Ben",NYY,TB,2026,1,1,1,0,0,0,1,0,0,0,0,0,1,4
822998,2026-04-12,519317,"Stanton, Giancarlo",NYY,TB,2026,1,1,0,0,0,0,0,0,0,0,0,0,1,0
822998,2026-04-12,545341,"Grichuk, Randal",NYY,TB,2026,2,2,0,0,0,0,0,0,0,1,0,0,0,0
822998,2026-04-12,592450,"Judge, Aaron",NYY,TB,2026,4,3,1,0,0,0,1,1,0,1,0,0,2,4
822998,2026-04-12,641355,"Bellinger, Cody",NYY,TB,2026,4,4,1,1,0,0,0,0,0,1,0,0,1,1
822998,2026-04-12,641555,"Escarra, J.C.",NYY,TB,2026,2,2,0,0,0,0,0,0,0,0,0,0,0,0
822998,2026-04-12,641857,"McMahon, Ryan",NYY,TB,2026,4,4,1,1,0,0,0,0,0,1,0,0,0,1
822998,2026-04-12,642708,"Rosario, Amed",NYY,TB,2026,1,1,1,0,1,0,0,0,0,0,0,0,0,2
822998,2026-04-12,663757,"Grisham, Trent",NYY,TB,2026,4,4,0,0,0,0,0,0,0,1,0,0,0,0
822998,2026-04-12,665862,"Chisholm Jr., Jazz",NYY,TB,2026,4,4,1,0,1,0,0,0,0,0,0,0,0,2
822998,2026-04-12,669224,"Wells, Austin",NYY,TB,2026,2,1,0,0,0,0,0,1,0,0,0,0,0,0
822998,2026-04-12,676609,"Caballero, José",NYY,TB,2026,3,3,0,0,0,0,0,0,0,1,0,0,0,0
822998,2026-04-12,700250,"Rice, Ben",NYY,TB,2026,4,4,2,1,1,0,0,0,0,2,0,0,0,3
823001,2026-09-20,660688,"Ruiz, Keibert",WSH,STL,2026,1,1,0,0,0,0,0,0,0,0,0,0,0,0
823001,2026-09-20,665953,"Chaparro, Andrés",WSH,STL,2026,3,2,0,0,0,0,0,1,0,0,0,0,0,0
823001,2026-09-20,678391,"Vivas, Jorbit",WSH,STL,2026,1,1,0,0,0,0,0,0,0,1,0,0,0,0
823001,2026-09-20,682928,"Abrams, CJ",WSH,STL,2026,4,4,1,0,0,0,1,0,0,1,0,0,2,4
823001,2026-09-20,683083,"Nuñez, Nasim",WSH,STL,2026,3,4,0,0,0,0,0,0,0,0,0,0,0,0
823001,2026-09-20,686611,"Crews, Dylan",WSH,STL,2026,4,4,0,0,0,0,0,0,0,0,0,0,0,0
823001,2026-09-20,691781,"House, Brady",WSH,STL,2026,3,2,2,2,0,0,0,1,0,0,0,0,0,2
823001,2026-09-20,694673,"Ortiz, Abimelec",WSH,STL,2026,1,1,0,0,0,0,0,0,0,0,0,0,0,0
823001,2026-09-20,695578,"Wood, James",WSH,STL,2026,4,4,0,0,0,0,0,0,0,2,0,0,0,0
823001,2026-09-20,695670,"Ford, Harry",WSH,STL,2026,3,3,1,1,0,0,0,0,0,1,0,0,0,1
823001,2026-09-20,695734,"Lile, Daylen",WSH,STL,2026,4,4,2,1,1,0,0,0,0,0,0,0,0,3
823001,2026-09-20,696285,"Young, Jacob",WSH,STL,2026,3,2,1,1,0,0,0,0,0,0,0,0,1,1
823003,2026-09-19,660688,"Ruiz, Keibert",WSH,STL,2026,5,5,1,1,0,0,0,0,0,0,0,0,0,1
823003,2026-09-19,665953,"Chaparro, Andrés",WSH,STL,2026,4,3,1,1,0,0,0,1,0,0,0,0,0,1
823003,2026-09-19,677588,"Tena, José",WSH,STL,2026,2,2,1,0,1,0,0,0,0,0,0,0,2,2
823003,2026-09-19,678391,"Vivas, Jorbit",WSH,STL,2026,6,6,4,4,0,0,0,0,0,1,0,0,1,4
823003,2026-09-19,682928,"Abrams, CJ",WSH,STL,2026,6,5,0,0,0,0,0,1,0,0,0,0,0,0
823003,2026-09-19,683083,"Nuñez, Nasim",WSH,STL,2026,5,4,1,1,0,0,0,1,0,1,0,0,1,1
823003,2026-09-19,686611,"Crews, Dylan",WSH,STL,2026,6,5,1,1,0,0,0,0,0,1,0,0,1,1
823003,2026-09-19,691002,"Morales, Yohandy",WSH,STL,2026,1,1,0,0,0,0,0,0,0,1,0,0,0,0
823003,2026-09-19,691781,"House, Brady",WSH,STL,2026,1,0,0,0,0,0,0,1,0,0,0,0,0,0
823003,2026-09-19,694673,"Ortiz, Abimelec",WSH,STL,2026,3,3,0,0,0,0,0,0,0,0,0,0,0,0
823003,2026-09-19,695578,"Wood, James",WSH,STL,2026,5,5,2,2,0,0,0,0,0,1,0,0,0,2
823003,2026-09-19,695734,"Lile, Daylen",WSH,STL,2026,6,6,1,0,0,0,1,0,0,3,0,0,2,4
823003,2026-09-19,696285,"Young, Jacob",WSH,STL,2026,1,0,0,0,0,0,0,0,0,0,0,0,1,0
823005,2026-09-18,677588,"Tena, José",WSH,STL,2026,1,1,0,0,0,0,0,0,0,0,0,0,0,0
823005,2026-09-18,678391,"Vivas, Jorbit",WSH,STL,2026,4,2,0,0,0,0,0,2,0,0,0,0,0,0
823005,2026-09-18,682928,"Abrams, CJ",WSH,STL,2026,4,4,1,1,0,0,0,0,0,1,0,0,1,1
823005,2026-09-18,683083,"Nuñez, Nasim",WSH,STL,2026,1,1,0,0,0,0,0,0,0,0,0,0,0,0
823005,2026-09-18,686611,"Crews, Dylan",WSH,STL,2026,5,5,2,1,0,0,1,0,0,1,0,0,2,5
823005,2026-09-18,691002,"Morales, Yohandy",WSH,STL,2026,4,4,1,0,1,0,0,0,0,1,0,0,2,2
823005,2026-09-18,691781,"House, Brady",WSH,STL,2026,4,4,1,0,1,0,0,0,0,1,0,0,1,2
823005,2026-09-18,695578,"Wood, James",WSH,STL,2026,4,3,1,0,1,0,0,1,0,0,0,0,1,2
823005,2026-09-18,695670,"Ford, Harry",WSH,STL,2026,4,3,0,0,0,0,0,1,0,2,0,0,0,0
823005,2026-09-18,695734,"Lile, Daylen",WSH,STL,2026,5,3,0,0,0,0,0,1,0,0,0,0,1,0
823005,2026-09-18,696285,"Young, Jacob",WSH,STL,2026,4,3,1,0,1,0,0,1,0,0,0,0,0,2
823157,2026-04-01,502671,"Goldschmidt, Paul",NYY,SEA,2026,4,4,1,0,0,0,1,0,0,2,0,0,3,4
823157,2026-04-01,592450,"Judge, Aaron",NYY,SEA,2026,4,4,0,0,0,0,0,0,0,1,0,0,0,0
823157,2026-04-01,641355,"Bellinger, Cody",NYY,SEA,2026,4,3,0,0,0,0,0,1,0,1,0,0,0,0
823157,2026-04-01,641857,"McMahon, Ryan",NYY,SEA,2026,1,1,0,0,0,0,0,0,0,0,0,0,0,0
823157,2026-04-01,642708,"Rosario, Amed",NYY,SEA,2026,3,3,1,1,0,0,0,0,0,0,0,0,0,1
823157,2026-04-01,663757,"Grisham, Trent",NYY,SEA,2026,4,3,0,0,0,0,0,1,0,1,0,0,0,0
823157,2026-04-01,665862,"Chisholm Jr., Jazz",NYY,SEA,2026,4,4,1,1,0,0,0,0,0,2,0,0,0,1
823157,2026-04-01,669224,"Wells, Austin",NYY,SEA,2026,3,3,1,1,0,0,0,0,0,1,0,0,0,1
823157,2026-04-01,676609,"Caballero, José",NYY,SEA,2026,3,3,0,0,0,0,0,0,0,1,0,0,0,0
823157,2026-04-01,700250,"Rice, Ben",NYY,SEA,2026,4,4,2,0,1,0,1,1,0,0,0,0,2,6
823158,2026-03-31,519317,"Stanton, Giancarlo",NYY,SEA,2026,4,4,2,1,1,0,0,0,0,0,0,0,2,3
823158,2026-03-31,592450,"Judge, Aaron",NYY,SEA,2026,4,4,0,0,0,0,0,0,0,2,0,0,0,0
823158,2026-03-31,641355,"Bellinger, Cody",NYY,SEA,2026,4,3,2,2,0,0,0,1,0,0,0,0,0,2
823158,2026-03-31,641555,"Escarra, J.C.",NYY,SEA,2026,4,4,0,0,0,0,0,0,0,1,0,0,0,0
823158,2026-03-31,641857,"McMahon, Ryan",NYY,SEA,2026,4,4,0,0,0,0,0,0,0,3,0,0,0,0
823158,2026-03-31,663757,"Grisham, Trent",NYY,SEA,2026,4,4,2,1,1,0,0,0,0,1,0,0,0,3
823158,2026-03-31,665862,"Chisholm Jr., Jazz",NYY,SEA,2026,4,4,1,1,0,0,0,0,0,2,0,0,1,1
823158,2026-03-31,676609,"Caballero, José",NYY,SEA,2026,4,4,0,0,0,0,0,0,0,1,0,0,0,0
823158,2026-03-31,700250,"Rice, Ben",NYY,SEA,2026,4,3,2,1,1,0,0,2,0,0,0,0,1,3
823159,2026-03-30,519317,"Stanton, Giancarlo",NYY,SEA,2026,4,4,2,1,1,0,0,0,0,1,0,0,0,3
823159,2026-03-30,592450,"Judge, Aaron",NYY,SEA,2026,4,3,1,1,0,0,0,1,0,1,0,0,0,1
823159,2026-03-30,641355,"Bellinger, Cody",NYY,SEA,2026,4,4,0,0,0,0,0,0,0,1,0,0,0,0
823159,2026-03-30,641857,"McMahon, Ryan",NYY,SEA,2026,2,2,0,0,0,0,0,0,0,1,0,0,0,0
823159,2026-03-30,642708,"Rosario, Amed",NYY,SEA,2026,2,1,0,0,0,0,0,0,0,1,0,0,1,0
823159,2026-03-30,663757,"Grisham, Trent",NYY,SEA,2026,4,4,0,0,0,0,0,0,0,1,0,0,0,0
823159,2026-03-30,665862,"Chisholm Jr., Jazz",NYY,SEA,2026,4,4,1,0,1,0,0,0,0,1,0,0,0,2
823159,2026-03-30,669224,"Wells, Austin",NYY,SEA,2026,3,3,0,0,0,0,0,0,0,2,0,0,0,0
823159,2026-03-30,676609,"Caballero, José",NYY,SEA,2026,3,2,1,1,0,0,0,1,0,1,0,0,0,1
823159,2026-03-30,700250,"Rice, Ben",NYY,SEA,2026,4,4,1,1,0,0,0,0,0,0,0,0,0,1
823214,2026-06-09,665953,"Chaparro, Andrés",WSH,SF,2026,2,1,0,0,0,0,0,1,0,0,0,0,0,0
823214,2026-06-09,671277,"García Jr., Luis",WSH,SF,2026,3,3,1,0,0,0,1,0,0,1,0,0,2,4
823214,2026-06-09,677588,"Tena, José",WSH,SF,2026,3,2,0,0,0,0,0,1,0,1,0,0,0,0
823214,2026-06-09,678391,"Vivas, Jorbit",WSH,SF,2026,2,2,0,0,0,0,0,0,0,0,0,0,0,0
823214,2026-06-09,678554,"Mead, Curtis",WSH,SF,2026,3,3,0,0,0,0,0,0,0,0,0,0,0,0
823214,2026-06-09,682928,"Abrams, CJ",WSH,SF,2026,5,5,1,1,0,0,0,0,0,1,0,0,0,1
823214,2026-06-09,683083,"Nuñez, Nasim",WSH,SF,2026,4,4,1,0,1,0,0,0,0,3,0,0,0,2
823214,2026-06-09,686452,"Millas, Drew",WSH,SF,2026,4,4,0,0,0,0,0,0,0,2,0,0,0,0
823214,2026-06-09,686611,"Crews, Dylan",WSH,SF,2026,2,1,0,0,0,0,0,1,0,0,0,0,0,0
823214,2026-06-09,695578,"Wood, James",WSH,SF,2026,5,5,3,3,0,0,0,0,0,2,0,0,1,3
823214,2026-06-09,695734,"Lile, Daylen",WSH,SF,2026,5,2,1,0,0,1,0,2,1,0,0,0,2,3
823214,2026-06-09,696285,"Young, Jacob",WSH,SF,2026,4,4,2,1,0,1,0,0,0,1,0,0,0,4
823215,2026-06-10,660688,"Ruiz, Keibert",WSH,SF,2026,4,4,1,1,0,0,0,0,0,0,0,0,0,1
823215,2026-06-10,665953,"Chaparro, Andrés",WSH,SF,2026,3,3,0,0,0,0,0,0,0,1,0,0,0,0
823215,2026-06-10,671277,"García Jr., Luis",WSH,SF,2026,2,2,1,0,1,0,0,0,0,1,0,0,1,2
823215,2026-06-10,678391,"Vivas, Jorbit",WSH,SF,2026,4,4,2,2,0,0,0,0,0,0,0,0,1,2
823215,2026-06-10,678554,"Mead, Curtis",WSH,SF,2026,5,5,2,1,0,0,1,0,0,0,0,0,1,5
823215,2026-06-10,683083,"Nuñez, Nasim",WSH,SF,2026,4,4,1,1,0,0,0,0,0,1,0,0,2,1
823215,2026-06-10,686611,"Crews, Dylan",WSH,SF,2026,5,5,1,1,0,0,0,0,0,0,0,0,1,1
823215,2026-06-10,695578,"Wood, James",WSH,SF,2026,5,4,1,0,0,0,1,1,0,1,0,0,2,4
823215,2026-06-10,695734,"Lile, Daylen",WSH,SF,2026,5,5,4,4,0,0,0,0,0,0,0,0,2,4
823215,2026-06-10,696285,"Young, Jacob",WSH,SF,2026,5,5,1,1,0,0,0,0,0,2,0,0,0,1
823218,2026-06-08,660688,"Ruiz, Keibert",WSH,SF,2026,4,4,1,1,0,0,0,0,0,0,0,0,0,1
823218,2026-06-08,671277,"García Jr., Luis",WSH,SF,2026,4,4,2,1,1,0,0,0,0,1,0,0,1,3
823218,2026-06-08,678391,"Vivas, Jorbit",WSH,SF,2026,3,3,0,0,0,0,0,0,0,0,0,0,0,0
823218,2026-06-08,678554,"Mead, Curtis",WSH,SF,2026,4,3,0,0,0,0,0,0,1,1,0,0,0,0
823218,2026-06-08,682928,"Abrams, CJ",WSH,SF,2026,4,4,2,2,0,0,0,0,0,1,0,0,2,2
823218,2026-06-08,683083,"Nuñez, Nasim",WSH,SF,2026,3,3,1,1,0,0,0,0,0,1,0,0,0,1
823218,2026-06-08,686611,"Crews, Dylan",WSH,SF,2026,4,4,0,0,0,0,0,0,0,3,0,0,0,0
823218,2026-06-08,695578,"Wood, James",WSH,SF,2026,4,4,1,1,0,0,0,0,0,1,0,0,0,1
823218,2026-06-08,695734,"Lile, Daylen",WSH,SF,2026,4,4,1,1,0,0,0,0,0,0,0,0,1,1
823241,2026-03-28,519317,"Stanton, Giancarlo",NYY,SF,2026,4,4,2,2,0,0,0,0,0,1,0,0,0,2
823241,2026-03-28,592450,"Judge, Aaron",NYY,SF,2026,4,4,1,0,0,0,1,0,0,1,0,0,1,4
823241,2026-03-28,641355,"Bellinger, Cody",NYY,SF,2026,4,3,2,1,0,1,0,1,0,0,0,0,0,4
823241,2026-03-28,641857,"McMahon, Ryan",NYY,SF,2026,4,4,0,0,0,0,0,0,0,0,0,0,0,0
823241,2026-03-28,663757,"Grisham, Trent",NYY,SF,2026,4,3,1,1,0,0,0,1,0,0,0,0,0,1
823241,2026-03-28,665862,"Chisholm Jr., Jazz",NYY,SF,2026,4,4,0,0,0,0,0,0,0,2,0,0,0,0
823241,2026-03-28,669224,"Wells, Austin",NYY,SF,2026,3,3,0,0,0,0,0,0,0,2,0,0,0,0
823241,2026-03-28,676609,"Caballero, José",NYY,SF,2026,4,4,0,0,0,0,0,0,0,3,0,0,0,0
823241,2026-03-28,700250,"Rice, Ben",NYY,SF,2026,4,4,1,0,1,0,0,0,0,1,0,0,2,2
823243,2026-03-27,502671,"Goldschmidt, Paul",NYY,SF,2026,5,5,1,0,1,0,0,0,0,0,0,0,0,2
823243,2026-03-27,519317,"Stanton, Giancarlo",NYY,SF,2026,4,4,2,1,0,0,1,0,0,1,0,0,1,5
823243,2026-03-27,545341,"Grichuk, Randal",NYY,SF,2026,2,2,0,0,0,0,0,0,0,0,0,0,0,0
823243,2026-03-27,592450,"Judge, Aaron",NYY,SF,2026,4,4,1,0,0,0,1,0,0,2,0,0,2,4
823243,2026-03-27,641355,"Bellinger, Cody",NYY,SF,2026,4,3,1,1,0,0,0,1,0,0,0,0,0,1
823243,2026-03-27,641857,"McMahon, Ryan",NYY,SF,2026,2,1,0,0,0,0,0,1,0,1,0,0,0,0
823243,2026-03-27,642708,"Rosario, Amed",NYY,SF,2026,2,2,0,0,0,0,0,0,0,0,0,0,0,0
823243,2026-03-27,663757,"Grisham, Trent",NYY,SF,2026,2,1,0,0,0,0,0,1,0,0,0,0,0,0
823243,2026-03-27,665862,"Chisholm Jr., Jazz",NYY,SF,2026,4,4,1,1,0,0,0,0,0,2,0,0,0,1
823243,2026-03-27,669224,"Wells, Austin",NYY,SF,2026,4,4,0,0,0,0,0,0,0,1,0,0,0,0
823243,2026-03-27,676609,"Caballero, José",NYY,SF,2026,4,4,2,2,0,0,0,0,0,0,0,0,0,2
823244,2026-03-25,519317,"Stanton, Giancarlo",NYY,SF,2026,4,4,2,2,0,0,0,0,0,1,0,0,1,2
823244,2026-03-25,592450,"Judge, Aaron",NYY,SF,2026,5,5,0,0,0,0,0,0,0,4,0,0,0,0
823244,2026-03-25,641355,"Bellinger, Cody",NYY,SF,2026,5,5,1,1,0,0,0,0,0,2,0,0,0,1
823244,2026-03-25,641857,"McMahon, Ryan",NYY,SF,2026,4,3,1,1,0,0,0,1,0,2,0,0,2,1
823244,2026-03-25,663757,"Grisham, Trent",NYY,SF,2026,5,5,1,0,0,1,0,0,0,1,0,0,2,3
823244,2026-03-25,665862,"Chisholm Jr., Jazz",NYY,SF,2026,4,3,1,1,0,0,0,0,1,0,0,0,1,1
823244,2026-03-25,669224,"Wells, Austin",NYY,SF,2026,4,3,2,2,0,0,0,1,0,0,0,0,0,2
823244,2026-03-25,676609,"Caballero, José",NYY,SF,2026,4,4,1,1,0,0,0,0,0,0,0,0,1,1
823244,2026-03-25,700250,"Rice, Ben",NYY,SF,2026,5,4,1,1,0,0,0,1,0,2,0,0,0,1
823250,2026-09-08,665953,"Chaparro, Andrés",WSH,SD,2026,1,1,1,0,0,0,1,0,0,0,0,0,1,4
823250,2026-09-08,678391,"Vivas, Jorbit",WSH,SD,2026,3,3,1,0,1,0,0,0,0,1,0,0,0,2
823250,2026-09-08,682928,"Abrams, CJ",WSH,SD,2026,4,3,0,0,0,0,0,1,0,1,0,0,0,0
823250,2026-09-08,686611,"Crews, Dylan",WSH,SD,2026,4,4,2,0,2,0,0,0,0,1,0,0,0,4
823250,2026-09-08,691002,"Morales, Yohandy",WSH,SD,2026,4,4,1,0,0,0,1,0,0,2,0,0,1,4
823250,2026-09-08,691781,"House, Brady",WSH,SD,2026,4,4,1,0,1,0,0,0,0,0,0,0,2,2
823250,2026-09-08,694673,"Ortiz, Abimelec",WSH,SD,2026,3,3,1,0,1,0,0,0,0,2,0,0,0,2
823250,2026-09-08,695578,"Wood, James",WSH,SD,2026,4,4,0,0,0,0,0,0,0,2,0,0,0,0
823250,2026-09-08,695670,"Ford, Harry",WSH,SD,2026,3,3,0,0,0,0,0,0,0,0,0,0,0,0
823250,2026-09-08,695734,"Lile, Daylen",WSH,SD,2026,4,4,0,0,0,0,0,0,0,2,0,0,0,0
823250,2026-09-08,696285,"Young, Jacob",WSH,SD,2026,1,1,0,0,0,0,0,0,0,0,0,0,0,0
823251,2026-09-09,660688,"Ruiz, Keibert",WSH,SD,2026,4,4,1,0,0,0,1,0,0,0,0,0,1,4
823251,2026-09-09,665953,"Chaparro, Andrés",WSH,SD,2026,4,4,0,0,0,0,0,0,0,2,0,0,0,0
823251,2026-09-09,677588,"Tena, José",WSH,SD,2026,1,1,0,0,0,0,0,0,0,1,0,0,0,0
823251,2026-09-09,682928,"Abrams, CJ",WSH,SD,2026,4,4,0,0,0,0,0,0,0,3,0,0,0,0
823251,2026-09-09,683083,"Nuñez, Nasim",WSH,SD,2026,2,1,0,0,0,0,0,1,0,0,0,0,0,0
823251,2026-09-09,686611,"Crews, Dylan",WSH,SD,2026,4,3,1,1,0,0,0,1,0,1,0,0,1,1
823251,2026-09-09,691002,"Morales, Yohandy",WSH,SD,2026,3,3,0,0,0,0,0,0,0,0,0,0,0,0
823251,2026-09-09,691781,"House, Brady",WSH,SD,2026,1,1,0,0,0,0,0,0,0,0,0,0,0,0
823251,2026-09-09,695578,"Wood, James",WSH,SD,2026,4,3,1,1,0,0,0,1,0,1,0,0,0,1
823251,2026-09-09,695734,"Lile, Daylen",WSH,SD,2026,4,4,0,0,0,0,0,0,0,0,0,0,0,0
823251,2026-09-09,696285,"Young, Jacob",WSH,SD,2026,3,3,1,1,0,0,0,0,0,0,0,0,0,1
823253,2026-09-06,502671,"Goldschmidt, Paul",NYY,SD,2026,1,0,0,0,0,0,0,1,0,0,0,0,0,0
823253,2026-09-06,641355,"Bellinger, Cody",NYY,SD,2026,4,4,1,1,0,0,0,0,0,0,0,0,0,1
823253,2026-09-06,641857,"McMahon, Ryan",NYY,SD,2026,4,4,0,0,0,0,0,0,0,2,0,0,0,0
823253,2026-09-06,642708,"Rosario, Amed",NYY,SD,2026,1,1,1,1,0,0,0,0,0,0,0,0,2,1
823253,2026-09-06,665862,"Chisholm Jr., Jazz",NYY,SD,2026,3,3,1,1,0,0,0,0,0,0,0,0,0,1
823253,2026-09-06,669224,"Wells, Austin",NYY,SD,2026,4,2,0,0,0,0,0,2,0,1,0,0,0,0
823253,2026-09-06,671277,"García Jr., Luis",NYY,SD,2026,3,3,1,1,0,0,0,0,0,1,0,0,0,1
823253,2026-09-06,682987,"Jones, Spencer",NYY,SD,2026,4,3,1,0,1,0,0,1,0,1,0,0,1,2
823253,2026-09-06,691176,"Domínguez, Jasson",NYY,SD,2026,4,4,1,1,0,0,0,0,0,0,0,0,0,1
823253,2026-09-06,700250,"Rice, Ben",NYY,SD,2026,5,4,0,0,0,0,0,1,0,2,0,0,0,0
823253,2026-09-06,806146,"Lombard Jr., George",NYY,SD,2026,4,4,1,0,1,0,0,0,0,2,0,0,0,2
823254,2026-09-07,660688,"Ruiz, Keibert",WSH,SD,2026,3,3,0,0,0,0,0,0,0,0,0,0,0,0
823254,2026-09-07,678391,"Vivas, Jorbit",WSH,SD,2026,2,2,1,1,0,0,0,0,0,0,0,0,0,1
823254,2026-09-07,682928,"Abrams, CJ",WSH,SD,2026,4,4,0,0,0,0,0,0,0,1,0,0,0,0
823254,2026-09-07,686611,"Crews, Dylan",WSH,SD,2026,4,4,2,1,0,0,1,0,0,0,0,0,2,5
823254,2026-09-07,691002,"Morales, Yohandy",WSH,SD,2026,1,1,0,0,0,0,0,0,0,1,0,0,0,0
823254,2026-09-07,691781,"House, Brady",WSH,SD,2026,4,4,0,0,0,0,0,0,0,2,0,0,0,0
823254,2026-09-07,694673,"Ortiz, Abimelec",WSH,SD,2026,4,4,1,1,0,0,0,0,0,1,0,0,0,1
823254,2026-09-07,695578,"Wood, James",WSH,SD,2026,4,4,1,0,1,0,0,0,0,0,0,0,0,2
823254,2026-09-07,695734,"Lile, Daylen",WSH,SD,2026,3,3,0,0,0,0,0,0,0,2,0,0,0,0
823254,2026-09-07,696285,"Young, Jacob",WSH,SD,2026,3,3,0,0,0,0,0,0,0,1,0,0,0,0
823256,2026-09-04,502671,"Goldschmidt, Paul",NYY,SD,2026,1,1,0,0,0,0,0,0,0,1,0,0,0,0
823256,2026-09-04,641355,"Bellinger, Cody",NYY,SD,2026,4,4,0,0,0,0,0,0,0,3,0,0,0,0
823256,2026-09-04,641857,"McMahon, Ryan",NYY,SD,2026,2,3,0,0,0,0,0,0,0,0,0,0,0,0
823256,2026-09-04,663757,"Grisham, Trent",NYY,SD,2026,1,0,0,0,0,0,0,1,0,0,0,0,0,0
823256,2026-09-04,665862,"Chisholm Jr., Jazz",NYY,SD,2026,4,3,0,0,0,0,0,1,0,1,0,0,0,0
823256,2026-09-04,669224,"Wells, Austin",NYY,SD,2026,3,3,0,0,0,0,0,0,0,2,0,0,0,0
823256,2026-09-04,671218,"Ramos, Heliot",NYY,SD,2026,3,3,0,0,0,0,0,0,0,2,0,0,0,0
823256,2026-09-04,671277,"García Jr., Luis",NYY,SD,2026,4,4,1,1,0,0,0,0,0,2,0,0,0,1
823256,2026-09-04,682987,"Jones, Spencer",NYY,SD,2026,4,4,1,1,0,0,0,0,0,2,0,0,1,1
823256,2026-09-04,700250,"Rice, Ben",NYY,SD,2026,4,4,3,2,0,0,1,0,0,0,0,0,1,6
823256,2026-09-04,806146,"Lombard Jr., George",NYY,SD,2026,3,3,0,0,0,0,0,0,0,2,0,0,0,0
823257,2026-09-05,502671,"Goldschmidt, Paul",NYY,SD,2026,5,4,1,1,0,0,0,1,0,1,0,0,1,1
823257,2026-09-05,641355,"Bellinger, Cody",NYY,SD,2026,5,5,1,1,0,0,0,0,0,0,0,0,2,1
823257,2026-09-05,641857,"McMahon, Ryan",NYY,SD,2026,2,2,1,1,0,0,0,0,0,0,0,0,0,1
823257,2026-09-05,642708,"Rosario, Amed",NYY,SD,2026,3,3,0,0,0,0,0,0,0,1,0,0,0,0
823257,2026-09-05,669224,"Wells, Austin",NYY,SD,2026,4,3,0,0,0,0,0,1,0,1,0,0,0,0
823257,2026-09-05,671218,"Ramos, Heliot",NYY,SD,2026,3,2,1,1,0,0,0,1,0,1,0,0,0,1
823257,2026-09-05,671277,"García Jr., Luis",NYY,SD,2026,1,1,0,0,0,0,0,0,0,1,0,0,0,0
823257,2026-09-05,676609,"Caballero, José",NYY,SD,2026,5,2,0,0,0,0,0,2,0,0,0,0,0,0
823257,2026-09-05,682987,"Jones, Spencer",NYY,SD,2026,5,4,2,1,1,0,0,0,0,1,0,0,1,3
823257,2026-09-05,691176,"Domínguez, Jasson",NYY,SD,2026,1,1,0,0,0,0,0,0,0,0,0,0,0,0
823257,2026-09-05,700250,"Rice, Ben",NYY,SD,2026,5,3,3,3,0,0,0,2,0,0,0,0,0,3
823257,2026-09-05,806146,"Lombard Jr., George",NYY,SD,2026,5,3,0,0,0,0,0,0,1,1,0,0,1,0
823396,2026-04-16,660688,"Ruiz, Keibert",WSH,PIT,2026,2,2,0,0,0,0,0,0,0,0,0,0,0,0
823396,2026-04-16,671277,"García Jr., Luis",WSH,PIT,2026,3,3,0,0,0,0,0,0,0,1,0,0,3,0
823396,2026-04-16,678391,"Vivas, Jorbit",WSH,PIT,2026,5,4,1,1,0,0,0,0,1,1,0,0,0,1
823396,2026-04-16,678554,"Mead, Curtis",WSH,PIT,2026,3,3,0,0,0,0,0,0,0,0,0,0,0,0
823396,2026-04-16,682928,"Abrams, CJ",WSH,PIT,2026,5,2,1,1,0,0,0,2,1,0,0,0,0,1
823396,2026-04-16,683083,"Nuñez, Nasim",WSH,PIT,2026,5,2,0,0,0,0,0,2,0,1,0,0,0,0
823396,2026-04-16,686452,"Millas, Drew",WSH,PIT,2026,2,2,2,1,1,0,0,0,0,0,0,0,0,3
823396,2026-04-16,686894,"Wiemer, Joey",WSH,PIT,2026,1,1,1,0,1,0,0,0,0,0,0,0,1,2
823396,2026-04-16,691781,"House, Brady",WSH,PIT,2026,6,6,1,1,0,0,0,0,0,2,0,0,0,1
823396,2026-04-16,695578,"Wood, James",WSH,PIT,2026,6,6,2,2,0,0,0,0,0,2,0,0,1,2
823396,2026-04-16,695734,"Lile, Daylen",WSH,PIT,2026,5,5,2,1,1,0,0,0,0,1,0,0,0,3
823396,2026-04-16,696285,"Young, Jacob",WSH,PIT,2026,5,4,0,0,0,0,0,0,1,2,0,0,1,0
823398,2026-04-14,671277,"García Jr., Luis",WSH,PIT,2026,3,2,1,1,0,0,0,1,0,0,0,0,1,1
823398,2026-04-14,677588,"Tena, José",WSH,PIT,2026,1,1,1,1,0,0,0,0,0,0,0,0,0,1
823398,2026-04-14,678391,"Vivas, Jorbit",WSH,PIT,2026,4,3,1,1,0,0,0,0,1,1,0,0,0,1
823398,2026-04-14,678554,"Mead, Curtis",WSH,PIT,2026,2,2,0,0,0,0,0,0,0,0,0,0,0,0
823398,2026-04-14,682928,"Abrams, CJ",WSH,PIT,2026,4,4,3,1,1,0,1,0,0,0,0,0,2,7
823398,2026-04-14,683083,"Nuñez, Nasim",WSH,PIT,2026,4,3,0,0,0,0,0,1,0,0,0,0,0,0
823398,2026-04-14,686452,"Millas, Drew",WSH,PIT,2026,3,3,0,0,0,0,0,0,0,0,0,0,0,0
823398,2026-04-14,691781,"House, Brady",WSH,PIT,2026,4,4,2,1,1,0,0,0,0,1,0,0,1,3
823398,2026-04-14,695578,"Wood, James",WSH,PIT,2026,5,3,0,0,0,0,0,2,0,3,0,0,0,0
823398,2026-04-14,695734,"Lile, Daylen",WSH,PIT,2026,4,4,1,1,0,0,0,0,0,1,0,0,1,1
823398,2026-04-14,696285,"Young, Jacob",WSH,PIT,2026,4,4,0,0,0,0,0,0,0,2,0,0,0,0
823399,2026-04-15,660688,"Ruiz, Keibert",WSH,PIT,2026,2,2,0,0,0,0,0,0,0,0,0,0,0,0
823399,2026-04-15,671277,"García Jr., Luis",WSH,PIT,2026,3,2,0,0,0,0,0,1,0,0,0,0,0,0
823399,2026-04-15,677588,"Tena, José",WSH,PIT,2026,1,1,0,0,0,0,0,0,0,1,0,0,0,0
823399,2026-04-15,678391,"Vivas, Jorbit",WSH,PIT,2026,3,3,1,1,0,0,0,0,0,1,0,0,0,1
823399,2026-04-15,678554,"Mead, Curtis",WSH,PIT,2026,4,4,1,0,1,0,0,0,0,1,0,0,0,2
823399,2026-04-15,682928,"Abrams, CJ",WSH,PIT,2026,4,1,1,0,1,0,0,1,2,0,0,0,0,2
823399,2026-04-15,683083,"Nuñez, Nasim",WSH,PIT,2026,1,1,0,0,0,0,0,0,0,0,0,0,0,0
823399,2026-04-15,686452,"Millas, Drew",WSH,PIT,2026,1,1,0,0,0,0,0,0,0,0,0,0,0,0
823399,2026-04-15,686894,"Wiemer, Joey",WSH,PIT,2026,3,3,0,0,0,0,0,0,0,1,0,0,0,0
823399,2026-04-15,691781,"House, Brady",WSH,PIT,2026,4,4,0,0,0,0,0,0,0,1,0,0,0,0
823399,2026-04-15,695578,"Wood, James",WSH,PIT,2026,4,4,0,0,0,0,0,0,0,2,0,0,0,0
823399,2026-04-15,695734,"Lile, Daylen",WSH,PIT,2026,4,4,0,0,0,0,0,0,0,1,0,0,0,0
823400,2026-04-13,660688,"Ruiz, Keibert",WSH,PIT,2026,4,4,0,0,0,0,0,0,0,1,0,0,0,0
823400,2026-04-13,671277,"García Jr., Luis",WSH,PIT,2026,5,5,0,0,0,0,0,0,0,3,0,0,0,0
823400,2026-04-13,677588,"Tena, José",WSH,PIT,2026,4,3,1,1,0,0,0,0,1,0,0,0,0,1
823400,2026-04-13,678391,"Vivas, Jorbit",WSH,PIT,2026,4,3,1,0,1,0,0,1,0,0,0,0,0,2
823400,2026-04-13,678554,"Mead, Curtis",WSH,PIT,2026,2,2,0,0,0,0,0,0,0,0,0,0,0,0
823400,2026-04-13,682928,"Abrams, CJ",WSH,PIT,2026,2,2,1,0,0,0,1,0,0,0,0,0,1,4
823400,2026-04-13,683083,"Nuñez, Nasim",WSH,PIT,2026,4,4,1,1,0,0,0,0,0,0,0,0,2,1
823400,2026-04-13,686894,"Wiemer, Joey",WSH,PIT,2026,1,1,0,0,0,0,0,0,0,1,0,0,0,0
823400,2026-04-13,695578,"Wood, James",WSH,PIT,2026,4,3,1,1,0,0,0,1,0,2,0,0,0,1
823400,2026-04-13,695734,"Lile, Daylen",WSH,PIT,2026,4,4,2,2,0,0,0,0,0,1,0,0,0,2
823400,2026-04-13,696285,"Young, Jacob",WSH,PIT,2026,4,4,1,0,0,0,1,0,0,1,0,0,2,4
823429,2026-08-05,571945,"Mikolas, Miles",WSH,PHI,2026,1,0,0,0,0,0,0,0,0,0,0,0,1,0
823429,2026-08-05,660688,"Ruiz, Keibert",WSH,PHI,2026,4,3,1,1,0,0,0,1,0,1,0,0,1,1
823429,2026-08-05,665953,"Chaparro, Andrés",WSH,PHI,2026,4,3,1,0,1,0,0,1,0,1,0,0,2,2
823429,2026-08-05,677588,"Tena, José",WSH,PHI,2026,2,2,0,0,0,0,0,0,0,0,0,0,0,0
823429,2026-08-05,678391,"Vivas, Jorbit",WSH,PHI,2026,2,1,0,0,0,0,0,1,0,0,0,0,0,0
823429,2026-08-05,682928,"Abrams, CJ",WSH,PHI,2026,6,5,3,2,0,1,0,0,1,1,0,0,3,5
823429,2026-08-05,683083,"Nuñez, Nasim",WSH,PHI,2026,6,5,0,0,0,0,0,1,0,1,0,0,2,0
823429,2026-08-05,686611,"Crews, Dylan",WSH,PHI,2026,6,5,1,1,0,0,0,1,0,1,0,0,0,1
823429,2026-08-05,691781,"House, Brady",WSH,PHI,2026,4,4,1,0,0,0,1,0,0,2,0,0,1,4
823429,2026-08-05,694673,"Ortiz, Abimelec",WSH,PHI,2026,5,5,1,1,0,0,0,0,0,2,0,0,0,1
823429,2026-08-05,695670,"Ford, Harry",WSH,PHI,2026,2,1,0,0,0,0,0,1,0,0,0,0,0,0
823429,2026-08-05,695734,"Lile, Daylen",WSH,PHI,2026,6,5,0,0,0,0,0,0,1,2,0,0,0,0
823429,2026-08-05,696285,"Young, Jacob",WSH,PHI,2026,5,3,2,1,1,0,0,2,0,0,0,0,0,3
823430,2026-08-06,660688,"Ruiz, Keibert",WSH,PHI,2026,4,3,2,2,0,0,0,1,0,0,0,0,1,2
823430,2026-08-06,665953,"Chaparro, Andrés",WSH,PHI,2026,4,4,1,1,0,0,0,0,0,1,0,0,0,1
823430,2026-08-06,677588,"Tena, José",WSH,PHI,2026,1,1,0,0,0,0,0,0,0,1,0,0,0,0
823430,2026-08-06,682928,"Abrams, CJ",WSH,PHI,2026,4,4,0,0,0,0,0,0,0,2,0,0,0,0
823430,2026-08-06,683083,"Nuñez, Nasim",WSH,PHI,2026,4,3,0,0,0,0,0,1,0,0,0,0,0,0
823430,2026-08-06,686611,"Crews, Dylan",WSH,PHI,2026,5,5,1,1,0,0,0,0,0,4,0,0,0,1
823430,2026-08-06,687605,"Pinckney, Andrew",WSH,PHI,2026,2,2,1,0,0,0,1,0,0,0,0,0,1,4
823430,2026-08-06,691781,"House, Brady",WSH,PHI,2026,4,3,0,0,0,0,0,1,0,2,0,0,0,0
823430,2026-08-06,694673,"Ortiz, Abimelec",WSH,PHI,2026,1,1,0,0,0,0,0,0,0,0,0,0,0,0
823430,2026-08-06,695670,"Ford, Harry",WSH,PHI,2026,4,4,1,0,1,0,0,0,0,1,0,0,0,2
823430,2026-08-06,695734,"Lile, Daylen",WSH,PHI,2026,2,2,0,0,0,0,0,0,0,1,0,0,0,0
823430,2026-08-06,696285,"Young, Jacob",WSH,PHI,2026,3,2,2,1,0,1,0,0,1,0,0,0,1,4
823431,2026-08-03,660688,"Ruiz, Keibert",WSH,PHI,2026,4,4,2,2,0,0,0,0,0,1,0,0,0,2
823431,2026-08-03,665953,"Chaparro, Andrés",WSH,PHI,2026,1,1,0,0,0,0,0,0,0,1,0,0,0,0
823431,2026-08-03,677588,"Tena, José",WSH,PHI,2026,4,3,0,0,0,0,0,1,0,0,0,0,0,0
823431,2026-08-03,678391,"Vivas, Jorbit",WSH,PHI,2026,2,1,0,0,0,0,0,1,0,0,0,0,0,0
823431,2026-08-03,682928,"Abrams, CJ",WSH,PHI,2026,4,4,0,0,0,0,0,0,0,3,0,0,0,0
823431,2026-08-03,683083,"Nuñez, Nasim",WSH,PHI,2026,4,4,0,0,0,0,0,0,0,2,0,0,0,0
823431,2026-08-03,691781,"House, Brady",WSH,PHI,2026,2,1,0,0,0,0,0,0,1,0,0,0,0,0
823431,2026-08-03,694673,"Ortiz, Abimelec",WSH,PHI,2026,3,3,1,0,0,0,1,0,0,0,0,0,1,4
823431,2026-08-03,695578,"Wood, James",WSH,PHI,2026,4,4,1,1,0,0,0,0,0,1,0,0,0,1
823431,2026-08-03,695734,"Lile, Daylen",WSH,PHI,2026,4,4,1,0,0,0,1,0,0,0,0,0,2,4
823431,2026-08-03,696285,"Young, Jacob",WSH,PHI,2026,4,3,1,1,0,0,0,1,0,2,0,0,0,1
823432,2026-08-04,665953,"Chaparro, Andrés",WSH,PHI,2026,4,4,0,0,0,0,0,0,0,2,0,0,0,0
823432,2026-08-04,677588,"Tena, José",WSH,PHI,2026,1,1,0,0,0,0,0,0,0,1,0,0,0,0
823432,2026-08-04,678391,"Vivas, Jorbit",WSH,PHI,2026,3,3,0,0,0,0,0,0,0,0,0,0,0,0
823432,2026-08-04,682928,"Abrams, CJ",WSH,PHI,2026,4,4,2,1,1,0,0,0,0,2,0,0,0,3
823432,2026-08-04,683083,"Nuñez, Nasim",WSH,PHI,2026,3,2,1,1,0,0,0,1,0,0,0,0,0,1
823432,2026-08-04,686611,"Crews, Dylan",WSH,PHI,2026,4,4,0,0,0,0,0,0,0,0,0,0,0,0
823432,2026-08-04,691781,"House, Brady",WSH,PHI,2026,3,3,1,1,0,0,0,0,0,1,0,0,0,1
823432,2026-08-04,694673,"Ortiz, Abimelec",WSH,PHI,2026,1,1,0,0,0,0,0,0,0,0,0,0,0,0
823432,2026-08-04,695670,"Ford, Harry",WSH,PHI,2026,4,3,1,0,1,0,0,1,0,1,0,0,0,2
823432,2026-08-04,695734,"Lile, Daylen",WSH,PHI,2026,3,3,0,0,0,0,0,0,0,1,0,0,0,0
823432,2026-08-04,696285,"Young, Jacob",WSH,PHI,2026,3,3,0,0,0,0,0,0,0,1,0,0,0,0
823433,2026-07-26,502671,"Goldschmidt, Paul",NYY,PHI,2026,5,4,1,1,0,0,0,1,0,2,0,0,0,1
823433,2026-07-26,641857,"McMahon, Ryan",NYY,PHI,2026,1,1,0,0,0,0,0,0,0,1,0,0,0,0
823433,2026-07-26,642708,"Rosario, Amed",NYY,PHI,2026,4,4,1,1,0,0,0,0,0,2,0,0,0,1
823433,2026-07-26,645305,"Sánchez, Ali",NYY,PHI,2026,3,3,2,2,0,0,0,0,0,1,0,0,0,2
823433,2026-07-26,663757,"Grisham, Trent",NYY,PHI,2026,4,4,0,0,0,0,0,0,0,1,0,0,0,0
823433,2026-07-26,669224,"Wells, Austin",NYY,PHI,2026,1,1,0,0,0,0,0,0,0,1,0,0,0,0
823433,2026-07-26,676609,"Caballero, José",NYY,PHI,2026,4,4,0,0,0,0,0,0,0,2,0,0,0,0
823433,2026-07-26,680474,"Schuemann, Max",NYY,PHI,2026,3,2,0,0,0,0,0,1,0,0,0,0,0,0
823433,2026-07-26,682987,"Jones, Spencer",NYY,PHI,2026,1,0,0,0,0,0,0,1,0,0,0,0,0,0
823433,2026-07-26,683011,"Volpe, Anthony",NYY,PHI,2026,4,3,2,0,2,0,0,1,0,1,0,0,1,4
823433,2026-07-26,691176,"Domínguez, Jasson",NYY,PHI,2026,5,5,0,0,0,0,0,0,0,1,0,0,1,0
823433,2026-07-26,700250,"Rice, Ben",NYY,PHI,2026,5,5,2,0,1,0,1,0,0,1,0,0,1,6
823434,2026-07-24,502671,"Goldschmidt, Paul",NYY,PHI,2026,4,4,1,0,0,0,1,0,0,2,0,0,1,4
823434,2026-07-24,641355,"Bellinger, Cody",NYY,PHI,2026,4,3,1,1,0,0,0,1,0,1,0,0,0,1
823434,2026-07-24,641857,"McMahon, Ryan",NYY,PHI,2026,1,0,0,0,0,0,0,0,1,0,0,0,0,0
823434,2026-07-24,642708,"Rosario, Amed",NYY,PHI,2026,3,3,0,0,0,0,0,0,0,1,0,0,0,0
823434,2026-07-24,645305,"Sánchez, Ali",NYY,PHI,2026,3,2,0,0,0,0,0,0,1,1,0,0,0,0
823434,2026-07-24,663757,"Grisham, Trent",NYY,PHI,2026,3,3,0,0,0,0,0,0,0,0,0,0,0,0
823434,2026-07-24,676609,"Caballero, José",NYY,PHI,2026,3,3,0,0,0,0,0,0,0,2,0,0,0,0
823434,2026-07-24,683011,"Volpe, Anthony",NYY,PHI,2026,3,3,1,1,0,0,0,0,0,1,0,0,0,1
823434,2026-07-24,691176,"Domínguez, Jasson",NYY,PHI,2026,4,5,1,1,0,0,0,0,0,1,0,0,0,1
823434,2026-07-24,700250,"Rice, Ben",NYY,PHI,2026,4,4,0,0,0,0,0,0,0,3,0,0,0,0
823435,2026-07-25,502671,"Goldschmidt, Paul",NYY,PHI,2026,4,4,2,2,0,0,0,0,0,0,0,0,0,2
823435,2026-07-25,641355,"Bellinger, Cody",NYY,PHI,2026,4,4,2,1,1,0,0,0,0,0,0,0,1,3
823435,2026-07-25,641857,"McMahon, Ryan",NYY,PHI,2026,3,3,0,0,0,0,0,0,0,1,0,0,0,0
823435,2026-07-25,642708,"Rosario, Amed",NYY,PHI,2026,1,1,0,0,0,0,0,0,0,1,0,0,0,0
823435,2026-07-25,663757,"Grisham, Trent",NYY,PHI,2026,4,4,0,0,0,0,0,0,0,0,0,0,0,0
823435,2026-07-25,665862,"Chisholm Jr., Jazz",NYY,PHI,2026,4,4,0,0,0,0,0,0,0,4,0,0,0,0
823435,2026-07-25,669224,"Wells, Austin",NYY,PHI,2026,3,2,1,0,0,0,1,1,0,0,0,0,1,4
823435,2026-07-25,676609,"Caballero, José",NYY,PHI,2026,4,4,1,1,0,0,0,0,0,2,0,0,0,1
823435,2026-07-25,691176,"Domínguez, Jasson",NYY,PHI,2026,4,4,1,0,0,0,1,0,0,1,0,0,1,4
823435,2026-07-25,700250,"Rice, Ben",NYY,PHI,2026,4,4,0,0,0,0,0,0,0,2,0,0,0,0
823483,2026-04-01,671277,"García Jr., Luis",WSH,PHI,2026,2,2,1,1,0,0,0,0,0,1,0,0,0,1
823483,2026-04-01,678554,"Mead, Curtis",WSH,PHI,2026,3,3,0,0,0,0,0,0,0,0,0,0,0,0
823483,2026-04-01,682928,"Abrams, CJ",WSH,PHI,2026,5,4,1,0,0,0,1,1,0,1,0,0,3,4
823483,2026-04-01,683083,"Nuñez, Nasim",WSH,PHI,2026,4,4,0,0,0,0,0,0,0,2,0,0,0,0
823483,2026-04-01,686452,"Millas, Drew",WSH,PHI,2026,4,4,1,1,0,0,0,0,0,2,0,0,2,1
823483,2026-04-01,686894,"Wiemer, Joey",WSH,PHI,2026,5,5,2,2,0,0,0,1,0,2,0,0,0,2
823483,2026-04-01,691781,"House, Brady",WSH,PHI,2026,5,4,2,1,1,0,0,1,0,0,0,0,0,3
823483,2026-04-01,695578,"Wood, James",WSH,PHI,2026,5,5,0,0,0,0,0,0,0,1,0,0,0,0
823483,2026-04-01,695734,"Lile, Daylen",WSH,PHI,2026,5,5,2,2,0,0,0,0,0,1,0,0,0,2
823483,2026-04-01,696285,"Young, Jacob",WSH,PHI,2026,4,3,1,1,0,0,0,1,0,1,0,0,0,1
823484,2026-03-30,671277,"García Jr., Luis",WSH,PHI,2026,6,6,2,1,1,0,0,0,0,0,0,0,3,3
823484,2026-03-30,677588,"Tena, José",WSH,PHI,2026,5,5,3,3,0,0,0,0,0,1,0,0,2,3
823484,2026-03-30,678391,"Vivas, Jorbit",WSH,PHI,2026,5,3,2,2,0,0,0,1,0,0,0,0,1,2
823484,2026-03-30,682928,"Abrams, CJ",WSH,PHI,2026,6,6,2,2,0,0,0,0,0,0,0,0,1,2
823484,2026-03-30,686452,"Millas, Drew",WSH,PHI,2026,5,4,1,1,0,0,0,1,0,1,0,0,1,1
823484,2026-03-30,686894,"Wiemer, Joey",WSH,PHI,2026,5,5,2,2,0,0,0,1,0,0,0,0,1,2
823484,2026-03-30,691781,"House, Brady",WSH,PHI,2026,6,6,2,2,0,0,0,0,0,2,0,0,1,2
823484,2026-03-30,695578,"Wood, James",WSH,PHI,2026,6,4,1,0,1,0,0,2,0,2,0,0,1,2
823484,2026-03-30,695734,"Lile, Daylen",WSH,PHI,2026,6,6,2,1,1,0,0,0,0,0,0,0,2,3
823485,2026-03-31,660688,"Ruiz, Keibert",WSH,PHI,2026,4,4,0,0,0,0,0,0,0,1,0,0,0,0
823485,2026-03-31,671277,"García Jr., Luis",WSH,PHI,2026,4,4,0,0,0,0,0,0,0,1,0,0,0,0
823485,2026-03-31,677588,"Tena, José",WSH,PHI,2026,4,4,0,0,0,0,0,0,0,3,0,0,0,0
823485,2026-03-31,678391,"Vivas, Jorbit",WSH,PHI,2026,2,2,1,1,0,0,0,0,0,1,0,0,0,1
823485,2026-03-31,678554,"Mead, Curtis",WSH,PHI,2026,2,1,0,0,0,0,0,1,0,0,0,0,0,0
823485,2026-03-31,682928,"Abrams, CJ",WSH,PHI,2026,4,4,1,1,0,0,0,0,0,0,0,0,0,1
823485,2026-03-31,683083,"Nuñez, Nasim",WSH,PHI,2026,4,4,2,2,0,0,0,0,0,2,0,0,0,2
823485,2026-03-31,686894,"Wiemer, Joey",WSH,PHI,2026,4,3,0,0,0,0,0,1,0,2,0,0,0,0
823485,2026-03-31,695578,"Wood, James",WSH,PHI,2026,5,5,1,0,1,0,0,0,0,2,0,0,1,2
823485,2026-03-31,695734,"Lile, Daylen",WSH,PHI,2026,4,4,3,2,1,0,0,0,0,0,0,0,1,4
823494,2026-09-22,502671,"Goldschmidt, Paul",NYY,TB,2026,1,1,0,0,0,0,0,0,0,0,0,0,0,0
823494,2026-09-22,641355,"Bellinger, Cody",NYY,TB,2026,4,3,0,0,0,0,0,1,0,1,0,0,0,0
823494,2026-09-22,641857,"McMahon, Ryan",NYY,TB,2026,2,2,0,0,0,0,0,0,0,1,0,0,0,0
823494,2026-09-22,665862,"Chisholm Jr., Jazz",NYY,TB,2026,4,3,1,1,0,0,0,1,0,1,0,0,0,1
823494,2026-09-22,669224,"Wells, Austin",NYY,TB,2026,3,2,0,0,0,0,0,1,0,1,0,0,0,0
823494,2026-09-22,671218,"Ramos, Heliot",NYY,TB,2026,4,4,1,0,1,0,0,0,0,2,0,0,0,2
823494,2026-09-22,671277,"García Jr., Luis",NYY,TB,2026,4,4,0,0,0,0,0,0,0,1,0,0,0,0
823494,2026-09-22,682987,"Jones, Spencer",NYY,TB,2026,4,3,0,0,0,0,0,1,0,2,0,0,0,0
823494,2026-09-22,700250,"Rice, Ben",NYY,TB,2026,4,4,0,0,0,0,0,0,0,3,0,0,0,0
823494,2026-09-22,806146,"Lombard Jr., George",NYY,TB,2026,4,4,1,1,0,0,0,0,0,1,0,0,1,1
823495,2026-09-13,592450,"Judge, Aaron",NYY,NYM,2026,3,3,0,0,0,0,0,0,0,3,0,0,0,0
823495,2026-09-13,641355,"Bellinger, Cody",NYY,NYM,2026,4,4,0,0,0,0,0,0,0,0,0,0,0,0
823495,2026-09-13,641857,"McMahon, Ryan",NYY,NYM,2026,3,3,0,0,0,0,0,0,0,0,0,0,0,0
823495,2026-09-13,669224,"Wells, Austin",NYY,NYM,2026,3,3,1,0,0,0,1,0,0,2,0,0,1,4
823495,2026-09-13,671277,"García Jr., Luis",NYY,NYM,2026,3,3,0,0,0,0,0,0,0,0,0,0,0,0
823495,2026-09-13,676609,"Caballero, José",NYY,NYM,2026,3,2,0,0,0,0,0,1,0,2,0,0,0,0
823495,2026-09-13,682987,"Jones, Spencer",NYY,NYM,2026,3,3,1,1,0,0,0,0,0,0,0,0,0,1
823495,2026-09-13,683011,"Volpe, Anthony",NYY,NYM,2026,3,2,0,0,0,0,0,1,0,1,0,0,0,0
823495,2026-09-13,700250,"Rice, Ben",NYY,NYM,2026,4,2,1,0,0,0,1,2,0,1,0,0,1,4
823496,2026-09-12,502671,"Goldschmidt, Paul",NYY,NYM,2026,4,4,1,0,1,0,0,0,0,0,0,0,0,2
823496,2026-09-12,592450,"Judge, Aaron",NYY,NYM,2026,4,4,0,0,0,0,0,0,0,1,0,0,0,0
823496,2026-09-12,641355,"Bellinger, Cody",NYY,NYM,2026,4,4,2,1,0,0,1,0,0,0,0,0,2,5
823496,2026-09-12,642708,"Rosario, Amed",NYY,NYM,2026,4,4,0,0,0,0,0,0,0,0,0,0,0,0
823496,2026-09-12,645305,"Sánchez, Ali",NYY,NYM,2026,1,1,1,1,0,0,0,0,0,0,0,0,0,1
823496,2026-09-12,669224,"Wells, Austin",NYY,NYM,2026,2,2,0,0,0,0,0,0,0,0,0,0,0,0
823496,2026-09-12,671218,"Ramos, Heliot",NYY,NYM,2026,4,4,1,1,0,0,0,0,0,2,0,0,0,1
823496,2026-09-12,682987,"Jones, Spencer",NYY,NYM,2026,4,4,2,2,0,0,0,0,0,2,0,0,0,2
823496,2026-09-12,683011,"Volpe, Anthony",NYY,NYM,2026,3,3,0,0,0,0,0,0,0,0,0,0,0,0
823496,2026-09-12,806146,"Lombard Jr., George",NYY,NYM,2026,4,3,0,0,0,0,0,1,0,1,0,0,0,0
823497,2026-09-09,592450,"Judge, Aaron",NYY,COL,2026,4,4,2,2,0,0,0,0,0,1,0,0,0,2
823497,2026-09-09,641355,"Bellinger, Cody",NYY,COL,2026,4,4,1,0,0,0,1,0,0,1,0,0,1,4
823497,2026-09-09,641857,"McMahon, Ryan",NYY,COL,2026,4,4,0,0,0,0,0,0,0,1,0,0,0,0
823497,2026-09-09,669224,"Wells, Austin",NYY,COL,2026,3,2,0,0,0,0,0,1,0,0,0,0,0,0
823497,2026-09-09,671277,"García Jr., Luis",NYY,COL,2026,4,4,2,0,1,0,1,0,0,2,0,0,1,6
823497,2026-09-09,676609,"Caballero, José",NYY,COL,2026,3,3,0,0,0,0,0,0,0,0,0,0,0,0
823497,2026-09-09,682987,"Jones, Spencer",NYY,COL,2026,4,2,1,0,1,0,0,2,0,0,0,0,0,2
823497,2026-09-09,700250,"Rice, Ben",NYY,COL,2026,4,4,0,0,0,0,0,0,0,1,0,0,0,0
823497,2026-09-09,806146,"Lombard Jr., George",NYY,COL,2026,4,4,1,0,0,0,1,0,0,0,0,0,4,4
823498,2026-09-11,592450,"Judge, Aaron",NYY,NYM,2026,4,3,1,1,0,0,0,1,0,2,0,0,0,1
823498,2026-09-11,641355,"Bellinger, Cody",NYY,NYM,2026,4,4,2,1,0,0,1,0,0,1,0,0,3,5
823498,2026-09-11,641857,"McMahon, Ryan",NYY,NYM,2026,4,4,1,1,0,0,0,0,0,0,0,0,1,1
823498,2026-09-11,669224,"Wells, Austin",NYY,NYM,2026,4,4,0,0,0,0,0,0,0,1,0,0,0,0
823498,2026-09-11,671277,"García Jr., Luis",NYY,NYM,2026,4,4,3,3,0,0,0,0,0,0,0,0,0,3
823498,2026-09-11,682987,"Jones, Spencer",NYY,NYM,2026,4,4,2,2,0,0,0,0,0,2,0,0,1,2
823498,2026-09-11,683011,"Volpe, Anthony",NYY,NYM,2026,4,4,1,1,0,0,0,0,0,0,0,0,0,1
823498,2026-09-11,700250,"Rice, Ben",NYY,NYM,2026,4,4,3,2,0,0,1,0,0,0,0,0,1,6
823498,2026-09-11,806146,"Lombard Jr., George",NYY,NYM,2026,4,3,0,0,0,0,0,0,0,1,0,0,0,0
823499,2026-09-10,641355,"Bellinger, Cody",NYY,COL,2026,4,3,2,0,2,0,0,0,0,1,0,0,1,4
823499,2026-09-10,641857,"McMahon, Ryan",NYY,COL,2026,4,3,1,1,0,0,0,1,0,0,0,0,0,1
823499,2026-09-10,669224,"Wells, Austin",NYY,COL,2026,4,1,0,0,0,0,0,3,0,0,0,0,0,0
823499,2026-09-10,671218,"Ramos, Heliot",NYY,COL,2026,1,1,0,0,0,0,0,0,0,0,0,0,0,0
823499,2026-09-10,671277,"García Jr., Luis",NYY,COL,2026,5,5,1,0,0,0,1,0,0,0,0,0,2,4
823499,2026-09-10,682987,"Jones, Spencer",NYY,COL,2026,4,4,3,3,0,0,0,0,0,0,0,0,2,3
823499,2026-09-10,683011,"Volpe, Anthony",NYY,COL,2026,4,4,3,2,0,0,1,0,0,0,0,0,5,6
823499,2026-09-10,691176,"Domínguez, Jasson",NYY,COL,2026,5,4,0,0,0,0,0,1,0,2,0,0,0,0
823499,2026-09-10,700250,"Rice, Ben",NYY,COL,2026,5,5,1,1,0,0,0,0,0,1,0,0,0,1
823499,2026-09-10,806146,"Lombard Jr., George",NYY,COL,2026,4,4,0,0,0,0,0,0,0,1,0,0,0,0
823500,2026-09-08,592450,"Judge, Aaron",NYY,COL,2026,3,3,0,0,0,0,0,0,0,2,0,0,0,0
823500,2026-09-08,641355,"Bellinger, Cody",NYY,COL,2026,4,4,1,0,1,0,0,0,0,0,0,0,0,2
823500,2026-09-08,641857,"McMahon, Ryan",NYY,COL,2026,3,3,1,0,1,0,0,0,0,1,0,0,1,2
823500,2026-09-08,665862,"Chisholm Jr., Jazz",NYY,COL,2026,4,4,2,2,0,0,0,0,0,0,0,0,0,2
823500,2026-09-08,669224,"Wells, Austin",NYY,COL,2026,3,3,0,0,0,0,0,0,0,1,0,0,0,0
823500,2026-09-08,671218,"Ramos, Heliot",NYY,COL,2026,1,1,1,0,0,0,1,0,0,0,0,0,3,4
823500,2026-09-08,671277,"García Jr., Luis",NYY,COL,2026,4,4,2,2,0,0,0,0,0,1,0,0,1,2
823500,2026-09-08,682987,"Jones, Spencer",NYY,COL,2026,4,3,0,0,0,0,0,1,0,3,0,0,0,0
823500,2026-09-08,700250,"Rice, Ben",NYY,COL,2026,4,2,0,0,0,0,0,1,1,1,0,0,0,0
823500,2026-09-08,806146,"Lombard Jr., George",NYY,COL,2026,4,3,1,1,0,0,0,1,0,1,0,0,0,1
823501,2026-08-29,641355,"Bellinger, Cody",NYY,BOS,2026,2,2,1,1,0,0,0,0,0,0,0,0,0,1
823501,2026-08-29,642708,"Rosario, Amed",NYY,BOS,2026,2,2,2,2,0,0,0,0,0,0,0,0,1,2
823501,2026-08-29,663757,"Grisham, Trent",NYY,BOS,2026,5,4,0,0,0,0,0,1,0,1,0,0,0,0
823501,2026-08-29,665862,"Chisholm Jr., Jazz",NYY,BOS,2026,4,3,0,0,0,0,0,0,0,1,0,0,1,0
823501,2026-08-29,669224,"Wells, Austin",NYY,BOS,2026,4,4,1,1,0,0,0,0,0,0,0,0,2,1
823501,2026-08-29,671218,"Ramos, Heliot",NYY,BOS,2026,3,2,0,0,0,0,0,0,1,1,0,0,0,0
823501,2026-08-29,671277,"García Jr., Luis",NYY,BOS,2026,4,4,3,3,0,0,0,0,0,0,0,0,1,3
823501,2026-08-29,676609,"Caballero, José",NYY,BOS,2026,4,4,2,2,0,0,0,0,0,1,0,0,0,2
823501,2026-08-29,682987,"Jones, Spencer",NYY,BOS,2026,4,3,1,1,0,0,0,0,0,0,0,0,1,1
823501,2026-08-29,700250,"Rice, Ben",NYY,BOS,2026,5,5,2,2,0,0,0,0,0,1,0,0,3,2
823501,2026-08-29,806146,"Lombard Jr., George",NYY,BOS,2026,2,2,1,1,0,0,0,0,0,0,0,0,0,1
823502,2026-08-30,502671,"Goldschmidt, Paul",NYY,BOS,2026,6,6,3,2,0,0,1,0,0,1,0,0,3,6
823502,2026-08-30,641355,"Bellinger, Cody",NYY,BOS,2026,6,6,2,2,0,0,0,0,0,1,0,0,0,2
823502,2026-08-30,642708,"Rosario, Amed",NYY,BOS,2026,5,4,2,2,0,0,0,1,0,0,0,0,1,2
823502,2026-08-30,645305,"Sánchez, Ali",NYY,BOS,2026,2,1,0,0,0,0,0,0,0,0,0,0,0,0
823502,2026-08-30,663757,"Grisham, Trent",NYY,BOS,2026,5,4,0,0,0,0,0,1,0,1,0,0,1,0
823502,2026-08-30,665862,"Chisholm Jr., Jazz",NYY,BOS,2026,5,3,2,2,0,0,0,2,0,0,0,0,0,2
823502,2026-08-30,669224,"Wells, Austin",NYY,BOS,2026,3,2,2,0,0,0,2,0,0,0,0,0,5,8
823502,2026-08-30,671218,"Ramos, Heliot",NYY,BOS,2026,4,2,2,1,0,0,1,2,0,0,0,0,3,5
823502,2026-08-30,671277,"García Jr., Luis",NYY,BOS,2026,5,4,1,1,0,0,0,1,0,1,0,0,0,1
823502,2026-08-30,676609,"Caballero, José",NYY,BOS,2026,5,5,3,2,0,0,1,0,0,0,0,0,3,6
823502,2026-08-30,682987,"Jones, Spencer",NYY,BOS,2026,1,1,1,1,0,0,0,0,0,0,0,0,0,1
823503,2026-08-27,641355,"Bellinger, Cody",NYY,HOU,2026,4,2,0,0,0,0,0,1,0,0,0,0,1,0
823503,2026-08-27,642708,"Rosario, Amed",NYY,HOU,2026,1,1,0,0,0,0,0,0,0,0,0,0,0,0
823503,2026-08-27,663757,"Grisham, Trent",NYY,HOU,2026,4,4,0,0,0,0,0,0,0,1,0,0,0,0
823503,2026-08-27,665862,"Chisholm Jr., Jazz",NYY,HOU,2026,3,2,1,1,0,0,0,1,0,1,0,0,0,1
823503,2026-08-27,669224,"Wells, Austin",NYY,HOU,2026,3,3,0,0,0,0,0,0,0,3,0,0,0,0
823503,2026-08-27,671218,"Ramos, Heliot",NYY,HOU,2026,1,1,0,0,0,0,0,0,0,1,0,0,0,0
823503,2026-08-27,671277,"García Jr., Luis",NYY,HOU,2026,4,4,0,0,0,0,0,0,0,2,0,0,0,0
823503,2026-08-27,676609,"Caballero, José",NYY,HOU,2026,3,3,1,1,0,0,0,0,0,0,0,0,0,1
823503,2026-08-27,682987,"Jones, Spencer",NYY,HOU,2026,3,3,0,0,0,0,0,0,0,1,0,0,0,0
823503,2026-08-27,700250,"Rice, Ben",NYY,HOU,2026,4,4,2,1,1,0,0,0,0,0,0,0,0,3
823503,2026-08-27,806146,"Lombard Jr., George",NYY,HOU,2026,4,4,1,0,0,1,0,0,0,2,0,0,0,3
823504,2026-08-28,502671,"Goldschmidt, Paul",NYY,BOS,2026,4,4,1,0,0,0,1,0,0,1,0,0,1,4
823504,2026-08-28,641355,"Bellinger, Cody",NYY,BOS,2026,4,4,0,0,0,0,0,0,0,0,0,0,0,0
823504,2026-08-28,663757,"Grisham, Trent",NYY,BOS,2026,3,2,0,0,0,0,0,1,0,1,0,0,0,0
823504,2026-08-28,665862,"Chisholm Jr., Jazz",NYY,BOS,2026,3,3,0,0,0,0,0,0,0,2,0,0,0,0
823504,2026-08-28,669224,"Wells, Austin",NYY,BOS,2026,3,3,0,0,0,0,0,0,0,3,0,0,0,0
823504,2026-08-28,671218,"Ramos, Heliot",NYY,BOS,2026,3,1,0,0,0,0,0,2,0,1,0,0,0,0
823504,2026-08-28,676609,"Caballero, José",NYY,BOS,2026,3,3,0,0,0,0,0,0,0,0,0,0,0,0
823504,2026-08-28,682987,"Jones, Spencer",NYY,BOS,2026,1,1,0,0,0,0,0,0,0,1,0,0,0,0
823504,2026-08-28,700250,"Rice, Ben",NYY,BOS,2026,4,4,2,1,1,0,0,0,0,2,0,0,0,3
823504,2026-08-28,806146,"Lombard Jr., George",NYY,BOS,2026,3,2,0,0,0,0,0,1,0,0,0,0,0,0
823505,2026-08-25,641355,"Bellinger, Cody",NYY,HOU,2026,5,5,1,0,0,0,1,0,0,0,0,0,3,4
823505,2026-08-25,663757,"Grisham, Trent",NYY,HOU,2026,5,3,0,0,0,0,0,2,0,1,0,0,0,0
823505,2026-08-25,665862,"Chisholm Jr., Jazz",NYY,HOU,2026,4,4,1,1,0,0,0,1,0,0,0,0,1,1
823505,2026-08-25,669224,"Wells, Austin",NYY,HOU,2026,4,3,0,0,0,0,0,1,0,1,0,0,0,0
823505,2026-08-25,671277,"García Jr., Luis",NYY,HOU,2026,5,5,4,2,1,0,1,0,0,0,0,0,3,8
823505,2026-08-25,676609,"Caballero, José",NYY,HOU,2026,4,4,1,1,0,0,0,0,0,1,0,0,0,1
823505,2026-08-25,682987,"Jones, Spencer",NYY,HOU,2026,4,4,1,0,1,0,0,0,0,0,0,0,0,2
823505,2026-08-25,700250,"Rice, Ben",NYY,HOU,2026,5,4,1,1,0,0,0,1,0,0,0,0,0,1
823505,2026-08-25,806146,"Lombard Jr., George",NYY,HOU,2026,4,4,1,1,0,0,0,0,0,0,0,0,0,1
823506,2026-08-26,641355,"Bellinger, Cody",NYY,HOU,2026,5,5,1,0,1,0,0,0,0,0,0,0,2,2
823506,2026-08-26,663757,"Grisham, Trent",NYY,HOU,2026,5,5,1,1,0,0,0,0,0,1,0,0,0,1
823506,2026-08-26,665862,"Chisholm Jr., Jazz",NYY,HOU,2026,4,3,3,2,1,0,0,1,0,0,0,0,1,4
823506,2026-08-26,669224,"Wells, Austin",NYY,HOU,2026,4,3,2,2,0,0,0,1,0,1,0,0,0,2
823506,2026-08-26,671277,"García Jr., Luis",NYY,HOU,2026,5,5,3,2,0,0,1,0,0,0,0,0,2,6
823506,2026-08-26,676609,"Caballero, José",NYY,HOU,2026,4,4,1,1,0,0,0,0,0,1,0,0,0,1
823506,2026-08-26,682987,"Jones, Spencer",NYY,HOU,2026,4,4,1,1,0,0,0,0,0,3,0,0,1,1
823506,2026-08-26,700250,"Rice, Ben",NYY,HOU,2026,5,2,1,0,0,0,1,3,0,0,0,0,1,4
823506,2026-08-26,806146,"Lombard Jr., George",NYY,HOU,2026,5,5,0,0,0,0,0,0,0,3,0,0,1,0
823507,2026-08-23,641355,"Bellinger, Cody",NYY,TOR,2026,4,4,1,1,0,0,0,0,0,2,0,0,0,1
823507,2026-08-23,663757,"Grisham, Trent",NYY,TOR,2026,5,4,1,0,0,0,1,1,0,1,0,0,2,4
823507,2026-08-23,665862,"Chisholm Jr., Jazz",NYY,TOR,2026,4,4,2,1,0,0,1,0,0,1,0,0,2,5
823507,2026-08-23,669224,"Wells, Austin",NYY,TOR,2026,4,3,1,0,1,0,0,0,1,2,0,0,1,2
823507,2026-08-23,671277,"García Jr., Luis",NYY,TOR,2026,5,3,0,0,0,0,0,2,0,0,0,0,0,0
823507,2026-08-23,676609,"Caballero, José",NYY,TOR,2026,4,4,0,0,0,0,0,0,0,1,0,0,0,0
823507,2026-08-23,682987,"Jones, Spencer",NYY,TOR,2026,4,3,2,1,1,0,0,1,0,1,0,0,1,3
823507,2026-08-23,700250,"Rice, Ben",NYY,TOR,2026,5,5,2,2,0,0,0,0,0,3,0,0,2,2
823507,2026-08-23,806146,"Lombard Jr., George",NYY,TOR,2026,4,4,2,2,0,0,0,0,0,0,0,0,0,2
823508,2026-08-13,641857,"McMahon, Ryan",NYY,SEA,2026,3,2,0,0,0,0,0,1,0,0,0,0,0,0
823508,2026-08-13,642708,"Rosario, Amed",NYY,SEA,2026,1,1,0,0,0,0,0,0,0,1,0,0,0,0
823508,2026-08-13,645305,"Sánchez, Ali",NYY,SEA,2026,2,2,1,1,0,0,0,0,0,0,0,0,0,1
823508,2026-08-13,663757,"Grisham, Trent",NYY,SEA,2026,4,4,1,1,0,0,0,0,0,1,0,0,0,1
823508,2026-08-13,665862,"Chisholm Jr., Jazz",NYY,SEA,2026,4,4,0,0,0,0,0,0,0,3,0,0,0,0
823508,2026-08-13,671218,"Ramos, Heliot",NYY,SEA,2026,1,1,0,0,0,0,0,0,0,0,0,0,0,0
823508,2026-08-13,671277,"García Jr., Luis",NYY,SEA,2026,4,4,2,1,1,0,0,0,0,1,0,0,0,3
823508,2026-08-13,676609,"Caballero, José",NYY,SEA,2026,3,2,0,0,0,0,0,1,0,0,0,0,0,0
823508,2026-08-13,682987,"Jones, Spencer",NYY,SEA,2026,3,3,0,0,0,0,0,0,0,2,0,0,0,0
823508,2026-08-13,700250,"Rice, Ben",NYY,SEA,2026,4,3,0,0,0,0,0,1,0,1,0,0,0,0
823508,2026-08-13,806146,"Lombard Jr., George",NYY,SEA,2026,4,4,0,0,0,0,0,0,0,1,0,0,0,0
823509,2026-08-22,663757,"Grisham, Trent",NYY,TOR,2026,5,4,0,0,0,0,0,1,0,2,0,0,0,0
823509,2026-08-22,665862,"Chisholm Jr., Jazz",NYY,TOR,2026,4,4,2,1,1,0,0,0,0,0,0,0,0,3
823509,2026-08-22,669224,"Wells, Austin",NYY,TOR,2026,4,3,1,1,0,0,0,1,0,2,0,0,1,1
823509,2026-08-22,671218,"Ramos, Heliot",NYY,TOR,2026,4,4,0,0,0,0,0,0,0,3,0,0,0,0
823509,2026-08-22,671277,"García Jr., Luis",NYY,TOR,2026,4,3,1,0,0,0,1,1,0,1,0,0,2,4
823509,2026-08-22,676609,"Caballero, José",NYY,TOR,2026,4,3,0,0,0,0,0,0,1,1,0,0,0,0
823509,2026-08-22,682987,"Jones, Spencer",NYY,TOR,2026,4,3,0,0,0,0,0,1,0,1,0,0,0,0
823509,2026-08-22,700250,"Rice, Ben",NYY,TOR,2026,4,3,0,0,0,0,0,0,1,1,0,0,0,0
823509,2026-08-22,806146,"Lombard Jr., George",NYY,TOR,2026,4,3,0,0,0,0,0,1,0,1,0,0,0,0
823510,2026-08-21,502671,"Goldschmidt, Paul",NYY,TOR,2026,4,4,1,1,0,0,0,0,0,2,0,0,0,1
823510,2026-08-21,642708,"Rosario, Amed",NYY,TOR,2026,1,0,0,0,0,0,0,1,0,0,0,0,0,0
823510,2026-08-21,645305,"Sánchez, Ali",NYY,TOR,2026,2,2,0,0,0,0,0,0,0,2,0,0,0,0
823510,2026-08-21,663757,"Grisham, Trent",NYY,TOR,2026,4,2,0,0,0,0,0,2,0,1,0,0,0,0
823510,2026-08-21,665862,"Chisholm Jr., Jazz",NYY,TOR,2026,3,3,0,0,0,0,0,0,0,0,0,0,0,0
823510,2026-08-21,669224,"Wells, Austin",NYY,TOR,2026,1,1,0,0,0,0,0,0,0,0,0,0,0,0
823510,2026-08-21,671218,"Ramos, Heliot",NYY,TOR,2026,3,3,1,1,0,0,0,0,0,0,0,0,0,1
823510,2026-08-21,671277,"García Jr., Luis",NYY,TOR,2026,1,1,0,0,0,0,0,0,0,1,0,0,0,0
823510,2026-08-21,676609,"Caballero, José",NYY,TOR,2026,3,2,0,0,0,0,0,0,0,1,0,0,1,0
823510,2026-08-21,682987,"Jones, Spencer",NYY,TOR,2026,3,3,1,0,0,0,1,0,0,1,0,0,2,4
823510,2026-08-21,700250,"Rice, Ben",NYY,TOR,2026,4,2,0,0,0,0,0,2,0,1,0,0,0,0
823510,2026-08-21,806146,"Lombard Jr., George",NYY,TOR,2026,4,4,1,1,0,0,0,0,0,3,0,0,0,1
823511,2026-08-12,641857,"McMahon, Ryan",NYY,SEA,2026,4,4,2,1,1,0,0,0,0,0,0,0,1,3
823511,2026-08-12,642708,"Rosario, Amed",NYY,SEA,2026,1,1,0,0,0,0,0,0,0,0,0,0,0,0
823511,2026-08-12,645305,"Sánchez, Ali",NYY,SEA,2026,1,1,0,0,0,0,0,0,0,1,0,0,0,0
823511,2026-08-12,663757,"Grisham, Trent",NYY,SEA,2026,5,5,3,0,1,0,2,0,0,1,0,0,4,10
823511,2026-08-12,665862,"Chisholm Jr., Jazz",NYY,SEA,2026,4,3,1,1,0,0,0,1,0,1,0,0,1,1
823511,2026-08-12,669224,"Wells, Austin",NYY,SEA,2026,2,2,1,0,1,0,0,0,0,0,0,0,0,2
823511,2026-08-12,671218,"Ramos, Heliot",NYY,SEA,2026,4,3,0,0,0,0,0,1,0,1,0,0,0,0
823511,2026-08-12,671277,"García Jr., Luis",NYY,SEA,2026,4,4,0,0,0,0,0,0,0,1,0,0,0,0
823511,2026-08-12,682987,"Jones, Spencer",NYY,SEA,2026,5,4,2,0,2,0,0,0,1,1,0,0,3,4
823511,2026-08-12,700250,"Rice, Ben",NYY,SEA,2026,5,4,2,1,1,0,0,1,0,1,0,0,1,3
823511,2026-08-12,806146,"Lombard Jr., George",NYY,SEA,2026,4,4,2,2,0,0,0,0,0,1,0,0,0,2
823512,2026-08-11,641857,"McMahon, Ryan",NYY,SEA,2026,3,3,1,1,0,0,0,0,0,1,0,0,2,1
823512,2026-08-11,663757,"Grisham, Trent",NYY,SEA,2026,4,4,2,1,1,0,0,0,0,0,0,0,2,3
823512,2026-08-11,665862,"Chisholm Jr., Jazz",NYY,SEA,2026,4,3,1,1,0,0,0,1,0,1,0,0,0,1
823512,2026-08-11,669224,"Wells, Austin",NYY,SEA,2026,3,4,1,1,0,0,0,0,0,0,0,0,0,1
823512,2026-08-11,671218,"Ramos, Heliot",NYY,SEA,2026,4,4,0,0,0,0,0,0,0,2,0,0,0,0
823512,2026-08-11,671277,"García Jr., Luis",NYY,SEA,2026,4,4,2,0,2,0,0,0,0,0,0,0,0,4
823512,2026-08-11,682987,"Jones, Spencer",NYY,SEA,2026,3,2,0,0,0,0,0,1,0,1,0,0,0,0
823512,2026-08-11,700250,"Rice, Ben",NYY,SEA,2026,4,3,0,0,0,0,0,1,0,2,0,0,0,0
823512,2026-08-11,806146,"Lombard Jr., George",NYY,SEA,2026,4,4,1,1,0,0,0,0,0,1,0,0,0,1
823513,2026-08-09,641857,"McMahon, Ryan",NYY,ATL,2026,4,3,0,0,0,0,0,1,0,2,0,0,0,0
823513,2026-08-09,663757,"Grisham, Trent",NYY,ATL,2026,4,4,2,0,1,0,1,0,0,0,0,0,1,6
823513,2026-08-09,665862,"Chisholm Jr., Jazz",NYY,ATL,2026,4,3,1,1,0,0,0,1,0,1,0,0,0,1
823513,2026-08-09,669224,"Wells, Austin",NYY,ATL,2026,3,3,1,1,0,0,0,0,0,0,0,0,0,1
823513,2026-08-09,671218,"Ramos, Heliot",NYY,ATL,2026,4,4,0,0,0,0,0,0,0,2,0,0,0,0
823513,2026-08-09,671277,"García Jr., Luis",NYY,ATL,2026,4,4,0,0,0,0,0,0,0,1,0,0,0,0
823513,2026-08-09,682987,"Jones, Spencer",NYY,ATL,2026,4,3,0,0,0,0,0,1,0,1,0,0,0,0
823513,2026-08-09,700250,"Rice, Ben",NYY,ATL,2026,4,4,0,0,0,0,0,0,0,1,0,0,0,0
823513,2026-08-09,806146,"Lombard Jr., George",NYY,ATL,2026,4,4,0,0,0,0,0,0,0,1,0,0,0,0
823514,2026-08-08,502671,"Goldschmidt, Paul",NYY,ATL,2026,4,3,1,1,0,0,0,1,0,1,0,0,0,1
823514,2026-08-08,641857,"McMahon, Ryan",NYY,ATL,2026,1,1,0,0,0,0,0,0,0,1,0,0,0,0
823514,2026-08-08,642708,"Rosario, Amed",NYY,ATL,2026,3,3,0,0,0,0,0,0,0,0,0,0,0,0
823514,2026-08-08,663757,"Grisham, Trent",NYY,ATL,2026,4,4,1,0,1,0,0,0,0,3,0,0,0,2
823514,2026-08-08,669224,"Wells, Austin",NYY,ATL,2026,3,2,1,0,1,0,0,0,1,1,0,0,0,2
823514,2026-08-08,671218,"Ramos, Heliot",NYY,ATL,2026,4,4,0,0,0,0,0,0,0,2,0,0,0,0
823514,2026-08-08,676609,"Caballero, José",NYY,ATL,2026,4,3,0,0,0,0,0,1,0,3,0,0,0,0
823514,2026-08-08,682987,"Jones, Spencer",NYY,ATL,2026,4,3,2,1,0,1,0,1,0,0,0,0,2,4
823514,2026-08-08,700250,"Rice, Ben",NYY,ATL,2026,4,4,1,0,0,0,1,0,0,1,0,0,1,4
823514,2026-08-08,806146,"Lombard Jr., George",NYY,ATL,2026,4,3,2,1,0,0,1,1,0,1,0,0,1,5
823515,2026-08-07,502671,"Goldschmidt, Paul",NYY,ATL,2026,1,1,0,0,0,0,0,0,0,1,0,0,0,0
823515,2026-08-07,641857,"McMahon, Ryan",NYY,ATL,2026,5,3,2,1,1,0,0,1,0,1,0,0,1,3
823515,2026-08-07,642708,"Rosario, Amed",NYY,ATL,2026,2,1,0,0,0,0,0,1,0,0,0,0,0,0
823515,2026-08-07,663757,"Grisham, Trent",NYY,ATL,2026,3,3,0,0,0,0,0,0,0,2,0,0,0,0
823515,2026-08-07,665862,"Chisholm Jr., Jazz",NYY,ATL,2026,3,3,0,0,0,0,0,0,0,2,0,0,0,0
823515,2026-08-07,669224,"Wells, Austin",NYY,ATL,2026,4,4,1,0,1,0,0,0,0,2,0,0,1,2
823515,2026-08-07,671218,"Ramos, Heliot",NYY,ATL,2026,5,2,1,0,1,0,0,2,1,1,0,0,0,2
823515,2026-08-07,671277,"García Jr., Luis",NYY,ATL,2026,5,4,1,1,0,0,0,1,0,0,0,0,0,1
823515,2026-08-07,676609,"Caballero, José",NYY,ATL,2026,1,1,0,0,0,0,0,0,0,1,0,0,0,0
823515,2026-08-07,682987,"Jones, Spencer",NYY,ATL,2026,5,4,0,0,0,0,0,1,0,1,0,0,0,0
823515,2026-08-07,700250,"Rice, Ben",NYY,ATL,2026,5,5,1,1,0,0,0,0,0,3,0,0,1,1
823515,2026-08-07,806146,"Lombard Jr., George",NYY,ATL,2026,5,4,1,1,0,0,0,1,0,1,0,0,0,1
823516,2026-08-05,502671,"Goldschmidt, Paul",NYY,STL,2026,2,2,1,0,1,0,0,0,0,0,0,0,0,2
823516,2026-08-05,641857,"McMahon, Ryan",NYY,STL,2026,4,2,0,0,0,0,0,2,0,1,0,0,0,0
823516,2026-08-05,645305,"Sánchez, Ali",NYY,STL,2026,1,1,0,0,0,0,0,0,0,1,0,0,0,0
823516,2026-08-05,663757,"Grisham, Trent",NYY,STL,2026,5,5,0,0,0,0,0,0,0,1,0,0,0,0
823516,2026-08-05,665862,"Chisholm Jr., Jazz",NYY,STL,2026,4,2,0,0,0,0,0,2,0,1,0,0,1,0
823516,2026-08-05,669224,"Wells, Austin",NYY,STL,2026,2,2,1,1,0,0,0,0,0,0,0,0,0,1
823516,2026-08-05,671218,"Ramos, Heliot",NYY,STL,2026,4,3,1,0,1,0,0,0,1,1,0,0,0,2
823516,2026-08-05,671277,"García Jr., Luis",NYY,STL,2026,4,3,0,0,0,0,0,1,0,0,0,0,0,0
823516,2026-08-05,682987,"Jones, Spencer",NYY,STL,2026,4,4,0,0,0,0,0,0,0,2,0,0,0,0
823516,2026-08-05,700250,"Rice, Ben",NYY,STL,2026,5,2,0,0,0,0,0,3,0,1,0,0,0,0
823516,2026-08-05,806146,"Lombard Jr., George",NYY,STL,2026,4,4,1,1,0,0,0,0,0,2,0,0,0,1
823517,2026-08-04,502671,"Goldschmidt, Paul",NYY,STL,2026,1,1,0,0,0,0,0,0,0,0,0,0,0,0
823517,2026-08-04,641857,"McMahon, Ryan",NYY,STL,2026,3,3,1,1,0,0,0,0,0,0,0,0,0,1
823517,2026-08-04,663757,"Grisham, Trent",NYY,STL,2026,4,4,1,1,0,0,0,0,0,0,0,0,0,1
823517,2026-08-04,665862,"Chisholm Jr., Jazz",NYY,STL,2026,3,3,1,0,0,0,1,0,0,2,0,0,1,4
823517,2026-08-04,669224,"Wells, Austin",NYY,STL,2026,2,2,0,0,0,0,0,0,0,1,0,0,0,0
823517,2026-08-04,671218,"Ramos, Heliot",NYY,STL,2026,4,4,0,0,0,0,0,0,0,1,0,0,0,0
823517,2026-08-04,671277,"García Jr., Luis",NYY,STL,2026,4,4,1,1,0,0,0,0,0,0,0,0,0,1
823517,2026-08-04,682987,"Jones, Spencer",NYY,STL,2026,3,3,0,0,0,0,0,0,0,0,0,0,0,0
823517,2026-08-04,700250,"Rice, Ben",NYY,STL,2026,4,2,0,0,0,0,0,2,0,1,0,0,0,0
823517,2026-08-04,806146,"Lombard Jr., George",NYY,STL,2026,3,2,1,0,0,0,1,1,0,0,0,0,1,4
823518,2026-07-22,502671,"Goldschmidt, Paul",NYY,PIT,2026,1,1,0,0,0,0,0,0,0,0,0,0,0,0
823518,2026-07-22,641355,"Bellinger, Cody",NYY,PIT,2026,5,4,1,1,0,0,0,1,0,3,0,0,0,1
823518,2026-07-22,641857,"McMahon, Ryan",NYY,PIT,2026,4,4,1,0,1,0,0,0,0,1,0,0,0,2
823518,2026-07-22,642708,"Rosario, Amed",NYY,PIT,2026,1,1,0,0,0,0,0,0,0,1,0,0,0,0
823518,2026-07-22,663757,"Grisham, Trent",NYY,PIT,2026,5,4,1,1,0,0,0,1,0,0,0,0,0,1
823518,2026-07-22,665862,"Chisholm Jr., Jazz",NYY,PIT,2026,5,5,0,0,0,0,0,0,0,1,0,0,0,0
823518,2026-07-22,669224,"Wells, Austin",NYY,PIT,2026,3,1,1,1,0,0,0,1,1,0,0,0,0,1
823518,2026-07-22,676609,"Caballero, José",NYY,PIT,2026,4,4,0,0,0,0,0,0,0,2,0,0,0,0
823518,2026-07-22,682987,"Jones, Spencer",NYY,PIT,2026,4,3,0,0,0,0,0,1,0,1,0,0,0,0
823518,2026-07-22,691176,"Domínguez, Jasson",NYY,PIT,2026,5,4,1,1,0,0,0,1,0,0,0,0,0,1
823518,2026-07-22,700250,"Rice, Ben",NYY,PIT,2026,5,5,1,0,0,0,1,0,0,3,0,0,3,4
823519,2026-07-22,502671,"Goldschmidt, Paul",NYY,PIT,2026,3,3,0,0,0,0,0,0,0,1,0,0,0,0
823519,2026-07-22,641355,"Bellinger, Cody",NYY,PIT,2026,3,2,1,0,1,0,0,1,0,0,0,0,0,2
823519,2026-07-22,641857,"McMahon, Ryan",NYY,PIT,2026,3,3,0,0,0,0,0,0,0,2,0,0,0,0
823519,2026-07-22,645305,"Sánchez, Ali",NYY,PIT,2026,3,3,1,1,0,0,0,0,0,0,0,0,0,1
823519,2026-07-22,663757,"Grisham, Trent",NYY,PIT,2026,4,3,0,0,0,0,0,1,0,1,0,0,0,0
823519,2026-07-22,665862,"Chisholm Jr., Jazz",NYY,PIT,2026,3,3,1,1,0,0,0,0,0,0,0,0,0,1
823519,2026-07-22,683011,"Volpe, Anthony",NYY,PIT,2026,3,3,1,1,0,0,0,0,0,1,0,0,1,1
823519,2026-07-22,691176,"Domínguez, Jasson",NYY,PIT,2026,3,3,1,0,1,0,0,0,0,0,0,0,1,2
823519,2026-07-22,700250,"Rice, Ben",NYY,PIT,2026,4,4,0,0,0,0,0,0,0,1,0,0,0,0
823520,2026-08-03,641857,"McMahon, Ryan",NYY,STL,2026,4,4,2,1,0,0,1,0,0,1,0,0,1,5
823520,2026-08-03,663757,"Grisham, Trent",NYY,STL,2026,5,5,2,0,1,0,1,0,0,1,0,0,1,6
823520,2026-08-03,665862,"Chisholm Jr., Jazz",NYY,STL,2026,4,4,0,0,0,0,0,0,0,0,0,0,0,0
823520,2026-08-03,669224,"Wells, Austin",NYY,STL,2026,4,4,2,1,0,0,1,0,0,1,0,0,2,5
823520,2026-08-03,671277,"García Jr., Luis",NYY,STL,2026,4,4,2,1,0,0,1,0,0,0,0,0,2,5
823520,2026-08-03,676609,"Caballero, José",NYY,STL,2026,4,3,1,0,0,0,1,1,0,2,0,0,1,4
823520,2026-08-03,682987,"Jones, Spencer",NYY,STL,2026,4,4,0,0,0,0,0,0,0,2,0,0,0,0
823520,2026-08-03,691176,"Domínguez, Jasson",NYY,STL,2026,4,4,1,1,0,0,0,0,0,2,0,0,0,1
823520,2026-08-03,700250,"Rice, Ben",NYY,STL,2026,4,4,0,0,0,0,0,0,0,0,0,0,0,0
823521,2026-07-19,502671,"Goldschmidt, Paul",NYY,LAD,2026,4,4,2,1,1,0,0,0,0,2,0,0,0,3
823521,2026-07-19,641355,"Bellinger, Cody",NYY,LAD,2026,4,3,2,2,0,0,0,1,0,1,0,0,1,2
823521,2026-07-19,641857,"McMahon, Ryan",NYY,LAD,2026,1,1,1,0,1,0,0,0,0,0,0,0,0,2
823521,2026-07-19,663757,"Grisham, Trent",NYY,LAD,2026,5,5,0,0,0,0,0,0,0,0,0,0,0,0
823521,2026-07-19,665862,"Chisholm Jr., Jazz",NYY,LAD,2026,4,4,1,0,0,0,1,0,0,2,0,0,1,4
823521,2026-07-19,669224,"Wells, Austin",NYY,LAD,2026,4,2,0,0,0,0,0,2,0,0,0,0,0,0
823521,2026-07-19,676609,"Caballero, José",NYY,LAD,2026,4,3,0,0,0,0,0,1,0,0,0,0,0,0
823521,2026-07-19,683011,"Volpe, Anthony",NYY,LAD,2026,3,2,0,0,0,0,0,1,0,1,0,0,0,0
823521,2026-07-19,691176,"Domínguez, Jasson",NYY,LAD,2026,4,4,1,1,0,0,0,0,0,2,0,0,0,1
823521,2026-07-19,700250,"Rice, Ben",NYY,LAD,2026,4,4,1,1,0,0,0,0,0,1,0,0,0,1
823522,2026-07-20,502671,"Goldschmidt, Paul",NYY,PIT,2026,4,4,1,1,0,0,0,0,0,1,0,0,1,1
823522,2026-07-20,641355,"Bellinger, Cody",NYY,PIT,2026,4,4,1,1,0,0,0,0,0,1,0,0,0,1
823522,2026-07-20,641857,"McMahon, Ryan",NYY,PIT,2026,4,4,1,1,0,0,0,0,0,1,0,0,0,1
823522,2026-07-20,663757,"Grisham, Trent",NYY,PIT,2026,4,4,0,0,0,0,0,0,0,1,0,0,0,0
823522,2026-07-20,665862,"Chisholm Jr., Jazz",NYY,PIT,2026,4,4,2,0,0,0,2,0,0,2,0,0,5,8
823522,2026-07-20,669224,"Wells, Austin",NYY,PIT,2026,4,4,2,2,0,0,0,0,0,0,0,0,0,2
823522,2026-07-20,676609,"Caballero, José",NYY,PIT,2026,4,4,2,1,1,0,0,0,0,0,0,0,2,3
823522,2026-07-20,691176,"Domínguez, Jasson",NYY,PIT,2026,4,4,1,1,0,0,0,0,0,1,0,0,0,1
823522,2026-07-20,700250,"Rice, Ben",NYY,PIT,2026,4,3,1,1,0,0,0,1,0,1,0,0,0,1
823523,2026-07-19,641355,"Bellinger, Cody",NYY,LAD,2026,3,3,0,0,0,0,0,0,0,2,0,0,0,0
823523,2026-07-19,641857,"McMahon, Ryan",NYY,LAD,2026,3,3,0,0,0,0,0,0,0,0,0,0,0,0
823523,2026-07-19,645305,"Sánchez, Ali",NYY,LAD,2026,3,3,0,0,0,0,0,0,0,1,0,0,0,0
823523,2026-07-19,663757,"Grisham, Trent",NYY,LAD,2026,4,4,1,0,0,0,1,0,0,1,0,0,1,4
823523,2026-07-19,665862,"Chisholm Jr., Jazz",NYY,LAD,2026,3,3,1,0,1,0,0,0,0,1,0,0,0,2
823523,2026-07-19,680474,"Schuemann, Max",NYY,LAD,2026,3,3,0,0,0,0,0,0,0,0,0,0,0,0
823523,2026-07-19,683011,"Volpe, Anthony",NYY,LAD,2026,3,3,1,1,0,0,0,0,0,0,0,0,1,1
823523,2026-07-19,691176,"Domínguez, Jasson",NYY,LAD,2026,4,4,0,0,0,0,0,0,0,1,0,0,0,0
823523,2026-07-19,700250,"Rice, Ben",NYY,LAD,2026,4,4,1,0,1,0,0,0,0,1,0,0,0,2
823524,2026-07-17,502671,"Goldschmidt, Paul",NYY,LAD,2026,4,3,0,0,0,0,0,1,0,2,0,0,0,0
823524,2026-07-17,641355,"Bellinger, Cody",NYY,LAD,2026,4,4,1,1,0,0,0,0,0,2,0,0,0,1
823524,2026-07-17,641857,"McMahon, Ryan",NYY,LAD,2026,3,3,1,0,1,0,0,0,0,0,0,0,0,2
823524,2026-07-17,642708,"Rosario, Amed",NYY,LAD,2026,1,1,0,0,0,0,0,0,0,0,0,0,0,0
823524,2026-07-17,663757,"Grisham, Trent",NYY,LAD,2026,4,2,0,0,0,0,0,2,0,0,0,0,0,0
823524,2026-07-17,665862,"Chisholm Jr., Jazz",NYY,LAD,2026,4,4,1,1,0,0,0,0,0,2,0,0,0,1
823524,2026-07-17,669224,"Wells, Austin",NYY,LAD,2026,2,2,0,0,0,0,0,0,0,1,0,0,0,0
823524,2026-07-17,676609,"Caballero, José",NYY,LAD,2026,4,4,0,0,0,0,0,0,0,0,0,0,0,0
823524,2026-07-17,691176,"Domínguez, Jasson",NYY,LAD,2026,4,4,1,0,1,0,0,0,0,1,0,0,0,2
823524,2026-07-17,700250,"Rice, Ben",NYY,LAD,2026,4,4,2,1,1,0,0,0,0,0,0,0,0,3
823525,2026-07-05,641355,"Bellinger, Cody",NYY,MIN,2026,4,4,1,1,0,0,0,0,0,1,0,0,0,1
823525,2026-07-05,642708,"Rosario, Amed",NYY,MIN,2026,1,1,0,0,0,0,0,0,0,1,0,0,0,0
823525,2026-07-05,663757,"Grisham, Trent",NYY,MIN,2026,4,4,1,0,1,0,0,0,0,2,0,0,0,2
823525,2026-07-05,665862,"Chisholm Jr., Jazz",NYY,MIN,2026,2,2,1,1,0,0,0,0,0,0,0,0,0,1
823525,2026-07-05,669224,"Wells, Austin",NYY,MIN,2026,3,3,1,1,0,0,0,0,0,1,0,0,0,1
823525,2026-07-05,676609,"Caballero, José",NYY,MIN,2026,3,3,0,0,0,0,0,0,0,2,0,0,0,0
823525,2026-07-05,680474,"Schuemann, Max",NYY,MIN,2026,3,4,0,0,0,0,0,0,0,2,0,0,0,0
823525,2026-07-05,683011,"Volpe, Anthony",NYY,MIN,2026,3,2,0,0,0,0,0,1,0,1,0,0,0,0
823525,2026-07-05,691176,"Domínguez, Jasson",NYY,MIN,2026,4,4,0,0,0,0,0,0,0,0,0,0,0,0
823525,2026-07-05,700250,"Rice, Ben",NYY,MIN,2026,4,4,1,1,0,0,0,0,0,1,0,0,0,1
823526,2026-07-04,502671,"Goldschmidt, Paul",NYY,MIN,2026,2,2,0,0,0,0,0,0,0,0,0,0,0,0
823526,2026-07-04,641355,"Bellinger, Cody",NYY,MIN,2026,5,5,1,0,1,0,0,0,0,1,0,0,1,2
823526,2026-07-04,641857,"McMahon, Ryan",NYY,MIN,2026,4,3,0,0,0,0,0,1,0,2,0,0,0,0
823526,2026-07-04,642708,"Rosario, Amed",NYY,MIN,2026,1,1,0,0,0,0,0,0,0,1,0,0,0,0
823526,2026-07-04,645305,"Sánchez, Ali",NYY,MIN,2026,2,2,0,0,0,0,0,0,0,0,0,0,0,0
823526,2026-07-04,663757,"Grisham, Trent",NYY,MIN,2026,3,2,0,0,0,0,0,1,0,1,0,0,0,0
823526,2026-07-04,665862,"Chisholm Jr., Jazz",NYY,MIN,2026,4,3,1,1,0,0,0,1,0,2,0,0,0,1
823526,2026-07-04,669224,"Wells, Austin",NYY,MIN,2026,1,1,0,0,0,0,0,0,0,1,0,0,0,0
823526,2026-07-04,680474,"Schuemann, Max",NYY,MIN,2026,4,2,2,1,0,0,1,2,0,0,0,0,2,5
823526,2026-07-04,683011,"Volpe, Anthony",NYY,MIN,2026,4,4,1,1,0,0,0,0,0,1,0,0,0,1
823526,2026-07-04,691176,"Domínguez, Jasson",NYY,MIN,2026,5,5,2,0,1,0,1,0,0,0,0,0,1,6
823526,2026-07-04,700250,"Rice, Ben",NYY,MIN,2026,5,3,0,0,0,0,0,1,1,0,0,0,0,0
823527,2026-07-03,502671,"Goldschmidt, Paul",NYY,MIN,2026,4,4,0,0,0,0,0,0,0,1,0,0,0,0
823527,2026-07-03,641355,"Bellinger, Cody",NYY,MIN,2026,4,3,0,0,0,0,0,1,0,0,0,0,0,0
823527,2026-07-03,641857,"McMahon, Ryan",NYY,MIN,2026,3,2,1,0,1,0,0,1,0,0,0,0,0,2
823527,2026-07-03,663757,"Grisham, Trent",NYY,MIN,2026,4,3,2,1,0,0,1,0,0,1,0,0,2,5
823527,2026-07-03,665862,"Chisholm Jr., Jazz",NYY,MIN,2026,4,4,0,0,0,0,0,0,0,1,0,0,0,0
823527,2026-07-03,669224,"Wells, Austin",NYY,MIN,2026,3,2,0,0,0,0,0,0,0,0,0,0,0,0
823527,2026-07-03,676609,"Caballero, José",NYY,MIN,2026,3,3,1,1,0,0,0,0,0,0,0,0,1,1
823527,2026-07-03,691176,"Domínguez, Jasson",NYY,MIN,2026,4,4,1,1,0,0,0,0,0,1,0,0,0,1
823527,2026-07-03,700250,"Rice, Ben",NYY,MIN,2026,4,3,1,0,0,0,1,1,0,0,0,0,2,4
823528,2026-06-30,502671,"Goldschmidt, Paul",NYY,DET,2026,4,4,0,0,0,0,0,0,0,1,0,0,0,0
823528,2026-06-30,642708,"Rosario, Amed",NYY,DET,2026,4,3,0,0,0,0,0,1,0,1,0,0,0,0
823528,2026-06-30,645305,"Sánchez, Ali",NYY,DET,2026,3,3,0,0,0,0,0,0,0,1,0,0,0,0
823528,2026-06-30,676609,"Caballero, José",NYY,DET,2026,4,4,0,0,0,0,0,0,0,2,0,0,0,0
823528,2026-06-30,680474,"Schuemann, Max",NYY,DET,2026,3,2,0,0,0,0,0,0,1,0,0,0,0,0
823528,2026-06-30,682987,"Jones, Spencer",NYY,DET,2026,3,3,0,0,0,0,0,0,0,2,0,0,0,0
823528,2026-06-30,683011,"Volpe, Anthony",NYY,DET,2026,4,4,1,1,0,0,0,0,0,1,0,0,0,1
823528,2026-06-30,691176,"Domínguez, Jasson",NYY,DET,2026,4,4,2,2,0,0,0,0,0,1,0,0,1,2
823528,2026-06-30,700250,"Rice, Ben",NYY,DET,2026,4,4,1,0,0,0,1,0,0,2,0,0,1,4
823529,2026-06-29,502671,"Goldschmidt, Paul",NYY,DET,2026,4,4,0,0,0,0,0,0,0,2,0,0,0,0
823529,2026-06-29,641355,"Bellinger, Cody",NYY,DET,2026,4,4,0,0,0,0,0,0,0,1,0,0,0,0
823529,2026-06-29,642708,"Rosario, Amed",NYY,DET,2026,1,1,1,0,0,0,1,0,0,0,0,0,3,4
823529,2026-06-29,665828,"Cabrera, Oswaldo",NYY,DET,2026,3,3,0,0,0,0,0,0,0,2,0,0,0,0
823529,2026-06-29,665862,"Chisholm Jr., Jazz",NYY,DET,2026,1,1,0,0,0,0,0,0,0,1,0,0,0,0
823529,2026-06-29,669224,"Wells, Austin",NYY,DET,2026,2,2,0,0,0,0,0,0,0,2,0,0,0,0
823529,2026-06-29,676609,"Caballero, José",NYY,DET,2026,3,3,0,0,0,0,0,0,0,2,0,0,0,0
823529,2026-06-29,682987,"Jones, Spencer",NYY,DET,2026,3,3,2,0,2,0,0,0,0,0,0,0,0,4
823529,2026-06-29,683011,"Volpe, Anthony",NYY,DET,2026,3,3,0,0,0,0,0,0,0,0,0,0,0,0
823529,2026-06-29,691176,"Domínguez, Jasson",NYY,DET,2026,3,2,0,0,0,0,0,1,0,0,0,0,0,0
823529,2026-06-29,700250,"Rice, Ben",NYY,DET,2026,4,4,0,0,0,0,0,0,0,3,0,0,0,0
823530,2026-07-01,641355,"Bellinger, Cody",NYY,DET,2026,5,5,0,0,0,0,0,0,0,2,0,0,0,0
823530,2026-07-01,642708,"Rosario, Amed",NYY,DET,2026,5,5,1,0,0,0,1,0,0,1,0,0,1,4
823530,2026-07-01,645305,"Sánchez, Ali",NYY,DET,2026,1,1,0,0,0,0,0,0,0,1,0,0,0,0
823530,2026-07-01,665828,"Cabrera, Oswaldo",NYY,DET,2026,4,3,0,0,0,0,0,0,0,1,0,0,0,0
823530,2026-07-01,665862,"Chisholm Jr., Jazz",NYY,DET,2026,5,5,2,1,1,0,0,0,0,2,0,0,0,3
823530,2026-07-01,669224,"Wells, Austin",NYY,DET,2026,2,2,0,0,0,0,0,0,0,2,0,0,0,0
823530,2026-07-01,676609,"Caballero, José",NYY,DET,2026,4,3,1,1,0,0,0,0,0,1,0,0,0,1
823530,2026-07-01,682987,"Jones, Spencer",NYY,DET,2026,2,2,1,1,0,0,0,0,0,0,0,0,0,1
823530,2026-07-01,683011,"Volpe, Anthony",NYY,DET,2026,4,4,1,1,0,0,0,0,0,1,0,0,0,1
823530,2026-07-01,691176,"Domínguez, Jasson",NYY,DET,2026,4,4,0,0,0,0,0,0,0,0,0,0,0,0
823530,2026-07-01,700250,"Rice, Ben",NYY,DET,2026,5,3,1,1,0,0,0,2,0,1,0,0,0,1
823531,2026-06-21,502671,"Goldschmidt, Paul",NYY,CIN,2026,1,1,0,0,0,0,0,0,0,0,0,0,0,0
823531,2026-06-21,641355,"Bellinger, Cody",NYY,CIN,2026,4,3,1,1,0,0,0,1,0,1,0,0,0,1
823531,2026-06-21,641857,"McMahon, Ryan",NYY,CIN,2026,2,2,0,0,0,0,0,0,0,1,0,0,0,0
823531,2026-06-21,642708,"Rosario, Amed",NYY,CIN,2026,2,2,1,1,0,0,0,0,0,0,0,0,0,1
823531,2026-06-21,645305,"Sánchez, Ali",NYY,CIN,2026,1,1,0,0,0,0,0,0,0,0,0,0,0,0
823531,2026-06-21,665862,"Chisholm Jr., Jazz",NYY,CIN,2026,4,4,1,1,0,0,0,0,0,1,0,0,0,1
823531,2026-06-21,669224,"Wells, Austin",NYY,CIN,2026,2,2,0,0,0,0,0,0,0,1,0,0,0,0
823531,2026-06-21,676609,"Caballero, José",NYY,CIN,2026,4,3,1,1,0,0,0,1,0,0,0,0,0,1
823531,2026-06-21,680474,"Schuemann, Max",NYY,CIN,2026,2,2,0,0,0,0,0,0,0,1,0,0,0,0
823531,2026-06-21,682987,"Jones, Spencer",NYY,CIN,2026,2,2,0,0,0,0,0,0,0,1,0,0,0,0
823531,2026-06-21,683011,"Volpe, Anthony",NYY,CIN,2026,4,3,0,0,0,0,0,1,0,2,0,0,0,0
823531,2026-06-21,691176,"Domínguez, Jasson",NYY,CIN,2026,4,4,1,1,0,0,0,0,0,1,0,0,0,1
823531,2026-06-21,700250,"Rice, Ben",NYY,CIN,2026,4,3,2,1,0,0,1,1,0,1,0,0,1,5
823532,2026-06-20,502671,"Goldschmidt, Paul",NYY,CIN,2026,5,5,1,0,0,0,1,0,0,1,0,0,1,4
823532,2026-06-20,641355,"Bellinger, Cody",NYY,CIN,2026,4,4,2,2,0,0,0,0,0,2,0,0,0,2
823532,2026-06-20,641555,"Escarra, J.C.",NYY,CIN,2026,1,1,1,1,0,0,0,0,0,0,0,0,0,1
823532,2026-06-20,642708,"Rosario, Amed",NYY,CIN,2026,4,3,0,0,0,0,0,1,0,0,0,0,0,0
823532,2026-06-20,645305,"Sánchez, Ali",NYY,CIN,2026,2,2,1,1,0,0,0,0,0,0,0,0,0,1
823532,2026-06-20,665862,"Chisholm Jr., Jazz",NYY,CIN,2026,4,4,0,0,0,0,0,0,0,1,0,0,0,0
823532,2026-06-20,676609,"Caballero, José",NYY,CIN,2026,4,3,0,0,0,0,0,1,0,1,0,0,1,0
823532,2026-06-20,682987,"Jones, Spencer",NYY,CIN,2026,2,2,0,0,0,0,0,0,0,1,0,0,0,0
823532,2026-06-20,683011,"Volpe, Anthony",NYY,CIN,2026,4,3,1,1,0,0,0,1,0,0,0,0,0,1
823532,2026-06-20,691176,"Domínguez, Jasson",NYY,CIN,2026,4,3,2,2,0,0,0,0,0,0,0,0,0,2
823532,2026-06-20,700250,"Rice, Ben",NYY,CIN,2026,5,5,0,0,0,0,0,0,0,2,0,0,0,0
823533,2026-06-18,502671,"Goldschmidt, Paul",NYY,CWS,2026,4,4,1,1,0,0,0,0,0,1,0,0,0,1
823533,2026-06-18,641355,"Bellinger, Cody",NYY,CWS,2026,4,4,0,0,0,0,0,0,0,1,0,0,0,0
823533,2026-06-18,641555,"Escarra, J.C.",NYY,CWS,2026,3,3,0,0,0,0,0,0,0,0,0,0,0,0
823533,2026-06-18,641857,"McMahon, Ryan",NYY,CWS,2026,3,3,1,0,0,0,1,0,0,1,0,0,1,4
823533,2026-06-18,665862,"Chisholm Jr., Jazz",NYY,CWS,2026,1,1,0,0,0,0,0,0,0,0,0,0,0,0
823533,2026-06-18,676609,"Caballero, José",NYY,CWS,2026,3,3,1,1,0,0,0,0,0,2,0,0,0,1
823533,2026-06-18,682987,"Jones, Spencer",NYY,CWS,2026,3,4,1,0,1,0,0,0,0,2,0,0,0,2
823533,2026-06-18,683011,"Volpe, Anthony",NYY,CWS,2026,2,1,1,0,1,0,0,1,0,0,0,0,0,2
823533,2026-06-18,691176,"Domínguez, Jasson",NYY,CWS,2026,4,4,0,0,0,0,0,0,0,2,0,0,0,0
823533,2026-06-18,700250,"Rice, Ben",NYY,CWS,2026,4,4,1,1,0,0,0,0,0,1,0,0,0,1
823534,2026-06-19,502671,"Goldschmidt, Paul",NYY,CIN,2026,4,4,0,0,0,0,0,0,0,2,0,0,0,0
823534,2026-06-19,641355,"Bellinger, Cody",NYY,CIN,2026,4,3,0,0,0,0,0,1,0,0,0,0,0,0
823534,2026-06-19,641555,"Escarra, J.C.",NYY,CIN,2026,4,4,0,0,0,0,0,0,0,0,0,0,0,0
823534,2026-06-19,641857,"McMahon, Ryan",NYY,CIN,2026,4,4,1,1,0,0,0,0,0,1,0,0,0,1
823534,2026-06-19,665862,"Chisholm Jr., Jazz",NYY,CIN,2026,4,3,1,0,0,0,1,1,0,0,0,0,1,4
823534,2026-06-19,682987,"Jones, Spencer",NYY,CIN,2026,4,2,0,0,0,0,0,2,0,1,0,0,0,0
823534,2026-06-19,683011,"Volpe, Anthony",NYY,CIN,2026,4,3,2,2,0,0,0,1,0,1,0,0,1,2
823534,2026-06-19,691176,"Domínguez, Jasson",NYY,CIN,2026,4,4,2,1,1,0,0,0,0,1,0,0,0,3
823534,2026-06-19,700250,"Rice, Ben",NYY,CIN,2026,4,4,2,1,0,0,1,0,0,0,0,0,3,5
823535,2026-06-16,502671,"Goldschmidt, Paul",NYY,CWS,2026,5,5,2,1,0,0,1,0,0,3,0,0,2,5
823535,2026-06-16,641355,"Bellinger, Cody",NYY,CWS,2026,4,4,3,3,0,0,0,0,0,0,0,0,2,3
823535,2026-06-16,641555,"Escarra, J.C.",NYY,CWS,2026,5,4,2,1,1,0,0,1,0,0,0,0,0,3
823535,2026-06-16,641857,"McMahon, Ryan",NYY,CWS,2026,5,5,1,1,0,0,0,0,0,1,0,0,1,1
823535,2026-06-16,665862,"Chisholm Jr., Jazz",NYY,CWS,2026,5,4,1,1,0,0,0,1,0,2,0,0,0,1
823535,2026-06-16,676609,"Caballero, José",NYY,CWS,2026,5,4,2,1,0,0,1,0,0,1,0,0,2,5
823535,2026-06-16,680474,"Schuemann, Max",NYY,CWS,2026,1,1,0,0,0,0,0,0,0,0,0,0,0,0
823535,2026-06-16,682987,"Jones, Spencer",NYY,CWS,2026,5,3,1,0,0,0,1,2,0,1,0,0,2,4
823535,2026-06-16,683011,"Volpe, Anthony",NYY,CWS,2026,5,5,3,3,0,0,0,0,0,1,0,0,0,3
823535,2026-06-16,700250,"Rice, Ben",NYY,CWS,2026,6,4,1,0,0,0,1,2,0,1,0,0,2,4
823536,2026-06-17,502671,"Goldschmidt, Paul",NYY,CWS,2026,5,5,2,1,0,0,1,0,0,0,0,0,3,5
823536,2026-06-17,641355,"Bellinger, Cody",NYY,CWS,2026,5,4,3,1,1,0,1,1,0,1,0,0,2,7
823536,2026-06-17,641857,"McMahon, Ryan",NYY,CWS,2026,1,1,0,0,0,0,0,0,0,0,0,0,0,0
823536,2026-06-17,642708,"Rosario, Amed",NYY,CWS,2026,4,4,1,0,1,0,0,0,0,1,0,0,0,2
823536,2026-06-17,645305,"Sánchez, Ali",NYY,CWS,2026,4,4,2,2,0,0,0,0,0,1,0,0,1,2
823536,2026-06-17,665862,"Chisholm Jr., Jazz",NYY,CWS,2026,5,5,1,0,0,0,1,0,0,2,0,0,1,4
823536,2026-06-17,676609,"Caballero, José",NYY,CWS,2026,4,3,1,1,0,0,0,0,1,0,0,0,2,1
823536,2026-06-17,683011,"Volpe, Anthony",NYY,CWS,2026,4,3,1,0,0,1,0,1,0,0,0,0,1,3
823536,2026-06-17,691176,"Domínguez, Jasson",NYY,CWS,2026,5,5,1,0,1,0,0,0,0,0,0,0,0,2
823536,2026-06-17,700250,"Rice, Ben",NYY,CWS,2026,5,4,1,1,0,0,0,1,0,1,0,0,0,1
823537,2026-06-07,502671,"Goldschmidt, Paul",NYY,BOS,2026,4,4,2,2,0,0,0,0,0,1,0,0,1,2
823537,2026-06-07,641355,"Bellinger, Cody",NYY,BOS,2026,4,4,2,1,0,0,1,0,0,1,0,0,1,5
823537,2026-06-07,642708,"Rosario, Amed",NYY,BOS,2026,4,4,1,1,0,0,0,0,0,0,0,0,0,1
823537,2026-06-07,645305,"Sánchez, Ali",NYY,BOS,2026,2,2,0,0,0,0,0,0,0,1,0,0,0,0
823537,2026-06-07,663757,"Grisham, Trent",NYY,BOS,2026,4,4,3,2,1,0,0,0,0,0,0,0,1,4
823537,2026-06-07,665862,"Chisholm Jr., Jazz",NYY,BOS,2026,4,4,1,0,0,0,1,0,0,3,0,0,3,4
823537,2026-06-07,676609,"Caballero, José",NYY,BOS,2026,4,4,1,0,1,0,0,0,0,1,0,0,0,2
823537,2026-06-07,682987,"Jones, Spencer",NYY,BOS,2026,1,1,0,0,0,0,0,0,0,1,0,0,0,0
823537,2026-06-07,683011,"Volpe, Anthony",NYY,BOS,2026,4,3,0,0,0,0,0,1,0,0,0,0,0,0
823537,2026-06-07,700250,"Rice, Ben",NYY,BOS,2026,4,4,0,0,0,0,0,0,0,2,0,0,0,0
823538,2026-06-05,502671,"Goldschmidt, Paul",NYY,BOS,2026,4,4,0,0,0,0,0,0,0,0,0,0,0,0
823538,2026-06-05,641355,"Bellinger, Cody",NYY,BOS,2026,4,3,0,0,0,0,0,1,0,1,0,0,0,0
823538,2026-06-05,641857,"McMahon, Ryan",NYY,BOS,2026,3,3,1,1,0,0,0,0,0,0,0,0,0,1
823538,2026-06-05,642708,"Rosario, Amed",NYY,BOS,2026,1,0,0,0,0,0,0,1,0,0,0,0,0,0
823538,2026-06-05,663757,"Grisham, Trent",NYY,BOS,2026,5,5,1,0,0,0,1,0,0,0,0,0,1,4
823538,2026-06-05,665862,"Chisholm Jr., Jazz",NYY,BOS,2026,4,4,0,0,0,0,0,0,0,1,0,0,0,0
823538,2026-06-05,669224,"Wells, Austin",NYY,BOS,2026,3,3,0,0,0,0,0,0,0,1,0,0,0,0
823538,2026-06-05,676609,"Caballero, José",NYY,BOS,2026,1,1,0,0,0,0,0,0,0,0,0,0,0,0
823538,2026-06-05,680474,"Schuemann, Max",NYY,BOS,2026,1,0,0,0,0,0,0,1,0,0,0,0,0,0
823538,2026-06-05,682987,"Jones, Spencer",NYY,BOS,2026,3,3,3,2,1,0,0,0,0,0,0,0,1,4
823538,2026-06-05,683011,"Volpe, Anthony",NYY,BOS,2026,4,4,1,1,0,0,0,0,0,1,0,0,0,1
823538,2026-06-05,700250,"Rice, Ben",NYY,BOS,2026,4,3,2,1,0,0,1,1,0,1,0,0,1,5
823539,2026-08-29,502671,"Goldschmidt, Paul",NYY,BOS,2026,4,4,0,0,0,0,0,0,0,0,0,0,0,0
823539,2026-08-29,641355,"Bellinger, Cody",NYY,BOS,2026,3,3,1,1,0,0,0,0,0,1,0,0,0,1
823539,2026-08-29,642708,"Rosario, Amed",NYY,BOS,2026,4,4,0,0,0,0,0,0,0,0,0,0,0,0
823539,2026-08-29,645305,"Sánchez, Ali",NYY,BOS,2026,2,2,0,0,0,0,0,0,0,2,0,0,0,0
823539,2026-08-29,663757,"Grisham, Trent",NYY,BOS,2026,2,2,0,0,0,0,0,0,0,0,0,0,0,0
823539,2026-08-29,669224,"Wells, Austin",NYY,BOS,2026,1,1,0,0,0,0,0,0,0,1,0,0,0,0
823539,2026-08-29,671218,"Ramos, Heliot",NYY,BOS,2026,2,2,1,0,1,0,0,0,0,0,0,0,0,2
823539,2026-08-29,671277,"García Jr., Luis",NYY,BOS,2026,1,1,0,0,0,0,0,0,0,0,0,0,0,0
823539,2026-08-29,676609,"Caballero, José",NYY,BOS,2026,2,2,1,0,1,0,0,0,0,0,0,0,0,2
823539,2026-08-29,682987,"Jones, Spencer",NYY,BOS,2026,3,3,1,1,0,0,0,0,0,1,0,0,0,1
823539,2026-08-29,700250,"Rice, Ben",NYY,BOS,2026,4,4,0,0,0,0,0,0,0,2,0,0,0,0
823539,2026-08-29,806146,"Lombard Jr., George",NYY,BOS,2026,3,3,0,0,0,0,0,0,0,2,0,0,0,0
823540,2026-06-03,502671,"Goldschmidt, Paul",NYY,CLE,2026,4,4,1,0,1,0,0,0,0,2,0,0,0,2
823540,2026-06-03,641355,"Bellinger, Cody",NYY,CLE,2026,4,2,0,0,0,0,0,0,0,0,0,0,2,0
823540,2026-06-03,641857,"McMahon, Ryan",NYY,CLE,2026,3,3,0,0,0,0,0,0,0,1,0,0,0,0
823540,2026-06-03,663757,"Grisham, Trent",NYY,CLE,2026,4,3,0,0,0,0,0,1,0,0,0,0,0,0
823540,2026-06-03,665862,"Chisholm Jr., Jazz",NYY,CLE,2026,4,4,1,0,0,0,1,0,0,2,0,0,1,4
823540,2026-06-03,669224,"Wells, Austin",NYY,CLE,2026,3,3,0,0,0,0,0,0,0,2,0,0,0,0
823540,2026-06-03,676609,"Caballero, José",NYY,CLE,2026,4,4,2,1,0,0,1,0,0,1,0,0,1,5
823540,2026-06-03,683011,"Volpe, Anthony",NYY,CLE,2026,3,3,0,0,0,0,0,0,0,0,0,0,0,0
823540,2026-06-03,700250,"Rice, Ben",NYY,CLE,2026,4,4,1,0,1,0,0,0,0,2,0,0,0,2
823541,2026-06-02,502671,"Goldschmidt, Paul",NYY,CLE,2026,5,5,3,1,1,0,1,0,0,2,0,0,4,7
823541,2026-06-02,641355,"Bellinger, Cody",NYY,CLE,2026,5,5,2,2,0,0,0,0,0,0,0,0,0,2
823541,2026-06-02,642708,"Rosario, Amed",NYY,CLE,2026,4,4,0,0,0,0,0,0,0,3,0,0,0,0
823541,2026-06-02,663757,"Grisham, Trent",NYY,CLE,2026,4,3,1,1,0,0,0,1,0,0,0,0,0,1
823541,2026-06-02,665862,"Chisholm Jr., Jazz",NYY,CLE,2026,4,4,1,1,0,0,0,0,0,2,0,0,0,1
823541,2026-06-02,669224,"Wells, Austin",NYY,CLE,2026,4,4,0,0,0,0,0,0,0,1,0,0,0,0
823541,2026-06-02,676609,"Caballero, José",NYY,CLE,2026,4,3,0,0,0,0,0,1,0,1,0,0,0,0
823541,2026-06-02,683011,"Volpe, Anthony",NYY,CLE,2026,4,4,0,0,0,0,0,0,0,1,0,0,0,0
823541,2026-06-02,700250,"Rice, Ben",NYY,CLE,2026,5,4,1,1,0,0,0,1,0,1,0,0,0,1
823542,2026-06-04,502671,"Goldschmidt, Paul",NYY,CLE,2026,3,3,1,1,0,0,0,0,0,0,0,0,0,1
823542,2026-06-04,641355,"Bellinger, Cody",NYY,CLE,2026,3,3,1,1,0,0,0,0,0,0,0,0,0,1
823542,2026-06-04,641555,"Escarra, J.C.",NYY,CLE,2026,3,3,0,0,0,0,0,0,0,2,0,0,0,0
823542,2026-06-04,641857,"McMahon, Ryan",NYY,CLE,2026,3,3,1,1,0,0,0,0,0,1,0,0,1,1
823542,2026-06-04,663757,"Grisham, Trent",NYY,CLE,2026,4,4,2,1,1,0,0,0,0,0,0,0,0,3
823542,2026-06-04,665862,"Chisholm Jr., Jazz",NYY,CLE,2026,3,1,0,0,0,0,0,1,0,1,0,0,0,0
823542,2026-06-04,676609,"Caballero, José",NYY,CLE,2026,3,3,0,0,0,0,0,0,0,0,0,0,0,0
823542,2026-06-04,680474,"Schuemann, Max",NYY,CLE,2026,3,3,0,0,0,0,0,0,0,1,0,0,0,0
823542,2026-06-04,700250,"Rice, Ben",NYY,CLE,2026,4,3,0,0,0,0,0,1,0,2,0,0,0,0
823543,2026-09-22,641355,"Bellinger, Cody",NYY,TB,2026,4,4,1,0,0,0,1,0,0,0,0,0,2,4
823543,2026-09-22,645305,"Sánchez, Ali",NYY,TB,2026,3,3,0,0,0,0,0,0,0,1,0,0,0,0
823543,2026-09-22,671218,"Ramos, Heliot",NYY,TB,2026,4,4,0,0,0,0,0,0,0,2,0,0,0,0
823543,2026-09-22,671277,"García Jr., Luis",NYY,TB,2026,3,3,0,0,0,0,0,0,0,1,0,0,0,0
823543,2026-09-22,676609,"Caballero, José",NYY,TB,2026,3,3,1,1,0,0,0,0,0,2,0,0,0,1
823543,2026-09-22,682987,"Jones, Spencer",NYY,TB,2026,3,3,1,1,0,0,0,0,0,0,0,0,0,1
823543,2026-09-22,683011,"Volpe, Anthony",NYY,TB,2026,3,3,0,0,0,0,0,0,0,3,0,0,0,0
823543,2026-09-22,700250,"Rice, Ben",NYY,TB,2026,4,3,1,0,1,0,0,1,0,1,0,0,0,2
823543,2026-09-22,806146,"Lombard Jr., George",NYY,TB,2026,3,3,1,1,0,0,0,0,0,1,0,0,0,1
823544,2026-05-24,502671,"Goldschmidt, Paul",NYY,TB,2026,3,2,0,0,0,0,0,1,0,1,0,0,0,0
823544,2026-05-24,592450,"Judge, Aaron",NYY,TB,2026,4,4,2,1,0,0,1,0,0,0,0,0,2,5
823544,2026-05-24,641355,"Bellinger, Cody",NYY,TB,2026,3,3,1,1,0,0,0,0,0,1,0,0,0,1
823544,2026-05-24,641857,"McMahon, Ryan",NYY,TB,2026,3,3,1,1,0,0,0,0,0,2,0,0,0,1
823544,2026-05-24,663757,"Grisham, Trent",NYY,TB,2026,4,3,2,2,0,0,0,1,0,1,0,0,0,2
823544,2026-05-24,665862,"Chisholm Jr., Jazz",NYY,TB,2026,3,3,1,1,0,0,0,0,0,1,0,0,0,1
823544,2026-05-24,669224,"Wells, Austin",NYY,TB,2026,3,3,0,0,0,0,0,0,0,0,0,0,0,0
823544,2026-05-24,676609,"Caballero, José",NYY,TB,2026,3,3,0,0,0,0,0,0,0,0,0,0,0,0
823544,2026-05-24,700250,"Rice, Ben",NYY,TB,2026,3,3,0,0,0,0,0,0,0,0,0,0,0,0
823545,2026-05-21,502671,"Goldschmidt, Paul",NYY,TOR,2026,4,4,0,0,0,0,0,0,0,2,0,0,0,0
823545,2026-05-21,592450,"Judge, Aaron",NYY,TOR,2026,4,4,0,0,0,0,0,0,0,1,0,0,0,0
823545,2026-05-21,641355,"Bellinger, Cody",NYY,TOR,2026,4,2,0,0,0,0,0,2,0,0,0,0,0,0
823545,2026-05-21,641555,"Escarra, J.C.",NYY,TOR,2026,3,2,0,0,0,0,0,1,0,1,0,0,0,0
823545,2026-05-21,641857,"McMahon, Ryan",NYY,TOR,2026,3,3,1,0,1,0,0,0,0,1,0,0,0,2
823545,2026-05-21,665862,"Chisholm Jr., Jazz",NYY,TOR,2026,4,4,0,0,0,0,0,0,0,4,0,0,0,0
823545,2026-05-21,682987,"Jones, Spencer",NYY,TOR,2026,3,3,1,1,0,0,0,0,0,1,0,0,0,1
823545,2026-05-21,683011,"Volpe, Anthony",NYY,TOR,2026,3,3,0,0,0,0,0,0,0,2,0,0,0,0
823545,2026-05-21,700250,"Rice, Ben",NYY,TOR,2026,4,4,1,1,0,0,0,0,0,2,0,0,0,1
823546,2026-05-22,502671,"Goldschmidt, Paul",NYY,TB,2026,4,4,0,0,0,0,0,0,0,1,0,0,0,0
823546,2026-05-22,592450,"Judge, Aaron",NYY,TB,2026,5,4,0,0,0,0,0,1,0,1,0,0,0,0
823546,2026-05-22,641355,"Bellinger, Cody",NYY,TB,2026,4,4,2,1,1,0,0,0,0,0,0,0,0,3
823546,2026-05-22,641857,"McMahon, Ryan",NYY,TB,2026,4,4,0,0,0,0,0,0,0,2,0,0,0,0
823546,2026-05-22,663757,"Grisham, Trent",NYY,TB,2026,5,5,3,1,2,0,0,0,0,0,0,0,0,5
823546,2026-05-22,665862,"Chisholm Jr., Jazz",NYY,TB,2026,4,4,2,1,0,1,0,0,0,0,0,0,1,4
823546,2026-05-22,669224,"Wells, Austin",NYY,TB,2026,4,3,1,0,0,0,1,1,0,0,0,0,1,4
823546,2026-05-22,676609,"Caballero, José",NYY,TB,2026,4,4,2,2,0,0,0,0,0,0,0,0,0,2
823546,2026-05-22,700250,"Rice, Ben",NYY,TB,2026,4,4,1,1,0,0,0,0,0,0,0,0,0,1
823547,2026-05-20,502671,"Goldschmidt, Paul",NYY,TOR,2026,4,4,1,1,0,0,0,0,0,0,0,0,1,1
823547,2026-05-20,592450,"Judge, Aaron",NYY,TOR,2026,4,4,0,0,0,0,0,0,0,4,0,0,0,0
823547,2026-05-20,641355,"Bellinger, Cody",NYY,TOR,2026,4,4,1,0,1,0,0,0,0,1,0,0,0,2
823547,2026-05-20,641857,"McMahon, Ryan",NYY,TOR,2026,3,3,0,0,0,0,0,0,0,1,0,0,0,0
823547,2026-05-20,642708,"Rosario, Amed",NYY,TOR,2026,2,2,0,0,0,0,0,0,0,1,0,0,0,0
823547,2026-05-20,663757,"Grisham, Trent",NYY,TOR,2026,1,1,1,0,1,0,0,0,0,0,0,0,0,2
823547,2026-05-20,665862,"Chisholm Jr., Jazz",NYY,TOR,2026,4,4,2,2,0,0,0,0,0,0,0,0,0,2
823547,2026-05-20,669224,"Wells, Austin",NYY,TOR,2026,3,3,0,0,0,0,0,0,0,2,0,0,0,0
823547,2026-05-20,682987,"Jones, Spencer",NYY,TOR,2026,1,1,0,0,0,0,0,0,0,0,0,0,0,0
823547,2026-05-20,683011,"Volpe, Anthony",NYY,TOR,2026,3,3,0,0,0,0,0,0,0,1,0,0,0,0
823547,2026-05-20,700250,"Rice, Ben",NYY,TOR,2026,4,4,0,0,0,0,0,0,0,1,0,0,0,0
823548,2026-05-19,502671,"Goldschmidt, Paul",NYY,TOR,2026,2,1,0,0,0,0,0,1,0,1,0,0,0,0
823548,2026-05-19,592450,"Judge, Aaron",NYY,TOR,2026,4,3,0,0,0,0,0,1,0,3,0,0,0,0
823548,2026-05-19,641355,"Bellinger, Cody",NYY,TOR,2026,4,3,1,1,0,0,0,1,0,0,0,0,0,1
823548,2026-05-19,641857,"McMahon, Ryan",NYY,TOR,2026,4,4,2,1,0,0,1,0,0,0,0,0,3,5
823548,2026-05-19,663757,"Grisham, Trent",NYY,TOR,2026,4,3,1,1,0,0,0,1,0,1,0,0,0,1
823548,2026-05-19,665862,"Chisholm Jr., Jazz",NYY,TOR,2026,4,3,0,0,0,0,0,1,0,2,0,0,0,0
823548,2026-05-19,669224,"Wells, Austin",NYY,TOR,2026,3,3,0,0,0,0,0,1,0,2,0,0,0,0
823548,2026-05-19,682987,"Jones, Spencer",NYY,TOR,2026,2,2,0,0,0,0,0,0,0,2,0,0,0,0
823548,2026-05-19,683011,"Volpe, Anthony",NYY,TOR,2026,4,4,1,1,0,0,0,0,0,0,0,0,0,1
823548,2026-05-19,700250,"Rice, Ben",NYY,TOR,2026,4,4,1,0,0,0,1,0,0,1,0,0,2,4
823549,2026-05-18,502671,"Goldschmidt, Paul",NYY,TOR,2026,5,4,2,0,1,0,1,1,0,0,0,0,2,6
823549,2026-05-18,592450,"Judge, Aaron",NYY,TOR,2026,4,4,1,1,0,0,0,0,0,0,0,0,0,1
823549,2026-05-18,641355,"Bellinger, Cody",NYY,TOR,2026,4,4,2,1,0,0,1,0,0,0,0,0,2,5
823549,2026-05-18,641555,"Escarra, J.C.",NYY,TOR,2026,4,3,0,0,0,0,0,0,0,1,0,0,1,0
823549,2026-05-18,642708,"Rosario, Amed",NYY,TOR,2026,3,3,0,0,0,0,0,0,0,1,0,0,0,0
823549,2026-05-18,663757,"Grisham, Trent",NYY,TOR,2026,1,0,0,0,0,0,0,1,0,0,0,0,0,0
823549,2026-05-18,665862,"Chisholm Jr., Jazz",NYY,TOR,2026,4,4,2,1,0,0,1,0,0,1,0,0,2,5
823549,2026-05-18,680474,"Schuemann, Max",NYY,TOR,2026,4,2,1,1,0,0,0,2,0,0,0,0,0,1
823549,2026-05-18,683011,"Volpe, Anthony",NYY,TOR,2026,4,4,2,1,1,0,0,0,0,1,0,0,0,3
823549,2026-05-18,700250,"Rice, Ben",NYY,TOR,2026,5,5,1,0,1,0,0,0,0,1,0,0,0,2
823550,2026-05-06,502671,"Goldschmidt, Paul",NYY,TEX,2026,3,3,0,0,0,0,0,0,0,1,0,0,0,0
823550,2026-05-06,592450,"Judge, Aaron",NYY,TEX,2026,4,4,1,0,0,0,1,0,0,2,0,0,1,4
823550,2026-05-06,641355,"Bellinger, Cody",NYY,TEX,2026,4,3,1,1,0,0,0,1,0,0,0,0,0,1
823550,2026-05-06,641857,"McMahon, Ryan",NYY,TEX,2026,3,3,0,0,0,0,0,0,0,1,0,0,0,0
823550,2026-05-06,663757,"Grisham, Trent",NYY,TEX,2026,4,4,0,0,0,0,0,0,0,2,0,0,0,0
823550,2026-05-06,665862,"Chisholm Jr., Jazz",NYY,TEX,2026,3,3,0,0,0,0,0,0,0,1,0,0,0,0
823550,2026-05-06,669224,"Wells, Austin",NYY,TEX,2026,3,3,1,1,0,0,0,0,0,1,0,0,0,1
823550,2026-05-06,676609,"Caballero, José",NYY,TEX,2026,3,2,0,0,0,0,0,0,1,0,0,0,0,0
823550,2026-05-06,691176,"Domínguez, Jasson",NYY,TEX,2026,4,4,0,0,0,0,0,0,0,1,0,0,0,0
823551,2026-05-07,502671,"Goldschmidt, Paul",NYY,TEX,2026,5,3,1,0,0,1,0,2,0,1,0,0,0,3
823551,2026-05-07,592450,"Judge, Aaron",NYY,TEX,2026,5,5,1,1,0,0,0,0,0,1,0,0,1,1
823551,2026-05-07,641355,"Bellinger, Cody",NYY,TEX,2026,5,4,3,2,0,1,0,1,0,0,0,0,2,5
823551,2026-05-07,641555,"Escarra, J.C.",NYY,TEX,2026,4,3,1,1,0,0,0,1,0,0,0,0,1,1
823551,2026-05-07,641857,"McMahon, Ryan",NYY,TEX,2026,5,3,2,1,1,0,0,2,0,1,0,0,1,3
823551,2026-05-07,642708,"Rosario, Amed",NYY,TEX,2026,4,4,1,1,0,0,0,0,0,1,0,0,0,1
823551,2026-05-07,663757,"Grisham, Trent",NYY,TEX,2026,5,5,3,2,1,0,0,0,0,0,0,0,3,4
823551,2026-05-07,665862,"Chisholm Jr., Jazz",NYY,TEX,2026,5,5,1,1,0,0,0,0,0,1,0,0,0,1
823551,2026-05-07,676609,"Caballero, José",NYY,TEX,2026,1,1,0,0,0,0,0,0,0,0,0,0,0,0
823551,2026-05-07,680474,"Schuemann, Max",NYY,TEX,2026,4,4,1,0,1,0,0,0,0,1,0,0,1,2
823552,2026-05-04,502671,"Goldschmidt, Paul",NYY,BAL,2026,4,4,1,1,0,0,0,0,0,1,0,0,0,1
823552,2026-05-04,592450,"Judge, Aaron",NYY,BAL,2026,5,4,2,1,0,0,1,1,0,0,0,0,4,5
823552,2026-05-04,641355,"Bellinger, Cody",NYY,BAL,2026,5,4,1,0,0,1,0,0,0,0,0,0,3,3
823552,2026-05-04,641857,"McMahon, Ryan",NYY,BAL,2026,4,4,1,1,0,0,0,0,0,1,0,0,1,1
823552,2026-05-04,663757,"Grisham, Trent",NYY,BAL,2026,5,3,2,0,2,0,0,2,0,0,0,0,1,4
823552,2026-05-04,665862,"Chisholm Jr., Jazz",NYY,BAL,2026,5,4,1,1,0,0,0,1,0,1,0,0,0,1
823552,2026-05-04,669224,"Wells, Austin",NYY,BAL,2026,4,2,0,0,0,0,0,2,0,1,0,0,0,0
823552,2026-05-04,676609,"Caballero, José",NYY,BAL,2026,4,3,1,0,1,0,0,1,0,0,0,0,1,2
823552,2026-05-04,691176,"Domínguez, Jasson",NYY,BAL,2026,5,4,1,1,0,0,0,1,0,0,0,0,1,1
823553,2026-05-05,502671,"Goldschmidt, Paul",NYY,TEX,2026,4,4,2,1,0,0,1,0,0,2,0,0,1,5
823553,2026-05-05,592450,"Judge, Aaron",NYY,TEX,2026,4,3,1,0,1,0,0,1,0,2,0,0,0,2
823553,2026-05-05,641355,"Bellinger, Cody",NYY,TEX,2026,4,3,2,0,2,0,0,1,0,0,0,0,3,4
823553,2026-05-05,641857,"McMahon, Ryan",NYY,TEX,2026,4,4,2,1,0,0,1,0,0,1,0,0,2,5
823553,2026-05-05,663757,"Grisham, Trent",NYY,TEX,2026,4,4,0,0,0,0,0,0,0,0,0,0,0,0
823553,2026-05-05,665862,"Chisholm Jr., Jazz",NYY,TEX,2026,4,4,1,0,0,0,1,0,0,1,0,0,1,4
823553,2026-05-05,669224,"Wells, Austin",NYY,TEX,2026,4,3,0,0,0,0,0,1,0,1,0,0,0,0
823553,2026-05-05,676609,"Caballero, José",NYY,TEX,2026,4,4,1,1,0,0,0,0,0,0,0,0,0,1
823553,2026-05-05,691176,"Domínguez, Jasson",NYY,TEX,2026,4,4,0,0,0,0,0,0,0,0,0,0,0,0
823554,2026-05-02,592450,"Judge, Aaron",NYY,BAL,2026,5,3,0,0,0,0,0,2,0,3,0,0,0,0
823554,2026-05-02,641355,"Bellinger, Cody",NYY,BAL,2026,4,4,4,1,1,0,2,0,0,0,0,0,4,11
823554,2026-05-02,641555,"Escarra, J.C.",NYY,BAL,2026,4,4,1,0,1,0,0,0,0,0,0,0,0,2
823554,2026-05-02,641857,"McMahon, Ryan",NYY,BAL,2026,4,4,1,0,1,0,0,0,0,1,0,0,0,2
823554,2026-05-02,663757,"Grisham, Trent",NYY,BAL,2026,5,4,2,0,1,0,1,1,0,1,0,0,2,6
823554,2026-05-02,665862,"Chisholm Jr., Jazz",NYY,BAL,2026,4,3,1,1,0,0,0,1,0,0,0,0,2,1
823554,2026-05-02,676609,"Caballero, José",NYY,BAL,2026,4,3,0,0,0,0,0,1,0,1,0,0,0,0
823554,2026-05-02,691176,"Domínguez, Jasson",NYY,BAL,2026,4,4,1,1,0,0,0,0,0,1,0,0,0,1
823554,2026-05-02,700250,"Rice, Ben",NYY,BAL,2026,5,3,1,1,0,0,0,2,0,1,0,0,0,1
823555,2026-05-03,502671,"Goldschmidt, Paul",NYY,BAL,2026,3,3,1,1,0,0,0,0,0,0,0,0,2,1
823555,2026-05-03,592450,"Judge, Aaron",NYY,BAL,2026,5,4,2,1,0,0,1,1,0,1,0,0,2,5
823555,2026-05-03,641355,"Bellinger, Cody",NYY,BAL,2026,5,4,1,0,1,0,0,1,0,0,0,0,0,2
823555,2026-05-03,641857,"McMahon, Ryan",NYY,BAL,2026,4,4,3,2,1,0,0,0,0,0,0,0,1,4
823555,2026-05-03,663757,"Grisham, Trent",NYY,BAL,2026,5,4,0,0,0,0,0,0,0,0,0,0,1,0
823555,2026-05-03,665862,"Chisholm Jr., Jazz",NYY,BAL,2026,5,3,1,1,0,0,0,1,0,0,0,0,1,1
823555,2026-05-03,669224,"Wells, Austin",NYY,BAL,2026,5,5,1,1,0,0,0,0,0,2,0,0,0,1
823555,2026-05-03,676609,"Caballero, José",NYY,BAL,2026,4,4,1,1,0,0,0,0,0,0,0,0,0,1
823555,2026-05-03,691176,"Domínguez, Jasson",NYY,BAL,2026,5,5,3,0,2,0,1,0,0,0,0,0,3,8
823555,2026-05-03,700250,"Rice, Ben",NYY,BAL,2026,2,2,2,0,1,0,1,0,0,0,0,0,1,6
823556,2026-04-19,502671,"Goldschmidt, Paul",NYY,KC,2026,5,4,0,0,0,0,0,1,0,1,0,0,0,0
823556,2026-04-19,592450,"Judge, Aaron",NYY,KC,2026,5,5,1,0,0,0,1,0,0,3,0,0,2,4
823556,2026-04-19,641355,"Bellinger, Cody",NYY,KC,2026,5,3,1,0,1,0,0,2,0,0,0,0,0,2
823556,2026-04-19,641857,"McMahon, Ryan",NYY,KC,2026,4,3,0,0,0,0,0,1,0,2,0,0,0,0
823556,2026-04-19,642708,"Rosario, Amed",NYY,KC,2026,4,3,1,1,0,0,0,1,0,1,0,0,0,1
823556,2026-04-19,663757,"Grisham, Trent",NYY,KC,2026,5,4,2,1,0,0,1,1,0,1,0,0,3,5
823556,2026-04-19,669224,"Wells, Austin",NYY,KC,2026,4,1,0,0,0,0,0,2,0,0,0,0,1,0
823556,2026-04-19,676609,"Caballero, José",NYY,KC,2026,4,4,1,1,0,0,0,0,0,0,0,0,0,1
823556,2026-04-19,700250,"Rice, Ben",NYY,KC,2026,5,3,1,0,0,0,1,2,0,1,0,0,1,4
823557,2026-05-01,502671,"Goldschmidt, Paul",NYY,BAL,2026,5,4,0,0,0,0,0,1,0,0,0,0,0,0
823557,2026-05-01,592450,"Judge, Aaron",NYY,BAL,2026,5,3,2,2,0,0,0,2,0,1,0,0,1,2
823557,2026-05-01,641355,"Bellinger, Cody",NYY,BAL,2026,5,4,2,0,2,0,0,1,0,2,0,0,1,4
823557,2026-05-01,642708,"Rosario, Amed",NYY,BAL,2026,4,3,1,1,0,0,0,1,0,2,0,0,1,1
823557,2026-05-01,663757,"Grisham, Trent",NYY,BAL,2026,4,4,1,0,1,0,0,0,0,0,0,0,0,2
823557,2026-05-01,665862,"Chisholm Jr., Jazz",NYY,BAL,2026,4,3,1,1,0,0,0,1,0,1,0,0,0,1
823557,2026-05-01,669224,"Wells, Austin",NYY,BAL,2026,4,4,1,1,0,0,0,0,0,1,0,0,0,1
823557,2026-05-01,676609,"Caballero, José",NYY,BAL,2026,4,4,1,0,0,0,1,0,0,1,0,0,1,4
823557,2026-05-01,700250,"Rice, Ben",NYY,BAL,2026,5,5,2,1,0,0,1,0,0,0,0,0,3,5
823558,2026-04-18,519317,"Stanton, Giancarlo",NYY,KC,2026,5,5,0,0,0,0,0,0,0,0,0,0,0,0
823558,2026-04-18,545341,"Grichuk, Randal",NYY,KC,2026,5,4,1,0,1,0,0,0,0,1,0,0,1,2
823558,2026-04-18,592450,"Judge, Aaron",NYY,KC,2026,4,2,0,0,0,0,0,2,0,2,0,0,0,0
823558,2026-04-18,641355,"Bellinger, Cody",NYY,KC,2026,5,4,3,1,0,0,2,1,0,0,0,0,5,9
823558,2026-04-18,641555,"Escarra, J.C.",NYY,KC,2026,4,4,2,0,1,1,0,0,0,0,0,0,3,5
823558,2026-04-18,641857,"McMahon, Ryan",NYY,KC,2026,1,0,0,0,0,0,0,1,0,0,0,0,0,0
823558,2026-04-18,642708,"Rosario, Amed",NYY,KC,2026,5,5,2,1,0,0,1,0,0,0,0,0,3,5
823558,2026-04-18,665862,"Chisholm Jr., Jazz",NYY,KC,2026,5,4,0,0,0,0,0,1,0,3,0,0,0,0
823558,2026-04-18,676609,"Caballero, José",NYY,KC,2026,4,4,2,2,0,0,0,0,0,0,0,0,0,2
823558,2026-04-18,700250,"Rice, Ben",NYY,KC,2026,5,3,1,0,0,0,1,2,0,0,0,0,1,4
823559,2026-04-17,519317,"Stanton, Giancarlo",NYY,KC,2026,4,4,0,0,0,0,0,0,0,3,0,0,0,0
823559,2026-04-17,592450,"Judge, Aaron",NYY,KC,2026,4,3,1,0,1,0,0,1,0,1,0,0,0,2
823559,2026-04-17,641355,"Bellinger, Cody",NYY,KC,2026,4,4,1,1,0,0,0,0,0,1,0,0,0,1
823559,2026-04-17,641857,"McMahon, Ryan",NYY,KC,2026,1,1,1,0,0,0,1,0,0,0,0,0,2,4
823559,2026-04-17,642708,"Rosario, Amed",NYY,KC,2026,3,3,0,0,0,0,0,0,0,0,0,0,0,0
823559,2026-04-17,663757,"Grisham, Trent",NYY,KC,2026,4,4,0,0,0,0,0,0,0,0,0,0,0,0
823559,2026-04-17,665862,"Chisholm Jr., Jazz",NYY,KC,2026,4,2,0,0,0,0,0,2,0,1,0,0,0,0
823559,2026-04-17,669224,"Wells, Austin",NYY,KC,2026,3,2,0,0,0,0,0,1,0,0,0,0,0,0
823559,2026-04-17,676609,"Caballero, José",NYY,KC,2026,3,2,0,0,0,0,0,1,0,1,0,0,0,0
823559,2026-04-17,700250,"Rice, Ben",NYY,KC,2026,4,4,2,1,0,0,1,0,0,1,0,0,2,5
823560,2026-04-16,519317,"Stanton, Giancarlo",NYY,LAA,2026,4,4,1,0,0,0,1,0,0,0,0,0,2,4
823560,2026-04-16,592450,"Judge, Aaron",NYY,LAA,2026,4,4,1,0,0,0,1,0,0,1,0,0,1,4
823560,2026-04-16,641355,"Bellinger, Cody",NYY,LAA,2026,4,3,1,1,0,0,0,1,0,1,0,0,0,1
823560,2026-04-16,641555,"Escarra, J.C.",NYY,LAA,2026,4,4,1,1,0,0,0,0,0,3,0,0,0,1
823560,2026-04-16,642708,"Rosario, Amed",NYY,LAA,2026,4,4,0,0,0,0,0,0,0,1,0,0,0,0
823560,2026-04-16,663757,"Grisham, Trent",NYY,LAA,2026,4,3,0,0,0,0,0,1,0,0,0,0,0,0
823560,2026-04-16,665862,"Chisholm Jr., Jazz",NYY,LAA,2026,4,2,0,0,0,0,0,2,0,0,0,0,0,0
823560,2026-04-16,676609,"Caballero, José",NYY,LAA,2026,4,4,3,3,0,0,0,0,0,1,0,0,0,3
823560,2026-04-16,700250,"Rice, Ben",NYY,LAA,2026,4,4,1,0,0,0,1,0,0,1,0,0,1,4
823561,2026-04-15,502671,"Goldschmidt, Paul",NYY,LAA,2026,1,1,0,0,0,0,0,0,0,0,0,0,0,0
823561,2026-04-15,519317,"Stanton, Giancarlo",NYY,LAA,2026,4,4,0,0,0,0,0,0,0,3,0,0,0,0
823561,2026-04-15,592450,"Judge, Aaron",NYY,LAA,2026,4,4,1,0,0,0,1,0,0,0,0,0,1,4
823561,2026-04-15,641355,"Bellinger, Cody",NYY,LAA,2026,4,3,1,0,1,0,0,1,0,0,0,0,0,2
823561,2026-04-15,641857,"McMahon, Ryan",NYY,LAA,2026,3,3,0,0,0,0,0,0,0,1,0,0,0,0
823561,2026-04-15,663757,"Grisham, Trent",NYY,LAA,2026,3,3,1,1,0,0,0,0,0,0,0,0,2,1
823561,2026-04-15,665862,"Chisholm Jr., Jazz",NYY,LAA,2026,4,3,1,1,0,0,0,1,0,2,0,0,0,1
823561,2026-04-15,669224,"Wells, Austin",NYY,LAA,2026,4,2,1,1,0,0,0,2,0,0,0,0,0,1
823561,2026-04-15,676609,"Caballero, José",NYY,LAA,2026,4,3,1,0,1,0,0,1,0,0,0,0,2,2
823561,2026-04-15,700250,"Rice, Ben",NYY,LAA,2026,4,4,0,0,0,0,0,0,0,0,0,0,0,0
823562,2026-04-14,502671,"Goldschmidt, Paul",NYY,LAA,2026,3,3,0,0,0,0,0,0,0,1,0,0,0,0
823562,2026-04-14,519317,"Stanton, Giancarlo",NYY,LAA,2026,4,4,0,0,0,0,0,0,0,3,0,0,0,0
823562,2026-04-14,545341,"Grichuk, Randal",NYY,LAA,2026,3,3,1,0,1,0,0,0,0,1,0,0,0,2
823562,2026-04-14,592450,"Judge, Aaron",NYY,LAA,2026,4,4,1,0,1,0,0,0,0,2,0,0,0,2
823562,2026-04-14,641857,"McMahon, Ryan",NYY,LAA,2026,2,2,1,1,0,0,0,0,0,0,0,0,0,1
823562,2026-04-14,642708,"Rosario, Amed",NYY,LAA,2026,4,4,1,1,0,0,0,0,0,0,0,0,0,1
823562,2026-04-14,663757,"Grisham, Trent",NYY,LAA,2026,4,4,0,0,0,0,0,0,0,3,0,0,0,0
823562,2026-04-14,665862,"Chisholm Jr., Jazz",NYY,LAA,2026,1,1,0,0,0,0,0,0,0,1,0,0,0,0
823562,2026-04-14,669224,"Wells, Austin",NYY,LAA,2026,3,3,1,1,0,0,0,0,0,0,0,0,0,1
823562,2026-04-14,676609,"Caballero, José",NYY,LAA,2026,3,3,0,0,0,0,0,0,0,1,0,0,0,0
823562,2026-04-14,700250,"Rice, Ben",NYY,LAA,2026,1,0,0,0,0,0,0,0,0,0,0,0,1,0
823563,2026-04-13,502671,"Goldschmidt, Paul",NYY,LAA,2026,3,2,1,0,1,0,0,1,0,1,0,0,0,2
823563,2026-04-13,519317,"Stanton, Giancarlo",NYY,LAA,2026,5,4,2,1,1,0,0,1,0,2,0,0,0,3
823563,2026-04-13,545341,"Grichuk, Randal",NYY,LAA,2026,2,1,0,0,0,0,0,1,0,0,0,0,0,0
823563,2026-04-13,592450,"Judge, Aaron",NYY,LAA,2026,5,5,2,0,0,0,2,0,0,1,0,0,3,8
823563,2026-04-13,641355,"Bellinger, Cody",NYY,LAA,2026,5,5,1,1,0,0,0,0,0,0,0,0,0,1
823563,2026-04-13,641857,"McMahon, Ryan",NYY,LAA,2026,3,2,0,0,0,0,0,1,0,0,0,0,1,0
823563,2026-04-13,642708,"Rosario, Amed",NYY,LAA,2026,2,2,1,1,0,0,0,0,0,0,0,0,0,1
823563,2026-04-13,663757,"Grisham, Trent",NYY,LAA,2026,3,3,2,0,0,0,2,0,0,0,0,0,5,8
823563,2026-04-13,665862,"Chisholm Jr., Jazz",NYY,LAA,2026,5,5,1,1,0,0,0,0,0,2,0,0,0,1
823563,2026-04-13,669224,"Wells, Austin",NYY,LAA,2026,5,3,1,1,0,0,0,2,0,0,0,0,0,1
823563,2026-04-13,676609,"Caballero, José",NYY,LAA,2026,5,5,2,0,1,0,1,0,0,0,0,0,2,6
823563,2026-04-13,700250,"Rice, Ben",NYY,LAA,2026,3,2,1,1,0,0,0,1,0,1,0,0,0,1
823564,2026-04-08,519317,"Stanton, Giancarlo",NYY,ATH,2026,4,4,0,0,0,0,0,0,0,1,0,0,0,0
823564,2026-04-08,592450,"Judge, Aaron",NYY,ATH,2026,4,3,1,1,0,0,0,1,0,1,0,0,0,1
823564,2026-04-08,641355,"Bellinger, Cody",NYY,ATH,2026,4,4,1,1,0,0,0,0,0,1,0,0,1,1
823564,2026-04-08,641555,"Escarra, J.C.",NYY,ATH,2026,4,3,0,0,0,0,0,1,0,1,0,0,1,0
823564,2026-04-08,641857,"McMahon, Ryan",NYY,ATH,2026,4,3,0,0,0,0,0,1,0,2,0,0,0,0
823564,2026-04-08,642708,"Rosario, Amed",NYY,ATH,2026,4,4,1,1,0,0,0,0,0,2,0,0,0,1
823564,2026-04-08,663757,"Grisham, Trent",NYY,ATH,2026,4,2,1,1,0,0,0,2,0,1,0,0,0,1
823564,2026-04-08,665862,"Chisholm Jr., Jazz",NYY,ATH,2026,4,2,0,0,0,0,0,2,0,2,0,0,0,0
823564,2026-04-08,700250,"Rice, Ben",NYY,ATH,2026,4,4,0,0,0,0,0,0,0,4,0,0,0,0
823565,2026-04-09,519317,"Stanton, Giancarlo",NYY,ATH,2026,3,2,0,0,0,0,0,1,0,0,0,0,0,0
823565,2026-04-09,545341,"Grichuk, Randal",NYY,ATH,2026,3,3,0,0,0,0,0,0,0,3,0,0,0,0
823565,2026-04-09,592450,"Judge, Aaron",NYY,ATH,2026,4,4,0,0,0,0,0,0,0,1,0,0,0,0
823565,2026-04-09,641355,"Bellinger, Cody",NYY,ATH,2026,4,4,0,0,0,0,0,0,0,0,0,0,0,0
823565,2026-04-09,641857,"McMahon, Ryan",NYY,ATH,2026,3,3,0,0,0,0,0,0,0,1,0,0,0,0
823565,2026-04-09,642708,"Rosario, Amed",NYY,ATH,2026,4,2,0,0,0,0,0,2,0,0,0,0,0,0
823565,2026-04-09,663757,"Grisham, Trent",NYY,ATH,2026,1,1,0,0,0,0,0,0,0,1,0,0,0,0
823565,2026-04-09,665862,"Chisholm Jr., Jazz",NYY,ATH,2026,1,1,0,0,0,0,0,0,0,0,0,0,0,0
823565,2026-04-09,669224,"Wells, Austin",NYY,ATH,2026,3,3,0,0,0,0,0,0,0,1,0,0,0,0
823565,2026-04-09,676609,"Caballero, José",NYY,ATH,2026,2,2,0,0,0,0,0,0,0,0,0,0,0,0
823565,2026-04-09,700250,"Rice, Ben",NYY,ATH,2026,4,4,1,1,0,0,0,0,0,1,0,0,0,1
823566,2026-04-05,519317,"Stanton, Giancarlo",NYY,MIA,2026,5,5,2,2,0,0,0,0,0,2,0,0,0,2
823566,2026-04-05,592450,"Judge, Aaron",NYY,MIA,2026,5,5,2,1,1,0,0,0,0,1,0,0,0,3
823566,2026-04-05,641355,"Bellinger, Cody",NYY,MIA,2026,5,2,0,0,0,0,0,3,0,0,0,0,0,0
823566,2026-04-05,641555,"Escarra, J.C.",NYY,MIA,2026,1,1,0,0,0,0,0,0,0,1,0,0,0,0
823566,2026-04-05,641857,"McMahon, Ryan",NYY,MIA,2026,4,3,1,1,0,0,0,1,0,1,0,0,0,1
823566,2026-04-05,663757,"Grisham, Trent",NYY,MIA,2026,5,4,0,0,0,0,0,1,0,2,0,0,0,0
823566,2026-04-05,665862,"Chisholm Jr., Jazz",NYY,MIA,2026,5,5,1,0,1,0,0,0,0,0,0,0,2,2
823566,2026-04-05,669224,"Wells, Austin",NYY,MIA,2026,5,4,0,0,0,0,0,1,0,2,0,0,0,0
823566,2026-04-05,676609,"Caballero, José",NYY,MIA,2026,4,4,0,0,0,0,0,0,0,0,0,0,0,0
823566,2026-04-05,700250,"Rice, Ben",NYY,MIA,2026,5,2,1,0,0,0,1,3,0,0,0,0,4,4
823567,2026-04-07,519317,"Stanton, Giancarlo",NYY,ATH,2026,4,4,1,1,0,0,0,0,0,2,0,0,1,1
823567,2026-04-07,592450,"Judge, Aaron",NYY,ATH,2026,4,2,0,0,0,0,0,1,0,0,0,0,0,0
823567,2026-04-07,641355,"Bellinger, Cody",NYY,ATH,2026,4,4,1,1,0,0,0,0,0,1,0,0,0,1
823567,2026-04-07,642708,"Rosario, Amed",NYY,ATH,2026,4,4,2,0,0,0,2,0,0,1,0,0,4,8
823567,2026-04-07,663757,"Grisham, Trent",NYY,ATH,2026,5,5,0,0,0,0,0,0,0,0,0,0,0,0
823567,2026-04-07,665862,"Chisholm Jr., Jazz",NYY,ATH,2026,4,4,1,1,0,0,0,0,0,1,0,0,0,1
823567,2026-04-07,669224,"Wells, Austin",NYY,ATH,2026,4,3,1,0,1,0,0,1,0,1,0,0,0,2
823567,2026-04-07,676609,"Caballero, José",NYY,ATH,2026,4,4,2,1,1,0,0,0,0,1,0,0,0,3
823567,2026-04-07,700250,"Rice, Ben",NYY,ATH,2026,4,2,1,1,0,0,0,2,0,0,0,0,0,1
823568,2026-04-03,519317,"Stanton, Giancarlo",NYY,MIA,2026,5,5,0,0,0,0,0,0,0,1,0,0,0,0
823568,2026-04-03,592450,"Judge, Aaron",NYY,MIA,2026,5,3,2,1,0,0,1,1,1,1,0,0,3,5
823568,2026-04-03,641355,"Bellinger, Cody",NYY,MIA,2026,5,4,1,0,1,0,0,1,0,0,0,0,0,2
823568,2026-04-03,641857,"McMahon, Ryan",NYY,MIA,2026,4,2,0,0,0,0,0,2,0,1,0,0,0,0
823568,2026-04-03,663757,"Grisham, Trent",NYY,MIA,2026,5,2,0,0,0,0,0,3,0,1,0,0,1,0
823568,2026-04-03,665862,"Chisholm Jr., Jazz",NYY,MIA,2026,4,3,1,0,1,0,0,1,0,1,0,0,0,2
823568,2026-04-03,669224,"Wells, Austin",NYY,MIA,2026,4,2,0,0,0,0,0,2,0,1,0,0,0,0
823568,2026-04-03,676609,"Caballero, José",NYY,MIA,2026,4,3,0,0,0,0,0,1,0,1,0,0,0,0
823568,2026-04-03,700250,"Rice, Ben",NYY,MIA,2026,5,5,2,0,1,0,1,0,0,3,0,0,3,6
823569,2026-04-04,502671,"Goldschmidt, Paul",NYY,MIA,2026,1,0,0,0,0,0,0,1,0,0,0,0,0,0
823569,2026-04-04,519317,"Stanton, Giancarlo",NYY,MIA,2026,5,3,1,1,0,0,0,2,0,1,0,0,2,1
823569,2026-04-04,592450,"Judge, Aaron",NYY,MIA,2026,5,4,2,2,0,0,0,1,0,0,0,0,1,2
823569,2026-04-04,641355,"Bellinger, Cody",NYY,MIA,2026,5,3,1,0,0,0,1,1,0,0,0,0,3,4
823569,2026-04-04,641555,"Escarra, J.C.",NYY,MIA,2026,1,1,0,0,0,0,0,0,0,0,0,0,0,0
823569,2026-04-04,641857,"McMahon, Ryan",NYY,MIA,2026,4,3,0,0,0,0,0,1,0,2,0,0,0,0
823569,2026-04-04,663757,"Grisham, Trent",NYY,MIA,2026,5,3,1,1,0,0,0,2,0,0,0,0,1,1
823569,2026-04-04,665862,"Chisholm Jr., Jazz",NYY,MIA,2026,5,5,0,0,0,0,0,0,0,2,0,0,0,0
823569,2026-04-04,669224,"Wells, Austin",NYY,MIA,2026,2,2,1,1,0,0,0,0,0,0,0,0,0,1
823569,2026-04-04,676609,"Caballero, José",NYY,MIA,2026,4,3,0,0,0,0,0,0,1,3,0,0,0,0
823569,2026-04-04,700250,"Rice, Ben",NYY,MIA,2026,5,3,0,0,0,0,0,2,0,3,0,0,0,0
823588,2026-08-15,665953,"Chaparro, Andrés",WSH,NYM,2026,3,2,1,0,0,0,1,1,0,1,0,0,1,4
823588,2026-08-15,682928,"Abrams, CJ",WSH,NYM,2026,4,4,0,0,0,0,0,0,0,0,0,0,0,0
823588,2026-08-15,683083,"Nuñez, Nasim",WSH,NYM,2026,4,4,1,1,0,0,0,0,0,1,0,0,0,1
823588,2026-08-15,686611,"Crews, Dylan",WSH,NYM,2026,4,4,0,0,0,0,0,0,0,1,0,0,0,0
823588,2026-08-15,687605,"Pinckney, Andrew",WSH,NYM,2026,3,2,1,0,0,1,0,0,1,1,0,0,0,3
823588,2026-08-15,691781,"House, Brady",WSH,NYM,2026,4,4,1,0,0,0,1,0,0,2,0,0,3,4
823588,2026-08-15,694673,"Ortiz, Abimelec",WSH,NYM,2026,1,1,1,1,0,0,0,0,0,0,0,0,0,1
823588,2026-08-15,695670,"Ford, Harry",WSH,NYM,2026,4,3,0,0,0,0,0,1,0,2,0,0,0,0
823588,2026-08-15,695734,"Lile, Daylen",WSH,NYM,2026,4,4,0,0,0,0,0,0,0,2,0,0,0,0
823588,2026-08-15,696285,"Young, Jacob",WSH,NYM,2026,4,4,2,2,0,0,0,0,0,1,0,0,0,2
823590,2026-08-16,660688,"Ruiz, Keibert",WSH,NYM,2026,3,3,2,2,0,0,0,0,0,1,0,0,2,2
823590,2026-08-16,665953,"Chaparro, Andrés",WSH,NYM,2026,3,3,0,0,0,0,0,0,0,1,0,0,0,0
823590,2026-08-16,677588,"Tena, José",WSH,NYM,2026,1,1,0,0,0,0,0,0,0,1,0,0,0,0
823590,2026-08-16,678391,"Vivas, Jorbit",WSH,NYM,2026,4,3,1,1,0,0,0,1,0,1,0,0,0,1
823590,2026-08-16,682928,"Abrams, CJ",WSH,NYM,2026,4,4,0,0,0,0,0,0,0,1,0,0,0,0
823590,2026-08-16,686611,"Crews, Dylan",WSH,NYM,2026,4,4,0,0,0,0,0,0,0,1,0,0,0,0
823590,2026-08-16,691781,"House, Brady",WSH,NYM,2026,4,3,0,0,0,0,0,0,1,1,0,0,0,0
823590,2026-08-16,694673,"Ortiz, Abimelec",WSH,NYM,2026,4,4,1,0,0,0,1,0,0,2,0,0,1,4
823590,2026-08-16,695670,"Ford, Harry",WSH,NYM,2026,1,1,0,0,0,0,0,0,0,1,0,0,0,0
823590,2026-08-16,695734,"Lile, Daylen",WSH,NYM,2026,4,3,0,0,0,0,0,1,0,0,0,0,0,0
823590,2026-08-16,696285,"Young, Jacob",WSH,NYM,2026,3,3,1,1,0,0,0,0,0,1,0,0,0,1
823591,2026-08-14,660688,"Ruiz, Keibert",WSH,NYM,2026,4,4,0,0,0,0,0,0,0,0,0,0,0,0
823591,2026-08-14,677588,"Tena, José",WSH,NYM,2026,3,2,0,0,0,0,0,1,0,2,0,0,0,0
823591,2026-08-14,678391,"Vivas, Jorbit",WSH,NYM,2026,4,4,1,1,0,0,0,0,0,1,0,0,0,1
823591,2026-08-14,682928,"Abrams, CJ",WSH,NYM,2026,5,2,0,0,0,0,0,2,1,1,0,0,0,0
823591,2026-08-14,683083,"Nuñez, Nasim",WSH,NYM,2026,4,3,0,0,0,0,0,1,0,1,0,0,0,0
823591,2026-08-14,686611,"Crews, Dylan",WSH,NYM,2026,1,1,0,0,0,0,0,0,0,1,0,0,0,0
823591,2026-08-14,691781,"House, Brady",WSH,NYM,2026,4,3,2,2,0,0,0,0,1,1,0,0,1,2
823591,2026-08-14,694673,"Ortiz, Abimelec",WSH,NYM,2026,5,5,0,0,0,0,0,0,0,2,0,0,0,0
823591,2026-08-14,695734,"Lile, Daylen",WSH,NYM,2026,4,4,1,1,0,0,0,0,0,0,0,0,0,1
823591,2026-08-14,696285,"Young, Jacob",WSH,NYM,2026,4,4,1,1,0,0,0,0,0,0,0,0,0,1
823627,2026-05-16,502671,"Goldschmidt, Paul",NYY,NYM,2026,5,4,2,2,0,0,0,0,1,1,0,0,1,2
823627,2026-05-16,592450,"Judge, Aaron",NYY,NYM,2026,5,4,2,1,1,0,0,1,0,1,0,0,0,3
823627,2026-05-16,641355,"Bellinger, Cody",NYY,NYM,2026,5,5,0,0,0,0,0,0,0,2,0,0,0,0
823627,2026-05-16,642708,"Rosario, Amed",NYY,NYM,2026,4,4,1,0,1,0,0,0,0,2,0,0,0,2
823627,2026-05-16,663757,"Grisham, Trent",NYY,NYM,2026,4,4,1,1,0,0,0,0,0,3,0,0,1,1
823627,2026-05-16,665862,"Chisholm Jr., Jazz",NYY,NYM,2026,5,5,2,1,1,0,0,0,0,2,0,0,0,3
823627,2026-05-16,669224,"Wells, Austin",NYY,NYM,2026,4,4,1,1,0,0,0,0,0,3,0,0,0,1
823627,2026-05-16,683011,"Volpe, Anthony",NYY,NYM,2026,4,2,0,0,0,0,0,2,0,0,0,0,0,0
823627,2026-05-16,700250,"Rice, Ben",NYY,NYM,2026,5,4,0,0,0,0,0,0,1,0,0,0,0,0
823628,2026-05-17,502671,"Goldschmidt, Paul",NYY,NYM,2026,1,0,0,0,0,0,0,0,1,0,0,0,0,0
823628,2026-05-17,592450,"Judge, Aaron",NYY,NYM,2026,5,4,0,0,0,0,0,1,0,1,0,0,0,0
823628,2026-05-17,641355,"Bellinger, Cody",NYY,NYM,2026,5,2,1,1,0,0,0,3,0,0,0,0,0,1
823628,2026-05-17,641555,"Escarra, J.C.",NYY,NYM,2026,2,2,0,0,0,0,0,0,0,0,0,0,0,0
823628,2026-05-17,641857,"McMahon, Ryan",NYY,NYM,2026,5,4,0,0,0,0,0,0,0,0,0,0,0,0
823628,2026-05-17,642708,"Rosario, Amed",NYY,NYM,2026,1,0,0,0,0,0,0,0,0,0,0,0,1,0
823628,2026-05-17,663757,"Grisham, Trent",NYY,NYM,2026,5,5,0,0,0,0,0,0,0,1,0,0,0,0
823628,2026-05-17,665862,"Chisholm Jr., Jazz",NYY,NYM,2026,5,3,2,2,0,0,0,2,0,1,0,0,0,2
823628,2026-05-17,669224,"Wells, Austin",NYY,NYM,2026,2,2,0,0,0,0,0,0,0,0,0,0,0,0
823628,2026-05-17,680474,"Schuemann, Max",NYY,NYM,2026,2,1,0,0,0,0,0,1,0,1,0,0,0,0
823628,2026-05-17,682987,"Jones, Spencer",NYY,NYM,2026,2,2,0,0,0,0,0,0,0,2,0,0,0,0
823628,2026-05-17,683011,"Volpe, Anthony",NYY,NYM,2026,5,3,2,1,1,0,0,2,0,1,0,0,3,3
823628,2026-05-17,700250,"Rice, Ben",NYY,NYM,2026,5,5,1,0,0,0,1,0,0,1,0,0,1,4
823629,2026-05-15,592450,"Judge, Aaron",NYY,NYM,2026,5,4,1,1,0,0,0,0,0,1,0,0,0,1
823629,2026-05-15,641355,"Bellinger, Cody",NYY,NYM,2026,5,5,1,0,1,0,0,0,0,1,0,0,1,2
823629,2026-05-15,641857,"McMahon, Ryan",NYY,NYM,2026,4,4,0,0,0,0,0,0,0,2,0,0,0,0
823629,2026-05-15,663757,"Grisham, Trent",NYY,NYM,2026,5,5,0,0,0,0,0,0,0,2,0,0,0,0
823629,2026-05-15,665862,"Chisholm Jr., Jazz",NYY,NYM,2026,5,4,3,2,1,0,0,1,0,0,0,0,2,4
823629,2026-05-15,669224,"Wells, Austin",NYY,NYM,2026,4,4,0,0,0,0,0,0,0,2,0,0,0,0
823629,2026-05-15,682987,"Jones, Spencer",NYY,NYM,2026,4,4,2,2,0,0,0,0,0,1,0,0,1,2
823629,2026-05-15,683011,"Volpe, Anthony",NYY,NYM,2026,4,1,0,0,0,0,0,3,0,1,0,0,0,0
823629,2026-05-15,700250,"Rice, Ben",NYY,NYM,2026,5,5,3,2,0,0,1,0,0,1,0,0,1,6
823633,2026-04-29,660688,"Ruiz, Keibert",WSH,NYM,2026,5,5,0,0,0,0,0,0,0,2,0,0,0,0
823633,2026-04-29,677588,"Tena, José",WSH,NYM,2026,1,1,0,0,0,0,0,0,0,0,0,0,0,0
823633,2026-04-29,678554,"Mead, Curtis",WSH,NYM,2026,6,5,4,2,1,0,1,0,1,0,0,0,2,8
823633,2026-04-29,682928,"Abrams, CJ",WSH,NYM,2026,5,4,3,2,1,0,0,1,0,1,0,0,2,4
823633,2026-04-29,683083,"Nuñez, Nasim",WSH,NYM,2026,5,3,1,1,0,0,0,2,0,1,0,0,0,1
823633,2026-04-29,686894,"Wiemer, Joey",WSH,NYM,2026,5,5,2,1,1,0,0,0,0,2,0,0,1,3
823633,2026-04-29,691781,"House, Brady",WSH,NYM,2026,6,5,1,0,0,0,1,1,0,2,0,0,4,4
823633,2026-04-29,695578,"Wood, James",WSH,NYM,2026,6,5,2,1,1,0,0,1,0,2,0,0,3,3
823633,2026-04-29,695734,"Lile, Daylen",WSH,NYM,2026,5,5,1,1,0,0,0,0,0,4,0,0,0,1
823633,2026-04-29,696285,"Young, Jacob",WSH,NYM,2026,5,4,1,1,0,0,0,1,0,1,0,0,2,1
823634,2026-04-30,660688,"Ruiz, Keibert",WSH,NYM,2026,1,1,0,0,0,0,0,0,0,0,0,0,0,0
823634,2026-04-30,671277,"García Jr., Luis",WSH,NYM,2026,4,4,2,1,1,0,0,0,0,1,0,0,0,3
823634,2026-04-30,677588,"Tena, José",WSH,NYM,2026,4,3,0,0,0,0,0,1,0,2,0,0,0,0
823634,2026-04-30,678391,"Vivas, Jorbit",WSH,NYM,2026,4,4,1,1,0,0,0,0,0,0,0,0,0,1
823634,2026-04-30,678554,"Mead, Curtis",WSH,NYM,2026,1,1,0,0,0,0,0,0,0,0,0,0,0,0
823634,2026-04-30,682928,"Abrams, CJ",WSH,NYM,2026,4,3,2,1,0,0,1,1,0,1,0,0,3,5
823634,2026-04-30,683083,"Nuñez, Nasim",WSH,NYM,2026,4,4,1,1,0,0,0,0,0,0,0,0,0,1
823634,2026-04-30,686452,"Millas, Drew",WSH,NYM,2026,2,2,0,0,0,0,0,0,0,2,0,0,0,0
823634,2026-04-30,695578,"Wood, James",WSH,NYM,2026,4,4,0,0,0,0,0,1,0,2,0,0,0,0
823634,2026-04-30,695734,"Lile, Daylen",WSH,NYM,2026,4,4,0,0,0,0,0,0,0,0,0,0,0,0
823634,2026-04-30,696285,"Young, Jacob",WSH,NYM,2026,4,4,1,1,0,0,0,0,0,1,0,0,1,1
823636,2026-04-28,671277,"García Jr., Luis",WSH,NYM,2026,4,4,0,0,0,0,0,0,0,1,0,0,0,0
823636,2026-04-28,678391,"Vivas, Jorbit",WSH,NYM,2026,3,3,1,1,0,0,0,0,0,0,0,0,0,1
823636,2026-04-28,682928,"Abrams, CJ",WSH,NYM,2026,4,4,1,1,0,0,0,0,0,1,0,0,0,1
823636,2026-04-28,683083,"Nuñez, Nasim",WSH,NYM,2026,3,2,0,0,0,0,0,1,0,1,0,0,0,0
823636,2026-04-28,686452,"Millas, Drew",WSH,NYM,2026,3,3,1,1,0,0,0,0,0,1,0,0,0,1
823636,2026-04-28,691781,"House, Brady",WSH,NYM,2026,4,4,0,0,0,0,0,0,0,1,0,0,0,0
823636,2026-04-28,695578,"Wood, James",WSH,NYM,2026,4,3,0,0,0,0,0,1,0,2,0,0,0,0
823636,2026-04-28,695734,"Lile, Daylen",WSH,NYM,2026,4,4,0,0,0,0,0,0,0,2,0,0,0,0
823636,2026-04-28,696285,"Young, Jacob",WSH,NYM,2026,3,3,0,0,0,0,0,0,0,2,0,0,0,0
823654,2026-09-15,641355,"Bellinger, Cody",NYY,MIN,2026,5,4,3,2,0,0,1,1,0,1,0,0,2,6
823654,2026-09-15,645305,"Sánchez, Ali",NYY,MIN,2026,5,5,1,1,0,0,0,0,0,1,0,0,0,1
823654,2026-09-15,671218,"Ramos, Heliot",NYY,MIN,2026,5,4,2,1,1,0,0,1,0,1,0,0,1,3
823654,2026-09-15,671277,"García Jr., Luis",NYY,MIN,2026,5,5,1,1,0,0,0,0,0,1,0,0,0,1
823654,2026-09-15,676609,"Caballero, José",NYY,MIN,2026,5,5,1,1,0,0,0,0,0,1,0,0,1,1
823654,2026-09-15,682987,"Jones, Spencer",NYY,MIN,2026,5,5,1,0,0,0,1,0,0,0,0,0,3,4
823654,2026-09-15,683011,"Volpe, Anthony",NYY,MIN,2026,5,4,2,1,1,0,0,1,0,0,0,0,0,3
823654,2026-09-15,700250,"Rice, Ben",NYY,MIN,2026,6,6,1,1,0,0,0,0,0,1,0,0,0,1
823654,2026-09-15,806146,"Lombard Jr., George",NYY,MIN,2026,5,4,2,2,0,0,0,1,0,0,0,0,1,2
823655,2026-09-16,502671,"Goldschmidt, Paul",NYY,MIN,2026,2,2,1,1,0,0,0,0,0,0,0,0,0,1
823655,2026-09-16,592450,"Judge, Aaron",NYY,MIN,2026,2,2,0,0,0,0,0,0,0,2,0,0,0,0
823655,2026-09-16,641355,"Bellinger, Cody",NYY,MIN,2026,6,5,3,3,0,0,0,1,0,0,0,0,0,3
823655,2026-09-16,641857,"McMahon, Ryan",NYY,MIN,2026,6,6,0,0,0,0,0,0,0,4,0,0,0,0
823655,2026-09-16,645305,"Sánchez, Ali",NYY,MIN,2026,2,2,1,1,0,0,0,0,0,1,0,0,1,1
823655,2026-09-16,669224,"Wells, Austin",NYY,MIN,2026,2,2,0,0,0,0,0,0,0,0,0,0,0,0
823655,2026-09-16,671218,"Ramos, Heliot",NYY,MIN,2026,4,3,0,0,0,0,0,1,0,1,0,0,0,0
823655,2026-09-16,671277,"García Jr., Luis",NYY,MIN,2026,4,4,0,0,0,0,0,0,0,3,0,0,0,0
823655,2026-09-16,676609,"Caballero, José",NYY,MIN,2026,1,0,0,0,0,0,0,0,0,0,0,0,1,0
823655,2026-09-16,682987,"Jones, Spencer",NYY,MIN,2026,6,6,0,0,0,0,0,0,0,5,0,0,0,0
823655,2026-09-16,683011,"Volpe, Anthony",NYY,MIN,2026,5,5,2,1,1,0,0,0,0,0,0,0,2,3
823655,2026-09-16,700250,"Rice, Ben",NYY,MIN,2026,6,3,1,1,0,0,0,3,0,1,0,0,0,1
823655,2026-09-16,806146,"Lombard Jr., George",NYY,MIN,2026,6,6,1,1,0,0,0,0,0,0,0,0,0,1
823656,2026-09-14,592450,"Judge, Aaron",NYY,MIN,2026,4,4,1,0,0,0,1,0,0,2,0,0,3,4
823656,2026-09-14,641355,"Bellinger, Cody",NYY,MIN,2026,4,4,0,0,0,0,0,0,0,0,0,0,0,0
823656,2026-09-14,641857,"McMahon, Ryan",NYY,MIN,2026,3,3,1,1,0,0,0,0,0,0,0,0,0,1
823656,2026-09-14,669224,"Wells, Austin",NYY,MIN,2026,4,4,1,0,0,0,1,0,0,2,0,0,1,4
823656,2026-09-14,671277,"García Jr., Luis",NYY,MIN,2026,4,4,0,0,0,0,0,0,0,1,0,0,0,0
823656,2026-09-14,676609,"Caballero, José",NYY,MIN,2026,4,4,2,1,0,0,1,0,0,0,0,0,2,5
823656,2026-09-14,682987,"Jones, Spencer",NYY,MIN,2026,4,4,0,0,0,0,0,0,0,2,0,0,0,0
823656,2026-09-14,683011,"Volpe, Anthony",NYY,MIN,2026,1,1,0,0,0,0,0,0,0,0,0,0,0,0
823656,2026-09-14,700250,"Rice, Ben",NYY,MIN,2026,4,3,2,2,0,0,0,1,0,0,0,0,2,2
823656,2026-09-14,806146,"Lombard Jr., George",NYY,MIN,2026,4,4,1,0,1,0,0,0,0,2,0,0,0,2
823792,2026-05-09,502671,"Goldschmidt, Paul",NYY,MIL,2026,5,5,3,2,0,0,1,0,0,1,0,0,2,6
823792,2026-05-09,592450,"Judge, Aaron",NYY,MIL,2026,5,2,0,0,0,0,0,3,0,2,0,0,0,0
823792,2026-05-09,641355,"Bellinger, Cody",NYY,MIL,2026,5,4,1,1,0,0,0,1,0,1,0,0,0,1
823792,2026-05-09,641857,"McMahon, Ryan",NYY,MIL,2026,1,1,1,1,0,0,0,0,0,0,0,0,1,1
823792,2026-05-09,642708,"Rosario, Amed",NYY,MIL,2026,4,3,1,0,1,0,0,1,0,1,0,0,0,2
823792,2026-05-09,663757,"Grisham, Trent",NYY,MIL,2026,1,1,0,0,0,0,0,0,0,1,0,0,0,0
823792,2026-05-09,665862,"Chisholm Jr., Jazz",NYY,MIL,2026,4,3,1,1,0,0,0,1,0,2,0,0,0,1
823792,2026-05-09,669224,"Wells, Austin",NYY,MIL,2026,4,4,0,0,0,0,0,0,0,2,0,0,0,0
823792,2026-05-09,676609,"Caballero, José",NYY,MIL,2026,4,3,0,0,0,0,0,1,0,1,0,0,0,0
823792,2026-05-09,682987,"Jones, Spencer",NYY,MIL,2026,3,3,0,0,0,0,0,0,0,2,0,0,0,0
823792,2026-05-09,700250,"Rice, Ben",NYY,MIL,2026,5,5,0,0,0,0,0,0,0,2,0,0,0,0
823793,2026-05-10,592450,"Judge, Aaron",NYY,MIL,2026,4,3,1,0,0,0,1,1,0,2,0,0,1,4
823793,2026-05-10,641355,"Bellinger, Cody",NYY,MIL,2026,4,2,1,1,0,0,0,2,0,0,0,0,0,1
823793,2026-05-10,641555,"Escarra, J.C.",NYY,MIL,2026,4,3,0,0,0,0,0,1,0,1,0,0,0,0
823793,2026-05-10,641857,"McMahon, Ryan",NYY,MIL,2026,4,4,0,0,0,0,0,0,0,1,0,0,0,0
823793,2026-05-10,663757,"Grisham, Trent",NYY,MIL,2026,4,4,1,1,0,0,0,0,0,2,0,0,0,1
823793,2026-05-10,665862,"Chisholm Jr., Jazz",NYY,MIL,2026,4,4,1,0,1,0,0,0,0,2,0,0,1,2
823793,2026-05-10,676609,"Caballero, José",NYY,MIL,2026,4,3,1,0,1,0,0,1,0,0,0,0,0,2
823793,2026-05-10,682987,"Jones, Spencer",NYY,MIL,2026,4,4,1,1,0,0,0,0,0,1,0,0,1,1
823793,2026-05-10,700250,"Rice, Ben",NYY,MIL,2026,4,4,0,0,0,0,0,0,0,1,0,0,0,0
823794,2026-05-08,502671,"Goldschmidt, Paul",NYY,MIL,2026,1,1,0,0,0,0,0,0,0,0,0,0,0,0
823794,2026-05-08,592450,"Judge, Aaron",NYY,MIL,2026,4,4,1,1,0,0,0,0,0,2,0,0,0,1
823794,2026-05-08,641355,"Bellinger, Cody",NYY,MIL,2026,4,4,0,0,0,0,0,0,0,1,0,0,0,0
823794,2026-05-08,641857,"McMahon, Ryan",NYY,MIL,2026,2,2,0,0,0,0,0,0,0,1,0,0,0,0
823794,2026-05-08,642708,"Rosario, Amed",NYY,MIL,2026,1,1,0,0,0,0,0,0,0,0,0,0,0,0
823794,2026-05-08,663757,"Grisham, Trent",NYY,MIL,2026,4,3,0,0,0,0,0,1,0,1,0,0,0,0
823794,2026-05-08,665862,"Chisholm Jr., Jazz",NYY,MIL,2026,4,4,0,0,0,0,0,0,0,2,0,0,0,0
823794,2026-05-08,669224,"Wells, Austin",NYY,MIL,2026,2,2,0,0,0,0,0,0,0,2,0,0,0,0
823794,2026-05-08,676609,"Caballero, José",NYY,MIL,2026,3,3,2,2,0,0,0,0,0,1,0,0,0,2
823794,2026-05-08,682987,"Jones, Spencer",NYY,MIL,2026,3,2,0,0,0,0,0,1,0,2,0,0,0,0
823794,2026-05-08,700250,"Rice, Ben",NYY,MIL,2026,4,4,0,0,0,0,0,0,0,2,0,0,0,0
823804,2026-04-12,660688,"Ruiz, Keibert",WSH,MIL,2026,1,1,1,1,0,0,0,0,0,0,0,0,2,1
823804,2026-04-12,671277,"García Jr., Luis",WSH,MIL,2026,3,3,0,0,0,0,0,0,0,0,0,0,0,0
823804,2026-04-12,677588,"Tena, José",WSH,MIL,2026,1,1,1,1,0,0,0,0,0,0,0,0,1,1
823804,2026-04-12,678391,"Vivas, Jorbit",WSH,MIL,2026,4,3,1,1,0,0,0,0,0,0,0,0,0,1
823804,2026-04-12,678554,"Mead, Curtis",WSH,MIL,2026,2,2,1,1,0,0,0,0,0,0,0,0,1,1
823804,2026-04-12,682928,"Abrams, CJ",WSH,MIL,2026,5,4,2,2,0,0,0,0,0,1,0,0,1,2
823804,2026-04-12,683083,"Nuñez, Nasim",WSH,MIL,2026,4,4,0,0,0,0,0,0,0,2,0,0,0,0
823804,2026-04-12,686452,"Millas, Drew",WSH,MIL,2026,2,2,0,0,0,0,0,0,0,1,0,0,0,0
823804,2026-04-12,691781,"House, Brady",WSH,MIL,2026,5,5,1,1,0,0,0,0,0,2,0,0,1,1
823804,2026-04-12,695578,"Wood, James",WSH,MIL,2026,5,3,1,0,0,0,1,2,0,1,0,0,1,4
823804,2026-04-12,695734,"Lile, Daylen",WSH,MIL,2026,5,5,2,1,1,0,0,0,0,0,0,0,0,3
823804,2026-04-12,696285,"Young, Jacob",WSH,MIL,2026,5,5,2,1,1,0,0,0,0,0,0,0,0,3
823805,2026-04-11,660688,"Ruiz, Keibert",WSH,MIL,2026,4,3,1,0,1,0,0,1,0,0,0,0,1,2
823805,2026-04-11,678554,"Mead, Curtis",WSH,MIL,2026,5,3,0,0,0,0,0,2,0,0,0,0,0,0
823805,2026-04-11,682928,"Abrams, CJ",WSH,MIL,2026,4,4,1,1,0,0,0,0,0,0,0,0,0,1
823805,2026-04-11,683083,"Nuñez, Nasim",WSH,MIL,2026,4,3,3,2,1,0,0,1,0,0,0,0,0,4
823805,2026-04-11,686894,"Wiemer, Joey",WSH,MIL,2026,4,4,0,0,0,0,0,0,0,3,0,0,0,0
823805,2026-04-11,691781,"House, Brady",WSH,MIL,2026,4,4,0,0,0,0,0,0,0,1,0,0,0,0
823805,2026-04-11,695578,"Wood, James",WSH,MIL,2026,5,3,1,0,1,0,0,1,1,1,0,0,2,2
823805,2026-04-11,695734,"Lile, Daylen",WSH,MIL,2026,4,4,1,1,0,0,0,0,0,0,0,0,0,1
823805,2026-04-11,696285,"Young, Jacob",WSH,MIL,2026,4,4,2,2,0,0,0,0,0,0,0,0,0,2
823808,2026-04-10,660688,"Ruiz, Keibert",WSH,MIL,2026,2,2,0,0,0,0,0,0,0,0,0,0,0,0
823808,2026-04-10,671277,"García Jr., Luis",WSH,MIL,2026,4,4,1,1,0,0,0,0,0,1,0,0,1,1
823808,2026-04-10,678391,"Vivas, Jorbit",WSH,MIL,2026,4,3,0,0,0,0,0,0,0,0,0,0,1,0
823808,2026-04-10,678554,"Mead, Curtis",WSH,MIL,2026,5,5,1,1,0,0,0,0,0,1,0,0,1,1
823808,2026-04-10,682928,"Abrams, CJ",WSH,MIL,2026,4,3,2,1,1,0,0,0,1,0,0,0,1,3
823808,2026-04-10,686452,"Millas, Drew",WSH,MIL,2026,1,0,0,0,0,0,0,0,0,0,0,0,1,0
823808,2026-04-10,686894,"Wiemer, Joey",WSH,MIL,2026,4,3,1,1,0,0,0,1,0,1,0,0,0,1
823808,2026-04-10,691781,"House, Brady",WSH,MIL,2026,4,3,0,0,0,0,0,1,0,2,0,0,0,0
823808,2026-04-10,695578,"Wood, James",WSH,MIL,2026,5,5,4,2,2,0,0,0,0,1,0,0,1,6
823808,2026-04-10,695734,"Lile, Daylen",WSH,MIL,2026,5,5,1,1,0,0,0,0,0,0,0,0,0,1
823808,2026-04-10,696285,"Young, Jacob",WSH,MIL,2026,1,1,1,0,1,0,0,0,0,0,0,0,1,2
823827,2026-08-23,660688,"Ruiz, Keibert",WSH,MIA,2026,4,3,1,1,0,0,0,1,0,0,0,0,0,1
823827,2026-08-23,665953,"Chaparro, Andrés",WSH,MIA,2026,4,2,0,0,0,0,0,1,1,0,0,0,0,0
823827,2026-08-23,677588,"Tena, José",WSH,MIA,2026,4,4,0,0,0,0,0,0,0,3,0,0,0,0
823827,2026-08-23,678391,"Vivas, Jorbit",WSH,MIA,2026,4,4,1,0,1,0,0,0,0,0,0,0,1,2
823827,2026-08-23,683083,"Nuñez, Nasim",WSH,MIA,2026,4,4,0,0,0,0,0,0,0,2,0,0,0,0
823827,2026-08-23,686611,"Crews, Dylan",WSH,MIA,2026,4,4,2,1,1,0,0,0,0,0,0,0,1,3
823827,2026-08-23,694673,"Ortiz, Abimelec",WSH,MIA,2026,5,5,0,0,0,0,0,0,0,1,0,0,0,0
823827,2026-08-23,695734,"Lile, Daylen",WSH,MIA,2026,5,4,1,0,1,0,0,1,0,0,0,0,0,2
823827,2026-08-23,696285,"Young, Jacob",WSH,MIA,2026,4,3,0,0,0,0,0,0,1,1,0,0,0,0
823830,2026-08-21,660688,"Ruiz, Keibert",WSH,MIA,2026,4,4,2,1,0,0,1,0,0,0,0,0,1,5
823830,2026-08-21,665953,"Chaparro, Andrés",WSH,MIA,2026,4,3,1,1,0,0,0,1,0,0,0,0,0,1
823830,2026-08-21,677588,"Tena, José",WSH,MIA,2026,1,1,0,0,0,0,0,0,0,1,0,0,0,0
823830,2026-08-21,678391,"Vivas, Jorbit",WSH,MIA,2026,5,5,0,0,0,0,0,0,0,1,0,0,0,0
823830,2026-08-21,683083,"Nuñez, Nasim",WSH,MIA,2026,3,3,1,1,0,0,0,0,0,0,0,0,0,1
823830,2026-08-21,686611,"Crews, Dylan",WSH,MIA,2026,4,4,1,1,0,0,0,0,0,1,0,0,0,1
823830,2026-08-21,691781,"House, Brady",WSH,MIA,2026,4,4,1,1,0,0,0,0,0,1,0,0,0,1
823830,2026-08-21,694673,"Ortiz, Abimelec",WSH,MIA,2026,4,4,0,0,0,0,0,0,0,1,0,0,0,0
823830,2026-08-21,695734,"Lile, Daylen",WSH,MIA,2026,5,6,3,3,0,0,0,0,0,1,0,0,1,3
823830,2026-08-21,696285,"Young, Jacob",WSH,MIA,2026,4,2,0,0,0,0,0,2,0,0,0,0,0,0
823831,2026-08-22,677588,"Tena, José",WSH,MIA,2026,4,3,1,1,0,0,0,1,0,1,0,0,1,1
823831,2026-08-22,678391,"Vivas, Jorbit",WSH,MIA,2026,1,1,0,0,0,0,0,0,0,0,0,0,0,0
823831,2026-08-22,683083,"Nuñez, Nasim",WSH,MIA,2026,3,3,0,0,0,0,0,0,0,0,0,0,0,0
823831,2026-08-22,686611,"Crews, Dylan",WSH,MIA,2026,4,4,1,0,1,0,0,0,0,0,0,0,1,2
823831,2026-08-22,687605,"Pinckney, Andrew",WSH,MIA,2026,3,3,1,1,0,0,0,0,0,2,0,0,0,1
823831,2026-08-22,691781,"House, Brady",WSH,MIA,2026,4,3,0,0,0,0,0,1,0,1,0,0,0,0
823831,2026-08-22,694673,"Ortiz, Abimelec",WSH,MIA,2026,4,3,0,0,0,0,0,1,0,0,0,0,0,0
823831,2026-08-22,695670,"Ford, Harry",WSH,MIA,2026,3,3,0,0,0,0,0,0,0,0,0,0,0,0
823831,2026-08-22,695734,"Lile, Daylen",WSH,MIA,2026,4,4,0,0,0,0,0,0,0,1,0,0,0,0
823831,2026-08-22,696285,"Young, Jacob",WSH,MIA,2026,3,3,0,0,0,0,0,0,0,1,0,0,0,0
823868,2026-05-10,671277,"García Jr., Luis",WSH,MIA,2026,4,4,2,0,1,1,0,0,0,0,0,0,1,5
823868,2026-05-10,678391,"Vivas, Jorbit",WSH,MIA,2026,3,3,1,1,0,0,0,0,0,0,0,0,0,1
823868,2026-05-10,678554,"Mead, Curtis",WSH,MIA,2026,1,1,0,0,0,0,0,0,0,0,0,0,0,0
823868,2026-05-10,682928,"Abrams, CJ",WSH,MIA,2026,4,4,0,0,0,0,0,0,0,3,0,0,0,0
823868,2026-05-10,683083,"Nuñez, Nasim",WSH,MIA,2026,3,1,0,0,0,0,0,2,0,0,0,0,0,0
823868,2026-05-10,686452,"Millas, Drew",WSH,MIA,2026,3,2,0,0,0,0,0,1,0,0,0,0,0,0
823868,2026-05-10,691781,"House, Brady",WSH,MIA,2026,4,4,0,0,0,0,0,0,0,0,0,0,1,0
823868,2026-05-10,695578,"Wood, James",WSH,MIA,2026,4,4,1,0,1,0,0,0,0,0,0,0,0,2
823868,2026-05-10,695734,"Lile, Daylen",WSH,MIA,2026,4,4,2,1,1,0,0,0,0,1,0,0,0,3
823868,2026-05-10,696285,"Young, Jacob",WSH,MIA,2026,4,4,0,0,0,0,0,0,0,1,0,0,0,0
823869,2026-05-09,671277,"García Jr., Luis",WSH,MIA,2026,5,5,3,3,0,0,0,0,0,0,0,0,2,3
823869,2026-05-09,677588,"Tena, José",WSH,MIA,2026,4,3,1,0,1,0,0,1,0,1,0,0,0,2
823869,2026-05-09,678391,"Vivas, Jorbit",WSH,MIA,2026,1,1,0,0,0,0,0,0,0,0,0,0,0,0
823869,2026-05-09,682928,"Abrams, CJ",WSH,MIA,2026,5,5,2,1,0,1,0,0,0,0,0,0,2,4
823869,2026-05-09,683083,"Nuñez, Nasim",WSH,MIA,2026,4,4,0,0,0,0,0,0,0,2,0,0,0,0
823869,2026-05-09,686452,"Millas, Drew",WSH,MIA,2026,4,4,1,1,0,0,0,0,0,2,0,0,1,1
823869,2026-05-09,691781,"House, Brady",WSH,MIA,2026,4,4,1,0,1,0,0,0,0,2,0,0,0,2
823869,2026-05-09,695578,"Wood, James",WSH,MIA,2026,5,3,2,0,1,0,1,1,1,0,0,0,1,6
823869,2026-05-09,695734,"Lile, Daylen",WSH,MIA,2026,4,3,1,0,1,0,0,0,0,0,0,0,1,2
823869,2026-05-09,696285,"Young, Jacob",WSH,MIA,2026,4,4,0,0,0,0,0,0,0,1,0,0,0,0
823871,2026-05-08,660688,"Ruiz, Keibert",WSH,MIA,2026,3,3,0,0,0,0,0,0,0,0,0,0,0,0
823871,2026-05-08,671277,"García Jr., Luis",WSH,MIA,2026,1,1,0,0,0,0,0,0,0,0,0,0,0,0
823871,2026-05-08,678554,"Mead, Curtis",WSH,MIA,2026,4,2,1,0,1,0,0,2,0,0,0,0,0,2
823871,2026-05-08,682928,"Abrams, CJ",WSH,MIA,2026,4,3,1,1,0,0,0,1,0,1,0,0,1,1
823871,2026-05-08,683083,"Nuñez, Nasim",WSH,MIA,2026,4,3,1,1,0,0,0,1,0,0,0,0,0,1
823871,2026-05-08,686894,"Wiemer, Joey",WSH,MIA,2026,4,3,0,0,0,0,0,1,0,2,0,0,0,0
823871,2026-05-08,691781,"House, Brady",WSH,MIA,2026,4,4,1,1,0,0,0,0,0,1,0,0,0,1
823871,2026-05-08,695578,"Wood, James",WSH,MIA,2026,5,5,0,0,0,0,0,0,0,2,0,0,0,0
823871,2026-05-08,695734,"Lile, Daylen",WSH,MIA,2026,4,4,1,1,0,0,0,0,0,0,0,0,0,1
823871,2026-05-08,696285,"Young, Jacob",WSH,MIA,2026,4,3,1,0,0,0,1,1,0,0,0,0,2,4
823903,2026-09-06,665953,"Chaparro, Andrés",WSH,LAD,2026,4,4,1,1,0,0,0,0,0,2,0,0,0,1
823903,2026-09-06,682928,"Abrams, CJ",WSH,LAD,2026,5,4,1,0,0,0,1,1,0,2,0,0,1,4
823903,2026-09-06,683083,"Nuñez, Nasim",WSH,LAD,2026,4,4,0,0,0,0,0,0,0,2,0,0,0,0
823903,2026-09-06,686611,"Crews, Dylan",WSH,LAD,2026,5,4,0,0,0,0,0,0,1,2,0,0,1,0
823903,2026-09-06,691781,"House, Brady",WSH,LAD,2026,4,4,1,1,0,0,0,0,0,1,0,0,0,1
823903,2026-09-06,694673,"Ortiz, Abimelec",WSH,LAD,2026,1,1,0,0,0,0,0,0,0,0,0,0,0,0
823903,2026-09-06,695578,"Wood, James",WSH,LAD,2026,5,2,1,1,0,0,0,3,0,0,0,0,0,1
823903,2026-09-06,695670,"Ford, Harry",WSH,LAD,2026,4,2,1,0,1,0,0,2,0,0,0,0,2,2
823903,2026-09-06,695734,"Lile, Daylen",WSH,LAD,2026,4,4,2,1,0,1,0,0,0,2,0,0,0,4
823903,2026-09-06,696285,"Young, Jacob",WSH,LAD,2026,4,4,2,2,0,0,0,0,0,0,0,0,1,2
823904,2026-09-05,660688,"Ruiz, Keibert",WSH,LAD,2026,3,3,2,1,1,0,0,0,0,1,0,0,1,3
823904,2026-09-05,665953,"Chaparro, Andrés",WSH,LAD,2026,2,2,1,0,1,0,0,0,0,1,0,0,0,2
823904,2026-09-05,677588,"Tena, José",WSH,LAD,2026,4,3,0,0,0,0,0,0,0,2,0,0,1,0
823904,2026-09-05,678391,"Vivas, Jorbit",WSH,LAD,2026,4,3,0,0,0,0,0,1,0,0,0,0,0,0
823904,2026-09-05,682928,"Abrams, CJ",WSH,LAD,2026,5,4,1,1,0,0,0,1,0,3,0,0,0,1
823904,2026-09-05,686611,"Crews, Dylan",WSH,LAD,2026,4,4,2,0,2,0,0,0,0,2,0,0,1,4
823904,2026-09-05,691002,"Morales, Yohandy",WSH,LAD,2026,1,1,0,0,0,0,0,0,0,1,0,0,0,0
823904,2026-09-05,691781,"House, Brady",WSH,LAD,2026,4,4,1,1,0,0,0,0,0,0,0,0,0,1
823904,2026-09-05,694673,"Ortiz, Abimelec",WSH,LAD,2026,3,3,0,0,0,0,0,0,0,2,0,0,0,0
823904,2026-09-05,695578,"Wood, James",WSH,LAD,2026,5,4,1,1,0,0,0,1,0,1,0,0,0,1
823904,2026-09-05,695734,"Lile, Daylen",WSH,LAD,2026,5,5,1,0,1,0,0,0,0,0,0,0,1,2
823905,2026-09-04,665953,"Chaparro, Andrés",WSH,LAD,2026,5,5,2,2,0,0,0,0,0,0,0,0,0,2
823905,2026-09-04,677588,"Tena, José",WSH,LAD,2026,1,1,1,1,0,0,0,0,0,0,0,0,0,1
823905,2026-09-04,678391,"Vivas, Jorbit",WSH,LAD,2026,2,2,0,0,0,0,0,0,0,1,0,0,1,0
823905,2026-09-04,682928,"Abrams, CJ",WSH,LAD,2026,4,4,0,0,0,0,0,0,0,1,0,0,0,0
823905,2026-09-04,683083,"Nuñez, Nasim",WSH,LAD,2026,2,2,0,0,0,0,0,0,0,0,0,0,0,0
823905,2026-09-04,686611,"Crews, Dylan",WSH,LAD,2026,4,4,1,0,1,0,0,0,0,2,0,0,0,2
823905,2026-09-04,691002,"Morales, Yohandy",WSH,LAD,2026,2,2,1,0,1,0,0,0,0,1,0,0,0,2
823905,2026-09-04,691781,"House, Brady",WSH,LAD,2026,4,4,2,1,1,0,0,0,0,0,0,0,0,3
823905,2026-09-04,694673,"Ortiz, Abimelec",WSH,LAD,2026,2,2,1,1,0,0,0,0,0,1,0,0,1,1
823905,2026-09-04,695578,"Wood, James",WSH,LAD,2026,5,5,2,0,2,0,0,0,0,2,0,0,1,4
823905,2026-09-04,695670,"Ford, Harry",WSH,LAD,2026,3,3,0,0,0,0,0,0,0,1,0,0,0,0
823905,2026-09-04,695734,"Lile, Daylen",WSH,LAD,2026,2,2,0,0,0,0,0,0,0,2,0,0,0,0
823905,2026-09-04,696285,"Young, Jacob",WSH,LAD,2026,2,0,0,0,0,0,0,2,0,0,0,0,0,0
823982,2026-08-31,641355,"Bellinger, Cody",NYY,LAA,2026,4,4,2,2,0,0,0,0,0,0,0,0,0,2
823982,2026-08-31,642708,"Rosario, Amed",NYY,LAA,2026,4,4,2,2,0,0,0,0,0,1,0,0,0,2
823982,2026-08-31,663757,"Grisham, Trent",NYY,LAA,2026,4,4,0,0,0,0,0,0,0,2,0,0,0,0
823982,2026-08-31,665862,"Chisholm Jr., Jazz",NYY,LAA,2026,3,3,1,1,0,0,0,0,0,1,0,0,0,1
823982,2026-08-31,669224,"Wells, Austin",NYY,LAA,2026,3,3,0,0,0,0,0,0,0,1,0,0,0,0
823982,2026-08-31,671277,"García Jr., Luis",NYY,LAA,2026,4,4,0,0,0,0,0,0,0,2,0,0,0,0
823982,2026-08-31,676609,"Caballero, José",NYY,LAA,2026,3,3,0,0,0,0,0,0,0,2,0,0,0,0
823982,2026-08-31,682987,"Jones, Spencer",NYY,LAA,2026,3,3,1,0,0,0,1,0,0,1,0,0,1,4
823982,2026-08-31,700250,"Rice, Ben",NYY,LAA,2026,4,4,0,0,0,0,0,0,0,0,0,0,0,0
823983,2026-09-02,502671,"Goldschmidt, Paul",NYY,LAA,2026,3,3,2,2,0,0,0,0,0,0,0,0,0,2
823983,2026-09-02,641355,"Bellinger, Cody",NYY,LAA,2026,5,5,3,3,0,0,0,0,0,1,0,0,1,3
823983,2026-09-02,642708,"Rosario, Amed",NYY,LAA,2026,5,5,1,0,1,0,0,0,0,1,0,0,1,2
823983,2026-09-02,645305,"Sánchez, Ali",NYY,LAA,2026,2,2,0,0,0,0,0,0,0,2,0,0,0,0
823983,2026-09-02,663757,"Grisham, Trent",NYY,LAA,2026,2,2,1,1,0,0,0,0,0,0,0,0,1,1
823983,2026-09-02,665862,"Chisholm Jr., Jazz",NYY,LAA,2026,4,3,0,0,0,0,0,1,0,1,0,0,0,0
823983,2026-09-02,669224,"Wells, Austin",NYY,LAA,2026,2,2,2,2,0,0,0,0,0,0,0,0,2,2
823983,2026-09-02,671218,"Ramos, Heliot",NYY,LAA,2026,3,3,0,0,0,0,0,0,0,0,0,0,0,0
823983,2026-09-02,671277,"García Jr., Luis",NYY,LAA,2026,2,2,0,0,0,0,0,0,0,0,0,0,0,0
823983,2026-09-02,676609,"Caballero, José",NYY,LAA,2026,4,4,1,1,0,0,0,0,0,2,0,0,0,1
823983,2026-09-02,682987,"Jones, Spencer",NYY,LAA,2026,4,4,0,0,0,0,0,0,0,4,0,0,0,0
823983,2026-09-02,700250,"Rice, Ben",NYY,LAA,2026,5,5,2,2,0,0,0,0,0,0,0,0,1,2
823984,2026-09-01,502671,"Goldschmidt, Paul",NYY,LAA,2026,1,0,0,0,0,0,0,0,0,0,0,0,1,0
823984,2026-09-01,641355,"Bellinger, Cody",NYY,LAA,2026,5,5,3,3,0,0,0,0,0,1,0,0,0,3
823984,2026-09-01,641857,"McMahon, Ryan",NYY,LAA,2026,5,3,1,1,0,0,0,2,0,0,0,0,0,1
823984,2026-09-01,663757,"Grisham, Trent",NYY,LAA,2026,5,5,1,1,0,0,0,0,0,2,0,0,1,1
823984,2026-09-01,665862,"Chisholm Jr., Jazz",NYY,LAA,2026,5,5,3,2,0,0,1,0,0,2,0,0,1,6
823984,2026-09-01,669224,"Wells, Austin",NYY,LAA,2026,3,3,1,1,0,0,0,0,0,0,0,0,0,1
823984,2026-09-01,671277,"García Jr., Luis",NYY,LAA,2026,5,5,2,1,1,0,0,0,0,0,0,0,0,3
823984,2026-09-01,676609,"Caballero, José",NYY,LAA,2026,5,5,0,0,0,0,0,0,0,3,0,0,0,0
823984,2026-09-01,682987,"Jones, Spencer",NYY,LAA,2026,5,3,2,1,0,0,1,2,0,1,0,0,3,5
823984,2026-09-01,700250,"Rice, Ben",NYY,LAA,2026,5,5,1,1,0,0,0,0,0,3,0,0,0,1
824104,2026-05-27,502671,"Goldschmidt, Paul",NYY,KC,2026,5,4,2,2,0,0,0,1,0,1,0,0,1,2
824104,2026-05-27,592450,"Judge, Aaron",NYY,KC,2026,4,3,0,0,0,0,0,0,0,1,0,0,1,0
824104,2026-05-27,641355,"Bellinger, Cody",NYY,KC,2026,4,4,0,0,0,0,0,0,0,2,0,0,0,0
824104,2026-05-27,641857,"McMahon, Ryan",NYY,KC,2026,4,4,2,1,0,0,1,0,0,1,0,0,2,5
824104,2026-05-27,642708,"Rosario, Amed",NYY,KC,2026,2,2,0,0,0,0,0,0,0,0,0,0,0,0
824104,2026-05-27,663757,"Grisham, Trent",NYY,KC,2026,2,1,1,1,0,0,0,1,0,0,0,0,0,1
824104,2026-05-27,669224,"Wells, Austin",NYY,KC,2026,4,4,0,0,0,0,0,0,0,2,0,0,0,0
824104,2026-05-27,676609,"Caballero, José",NYY,KC,2026,4,4,1,1,0,0,0,0,0,0,0,0,0,1
824104,2026-05-27,683011,"Volpe, Anthony",NYY,KC,2026,4,3,0,0,0,0,0,1,0,0,0,0,0,0
824104,2026-05-27,700250,"Rice, Ben",NYY,KC,2026,5,4,2,1,0,1,0,1,0,0,0,0,3,4
824106,2026-05-26,502671,"Goldschmidt, Paul",NYY,KC,2026,6,6,2,1,1,0,0,0,0,0,0,0,0,3
824106,2026-05-26,592450,"Judge, Aaron",NYY,KC,2026,5,3,2,1,1,0,0,2,0,0,0,0,1,3
824106,2026-05-26,641355,"Bellinger, Cody",NYY,KC,2026,5,5,2,1,0,0,1,0,0,0,0,0,3,5
824106,2026-05-26,642708,"Rosario, Amed",NYY,KC,2026,6,6,4,2,0,0,2,0,0,0,0,0,4,10
824106,2026-05-26,663757,"Grisham, Trent",NYY,KC,2026,7,7,3,2,0,0,1,0,0,0,0,0,2,6
824106,2026-05-26,665862,"Chisholm Jr., Jazz",NYY,KC,2026,6,5,2,1,0,0,1,1,0,1,0,0,1,5
824106,2026-05-26,669224,"Wells, Austin",NYY,KC,2026,6,6,3,3,0,0,0,0,0,2,0,0,1,3
824106,2026-05-26,676609,"Caballero, José",NYY,KC,2026,1,1,0,0,0,0,0,0,0,0,0,0,0,0
824106,2026-05-26,680474,"Schuemann, Max",NYY,KC,2026,1,0,0,0,0,0,0,1,0,0,0,0,0,0
824106,2026-05-26,683011,"Volpe, Anthony",NYY,KC,2026,6,6,3,1,1,0,1,0,0,1,0,0,2,7
824106,2026-05-26,700250,"Rice, Ben",NYY,KC,2026,6,5,3,2,1,0,0,1,0,1,0,0,1,4
824107,2026-05-25,502671,"Goldschmidt, Paul",NYY,KC,2026,4,4,1,1,0,0,0,0,0,0,0,0,0,1
824107,2026-05-25,592450,"Judge, Aaron",NYY,KC,2026,4,4,1,0,1,0,0,0,0,1,0,0,0,2
824107,2026-05-25,641355,"Bellinger, Cody",NYY,KC,2026,4,4,1,0,0,0,1,0,0,1,0,0,1,4
824107,2026-05-25,641555,"Escarra, J.C.",NYY,KC,2026,4,4,3,3,0,0,0,0,0,0,0,0,0,3
824107,2026-05-25,663757,"Grisham, Trent",NYY,KC,2026,4,4,0,0,0,0,0,0,0,2,0,0,0,0
824107,2026-05-25,665862,"Chisholm Jr., Jazz",NYY,KC,2026,4,3,1,0,1,0,0,1,0,0,0,0,0,2
824107,2026-05-25,676609,"Caballero, José",NYY,KC,2026,4,4,1,1,0,0,0,0,0,0,0,0,1,1
824107,2026-05-25,683011,"Volpe, Anthony",NYY,KC,2026,4,3,1,1,0,0,0,1,0,2,0,0,2,1
824107,2026-05-25,700250,"Rice, Ben",NYY,KC,2026,4,4,0,0,0,0,0,0,0,0,0,0,0,0
824202,2026-04-26,502671,"Goldschmidt, Paul",NYY,HOU,2026,4,4,2,0,2,0,0,0,0,0,0,0,1,4
824202,2026-04-26,592450,"Judge, Aaron",NYY,HOU,2026,4,4,1,0,0,0,1,0,0,0,0,0,1,4
824202,2026-04-26,641355,"Bellinger, Cody",NYY,HOU,2026,4,4,0,0,0,0,0,0,0,1,0,0,0,0
824202,2026-04-26,641555,"Escarra, J.C.",NYY,HOU,2026,4,4,1,0,1,0,0,0,0,2,0,0,1,2
824202,2026-04-26,641857,"McMahon, Ryan",NYY,HOU,2026,4,4,1,1,0,0,0,0,0,1,0,0,1,1
824202,2026-04-26,663757,"Grisham, Trent",NYY,HOU,2026,4,4,0,0,0,0,0,0,0,2,0,0,0,0
824202,2026-04-26,665862,"Chisholm Jr., Jazz",NYY,HOU,2026,4,4,2,2,0,0,0,0,0,2,0,0,0,2
824202,2026-04-26,676609,"Caballero, José",NYY,HOU,2026,4,3,0,0,0,0,0,0,1,1,0,0,0,0
824202,2026-04-26,700250,"Rice, Ben",NYY,HOU,2026,4,3,0,0,0,0,0,1,0,0,0,0,0,0
824203,2026-04-25,592450,"Judge, Aaron",NYY,HOU,2026,5,3,0,0,0,0,0,2,0,2,0,0,0,0
824203,2026-04-25,641355,"Bellinger, Cody",NYY,HOU,2026,5,2,0,0,0,0,0,3,0,0,0,0,1,0
824203,2026-04-25,641857,"McMahon, Ryan",NYY,HOU,2026,5,5,2,2,0,0,0,0,0,1,0,0,1,2
824203,2026-04-25,642708,"Rosario, Amed",NYY,HOU,2026,5,5,1,1,0,0,0,0,0,2,0,0,0,1
824203,2026-04-25,663757,"Grisham, Trent",NYY,HOU,2026,5,3,1,0,0,0,1,2,0,1,0,0,1,4
824203,2026-04-25,665862,"Chisholm Jr., Jazz",NYY,HOU,2026,5,4,0,0,0,0,0,1,0,1,0,0,1,0
824203,2026-04-25,669224,"Wells, Austin",NYY,HOU,2026,5,3,2,1,0,0,1,2,0,0,0,0,2,5
824203,2026-04-25,676609,"Caballero, José",NYY,HOU,2026,5,5,3,2,0,0,1,0,0,0,0,0,1,6
824203,2026-04-25,700250,"Rice, Ben",NYY,HOU,2026,5,4,3,2,1,0,0,0,0,1,0,0,1,4
824204,2026-04-24,519317,"Stanton, Giancarlo",NYY,HOU,2026,3,3,1,1,0,0,0,0,0,0,0,0,1,1
824204,2026-04-24,545341,"Grichuk, Randal",NYY,HOU,2026,2,2,1,0,1,0,0,0,0,0,0,0,0,2
824204,2026-04-24,592450,"Judge, Aaron",NYY,HOU,2026,5,2,0,0,0,0,0,3,0,0,0,0,0,0
824204,2026-04-24,641355,"Bellinger, Cody",NYY,HOU,2026,5,6,1,1,0,0,0,0,0,1,0,0,0,1
824204,2026-04-24,641555,"Escarra, J.C.",NYY,HOU,2026,5,5,2,2,0,0,0,0,0,1,0,0,0,2
824204,2026-04-24,641857,"McMahon, Ryan",NYY,HOU,2026,4,4,1,0,0,0,1,0,0,0,0,0,1,4
824204,2026-04-24,663757,"Grisham, Trent",NYY,HOU,2026,5,2,0,0,0,0,0,2,0,0,0,0,1,0
824204,2026-04-24,665862,"Chisholm Jr., Jazz",NYY,HOU,2026,5,4,3,2,0,0,1,1,0,1,0,0,4,6
824204,2026-04-24,676609,"Caballero, José",NYY,HOU,2026,4,4,2,1,0,0,1,0,0,0,0,0,2,5
824204,2026-04-24,700250,"Rice, Ben",NYY,HOU,2026,5,5,2,0,1,0,1,0,0,1,0,0,2,6
824221,2026-09-21,660688,"Ruiz, Keibert",WSH,DET,2026,3,3,0,0,0,0,0,0,0,0,0,0,0,0
824221,2026-09-21,678391,"Vivas, Jorbit",WSH,DET,2026,4,3,0,0,0,0,0,1,0,1,0,0,0,0
824221,2026-09-21,682928,"Abrams, CJ",WSH,DET,2026,3,3,0,0,0,0,0,0,0,2,0,0,0,0
824221,2026-09-21,683083,"Nuñez, Nasim",WSH,DET,2026,1,1,0,0,0,0,0,0,0,0,0,0,0,0
824221,2026-09-21,686611,"Crews, Dylan",WSH,DET,2026,4,3,1,1,0,0,0,1,0,1,0,0,0,1
824221,2026-09-21,691002,"Morales, Yohandy",WSH,DET,2026,1,1,1,0,0,0,1,0,0,0,0,0,2,4
824221,2026-09-21,691781,"House, Brady",WSH,DET,2026,4,4,0,0,0,0,0,0,0,2,0,0,0,0
824221,2026-09-21,694673,"Ortiz, Abimelec",WSH,DET,2026,3,3,0,0,0,0,0,0,0,0,0,0,0,0
824221,2026-09-21,695578,"Wood, James",WSH,DET,2026,4,4,1,1,0,0,0,0,0,3,0,0,0,1
824221,2026-09-21,695734,"Lile, Daylen",WSH,DET,2026,4,4,0,0,0,0,0,0,0,1,0,0,0,0
824221,2026-09-21,696285,"Young, Jacob",WSH,DET,2026,3,3,2,1,1,0,0,0,0,1,0,0,0,3
824222,2026-09-22,660688,"Ruiz, Keibert",WSH,DET,2026,3,3,1,1,0,0,0,0,0,0,0,0,0,1
824222,2026-09-22,665953,"Chaparro, Andrés",WSH,DET,2026,4,4,1,1,0,0,0,0,0,2,0,0,0,1
824222,2026-09-22,678391,"Vivas, Jorbit",WSH,DET,2026,4,4,0,0,0,0,0,0,0,0,0,0,0,0
824222,2026-09-22,682928,"Abrams, CJ",WSH,DET,2026,4,4,2,0,0,0,2,0,0,1,0,0,3,8
824222,2026-09-22,683083,"Nuñez, Nasim",WSH,DET,2026,3,3,0,0,0,0,0,0,0,1,0,0,0,0
824222,2026-09-22,686611,"Crews, Dylan",WSH,DET,2026,4,4,2,2,0,0,0,0,0,1,0,0,0,2
824222,2026-09-22,691002,"Morales, Yohandy",WSH,DET,2026,3,3,0,0,0,0,0,0,0,0,0,0,0,0
824222,2026-09-22,695578,"Wood, James",WSH,DET,2026,4,4,1,1,0,0,0,0,0,2,0,0,0,1
824222,2026-09-22,695734,"Lile, Daylen",WSH,DET,2026,4,4,0,0,0,0,0,0,0,1,0,0,0,0
824259,2026-06-24,502671,"Goldschmidt, Paul",NYY,DET,2026,4,4,2,0,0,0,2,0,0,2,0,0,2,8
824259,2026-06-24,641355,"Bellinger, Cody",NYY,DET,2026,4,4,1,0,1,0,0,0,0,1,0,0,0,2
824259,2026-06-24,665862,"Chisholm Jr., Jazz",NYY,DET,2026,4,4,0,0,0,0,0,0,0,1,0,0,0,0
824259,2026-06-24,669224,"Wells, Austin",NYY,DET,2026,3,3,0,0,0,0,0,0,0,1,0,0,0,0
824259,2026-06-24,676609,"Caballero, José",NYY,DET,2026,3,3,0,0,0,0,0,0,0,2,0,0,0,0
824259,2026-06-24,680474,"Schuemann, Max",NYY,DET,2026,3,2,0,0,0,0,0,0,1,1,0,0,0,0
824259,2026-06-24,683011,"Volpe, Anthony",NYY,DET,2026,4,4,0,0,0,0,0,0,0,1,0,0,0,0
824259,2026-06-24,691176,"Domínguez, Jasson",NYY,DET,2026,4,4,1,0,0,0,1,0,0,3,0,0,2,4
824259,2026-06-24,700250,"Rice, Ben",NYY,DET,2026,4,4,2,2,0,0,0,0,0,1,0,0,0,2
824261,2026-06-22,502671,"Goldschmidt, Paul",NYY,DET,2026,4,4,2,2,0,0,0,0,0,2,0,0,0,2
824261,2026-06-22,641355,"Bellinger, Cody",NYY,DET,2026,4,3,0,0,0,0,0,1,0,0,0,0,0,0
824261,2026-06-22,642708,"Rosario, Amed",NYY,DET,2026,5,5,1,0,0,0,1,0,0,2,0,0,2,4
824261,2026-06-22,645305,"Sánchez, Ali",NYY,DET,2026,3,2,1,0,1,0,0,0,1,1,0,0,1,2
824261,2026-06-22,665862,"Chisholm Jr., Jazz",NYY,DET,2026,4,4,1,1,0,0,0,0,0,2,0,0,0,1
824261,2026-06-22,669224,"Wells, Austin",NYY,DET,2026,1,1,0,0,0,0,0,0,0,0,0,0,0,0
824261,2026-06-22,676609,"Caballero, José",NYY,DET,2026,4,3,0,0,0,0,0,1,0,1,0,0,0,0
824261,2026-06-22,683011,"Volpe, Anthony",NYY,DET,2026,4,4,2,2,0,0,0,0,0,1,0,0,0,2
824261,2026-06-22,691176,"Domínguez, Jasson",NYY,DET,2026,4,4,0,0,0,0,0,0,0,1,0,0,0,0
824261,2026-06-22,700250,"Rice, Ben",NYY,DET,2026,4,4,0,0,0,0,0,0,0,2,0,0,0,0
824262,2026-06-23,502671,"Goldschmidt, Paul",NYY,DET,2026,4,4,1,1,0,0,0,0,0,1,0,0,0,1
824262,2026-06-23,641355,"Bellinger, Cody",NYY,DET,2026,4,2,0,0,0,0,0,2,0,1,0,0,0,0
824262,2026-06-23,665862,"Chisholm Jr., Jazz",NYY,DET,2026,4,4,2,1,0,0,1,0,0,1,0,0,2,5
824262,2026-06-23,669224,"Wells, Austin",NYY,DET,2026,4,4,1,0,1,0,0,0,0,1,0,0,1,2
824262,2026-06-23,676609,"Caballero, José",NYY,DET,2026,4,4,1,1,0,0,0,0,0,1,0,0,1,1
824262,2026-06-23,682987,"Jones, Spencer",NYY,DET,2026,4,4,1,1,0,0,0,0,0,3,0,0,0,1
824262,2026-06-23,683011,"Volpe, Anthony",NYY,DET,2026,4,4,2,2,0,0,0,0,0,1,0,0,0,2
824262,2026-06-23,691176,"Domínguez, Jasson",NYY,DET,2026,4,4,1,0,1,0,0,0,0,2,0,0,0,2
824262,2026-06-23,700250,"Rice, Ben",NYY,DET,2026,5,5,0,0,0,0,0,0,0,2,0,0,0,0
824327,2026-07-22,660688,"Ruiz, Keibert",WSH,COL,2026,5,5,1,0,1,0,0,0,0,0,0,0,0,2
824327,2026-07-22,671277,"García Jr., Luis",WSH,COL,2026,5,5,1,0,0,0,1,0,0,2,0,0,2,4
824327,2026-07-22,677588,"Tena, José",WSH,COL,2026,5,5,2,2,0,0,0,0,0,3,0,0,0,2
824327,2026-07-22,678391,"Vivas, Jorbit",WSH,COL,2026,4,3,2,1,0,1,0,1,0,1,0,0,0,4
824327,2026-07-22,682928,"Abrams, CJ",WSH,COL,2026,5,5,4,3,1,0,0,0,0,1,0,0,0,5
824327,2026-07-22,683083,"Nuñez, Nasim",WSH,COL,2026,4,4,2,2,0,0,0,0,0,0,0,0,3,2
824327,2026-07-22,686611,"Crews, Dylan",WSH,COL,2026,5,3,2,2,0,0,0,1,1,1,0,0,2,2
824327,2026-07-22,695578,"Wood, James",WSH,COL,2026,5,4,0,0,0,0,0,0,0,0,0,0,1,0
824327,2026-07-22,695734,"Lile, Daylen",WSH,COL,2026,5,4,0,0,0,0,0,1,0,0,0,0,0,0
824328,2026-07-20,665953,"Chaparro, Andrés",WSH,COL,2026,3,3,1,0,0,0,1,0,0,0,0,0,3,4
824328,2026-07-20,671277,"García Jr., Luis",WSH,COL,2026,4,4,1,1,0,0,0,0,0,1,0,0,0,1
824328,2026-07-20,677588,"Tena, José",WSH,COL,2026,1,1,0,0,0,0,0,0,0,0,0,0,0,0
824328,2026-07-20,678554,"Mead, Curtis",WSH,COL,2026,5,5,3,2,1,0,0,0,0,1,0,0,0,4
824328,2026-07-20,682928,"Abrams, CJ",WSH,COL,2026,5,5,1,0,0,0,1,0,0,2,0,0,2,4
824328,2026-07-20,683083,"Nuñez, Nasim",WSH,COL,2026,4,4,1,1,0,0,0,0,0,0,0,0,0,1
824328,2026-07-20,686611,"Crews, Dylan",WSH,COL,2026,4,3,0,0,0,0,0,1,0,1,0,0,0,0
824328,2026-07-20,695578,"Wood, James",WSH,COL,2026,5,4,1,1,0,0,0,1,0,0,0,0,0,1
824328,2026-07-20,695670,"Ford, Harry",WSH,COL,2026,3,3,0,0,0,0,0,0,0,2,0,0,0,0
824328,2026-07-20,695734,"Lile, Daylen",WSH,COL,2026,2,2,1,0,0,1,0,0,0,0,0,0,1,3
824328,2026-07-20,696285,"Young, Jacob",WSH,COL,2026,4,4,3,2,0,0,1,0,0,0,0,0,1,6
824329,2026-07-21,660688,"Ruiz, Keibert",WSH,COL,2026,4,3,0,0,0,0,0,1,0,0,0,0,0,0
824329,2026-07-21,665953,"Chaparro, Andrés",WSH,COL,2026,1,1,0,0,0,0,0,0,0,0,0,0,0,0
824329,2026-07-21,671277,"García Jr., Luis",WSH,COL,2026,5,5,2,1,0,1,0,0,0,1,0,0,0,4
824329,2026-07-21,677588,"Tena, José",WSH,COL,2026,2,2,1,1,0,0,0,0,0,0,0,0,0,1
824329,2026-07-21,678391,"Vivas, Jorbit",WSH,COL,2026,1,0,0,0,0,0,0,0,0,0,0,0,1,0
824329,2026-07-21,678554,"Mead, Curtis",WSH,COL,2026,4,4,0,0,0,0,0,0,0,3,0,0,0,0
824329,2026-07-21,682928,"Abrams, CJ",WSH,COL,2026,4,3,2,0,0,0,2,1,0,0,0,0,4,8
824329,2026-07-21,683083,"Nuñez, Nasim",WSH,COL,2026,4,4,2,2,0,0,0,0,0,0,0,0,0,2
824329,2026-07-21,695578,"Wood, James",WSH,COL,2026,5,5,2,0,2,0,0,0,0,2,0,0,2,4
824329,2026-07-21,695734,"Lile, Daylen",WSH,COL,2026,4,4,1,0,1,0,0,0,0,2,0,0,0,2
824329,2026-07-21,696285,"Young, Jacob",WSH,COL,2026,4,4,0,0,0,0,0,0,0,2,0,0,0,0
824427,2026-06-08,502671,"Goldschmidt, Paul",NYY,CLE,2026,4,4,1,0,0,0,1,0,0,0,0,0,3,4
824427,2026-06-08,641355,"Bellinger, Cody",NYY,CLE,2026,5,5,2,2,0,0,0,0,0,1,0,0,3,2
824427,2026-06-08,641555,"Escarra, J.C.",NYY,CLE,2026,2,2,0,0,0,0,0,0,0,0,0,0,0,0
824427,2026-06-08,641857,"McMahon, Ryan",NYY,CLE,2026,2,2,1,0,0,0,1,0,0,1,0,0,1,4
824427,2026-06-08,642708,"Rosario, Amed",NYY,CLE,2026,1,1,0,0,0,0,0,0,0,1,0,0,0,0
824427,2026-06-08,645305,"Sánchez, Ali",NYY,CLE,2026,1,1,0,0,0,0,0,0,0,1,0,0,0,0
824427,2026-06-08,663757,"Grisham, Trent",NYY,CLE,2026,5,4,2,2,0,0,0,1,0,1,0,0,0,2
824427,2026-06-08,665862,"Chisholm Jr., Jazz",NYY,CLE,2026,5,5,0,0,0,0,0,1,0,0,0,0,0,0
824427,2026-06-08,676609,"Caballero, José",NYY,CLE,2026,4,3,0,0,0,0,0,1,0,1,0,0,0,0
824427,2026-06-08,680474,"Schuemann, Max",NYY,CLE,2026,1,0,0,0,0,0,0,1,0,0,0,0,0,0
824427,2026-06-08,682987,"Jones, Spencer",NYY,CLE,2026,4,4,1,1,0,0,0,0,0,3,0,0,0,1
824427,2026-06-08,683011,"Volpe, Anthony",NYY,CLE,2026,2,2,0,0,0,0,0,0,0,1,0,0,0,0
824427,2026-06-08,700250,"Rice, Ben",NYY,CLE,2026,5,3,2,2,0,0,0,2,0,0,0,0,0,2
824428,2026-06-10,502671,"Goldschmidt, Paul",NYY,CLE,2026,5,4,2,2,0,0,0,1,0,0,0,0,1,2
824428,2026-06-10,641355,"Bellinger, Cody",NYY,CLE,2026,5,4,1,0,1,0,0,1,0,0,0,0,0,2
824428,2026-06-10,641857,"McMahon, Ryan",NYY,CLE,2026,2,2,0,0,0,0,0,0,0,2,0,0,0,0
824428,2026-06-10,642708,"Rosario, Amed",NYY,CLE,2026,3,3,1,1,0,0,0,0,0,1,0,0,0,1
824428,2026-06-10,645305,"Sánchez, Ali",NYY,CLE,2026,4,3,0,0,0,0,0,1,0,2,0,0,0,0
824428,2026-06-10,663757,"Grisham, Trent",NYY,CLE,2026,5,4,2,1,0,1,0,1,0,0,0,0,0,4
824428,2026-06-10,665862,"Chisholm Jr., Jazz",NYY,CLE,2026,5,4,1,0,0,1,0,1,0,1,0,0,3,3
824428,2026-06-10,676609,"Caballero, José",NYY,CLE,2026,5,4,2,2,0,0,0,0,0,1,0,0,2,2
824428,2026-06-10,683011,"Volpe, Anthony",NYY,CLE,2026,5,4,1,0,1,0,0,1,0,0,0,0,1,2
824428,2026-06-10,700250,"Rice, Ben",NYY,CLE,2026,5,5,1,1,0,0,0,0,0,1,0,0,0,1
824429,2026-06-09,502671,"Goldschmidt, Paul",NYY,CLE,2026,5,4,2,2,0,0,0,1,0,1,0,0,0,2
824429,2026-06-09,641355,"Bellinger, Cody",NYY,CLE,2026,4,3,0,0,0,0,0,1,0,0,0,0,0,0
824429,2026-06-09,641555,"Escarra, J.C.",NYY,CLE,2026,4,4,0,0,0,0,0,0,0,2,0,0,0,0
824429,2026-06-09,641857,"McMahon, Ryan",NYY,CLE,2026,4,3,2,2,0,0,0,1,0,0,0,0,0,2
824429,2026-06-09,663757,"Grisham, Trent",NYY,CLE,2026,5,5,1,1,0,0,0,0,0,1,0,0,0,1
824429,2026-06-09,665862,"Chisholm Jr., Jazz",NYY,CLE,2026,4,3,1,0,0,0,1,1,0,1,0,0,1,4
824429,2026-06-09,682987,"Jones, Spencer",NYY,CLE,2026,4,4,2,1,0,0,1,0,0,0,0,0,2,5
824429,2026-06-09,683011,"Volpe, Anthony",NYY,CLE,2026,4,4,0,0,0,0,0,0,0,2,0,0,0,0
824429,2026-06-09,700250,"Rice, Ben",NYY,CLE,2026,5,5,0,0,0,0,0,0,0,1,0,0,0,0
824432,2026-05-27,665953,"Chaparro, Andrés",WSH,CLE,2026,1,1,0,0,0,0,0,0,0,1,0,0,0,0
824432,2026-05-27,671277,"García Jr., Luis",WSH,CLE,2026,3,3,0,0,0,0,0,0,0,1,0,0,0,0
824432,2026-05-27,677588,"Tena, José",WSH,CLE,2026,4,4,0,0,0,0,0,0,0,1,0,0,0,0
824432,2026-05-27,678391,"Vivas, Jorbit",WSH,CLE,2026,4,3,0,0,0,0,0,1,0,1,0,0,0,0
824432,2026-05-27,678554,"Mead, Curtis",WSH,CLE,2026,4,4,1,1,0,0,0,0,0,2,0,0,0,1
824432,2026-05-27,682928,"Abrams, CJ",WSH,CLE,2026,4,3,2,1,1,0,0,0,1,0,0,0,1,3
824432,2026-05-27,686452,"Millas, Drew",WSH,CLE,2026,3,3,1,1,0,0,0,0,0,0,0,0,0,1
824432,2026-05-27,695578,"Wood, James",WSH,CLE,2026,4,3,1,0,1,0,0,1,0,1,0,0,0,2
824432,2026-05-27,695734,"Lile, Daylen",WSH,CLE,2026,4,3,0,0,0,0,0,0,0,1,0,0,1,0
824432,2026-05-27,696285,"Young, Jacob",WSH,CLE,2026,3,3,0,0,0,0,0,0,0,0,0,0,0,0
824434,2026-05-26,660688,"Ruiz, Keibert",WSH,CLE,2026,4,4,2,2,0,0,0,0,0,1,0,0,2,2
824434,2026-05-26,665953,"Chaparro, Andrés",WSH,CLE,2026,5,5,1,1,0,0,0,0,0,1,0,0,2,1
824434,2026-05-26,678554,"Mead, Curtis",WSH,CLE,2026,5,3,0,0,0,0,0,2,0,1,0,0,0,0
824434,2026-05-26,682928,"Abrams, CJ",WSH,CLE,2026,4,4,1,1,0,0,0,1,0,1,0,0,0,1
824434,2026-05-26,683083,"Nuñez, Nasim",WSH,CLE,2026,4,4,1,0,1,0,0,0,0,1,0,0,0,2
824434,2026-05-26,686611,"Crews, Dylan",WSH,CLE,2026,4,4,1,1,0,0,0,0,0,0,0,0,0,1
824434,2026-05-26,695578,"Wood, James",WSH,CLE,2026,5,4,3,2,0,0,1,1,0,1,0,0,2,6
824434,2026-05-26,695734,"Lile, Daylen",WSH,CLE,2026,4,3,1,1,0,0,0,1,0,0,0,0,0,1
824434,2026-05-26,696285,"Young, Jacob",WSH,CLE,2026,4,4,1,1,0,0,0,0,0,0,0,0,0,1
824437,2026-05-25,671277,"García Jr., Luis",WSH,CLE,2026,5,5,3,1,1,0,1,0,0,1,0,0,4,7
824437,2026-05-25,677588,"Tena, José",WSH,CLE,2026,1,1,0,0,0,0,0,0,0,1,0,0,0,0
824437,2026-05-25,678554,"Mead, Curtis",WSH,CLE,2026,5,5,2,0,0,0,2,0,0,1,0,0,3,8
824437,2026-05-25,682928,"Abrams, CJ",WSH,CLE,2026,4,4,1,0,0,0,1,0,0,2,0,0,1,4
824437,2026-05-25,683083,"Nuñez, Nasim",WSH,CLE,2026,4,4,1,1,0,0,0,0,0,2,0,0,0,1
824437,2026-05-25,686452,"Millas, Drew",WSH,CLE,2026,4,4,0,0,0,0,0,0,0,0,0,0,0,0
824437,2026-05-25,686611,"Crews, Dylan",WSH,CLE,2026,5,5,2,1,1,0,0,0,0,1,0,0,0,3
824437,2026-05-25,695578,"Wood, James",WSH,CLE,2026,5,5,4,3,0,0,1,0,0,1,0,0,1,7
824437,2026-05-25,695734,"Lile, Daylen",WSH,CLE,2026,5,4,0,0,0,0,0,1,0,1,0,0,0,0
824437,2026-05-25,696285,"Young, Jacob",WSH,CLE,2026,4,4,2,1,0,0,1,0,0,1,0,0,1,5
824517,2026-05-14,671277,"García Jr., Luis",WSH,CIN,2026,4,2,1,0,1,0,0,2,0,0,0,0,0,2
824517,2026-05-14,677588,"Tena, José",WSH,CIN,2026,1,1,0,0,0,0,0,0,0,1,0,0,0,0
824517,2026-05-14,678391,"Vivas, Jorbit",WSH,CIN,2026,3,2,1,0,1,0,0,0,0,0,0,0,0,2
824517,2026-05-14,682928,"Abrams, CJ",WSH,CIN,2026,3,2,0,0,0,0,0,1,0,1,0,0,0,0
824517,2026-05-14,683083,"Nuñez, Nasim",WSH,CIN,2026,4,4,0,0,0,0,0,0,0,1,0,0,0,0
824517,2026-05-14,686452,"Millas, Drew",WSH,CIN,2026,3,3,1,1,0,0,0,0,0,1,0,0,0,1
824517,2026-05-14,686894,"Wiemer, Joey",WSH,CIN,2026,1,1,0,0,0,0,0,0,0,1,0,0,0,0
824517,2026-05-14,691781,"House, Brady",WSH,CIN,2026,4,4,0,0,0,0,0,0,0,2,0,0,0,0
824517,2026-05-14,695578,"Wood, James",WSH,CIN,2026,3,3,0,0,0,0,0,0,0,2,0,0,0,0
824517,2026-05-14,695734,"Lile, Daylen",WSH,CIN,2026,4,4,0,0,0,0,0,0,0,1,0,0,0,0
824517,2026-05-14,696285,"Young, Jacob",WSH,CIN,2026,4,4,0,0,0,0,0,0,0,0,0,0,0,0
824519,2026-05-13,660688,"Ruiz, Keibert",WSH,CIN,2026,4,4,1,0,0,0,1,0,0,1,0,0,2,4
824519,2026-05-13,671277,"García Jr., Luis",WSH,CIN,2026,3,3,1,1,0,0,0,0,0,0,0,0,1,1
824519,2026-05-13,677588,"Tena, José",WSH,CIN,2026,1,1,0,0,0,0,0,0,0,1,0,0,0,0
824519,2026-05-13,678554,"Mead, Curtis",WSH,CIN,2026,5,3,1,1,0,0,0,1,1,2,0,0,0,1
824519,2026-05-13,682928,"Abrams, CJ",WSH,CIN,2026,5,5,2,0,2,0,0,0,0,1,0,0,0,4
824519,2026-05-13,683083,"Nuñez, Nasim",WSH,CIN,2026,2,2,0,0,0,0,0,0,0,0,0,0,0,0
824519,2026-05-13,686894,"Wiemer, Joey",WSH,CIN,2026,5,4,1,0,1,0,0,1,0,1,0,0,2,2
824519,2026-05-13,691781,"House, Brady",WSH,CIN,2026,4,4,0,0,0,0,0,0,0,1,0,0,0,0
824519,2026-05-13,695578,"Wood, James",WSH,CIN,2026,5,4,0,0,0,0,0,1,0,2,0,0,0,0
824519,2026-05-13,695734,"Lile, Daylen",WSH,CIN,2026,5,4,2,1,0,0,1,0,0,1,0,0,3,5
824519,2026-05-13,696285,"Young, Jacob",WSH,CIN,2026,5,5,2,2,0,0,0,1,0,0,0,0,0,2
824521,2026-05-12,660688,"Ruiz, Keibert",WSH,CIN,2026,5,5,1,0,1,0,0,0,0,1,0,0,0,2
824521,2026-05-12,671277,"García Jr., Luis",WSH,CIN,2026,5,5,3,1,0,0,2,0,0,1,0,0,2,9
824521,2026-05-12,677588,"Tena, José",WSH,CIN,2026,5,5,1,0,1,0,0,0,0,1,0,0,1,2
824521,2026-05-12,682928,"Abrams, CJ",WSH,CIN,2026,5,4,2,2,0,0,0,1,0,2,0,0,0,2
824521,2026-05-12,683083,"Nuñez, Nasim",WSH,CIN,2026,5,3,1,1,0,0,0,1,0,2,0,0,0,1
824521,2026-05-12,691781,"House, Brady",WSH,CIN,2026,5,4,1,0,0,0,1,1,0,1,0,0,2,4
824521,2026-05-12,695578,"Wood, James",WSH,CIN,2026,5,4,1,0,0,0,1,1,0,2,0,0,1,4
824521,2026-05-12,695734,"Lile, Daylen",WSH,CIN,2026,5,5,3,1,0,0,2,0,0,0,0,0,4,9
824521,2026-05-12,696285,"Young, Jacob",WSH,CIN,2026,5,4,0,0,0,0,0,1,0,0,0,0,0,0
824567,2026-07-29,502671,"Goldschmidt, Paul",NYY,CWS,2026,5,5,2,2,0,0,0,0,0,1,0,0,1,2
824567,2026-07-29,641857,"McMahon, Ryan",NYY,CWS,2026,5,5,1,1,0,0,0,0,0,0,0,0,0,1
824567,2026-07-29,645305,"Sánchez, Ali",NYY,CWS,2026,1,1,0,0,0,0,0,0,0,0,0,0,0,0
824567,2026-07-29,663757,"Grisham, Trent",NYY,CWS,2026,6,5,0,0,0,0,0,1,0,2,0,0,0,0
824567,2026-07-29,665862,"Chisholm Jr., Jazz",NYY,CWS,2026,5,5,1,1,0,0,0,0,0,2,0,0,0,1
824567,2026-07-29,669224,"Wells, Austin",NYY,CWS,2026,4,4,0,0,0,0,0,0,0,1,0,0,0,0
824567,2026-07-29,676609,"Caballero, José",NYY,CWS,2026,5,5,2,1,1,0,0,0,0,0,0,0,0,3
824567,2026-07-29,680474,"Schuemann, Max",NYY,CWS,2026,1,1,0,0,0,0,0,0,0,0,0,0,0,0
824567,2026-07-29,682987,"Jones, Spencer",NYY,CWS,2026,4,4,2,1,0,0,1,0,0,2,0,0,3,5
824567,2026-07-29,683011,"Volpe, Anthony",NYY,CWS,2026,1,0,0,0,0,0,0,0,0,0,0,0,1,0
824567,2026-07-29,691176,"Domínguez, Jasson",NYY,CWS,2026,5,4,0,0,0,0,0,1,0,1,0,0,0,0
824567,2026-07-29,700250,"Rice, Ben",NYY,CWS,2026,6,5,1,0,1,0,0,1,0,2,0,0,0,2
824568,2026-07-30,502671,"Goldschmidt, Paul",NYY,CWS,2026,5,5,0,0,0,0,0,0,0,2,0,0,0,0
824568,2026-07-30,641857,"McMahon, Ryan",NYY,CWS,2026,4,3,0,0,0,0,0,0,1,1,0,0,0,0
824568,2026-07-30,642708,"Rosario, Amed",NYY,CWS,2026,1,1,0,0,0,0,0,0,0,0,0,0,0,0
824568,2026-07-30,645305,"Sánchez, Ali",NYY,CWS,2026,1,1,0,0,0,0,0,0,0,0,0,0,0,0
824568,2026-07-30,663757,"Grisham, Trent",NYY,CWS,2026,5,4,2,2,0,0,0,0,0,1,0,0,1,2
824568,2026-07-30,665862,"Chisholm Jr., Jazz",NYY,CWS,2026,5,3,1,1,0,0,0,2,0,1,0,0,0,1
824568,2026-07-30,669224,"Wells, Austin",NYY,CWS,2026,2,2,1,0,1,0,0,0,0,1,0,0,0,2
824568,2026-07-30,680474,"Schuemann, Max",NYY,CWS,2026,2,2,0,0,0,0,0,0,0,1,0,0,0,0
824568,2026-07-30,682987,"Jones, Spencer",NYY,CWS,2026,3,3,1,1,0,0,0,0,0,0,0,0,0,1
824568,2026-07-30,683011,"Volpe, Anthony",NYY,CWS,2026,5,5,0,0,0,0,0,0,0,2,0,0,0,0
824568,2026-07-30,691176,"Domínguez, Jasson",NYY,CWS,2026,5,5,1,0,1,0,0,0,0,3,0,0,0,2
824568,2026-07-30,700250,"Rice, Ben",NYY,CWS,2026,5,3,0,0,0,0,0,2,0,0,0,0,0,0
824569,2026-07-28,502671,"Goldschmidt, Paul",NYY,CWS,2026,5,3,0,0,0,0,0,2,0,1,0,0,0,0
824569,2026-07-28,642708,"Rosario, Amed",NYY,CWS,2026,4,4,1,1,0,0,0,0,0,2,0,0,0,1
824569,2026-07-28,663757,"Grisham, Trent",NYY,CWS,2026,4,3,1,1,0,0,0,1,0,0,0,0,0,1
824569,2026-07-28,665862,"Chisholm Jr., Jazz",NYY,CWS,2026,4,3,0,0,0,0,0,1,0,2,0,0,0,0
824569,2026-07-28,669224,"Wells, Austin",NYY,CWS,2026,4,4,0,0,0,0,0,0,0,1,0,0,0,0
824569,2026-07-28,680474,"Schuemann, Max",NYY,CWS,2026,2,2,1,0,1,0,0,0,0,0,0,0,2,2
824569,2026-07-28,682987,"Jones, Spencer",NYY,CWS,2026,2,2,0,0,0,0,0,0,0,1,0,0,0,0
824569,2026-07-28,683011,"Volpe, Anthony",NYY,CWS,2026,4,4,1,0,1,0,0,0,0,1,0,0,1,2
824569,2026-07-28,691176,"Domínguez, Jasson",NYY,CWS,2026,4,3,2,2,0,0,0,0,1,0,0,0,0,2
824569,2026-07-28,700250,"Rice, Ben",NYY,CWS,2026,4,4,0,0,0,0,0,0,0,2,0,0,0,0
824570,2026-07-27,502671,"Goldschmidt, Paul",NYY,CWS,2026,5,4,1,1,0,0,0,1,0,0,0,0,0,1
824570,2026-07-27,642708,"Rosario, Amed",NYY,CWS,2026,1,1,1,0,1,0,0,0,0,0,0,0,0,2
824570,2026-07-27,645305,"Sánchez, Ali",NYY,CWS,2026,4,4,1,0,0,0,1,0,0,2,0,0,3,4
824570,2026-07-27,663757,"Grisham, Trent",NYY,CWS,2026,1,1,0,0,0,0,0,0,0,0,0,0,0,0
824570,2026-07-27,665862,"Chisholm Jr., Jazz",NYY,CWS,2026,4,4,2,1,1,0,0,0,0,2,0,0,3,3
824570,2026-07-27,676609,"Caballero, José",NYY,CWS,2026,4,3,0,0,0,0,0,1,0,1,0,0,0,0
824570,2026-07-27,680474,"Schuemann, Max",NYY,CWS,2026,5,5,0,0,0,0,0,0,0,2,0,0,0,0
824570,2026-07-27,682987,"Jones, Spencer",NYY,CWS,2026,2,2,0,0,0,0,0,0,0,0,0,0,1,0
824570,2026-07-27,683011,"Volpe, Anthony",NYY,CWS,2026,4,4,1,1,0,0,0,0,0,1,0,0,1,1
824570,2026-07-27,691176,"Domínguez, Jasson",NYY,CWS,2026,5,5,2,2,0,0,0,0,0,1,0,0,0,2
824570,2026-07-27,700250,"Rice, Ben",NYY,CWS,2026,5,4,2,2,0,0,0,1,0,1,0,0,1,2
824611,2026-04-24,671277,"García Jr., Luis",WSH,CWS,2026,4,3,2,1,1,0,0,0,0,0,0,0,1,3
824611,2026-04-24,677588,"Tena, José",WSH,CWS,2026,1,1,0,0,0,0,0,0,0,0,0,0,0,0
824611,2026-04-24,678391,"Vivas, Jorbit",WSH,CWS,2026,4,4,1,1,0,0,0,0,0,0,0,0,0,1
824611,2026-04-24,682928,"Abrams, CJ",WSH,CWS,2026,4,4,0,0,0,0,0,0,0,1,0,0,0,0
824611,2026-04-24,683083,"Nuñez, Nasim",WSH,CWS,2026,4,3,1,1,0,0,0,1,0,1,0,0,0,1
824611,2026-04-24,686452,"Millas, Drew",WSH,CWS,2026,3,2,0,0,0,0,0,0,0,0,0,0,0,0
824611,2026-04-24,691781,"House, Brady",WSH,CWS,2026,4,4,1,0,0,0,1,0,0,1,0,0,2,4
824611,2026-04-24,695578,"Wood, James",WSH,CWS,2026,5,2,0,0,0,0,0,3,0,2,0,0,0,0
824611,2026-04-24,695734,"Lile, Daylen",WSH,CWS,2026,4,3,1,1,0,0,0,1,0,1,0,0,1,1
824611,2026-04-24,696285,"Young, Jacob",WSH,CWS,2026,4,4,0,0,0,0,0,0,0,0,0,0,0,0
824612,2026-04-26,671277,"García Jr., Luis",WSH,CWS,2026,4,4,0,0,0,0,0,0,0,1,0,0,0,0
824612,2026-04-26,677588,"Tena, José",WSH,CWS,2026,1,1,1,0,0,0,1,0,0,0,0,0,1,4
824612,2026-04-26,678391,"Vivas, Jorbit",WSH,CWS,2026,1,1,0,0,0,0,0,0,0,0,0,0,0,0
824612,2026-04-26,678554,"Mead, Curtis",WSH,CWS,2026,4,5,0,0,0,0,0,0,0,0,0,0,0,0
824612,2026-04-26,682928,"Abrams, CJ",WSH,CWS,2026,4,3,0,0,0,0,0,0,0,0,0,0,1,0
824612,2026-04-26,683083,"Nuñez, Nasim",WSH,CWS,2026,3,3,1,1,0,0,0,0,0,0,0,0,0,1
824612,2026-04-26,686452,"Millas, Drew",WSH,CWS,2026,3,3,0,0,0,0,0,0,0,0,0,0,0,0
824612,2026-04-26,691781,"House, Brady",WSH,CWS,2026,3,3,0,0,0,0,0,0,0,1,0,0,0,0
824612,2026-04-26,695578,"Wood, James",WSH,CWS,2026,4,3,1,1,0,0,0,1,0,2,0,0,0,1
824612,2026-04-26,695734,"Lile, Daylen",WSH,CWS,2026,4,4,0,0,0,0,0,0,0,1,0,0,0,0
824612,2026-04-26,696285,"Young, Jacob",WSH,CWS,2026,3,3,1,0,1,0,0,0,0,0,0,0,0,2
824613,2026-04-25,660688,"Ruiz, Keibert",WSH,CWS,2026,3,3,1,0,1,0,0,0,0,0,0,0,0,2
824613,2026-04-25,665953,"Chaparro, Andrés",WSH,CWS,2026,3,3,0,0,0,0,0,0,0,0,0,0,0,0
824613,2026-04-25,671277,"García Jr., Luis",WSH,CWS,2026,2,2,1,1,0,0,0,0,0,0,0,0,0,1
824613,2026-04-25,678391,"Vivas, Jorbit",WSH,CWS,2026,1,1,0,0,0,0,0,0,0,1,0,0,0,0
824613,2026-04-25,678554,"Mead, Curtis",WSH,CWS,2026,5,3,0,0,0,0,0,2,0,2,0,0,0,0
824613,2026-04-25,682928,"Abrams, CJ",WSH,CWS,2026,1,1,0,0,0,0,0,0,0,1,0,0,0,0
824613,2026-04-25,683083,"Nuñez, Nasim",WSH,CWS,2026,5,4,2,2,0,0,0,1,0,2,0,0,4,2
824613,2026-04-25,686452,"Millas, Drew",WSH,CWS,2026,1,1,0,0,0,0,0,0,0,0,0,0,0,0
824613,2026-04-25,686894,"Wiemer, Joey",WSH,CWS,2026,5,4,0,0,0,0,0,1,0,3,0,0,1,0
824613,2026-04-25,691781,"House, Brady",WSH,CWS,2026,5,3,1,1,0,0,0,2,0,2,0,0,0,1
824613,2026-04-25,695578,"Wood, James",WSH,CWS,2026,5,4,0,0,0,0,0,1,0,1,0,0,0,0
824613,2026-04-25,695734,"Lile, Daylen",WSH,CWS,2026,5,3,0,0,0,0,0,2,0,1,0,0,0,0
824613,2026-04-25,696285,"Young, Jacob",WSH,CWS,2026,4,3,1,1,0,0,0,1,0,2,0,0,0,1
824648,2026-08-02,502671,"Goldschmidt, Paul",NYY,CHC,2026,1,1,0,0,0,0,0,0,0,0,0,0,0,0
824648,2026-08-02,641857,"McMahon, Ryan",NYY,CHC,2026,4,4,1,1,0,0,0,0,0,1,0,0,0,1
824648,2026-08-02,642708,"Rosario, Amed",NYY,CHC,2026,4,4,1,1,0,0,0,0,0,1,0,0,0,1
824648,2026-08-02,663757,"Grisham, Trent",NYY,CHC,2026,4,4,0,0,0,0,0,0,0,1,0,0,0,0
824648,2026-08-02,665862,"Chisholm Jr., Jazz",NYY,CHC,2026,4,4,0,0,0,0,0,0,0,1,0,0,0,0
824648,2026-08-02,669224,"Wells, Austin",NYY,CHC,2026,2,1,0,0,0,0,0,1,0,0,0,0,0,0
824648,2026-08-02,676609,"Caballero, José",NYY,CHC,2026,3,3,2,1,0,0,1,0,0,0,0,0,2,5
824648,2026-08-02,682987,"Jones, Spencer",NYY,CHC,2026,4,4,0,0,0,0,0,0,0,1,0,0,0,0
824648,2026-08-02,691176,"Domínguez, Jasson",NYY,CHC,2026,4,4,1,1,0,0,0,0,0,1,0,0,0,1
824648,2026-08-02,700250,"Rice, Ben",NYY,CHC,2026,4,4,0,0,0,0,0,0,0,3,0,0,0,0
824649,2026-08-01,502671,"Goldschmidt, Paul",NYY,CHC,2026,4,4,0,0,0,0,0,0,0,1,0,0,0,0
824649,2026-08-01,642708,"Rosario, Amed",NYY,CHC,2026,4,4,1,1,0,0,0,0,0,1,0,0,0,1
824649,2026-08-01,645305,"Sánchez, Ali",NYY,CHC,2026,4,4,3,3,0,0,0,0,0,0,0,0,0,3
824649,2026-08-01,663757,"Grisham, Trent",NYY,CHC,2026,1,0,0,0,0,0,0,1,0,0,0,0,0,0
824649,2026-08-01,665862,"Chisholm Jr., Jazz",NYY,CHC,2026,4,4,0,0,0,0,0,0,0,3,0,0,0,0
824649,2026-08-01,676609,"Caballero, José",NYY,CHC,2026,4,3,1,1,0,0,0,1,0,1,0,0,1,1
824649,2026-08-01,680474,"Schuemann, Max",NYY,CHC,2026,3,3,0,0,0,0,0,0,0,1,0,0,0,0
824649,2026-08-01,682987,"Jones, Spencer",NYY,CHC,2026,4,4,2,1,0,0,1,0,0,1,0,0,1,5
824649,2026-08-01,683011,"Volpe, Anthony",NYY,CHC,2026,3,3,0,0,0,0,0,0,0,0,0,0,0,0
824649,2026-08-01,691176,"Domínguez, Jasson",NYY,CHC,2026,4,4,1,0,1,0,0,0,0,1,0,0,0,2
824649,2026-08-01,700250,"Rice, Ben",NYY,CHC,2026,1,1,0,0,0,0,0,0,0,0,0,0,0,0
824651,2026-07-31,502671,"Goldschmidt, Paul",NYY,CHC,2026,4,4,0,0,0,0,0,0,0,1,0,0,0,0
824651,2026-07-31,641857,"McMahon, Ryan",NYY,CHC,2026,1,1,0,0,0,0,0,0,0,0,0,0,0,0
824651,2026-07-31,642708,"Rosario, Amed",NYY,CHC,2026,3,3,1,0,0,0,1,0,0,2,0,0,1,4
824651,2026-07-31,645305,"Sánchez, Ali",NYY,CHC,2026,2,2,0,0,0,0,0,0,0,0,0,0,0,0
824651,2026-07-31,663757,"Grisham, Trent",NYY,CHC,2026,4,4,0,0,0,0,0,0,0,0,0,0,0,0
824651,2026-07-31,669224,"Wells, Austin",NYY,CHC,2026,1,0,0,0,0,0,0,1,0,0,0,0,0,0
824651,2026-07-31,676609,"Caballero, José",NYY,CHC,2026,3,3,1,1,0,0,0,0,0,0,0,0,0,1
824651,2026-07-31,682987,"Jones, Spencer",NYY,CHC,2026,3,2,1,0,0,0,1,1,0,1,0,0,1,4
824651,2026-07-31,683011,"Volpe, Anthony",NYY,CHC,2026,3,3,0,0,0,0,0,0,0,1,0,0,0,0
824651,2026-07-31,691176,"Domínguez, Jasson",NYY,CHC,2026,4,3,0,0,0,0,0,1,0,1,0,0,0,0
824651,2026-07-31,700250,"Rice, Ben",NYY,CHC,2026,4,4,1,1,0,0,0,0,0,2,0,0,0,1
824700,2026-03-29,660688,"Ruiz, Keibert",WSH,CHC,2026,4,3,1,0,0,0,1,0,0,0,0,0,3,4
824700,2026-03-29,665953,"Chaparro, Andrés",WSH,CHC,2026,3,3,0,0,0,0,0,0,0,2,0,0,0,0
824700,2026-03-29,671277,"García Jr., Luis",WSH,CHC,2026,2,2,1,1,0,0,0,0,0,0,0,0,0,1
824700,2026-03-29,682928,"Abrams, CJ",WSH,CHC,2026,4,3,0,0,0,0,0,0,1,2,0,0,0,0
824700,2026-03-29,683083,"Nuñez, Nasim",WSH,CHC,2026,4,4,1,1,0,0,0,0,0,1,0,0,0,1
824700,2026-03-29,686894,"Wiemer, Joey",WSH,CHC,2026,4,3,3,1,0,1,1,1,0,0,0,0,3,8
824700,2026-03-29,691781,"House, Brady",WSH,CHC,2026,5,5,2,2,0,0,0,0,0,1,0,0,0,2
824700,2026-03-29,695578,"Wood, James",WSH,CHC,2026,5,4,0,0,0,0,0,1,0,2,0,0,0,0
824700,2026-03-29,695734,"Lile, Daylen",WSH,CHC,2026,5,4,2,1,1,0,0,1,0,1,0,0,0,3
824700,2026-03-29,696285,"Young, Jacob",WSH,CHC,2026,4,4,1,0,1,0,0,0,0,0,0,0,0,2
824701,2026-03-28,665953,"Chaparro, Andrés",WSH,CHC,2026,1,0,0,0,0,0,0,1,0,0,0,0,0,0
824701,2026-03-28,671277,"García Jr., Luis",WSH,CHC,2026,4,4,1,1,0,0,0,0,0,0,0,0,0,1
824701,2026-03-28,677588,"Tena, José",WSH,CHC,2026,2,2,0,0,0,0,0,0,0,0,0,0,0,0
824701,2026-03-28,678391,"Vivas, Jorbit",WSH,CHC,2026,3,3,0,0,0,0,0,0,0,0,0,0,0,0
824701,2026-03-28,683083,"Nuñez, Nasim",WSH,CHC,2026,3,3,1,1,0,0,0,0,0,1,0,0,1,1
824701,2026-03-28,686452,"Millas, Drew",WSH,CHC,2026,4,3,0,0,0,0,0,1,0,1,0,0,0,0
824701,2026-03-28,691781,"House, Brady",WSH,CHC,2026,4,3,0,0,0,0,0,1,0,2,0,0,0,0
824701,2026-03-28,695578,"Wood, James",WSH,CHC,2026,4,4,1,0,0,0,1,0,0,1,0,0,1,4
824701,2026-03-28,695734,"Lile, Daylen",WSH,CHC,2026,4,3,1,1,0,0,0,1,0,0,0,0,0,1
824701,2026-03-28,696285,"Young, Jacob",WSH,CHC,2026,3,3,0,0,0,0,0,0,0,1,0,0,0,0
824704,2026-03-26,660688,"Ruiz, Keibert",WSH,CHC,2026,4,4,1,1,0,0,0,0,0,1,0,0,0,1
824704,2026-03-26,665953,"Chaparro, Andrés",WSH,CHC,2026,3,3,2,1,1,0,0,0,0,0,0,0,0,3
824704,2026-03-26,671277,"García Jr., Luis",WSH,CHC,2026,2,2,0,0,0,0,0,0,0,0,0,0,0,0
824704,2026-03-26,682928,"Abrams, CJ",WSH,CHC,2026,4,4,1,1,0,0,0,0,0,1,0,0,2,1
824704,2026-03-26,683083,"Nuñez, Nasim",WSH,CHC,2026,4,2,0,0,0,0,0,1,1,1,0,0,1,0
824704,2026-03-26,686894,"Wiemer, Joey",WSH,CHC,2026,4,3,3,2,0,0,1,1,0,0,0,0,1,6
824704,2026-03-26,691781,"House, Brady",WSH,CHC,2026,5,5,2,1,0,0,1,0,0,2,0,0,2,5
824704,2026-03-26,695578,"Wood, James",WSH,CHC,2026,5,5,0,0,0,0,0,0,0,4,0,0,0,0
824704,2026-03-26,695734,"Lile, Daylen",WSH,CHC,2026,5,5,1,1,0,0,0,0,0,2,0,0,1,1
824704,2026-03-26,696285,"Young, Jacob",WSH,CHC,2026,4,4,1,0,0,0,1,0,0,1,0,0,2,4
824740,2026-07-01,665953,"Chaparro, Andrés",WSH,BOS,2026,2,2,1,0,0,0,1,0,0,1,0,0,2,4
824740,2026-07-01,671277,"García Jr., Luis",WSH,BOS,2026,4,4,1,1,0,0,0,0,0,0,0,0,2,1
824740,2026-07-01,678391,"Vivas, Jorbit",WSH,BOS,2026,5,5,0,0,0,0,0,0,0,1,0,0,0,0
824740,2026-07-01,678554,"Mead, Curtis",WSH,BOS,2026,6,5,2,1,0,1,0,1,0,0,0,0,0,4
824740,2026-07-01,683083,"Nuñez, Nasim",WSH,BOS,2026,5,4,1,0,0,0,1,1,0,3,0,0,1,4
824740,2026-07-01,686452,"Millas, Drew",WSH,BOS,2026,5,3,1,1,0,0,0,2,0,1,0,0,0,1
824740,2026-07-01,686611,"Crews, Dylan",WSH,BOS,2026,5,3,2,2,0,0,0,2,0,1,0,0,0,2
824740,2026-07-01,695578,"Wood, James",WSH,BOS,2026,6,4,2,1,0,0,1,2,0,1,0,0,3,5
824740,2026-07-01,695734,"Lile, Daylen",WSH,BOS,2026,5,5,1,0,1,0,0,0,0,1,0,0,0,2
824740,2026-07-01,696285,"Young, Jacob",WSH,BOS,2026,5,3,2,0,2,0,0,2,0,1,0,0,1,4
824741,2026-06-29,660688,"Ruiz, Keibert",WSH,BOS,2026,3,3,1,1,0,0,0,0,0,0,0,0,0,1
824741,2026-06-29,665953,"Chaparro, Andrés",WSH,BOS,2026,3,2,1,1,0,0,0,1,0,0,0,0,0,1
824741,2026-06-29,671277,"García Jr., Luis",WSH,BOS,2026,4,3,1,1,0,0,0,1,0,0,0,0,0,1
824741,2026-06-29,677588,"Tena, José",WSH,BOS,2026,1,1,0,0,0,0,0,0,0,1,0,0,0,0
824741,2026-06-29,678391,"Vivas, Jorbit",WSH,BOS,2026,1,1,0,0,0,0,0,0,0,1,0,0,0,0
824741,2026-06-29,678554,"Mead, Curtis",WSH,BOS,2026,4,4,2,2,0,0,0,0,0,2,0,0,0,2
824741,2026-06-29,682928,"Abrams, CJ",WSH,BOS,2026,4,4,1,0,1,0,0,0,0,2,0,0,2,2
824741,2026-06-29,683083,"Nuñez, Nasim",WSH,BOS,2026,3,3,0,0,0,0,0,0,0,1,0,0,0,0
824741,2026-06-29,686611,"Crews, Dylan",WSH,BOS,2026,4,4,0,0,0,0,0,0,0,1,0,0,0,0
824741,2026-06-29,695578,"Wood, James",WSH,BOS,2026,4,4,1,0,0,0,1,0,0,2,0,0,1,4
824741,2026-06-29,695734,"Lile, Daylen",WSH,BOS,2026,1,1,0,0,0,0,0,0,0,0,0,0,0,0
824741,2026-06-29,696285,"Young, Jacob",WSH,BOS,2026,3,3,0,0,0,0,0,0,0,2,0,0,0,0
824742,2026-06-30,660688,"Ruiz, Keibert",WSH,BOS,2026,4,3,2,1,1,0,0,1,0,0,0,0,3,3
824742,2026-06-30,665953,"Chaparro, Andrés",WSH,BOS,2026,2,2,0,0,0,0,0,0,0,1,0,0,0,0
824742,2026-06-30,671277,"García Jr., Luis",WSH,BOS,2026,3,3,1,0,1,0,0,0,0,1,0,0,2,2
824742,2026-06-30,677588,"Tena, José",WSH,BOS,2026,2,1,1,1,0,0,0,1,0,0,0,0,0,1
824742,2026-06-30,678554,"Mead, Curtis",WSH,BOS,2026,5,4,0,0,0,0,0,1,0,2,0,0,0,0
824742,2026-06-30,682928,"Abrams, CJ",WSH,BOS,2026,5,5,1,0,0,0,1,0,0,2,0,0,1,4
824742,2026-06-30,683083,"Nuñez, Nasim",WSH,BOS,2026,4,2,0,0,0,0,0,2,0,0,0,0,0,0
824742,2026-06-30,686611,"Crews, Dylan",WSH,BOS,2026,5,5,2,2,0,0,0,0,0,0,0,0,0,2
824742,2026-06-30,695578,"Wood, James",WSH,BOS,2026,5,5,3,2,1,0,0,0,0,1,0,0,2,4
824742,2026-06-30,695734,"Lile, Daylen",WSH,BOS,2026,4,4,2,2,0,0,0,0,0,0,0,0,0,2
824742,2026-06-30,696285,"Young, Jacob",WSH,BOS,2026,2,2,0,0,0,0,0,0,0,1,0,0,0,0
824743,2026-06-26,502671,"Goldschmidt, Paul",NYY,BOS,2026,4,4,0,0,0,0,0,0,0,1,0,0,0,0
824743,2026-06-26,641355,"Bellinger, Cody",NYY,BOS,2026,4,4,0,0,0,0,0,0,0,0,0,0,0,0
824743,2026-06-26,642708,"Rosario, Amed",NYY,BOS,2026,3,3,0,0,0,0,0,0,0,1,0,0,0,0
824743,2026-06-26,645305,"Sánchez, Ali",NYY,BOS,2026,2,2,0,0,0,0,0,0,0,0,0,0,0,0
824743,2026-06-26,665862,"Chisholm Jr., Jazz",NYY,BOS,2026,3,3,0,0,0,0,0,0,0,1,0,0,0,0
824743,2026-06-26,669224,"Wells, Austin",NYY,BOS,2026,1,1,0,0,0,0,0,0,0,0,0,0,1,0
824743,2026-06-26,676609,"Caballero, José",NYY,BOS,2026,4,3,0,0,0,0,0,1,0,1,0,0,0,0
824743,2026-06-26,682987,"Jones, Spencer",NYY,BOS,2026,3,3,1,1,0,0,0,0,0,0,0,0,0,1
824743,2026-06-26,683011,"Volpe, Anthony",NYY,BOS,2026,3,3,1,0,1,0,0,0,0,2,0,0,0,2
824743,2026-06-26,691176,"Domínguez, Jasson",NYY,BOS,2026,4,3,1,0,1,0,0,1,0,1,0,0,0,2
824743,2026-06-26,700250,"Rice, Ben",NYY,BOS,2026,1,1,0,0,0,0,0,0,0,0,0,0,0,0
824744,2026-06-28,502671,"Goldschmidt, Paul",NYY,BOS,2026,1,1,0,0,0,0,0,0,0,0,0,0,1,0
824744,2026-06-28,641355,"Bellinger, Cody",NYY,BOS,2026,4,4,0,0,0,0,0,0,0,2,0,0,0,0
824744,2026-06-28,642708,"Rosario, Amed",NYY,BOS,2026,4,3,2,2,0,0,0,1,0,0,0,0,1,2
824744,2026-06-28,665828,"Cabrera, Oswaldo",NYY,BOS,2026,4,3,0,0,0,0,0,0,0,1,0,0,0,0
824744,2026-06-28,665862,"Chisholm Jr., Jazz",NYY,BOS,2026,3,3,0,0,0,0,0,0,0,2,0,0,0,0
824744,2026-06-28,669224,"Wells, Austin",NYY,BOS,2026,4,4,0,0,0,0,0,0,0,0,0,0,1,0
824744,2026-06-28,676609,"Caballero, José",NYY,BOS,2026,4,4,1,1,0,0,0,0,0,1,0,0,0,1
824744,2026-06-28,680474,"Schuemann, Max",NYY,BOS,2026,1,1,0,0,0,0,0,0,0,1,0,0,0,0
824744,2026-06-28,682987,"Jones, Spencer",NYY,BOS,2026,3,3,0,0,0,0,0,0,0,3,0,0,0,0
824744,2026-06-28,683011,"Volpe, Anthony",NYY,BOS,2026,2,1,0,0,0,0,0,1,0,0,0,0,0,0
824744,2026-06-28,691176,"Domínguez, Jasson",NYY,BOS,2026,3,3,0,0,0,0,0,0,0,2,0,0,0,0
824744,2026-06-28,700250,"Rice, Ben",NYY,BOS,2026,4,4,0,0,0,0,0,0,0,0,0,0,1,0
824745,2026-06-27,502671,"Goldschmidt, Paul",NYY,BOS,2026,4,3,0,0,0,0,0,1,0,0,0,0,0,0
824745,2026-06-27,641355,"Bellinger, Cody",NYY,BOS,2026,4,2,1,1,0,0,0,2,0,0,0,0,0,1
824745,2026-06-27,642708,"Rosario, Amed",NYY,BOS,2026,4,4,1,1,0,0,0,0,0,0,0,0,0,1
824745,2026-06-27,665862,"Chisholm Jr., Jazz",NYY,BOS,2026,1,1,0,0,0,0,0,0,0,1,0,0,0,0
824745,2026-06-27,669224,"Wells, Austin",NYY,BOS,2026,3,3,0,0,0,0,0,0,0,0,0,0,0,0
824745,2026-06-27,676609,"Caballero, José",NYY,BOS,2026,3,3,0,0,0,0,0,0,0,2,0,0,0,0
824745,2026-06-27,680474,"Schuemann, Max",NYY,BOS,2026,2,2,1,0,0,0,1,0,0,1,0,0,1,4
824745,2026-06-27,683011,"Volpe, Anthony",NYY,BOS,2026,3,3,0,0,0,0,0,0,0,0,0,0,0,0
824745,2026-06-27,691176,"Domínguez, Jasson",NYY,BOS,2026,4,4,0,0,0,0,0,0,0,1,0,0,0,0
824745,2026-06-27,700250,"Rice, Ben",NYY,BOS,2026,4,4,0,0,0,0,0,0,0,1,0,0,0,0
824747,2026-06-25,502671,"Goldschmidt, Paul",NYY,BOS,2026,5,4,2,1,1,0,0,1,0,1,0,0,1,3
824747,2026-06-25,641355,"Bellinger, Cody",NYY,BOS,2026,4,4,0,0,0,0,0,0,0,2,0,0,0,0
824747,2026-06-25,642708,"Rosario, Amed",NYY,BOS,2026,4,4,1,1,0,0,0,0,0,2,0,0,0,1
824747,2026-06-25,665862,"Chisholm Jr., Jazz",NYY,BOS,2026,4,3,1,1,0,0,0,1,0,0,0,0,0,1
824747,2026-06-25,669224,"Wells, Austin",NYY,BOS,2026,3,3,1,1,0,0,0,0,0,2,0,0,0,1
824747,2026-06-25,676609,"Caballero, José",NYY,BOS,2026,4,4,2,1,0,0,1,0,0,0,0,0,1,5
824747,2026-06-25,680474,"Schuemann, Max",NYY,BOS,2026,1,1,0,0,0,0,0,0,0,0,0,0,0,0
824747,2026-06-25,683011,"Volpe, Anthony",NYY,BOS,2026,4,3,0,0,0,0,0,1,0,2,0,0,0,0
824747,2026-06-25,691176,"Domínguez, Jasson",NYY,BOS,2026,4,4,1,1,0,0,0,0,0,1,0,0,1,1
824747,2026-06-25,700250,"Rice, Ben",NYY,BOS,2026,5,5,0,0,0,0,0,0,0,0,0,0,0,0
824770,2026-04-23,519317,"Stanton, Giancarlo",NYY,BOS,2026,4,4,0,0,0,0,0,0,0,4,0,0,0,0
824770,2026-04-23,545341,"Grichuk, Randal",NYY,BOS,2026,3,3,0,0,0,0,0,0,0,2,0,0,0,0
824770,2026-04-23,592450,"Judge, Aaron",NYY,BOS,2026,5,4,1,1,0,0,0,1,0,3,0,0,1,1
824770,2026-04-23,641355,"Bellinger, Cody",NYY,BOS,2026,2,2,1,1,0,0,0,0,0,0,0,0,2,1
824770,2026-04-23,641857,"McMahon, Ryan",NYY,BOS,2026,1,1,1,1,0,0,0,0,0,0,0,0,0,1
824770,2026-04-23,642708,"Rosario, Amed",NYY,BOS,2026,3,3,1,1,0,0,0,0,0,1,0,0,0,1
824770,2026-04-23,663757,"Grisham, Trent",NYY,BOS,2026,4,4,1,1,0,0,0,0,0,2,0,0,0,1
824770,2026-04-23,665862,"Chisholm Jr., Jazz",NYY,BOS,2026,4,4,2,1,0,0,1,0,0,1,0,0,1,5
824770,2026-04-23,669224,"Wells, Austin",NYY,BOS,2026,4,4,0,0,0,0,0,0,0,1,0,0,0,0
824770,2026-04-23,676609,"Caballero, José",NYY,BOS,2026,4,4,2,1,1,0,0,0,0,1,0,0,0,3
824770,2026-04-23,700250,"Rice, Ben",NYY,BOS,2026,5,4,1,1,0,0,0,1,0,2,0,0,0,1
824773,2026-04-21,519317,"Stanton, Giancarlo",NYY,BOS,2026,4,4,2,0,1,0,1,0,0,1,0,0,3,6
824773,2026-04-21,545341,"Grichuk, Randal",NYY,BOS,2026,4,4,2,1,1,0,0,0,0,0,0,0,1,3
824773,2026-04-21,592450,"Judge, Aaron",NYY,BOS,2026,5,3,1,1,0,0,0,2,0,0,0,0,0,1
824773,2026-04-21,641355,"Bellinger, Cody",NYY,BOS,2026,4,3,1,1,0,0,0,1,0,0,0,0,0,1
824773,2026-04-21,641857,"McMahon, Ryan",NYY,BOS,2026,1,1,0,0,0,0,0,0,0,1,0,0,0,0
824773,2026-04-21,642708,"Rosario, Amed",NYY,BOS,2026,4,3,0,0,0,0,0,1,0,0,0,0,0,0
824773,2026-04-21,665862,"Chisholm Jr., Jazz",NYY,BOS,2026,4,4,2,2,0,0,0,0,0,1,0,0,0,2
824773,2026-04-21,669224,"Wells, Austin",NYY,BOS,2026,4,4,1,1,0,0,0,0,0,0,0,0,0,1
824773,2026-04-21,676609,"Caballero, José",NYY,BOS,2026,4,4,1,1,0,0,0,0,0,2,0,0,0,1
824773,2026-04-21,700250,"Rice, Ben",NYY,BOS,2026,5,4,0,0,0,0,0,0,1,4,0,0,0,0
824774,2026-04-22,502671,"Goldschmidt, Paul",NYY,BOS,2026,4,4,0,0,0,0,0,0,0,2,0,0,0,0
824774,2026-04-22,519317,"Stanton, Giancarlo",NYY,BOS,2026,4,4,2,0,2,0,0,0,0,0,0,0,0,4
824774,2026-04-22,545341,"Grichuk, Randal",NYY,BOS,2026,2,2,1,1,0,0,0,0,0,0,0,0,0,1
824774,2026-04-22,592450,"Judge, Aaron",NYY,BOS,2026,4,2,1,1,0,0,0,2,0,0,0,0,0,1
824774,2026-04-22,641355,"Bellinger, Cody",NYY,BOS,2026,4,4,0,0,0,0,0,0,0,1,0,0,0,0
824774,2026-04-22,641857,"McMahon, Ryan",NYY,BOS,2026,1,1,0,0,0,0,0,0,0,1,0,0,0,0
824774,2026-04-22,642708,"Rosario, Amed",NYY,BOS,2026,2,1,1,0,0,0,1,0,0,0,0,0,4,4
824774,2026-04-22,663757,"Grisham, Trent",NYY,BOS,2026,2,2,0,0,0,0,0,0,0,1,0,0,0,0
824774,2026-04-22,665862,"Chisholm Jr., Jazz",NYY,BOS,2026,4,4,0,0,0,0,0,0,0,1,0,0,0,0
824774,2026-04-22,669224,"Wells, Austin",NYY,BOS,2026,3,3,0,0,0,0,0,0,0,1,0,0,0,0
824774,2026-04-22,676609,"Caballero, José",NYY,BOS,2026,3,3,1,1,0,0,0,0,0,1,0,0,0,1
824774,2026-04-22,700250,"Rice, Ben",NYY,BOS,2026,1,1,0,0,0,0,0,0,0,1,0,0,0,0
824801,2026-08-19,641857,"McMahon, Ryan",NYY,BAL,2026,3,3,1,1,0,0,0,0,0,1,0,0,1,1
824801,2026-08-19,663757,"Grisham, Trent",NYY,BAL,2026,5,4,1,1,0,0,0,1,0,1,0,0,0,1
824801,2026-08-19,665862,"Chisholm Jr., Jazz",NYY,BAL,2026,4,2,1,1,0,0,0,2,0,0,0,0,0,1
824801,2026-08-19,669224,"Wells, Austin",NYY,BAL,2026,4,4,0,0,0,0,0,0,0,0,0,0,0,0
824801,2026-08-19,671218,"Ramos, Heliot",NYY,BAL,2026,4,3,1,1,0,0,0,0,1,1,0,0,0,1
824801,2026-08-19,671277,"García Jr., Luis",NYY,BAL,2026,5,5,1,1,0,0,0,0,0,1,0,0,0,1
824801,2026-08-19,676609,"Caballero, José",NYY,BAL,2026,1,0,0,0,0,0,0,0,1,0,0,0,0,0
824801,2026-08-19,682987,"Jones, Spencer",NYY,BAL,2026,4,4,1,1,0,0,0,0,0,3,0,0,0,1
824801,2026-08-19,700250,"Rice, Ben",NYY,BAL,2026,5,5,2,1,0,0,1,0,0,2,0,0,1,5
824801,2026-08-19,806146,"Lombard Jr., George",NYY,BAL,2026,4,3,2,2,0,0,0,0,0,1,0,0,2,2
824802,2026-08-20,663757,"Grisham, Trent",NYY,BAL,2026,5,4,1,1,0,0,0,1,0,1,0,0,0,1
824802,2026-08-20,665862,"Chisholm Jr., Jazz",NYY,BAL,2026,4,4,1,0,0,1,0,0,0,1,0,0,1,3
824802,2026-08-20,669224,"Wells, Austin",NYY,BAL,2026,4,4,1,1,0,0,0,0,0,2,0,0,0,1
824802,2026-08-20,671218,"Ramos, Heliot",NYY,BAL,2026,4,4,1,0,1,0,0,0,0,1,0,0,1,2
824802,2026-08-20,671277,"García Jr., Luis",NYY,BAL,2026,4,4,3,2,0,0,1,0,0,1,0,0,1,6
824802,2026-08-20,676609,"Caballero, José",NYY,BAL,2026,4,4,0,0,0,0,0,0,0,1,0,0,1,0
824802,2026-08-20,682987,"Jones, Spencer",NYY,BAL,2026,4,4,3,2,0,0,1,0,0,0,0,0,1,6
824802,2026-08-20,700250,"Rice, Ben",NYY,BAL,2026,5,4,1,1,0,0,0,1,0,0,0,0,1,1
824802,2026-08-20,806146,"Lombard Jr., George",NYY,BAL,2026,4,4,0,0,0,0,0,0,0,2,0,0,0,0
824803,2026-08-18,502671,"Goldschmidt, Paul",NYY,BAL,2026,1,0,0,0,0,0,0,1,0,0,0,0,0,0
824803,2026-08-18,641857,"McMahon, Ryan",NYY,BAL,2026,2,1,0,0,0,0,0,1,0,1,0,0,0,0
824803,2026-08-18,642708,"Rosario, Amed",NYY,BAL,2026,1,1,0,0,0,0,0,0,0,1,0,0,0,0
824803,2026-08-18,645305,"Sánchez, Ali",NYY,BAL,2026,1,1,0,0,0,0,0,0,0,0,0,0,0,0
824803,2026-08-18,663757,"Grisham, Trent",NYY,BAL,2026,4,4,2,1,0,0,1,0,0,1,0,0,3,5
824803,2026-08-18,665862,"Chisholm Jr., Jazz",NYY,BAL,2026,4,4,0,0,0,0,0,0,0,2,0,0,0,0
824803,2026-08-18,669224,"Wells, Austin",NYY,BAL,2026,2,2,0,0,0,0,0,0,0,0,0,0,0,0
824803,2026-08-18,671218,"Ramos, Heliot",NYY,BAL,2026,4,3,0,0,0,0,0,1,0,2,0,0,0,0
824803,2026-08-18,671277,"García Jr., Luis",NYY,BAL,2026,4,4,0,0,0,0,0,0,0,2,0,0,0,0
824803,2026-08-18,676609,"Caballero, José",NYY,BAL,2026,1,1,0,0,0,0,0,0,0,1,0,0,0,0
824803,2026-08-18,682987,"Jones, Spencer",NYY,BAL,2026,4,4,1,1,0,0,0,0,0,2,0,0,0,1
824803,2026-08-18,700250,"Rice, Ben",NYY,BAL,2026,4,3,0,0,0,0,0,0,1,1,0,0,0,0
824803,2026-08-18,806146,"Lombard Jr., George",NYY,BAL,2026,4,4,2,2,0,0,0,0,0,1,0,0,0,2
824821,2026-06-28,660688,"Ruiz, Keibert",WSH,BAL,2026,4,3,1,1,0,0,0,1,0,1,0,0,0,1
824821,2026-06-28,671277,"García Jr., Luis",WSH,BAL,2026,5,5,3,0,1,0,2,0,0,0,0,0,5,10
824821,2026-06-28,678391,"Vivas, Jorbit",WSH,BAL,2026,4,3,0,0,0,0,0,1,0,0,0,0,0,0
824821,2026-06-28,678554,"Mead, Curtis",WSH,BAL,2026,4,4,1,0,1,0,0,0,0,0,0,0,0,2
824821,2026-06-28,682928,"Abrams, CJ",WSH,BAL,2026,4,4,0,0,0,0,0,0,0,1,0,0,0,0
824821,2026-06-28,686611,"Crews, Dylan",WSH,BAL,2026,4,3,1,1,0,0,0,1,0,1,0,0,0,1
824821,2026-06-28,695578,"Wood, James",WSH,BAL,2026,5,3,1,1,0,0,0,2,0,1,0,0,0,1
824821,2026-06-28,695734,"Lile, Daylen",WSH,BAL,2026,4,4,0,0,0,0,0,0,0,1,0,0,0,0
824821,2026-06-28,696285,"Young, Jacob",WSH,BAL,2026,4,4,0,0,0,0,0,0,0,1,0,0,0,0
824824,2026-06-26,660688,"Ruiz, Keibert",WSH,BAL,2026,3,3,1,1,0,0,0,0,0,0,0,0,1,1
824824,2026-06-26,665953,"Chaparro, Andrés",WSH,BAL,2026,3,3,0,0,0,0,0,0,0,1,0,0,0,0
824824,2026-06-26,671277,"García Jr., Luis",WSH,BAL,2026,1,1,0,0,0,0,0,0,0,0,0,0,0,0
824824,2026-06-26,677588,"Tena, José",WSH,BAL,2026,1,1,0,0,0,0,0,0,0,0,0,0,0,0
824824,2026-06-26,678391,"Vivas, Jorbit",WSH,BAL,2026,1,1,0,0,0,0,0,0,0,0,0,0,0,0
824824,2026-06-26,678554,"Mead, Curtis",WSH,BAL,2026,4,4,1,1,0,0,0,0,0,1,0,0,0,1
824824,2026-06-26,682928,"Abrams, CJ",WSH,BAL,2026,4,4,0,0,0,0,0,0,0,3,0,0,0,0
824824,2026-06-26,683083,"Nuñez, Nasim",WSH,BAL,2026,2,2,0,0,0,0,0,0,0,1,0,0,0,0
824824,2026-06-26,686611,"Crews, Dylan",WSH,BAL,2026,4,4,1,0,1,0,0,0,0,1,0,0,0,2
824824,2026-06-26,695578,"Wood, James",WSH,BAL,2026,4,4,1,0,1,0,0,0,0,2,0,0,0,2
824824,2026-06-26,695734,"Lile, Daylen",WSH,BAL,2026,3,3,0,0,0,0,0,0,0,1,0,0,0,0
824824,2026-06-26,696285,"Young, Jacob",WSH,BAL,2026,2,2,1,0,1,0,0,0,0,0,0,0,0,2
824825,2026-06-27,671277,"García Jr., Luis",WSH,BAL,2026,5,5,4,2,1,0,1,0,0,0,0,0,1,8
824825,2026-06-27,677588,"Tena, José",WSH,BAL,2026,3,3,1,0,1,0,0,0,0,1,0,0,0,2
824825,2026-06-27,678391,"Vivas, Jorbit",WSH,BAL,2026,5,5,3,3,0,0,0,0,0,0,0,0,1,3
824825,2026-06-27,678554,"Mead, Curtis",WSH,BAL,2026,2,2,0,0,0,0,0,0,0,0,0,0,0,0
824825,2026-06-27,682928,"Abrams, CJ",WSH,BAL,2026,5,4,0,0,0,0,0,1,0,3,0,0,0,0
824825,2026-06-27,683083,"Nuñez, Nasim",WSH,BAL,2026,5,5,1,1,0,0,0,0,0,3,0,0,0,1
824825,2026-06-27,686452,"Millas, Drew",WSH,BAL,2026,5,5,2,2,0,0,0,0,0,1,0,0,1,2
824825,2026-06-27,686611,"Crews, Dylan",WSH,BAL,2026,5,4,0,0,0,0,0,1,0,2,0,0,0,0
824825,2026-06-27,695578,"Wood, James",WSH,BAL,2026,5,4,0,0,0,0,0,1,0,3,0,0,0,0
824825,2026-06-27,695734,"Lile, Daylen",WSH,BAL,2026,5,5,2,1,1,0,0,0,0,1,0,0,1,3
824825,2026-06-27,696285,"Young, Jacob",WSH,BAL,2026,1,1,0,0,0,0,0,0,0,0,0,0,0,0
824841,2026-05-13,592450,"Judge, Aaron",NYY,BAL,2026,4,4,0,0,0,0,0,0,0,1,0,0,0,0
824841,2026-05-13,641355,"Bellinger, Cody",NYY,BAL,2026,4,4,0,0,0,0,0,0,0,0,0,0,0,0
824841,2026-05-13,641555,"Escarra, J.C.",NYY,BAL,2026,3,3,0,0,0,0,0,0,0,0,0,0,0,0
824841,2026-05-13,641857,"McMahon, Ryan",NYY,BAL,2026,3,3,0,0,0,0,0,0,0,2,0,0,0,0
824841,2026-05-13,663757,"Grisham, Trent",NYY,BAL,2026,4,2,0,0,0,0,0,2,0,0,0,0,0,0
824841,2026-05-13,665862,"Chisholm Jr., Jazz",NYY,BAL,2026,3,3,1,0,1,0,0,0,0,1,0,0,0,2
824841,2026-05-13,682987,"Jones, Spencer",NYY,BAL,2026,3,1,0,0,0,0,0,2,0,0,0,0,0,0
824841,2026-05-13,683011,"Volpe, Anthony",NYY,BAL,2026,3,3,0,0,0,0,0,0,0,1,0,0,0,0
824841,2026-05-13,700250,"Rice, Ben",NYY,BAL,2026,4,3,0,0,0,0,0,1,0,2,0,0,0,0
824843,2026-05-12,502671,"Goldschmidt, Paul",NYY,BAL,2026,5,4,2,1,0,0,1,1,0,1,0,0,1,5
824843,2026-05-12,592450,"Judge, Aaron",NYY,BAL,2026,5,3,2,2,0,0,0,2,0,0,0,0,0,2
824843,2026-05-12,641355,"Bellinger, Cody",NYY,BAL,2026,4,4,0,0,0,0,0,0,0,0,0,0,1,0
824843,2026-05-12,641857,"McMahon, Ryan",NYY,BAL,2026,4,4,0,0,0,0,0,0,0,2,0,0,0,0
824843,2026-05-12,642708,"Rosario, Amed",NYY,BAL,2026,3,3,1,1,0,0,0,0,0,0,0,0,1,1
824843,2026-05-12,663757,"Grisham, Trent",NYY,BAL,2026,4,3,1,0,0,0,1,1,0,0,0,0,3,4
824843,2026-05-12,665862,"Chisholm Jr., Jazz",NYY,BAL,2026,1,1,0,0,0,0,0,0,0,0,0,0,0,0
824843,2026-05-12,669224,"Wells, Austin",NYY,BAL,2026,4,4,1,1,0,0,0,0,0,2,0,0,0,1
824843,2026-05-12,680474,"Schuemann, Max",NYY,BAL,2026,4,3,1,1,0,0,0,1,0,1,0,0,0,1
824843,2026-05-12,700250,"Rice, Ben",NYY,BAL,2026,5,4,1,1,0,0,0,1,0,1,0,0,0,1
824844,2026-05-11,502671,"Goldschmidt, Paul",NYY,BAL,2026,2,2,1,1,0,0,0,0,0,0,0,0,0,1
824844,2026-05-11,592450,"Judge, Aaron",NYY,BAL,2026,4,4,1,0,1,0,0,0,0,1,0,0,0,2
824844,2026-05-11,641355,"Bellinger, Cody",NYY,BAL,2026,4,2,0,0,0,0,0,2,0,1,0,0,0,0
824844,2026-05-11,641857,"McMahon, Ryan",NYY,BAL,2026,4,4,0,0,0,0,0,0,0,1,0,0,0,0
824844,2026-05-11,663757,"Grisham, Trent",NYY,BAL,2026,4,3,0,0,0,0,0,1,0,0,0,0,0,0
824844,2026-05-11,665862,"Chisholm Jr., Jazz",NYY,BAL,2026,4,4,0,0,0,0,0,0,0,3,0,0,0,0
824844,2026-05-11,669224,"Wells, Austin",NYY,BAL,2026,3,3,0,0,0,0,0,0,0,0,0,0,0,0
824844,2026-05-11,680474,"Schuemann, Max",NYY,BAL,2026,3,4,1,0,1,0,0,0,0,1,0,0,0,2
824844,2026-05-11,682987,"Jones, Spencer",NYY,BAL,2026,2,2,0,0,0,0,0,0,0,1,0,0,0,0
824844,2026-05-11,700250,"Rice, Ben",NYY,BAL,2026,4,4,2,1,0,0,1,0,0,1,0,0,2,5
824890,2026-08-01,660688,"Ruiz, Keibert",WSH,ATL,2026,4,4,0,0,0,0,0,0,0,0,0,0,0,0
824890,2026-08-01,665953,"Chaparro, Andrés",WSH,ATL,2026,4,2,0,0,0,0,0,1,1,0,0,0,0,0
824890,2026-08-01,671277,"García Jr., Luis",WSH,ATL,2026,4,4,1,0,1,0,0,0,0,1,0,0,0,2
824890,2026-08-01,677588,"Tena, José",WSH,ATL,2026,1,1,0,0,0,0,0,0,0,0,0,0,0,0
824890,2026-08-01,682928,"Abrams, CJ",WSH,ATL,2026,4,4,1,1,0,0,0,0,0,1,0,0,2,1
824890,2026-08-01,683083,"Nuñez, Nasim",WSH,ATL,2026,3,3,0,0,0,0,0,0,0,0,0,0,0,0
824890,2026-08-01,686611,"Crews, Dylan",WSH,ATL,2026,4,4,1,0,1,0,0,0,0,1,0,0,1,2
824890,2026-08-01,691781,"House, Brady",WSH,ATL,2026,4,4,1,1,0,0,0,0,0,2,0,0,0,1
824890,2026-08-01,695578,"Wood, James",WSH,ATL,2026,4,3,0,0,0,0,0,1,0,1,0,0,0,0
824890,2026-08-01,695734,"Lile, Daylen",WSH,ATL,2026,1,1,0,0,0,0,0,0,0,0,0,0,0,0
824890,2026-08-01,696285,"Young, Jacob",WSH,ATL,2026,3,2,0,0,0,0,0,1,0,0,0,0,0,0
824891,2026-08-02,660688,"Ruiz, Keibert",WSH,ATL,2026,3,2,1,1,0,0,0,1,0,0,0,0,0,1
824891,2026-08-02,665953,"Chaparro, Andrés",WSH,ATL,2026,2,1,0,0,0,0,0,0,1,0,0,0,1,0
824891,2026-08-02,677588,"Tena, José",WSH,ATL,2026,4,3,0,0,0,0,0,1,0,2,0,0,0,0
824891,2026-08-02,678391,"Vivas, Jorbit",WSH,ATL,2026,4,3,1,1,0,0,0,1,0,0,0,0,0,1
824891,2026-08-02,682928,"Abrams, CJ",WSH,ATL,2026,4,4,0,0,0,0,0,0,0,3,0,0,0,0
824891,2026-08-02,683083,"Nuñez, Nasim",WSH,ATL,2026,4,4,1,1,0,0,0,0,0,2,0,0,0,1
824891,2026-08-02,686611,"Crews, Dylan",WSH,ATL,2026,4,3,0,0,0,0,0,1,0,0,0,0,0,0
824891,2026-08-02,691781,"House, Brady",WSH,ATL,2026,2,2,0,0,0,0,0,0,0,2,0,0,0,0
824891,2026-08-02,695578,"Wood, James",WSH,ATL,2026,4,3,0,0,0,0,0,0,0,1,0,0,1,0
824891,2026-08-02,695670,"Ford, Harry",WSH,ATL,2026,1,1,0,0,0,0,0,0,0,0,0,0,0,0
824891,2026-08-02,695734,"Lile, Daylen",WSH,ATL,2026,4,3,1,1,0,0,0,1,0,1,0,0,0,1
824892,2026-07-31,665953,"Chaparro, Andrés",WSH,ATL,2026,2,2,1,0,0,0,1,0,0,0,0,0,1,4
824892,2026-07-31,671277,"García Jr., Luis",WSH,ATL,2026,3,3,0,0,0,0,0,0,0,1,0,0,0,0
824892,2026-07-31,677588,"Tena, José",WSH,ATL,2026,4,4,1,1,0,0,0,0,0,0,0,0,0,1
824892,2026-07-31,678391,"Vivas, Jorbit",WSH,ATL,2026,2,2,1,1,0,0,0,0,0,1,0,0,0,1
824892,2026-07-31,682928,"Abrams, CJ",WSH,ATL,2026,5,2,1,0,0,0,1,3,0,0,0,0,1,4
824892,2026-07-31,686611,"Crews, Dylan",WSH,ATL,2026,5,5,2,2,0,0,0,0,0,1,0,0,0,2
824892,2026-07-31,691781,"House, Brady",WSH,ATL,2026,4,4,1,0,1,0,0,0,0,1,0,0,0,2
824892,2026-07-31,695578,"Wood, James",WSH,ATL,2026,5,5,1,1,0,0,0,0,0,2,0,0,0,1
824892,2026-07-31,695670,"Ford, Harry",WSH,ATL,2026,4,3,0,0,0,0,0,1,0,0,0,0,0,0
824892,2026-07-31,695734,"Lile, Daylen",WSH,ATL,2026,4,4,1,1,0,0,0,0,0,1,0,0,0,1
824892,2026-07-31,696285,"Young, Jacob",WSH,ATL,2026,2,2,0,0,0,0,0,0,0,0,0,0,0,0
824894,2026-07-30,660688,"Ruiz, Keibert",WSH,ATL,2026,3,3,0,0,0,0,0,0,0,1,0,0,0,0
824894,2026-07-30,665953,"Chaparro, Andrés",WSH,ATL,2026,1,1,0,0,0,0,0,0,0,0,0,0,0,0
824894,2026-07-30,671277,"García Jr., Luis",WSH,ATL,2026,5,5,3,0,1,1,1,0,0,1,0,0,2,9
824894,2026-07-30,677588,"Tena, José",WSH,ATL,2026,4,4,2,1,1,0,0,0,0,1,0,0,0,3
824894,2026-07-30,678391,"Vivas, Jorbit",WSH,ATL,2026,2,2,0,0,0,0,0,0,0,0,0,0,0,0
824894,2026-07-30,682928,"Abrams, CJ",WSH,ATL,2026,4,4,0,0,0,0,0,0,0,1,0,0,0,0
824894,2026-07-30,683083,"Nuñez, Nasim",WSH,ATL,2026,4,3,0,0,0,0,0,1,0,0,0,0,0,0
824894,2026-07-30,686611,"Crews, Dylan",WSH,ATL,2026,4,4,0,0,0,0,0,0,0,2,0,0,0,0
824894,2026-07-30,691781,"House, Brady",WSH,ATL,2026,2,2,0,0,0,0,0,0,0,0,0,0,0,0
824894,2026-07-30,695578,"Wood, James",WSH,ATL,2026,5,2,0,0,0,0,0,3,0,0,0,0,0,0
824894,2026-07-30,695734,"Lile, Daylen",WSH,ATL,2026,4,4,2,0,0,0,2,0,0,0,0,0,2,8
824920,2026-05-23,660688,"Ruiz, Keibert",WSH,ATL,2026,3,3,1,0,1,0,0,0,0,1,0,0,0,2
824920,2026-05-23,671277,"García Jr., Luis",WSH,ATL,2026,4,4,1,1,0,0,0,0,0,1,0,0,0,1
824920,2026-05-23,677588,"Tena, José",WSH,ATL,2026,4,4,0,0,0,0,0,0,0,3,0,0,0,0
824920,2026-05-23,678391,"Vivas, Jorbit",WSH,ATL,2026,4,4,2,1,0,0,1,0,0,0,0,0,1,5
824920,2026-05-23,682928,"Abrams, CJ",WSH,ATL,2026,4,4,0,0,0,0,0,0,0,2,0,0,0,0
824920,2026-05-23,683083,"Nuñez, Nasim",WSH,ATL,2026,4,4,0,0,0,0,0,0,0,3,0,0,0,0
824920,2026-05-23,686611,"Crews, Dylan",WSH,ATL,2026,4,4,1,0,0,0,1,0,0,1,0,0,1,4
824920,2026-05-23,695578,"Wood, James",WSH,ATL,2026,4,2,1,1,0,0,0,2,0,1,0,0,0,1
824920,2026-05-23,695734,"Lile, Daylen",WSH,ATL,2026,4,4,1,0,0,1,0,0,0,3,0,0,0,3
824921,2026-05-24,660688,"Ruiz, Keibert",WSH,ATL,2026,4,4,0,0,0,0,0,0,0,0,0,0,0,0
824921,2026-05-24,665953,"Chaparro, Andrés",WSH,ATL,2026,3,2,0,0,0,0,0,1,0,1,0,0,0,0
824921,2026-05-24,671277,"García Jr., Luis",WSH,ATL,2026,1,1,1,1,0,0,0,0,0,0,0,0,1,1
824921,2026-05-24,678554,"Mead, Curtis",WSH,ATL,2026,4,4,1,1,0,0,0,0,0,0,0,0,0,1
824921,2026-05-24,682928,"Abrams, CJ",WSH,ATL,2026,4,3,0,0,0,0,0,1,0,0,0,0,0,0
824921,2026-05-24,683083,"Nuñez, Nasim",WSH,ATL,2026,4,4,1,1,0,0,0,0,0,0,0,0,1,1
824921,2026-05-24,686611,"Crews, Dylan",WSH,ATL,2026,4,4,1,1,0,0,0,0,0,2,0,0,0,1
824921,2026-05-24,695578,"Wood, James",WSH,ATL,2026,4,2,0,0,0,0,0,2,0,0,0,0,0,0
824921,2026-05-24,695734,"Lile, Daylen",WSH,ATL,2026,4,4,1,0,1,0,0,0,0,1,0,0,0,2
824921,2026-05-24,696285,"Young, Jacob",WSH,ATL,2026,4,3,1,1,0,0,0,0,1,1,0,0,0,1
824922,2026-05-22,665953,"Chaparro, Andrés",WSH,ATL,2026,1,0,0,0,0,0,0,1,0,0,0,0,0,0
824922,2026-05-22,671277,"García Jr., Luis",WSH,ATL,2026,4,4,0,0,0,0,0,0,0,1,0,0,0,0
824922,2026-05-22,677588,"Tena, José",WSH,ATL,2026,1,1,0,0,0,0,0,0,0,0,0,0,0,0
824922,2026-05-22,678391,"Vivas, Jorbit",WSH,ATL,2026,1,1,0,0,0,0,0,0,0,1,0,0,0,0
824922,2026-05-22,678554,"Mead, Curtis",WSH,ATL,2026,5,5,2,1,0,0,1,0,0,1,0,0,1,5
824922,2026-05-22,682928,"Abrams, CJ",WSH,ATL,2026,5,5,2,0,0,1,1,0,0,0,0,0,3,7
824922,2026-05-22,683083,"Nuñez, Nasim",WSH,ATL,2026,5,5,1,1,0,0,0,0,0,1,0,0,0,1
824922,2026-05-22,686452,"Millas, Drew",WSH,ATL,2026,5,5,1,1,0,0,0,0,0,1,0,0,0,1
824922,2026-05-22,686611,"Crews, Dylan",WSH,ATL,2026,5,5,1,1,0,0,0,0,0,1,0,0,0,1
824922,2026-05-22,695578,"Wood, James",WSH,ATL,2026,5,4,1,1,0,0,0,1,0,1,0,0,0,1
824922,2026-05-22,695734,"Lile, Daylen",WSH,ATL,2026,5,5,1,1,0,0,0,0,0,0,0,0,0,1
824922,2026-05-22,696285,"Young, Jacob",WSH,ATL,2026,3,3,1,1,0,0,0,0,0,1,0,0,0,1
824978,2026-07-19,665953,"Chaparro, Andrés",WSH,ATH,2026,4,3,0,0,0,0,0,1,0,1,0,0,0,0
824978,2026-07-19,671277,"García Jr., Luis",WSH,ATH,2026,1,1,0,0,0,0,0,0,0,0,0,0,0,0
824978,2026-07-19,678554,"Mead, Curtis",WSH,ATH,2026,5,3,1,1,0,0,0,2,0,0,0,0,1,1
824978,2026-07-19,682928,"Abrams, CJ",WSH,ATH,2026,5,4,2,0,1,0,1,1,0,2,0,0,2,6
824978,2026-07-19,683083,"Nuñez, Nasim",WSH,ATH,2026,4,4,1,1,0,0,0,0,0,0,0,0,0,1
824978,2026-07-19,686611,"Crews, Dylan",WSH,ATH,2026,5,3,1,0,0,0,1,1,1,1,0,0,1,4
824978,2026-07-19,695578,"Wood, James",WSH,ATH,2026,5,5,0,0,0,0,0,0,0,3,0,0,0,0
824978,2026-07-19,695670,"Ford, Harry",WSH,ATH,2026,4,3,1,0,1,0,0,0,1,1,0,0,1,2
824978,2026-07-19,695734,"Lile, Daylen",WSH,ATH,2026,4,4,0,0,0,0,0,0,0,2,0,0,0,0
824978,2026-07-19,696285,"Young, Jacob",WSH,ATH,2026,4,3,1,1,0,0,0,0,1,0,0,0,0,1
824979,2026-07-18,660688,"Ruiz, Keibert",WSH,ATH,2026,4,4,2,1,1,0,0,0,0,0,0,0,0,3
824979,2026-07-18,671277,"García Jr., Luis",WSH,ATH,2026,4,4,0,0,0,0,0,0,0,3,0,0,0,0
824979,2026-07-18,677588,"Tena, José",WSH,ATH,2026,4,3,0,0,0,0,0,1,0,1,0,0,0,0
824979,2026-07-18,678391,"Vivas, Jorbit",WSH,ATH,2026,4,2,1,1,0,0,0,1,0,0,0,0,1,1
824979,2026-07-18,678554,"Mead, Curtis",WSH,ATH,2026,2,2,0,0,0,0,0,0,0,2,0,0,0,0
824979,2026-07-18,682928,"Abrams, CJ",WSH,ATH,2026,4,4,0,0,0,0,0,0,0,1,0,0,0,0
824979,2026-07-18,683083,"Nuñez, Nasim",WSH,ATH,2026,2,1,0,0,0,0,0,1,0,0,0,0,0,0
824979,2026-07-18,686611,"Crews, Dylan",WSH,ATH,2026,4,3,0,0,0,0,0,0,1,0,0,0,0,0
824979,2026-07-18,695578,"Wood, James",WSH,ATH,2026,4,4,0,0,0,0,0,0,0,3,0,0,0,0
824979,2026-07-18,695734,"Lile, Daylen",WSH,ATH,2026,4,3,1,1,0,0,0,1,0,1,0,0,0,1
824981,2026-07-17,665953,"Chaparro, Andrés",WSH,ATH,2026,6,5,4,2,0,0,2,1,0,0,0,0,8,10
824981,2026-07-17,677588,"Tena, José",WSH,ATH,2026,1,1,1,1,0,0,0,0,0,0,0,0,0,1
824981,2026-07-17,678554,"Mead, Curtis",WSH,ATH,2026,6,6,4,1,3,0,0,0,0,1,0,0,3,7
824981,2026-07-17,682928,"Abrams, CJ",WSH,ATH,2026,5,5,2,1,1,0,0,0,0,0,0,0,1,3
824981,2026-07-17,683083,"Nuñez, Nasim",WSH,ATH,2026,6,6,3,3,0,0,0,0,0,1,0,0,0,3
824981,2026-07-17,686611,"Crews, Dylan",WSH,ATH,2026,6,5,1,0,1,0,0,1,0,3,0,0,1,2
824981,2026-07-17,695578,"Wood, James",WSH,ATH,2026,6,5,1,1,0,0,0,1,0,4,0,0,2,1
824981,2026-07-17,695670,"Ford, Harry",WSH,ATH,2026,6,5,2,1,0,0,1,1,0,2,0,0,3,5
824981,2026-07-17,695734,"Lile, Daylen",WSH,ATH,2026,6,6,2,1,0,0,1,0,0,2,0,0,4,5
824981,2026-07-17,696285,"Young, Jacob",WSH,ATH,2026,6,4,1,0,1,0,0,2,0,0,0,0,1,2
825000,2026-05-30,502671,"Goldschmidt, Paul",NYY,ATH,2026,4,3,1,1,0,0,0,1,0,1,0,0,0,1
825000,2026-05-30,592450,"Judge, Aaron",NYY,ATH,2026,5,4,0,0,0,0,0,1,0,0,0,0,1,0
825000,2026-05-30,641355,"Bellinger, Cody",NYY,ATH,2026,5,3,0,0,0,0,0,2,0,0,0,0,1,0
825000,2026-05-30,641555,"Escarra, J.C.",NYY,ATH,2026,1,0,0,0,0,0,0,1,0,0,0,0,0,0
825000,2026-05-30,641857,"McMahon, Ryan",NYY,ATH,2026,4,4,2,2,0,0,0,0,0,2,0,0,0,2
825000,2026-05-30,663757,"Grisham, Trent",NYY,ATH,2026,5,3,0,0,0,0,0,2,0,0,0,0,0,0
825000,2026-05-30,665862,"Chisholm Jr., Jazz",NYY,ATH,2026,5,5,1,1,0,0,0,0,0,0,0,0,0,1
825000,2026-05-30,669224,"Wells, Austin",NYY,ATH,2026,2,2,1,1,0,0,0,0,0,0,0,0,0,1
825000,2026-05-30,676609,"Caballero, José",NYY,ATH,2026,1,1,0,0,0,0,0,0,0,1,0,0,0,0
825000,2026-05-30,683011,"Volpe, Anthony",NYY,ATH,2026,4,4,0,0,0,0,0,0,0,2,0,0,0,0
825000,2026-05-30,700250,"Rice, Ben",NYY,ATH,2026,5,3,1,1,0,0,0,2,0,2,0,0,1,1
825001,2026-05-31,502671,"Goldschmidt, Paul",NYY,ATH,2026,5,5,1,1,0,0,0,0,0,1,0,0,1,1
825001,2026-05-31,592450,"Judge, Aaron",NYY,ATH,2026,4,4,1,1,0,0,0,0,0,2,0,0,1,1
825001,2026-05-31,641355,"Bellinger, Cody",NYY,ATH,2026,5,4,2,2,0,0,0,1,0,1,0,0,1,2
825001,2026-05-31,641857,"McMahon, Ryan",NYY,ATH,2026,1,1,0,0,0,0,0,0,0,1,0,0,0,0
825001,2026-05-31,663757,"Grisham, Trent",NYY,ATH,2026,5,5,1,1,0,0,0,0,0,0,0,0,2,1
825001,2026-05-31,669224,"Wells, Austin",NYY,ATH,2026,4,2,0,0,0,0,0,2,0,1,0,0,0,0
825001,2026-05-31,676609,"Caballero, José",NYY,ATH,2026,5,4,1,1,0,0,0,1,0,2,0,0,1,1
825001,2026-05-31,680474,"Schuemann, Max",NYY,ATH,2026,4,3,1,0,1,0,0,1,0,1,0,0,2,2
825001,2026-05-31,683011,"Volpe, Anthony",NYY,ATH,2026,4,4,2,2,0,0,0,0,0,0,0,0,1,2
825001,2026-05-31,700250,"Rice, Ben",NYY,ATH,2026,5,5,2,0,1,1,0,0,0,1,0,0,4,5
825002,2026-05-29,502671,"Goldschmidt, Paul",NYY,ATH,2026,5,5,1,0,0,0,1,0,0,0,0,0,3,4
825002,2026-05-29,592450,"Judge, Aaron",NYY,ATH,2026,5,4,1,1,0,0,0,1,0,1,0,0,2,1
825002,2026-05-29,641355,"Bellinger, Cody",NYY,ATH,2026,5,4,1,1,0,0,0,1,0,1,0,0,0,1
825002,2026-05-29,641555,"Escarra, J.C.",NYY,ATH,2026,4,4,0,0,0,0,0,0,0,0,0,0,0,0
825002,2026-05-29,641857,"McMahon, Ryan",NYY,ATH,2026,4,4,1,0,0,0,1,0,0,1,0,0,1,4
825002,2026-05-29,663757,"Grisham, Trent",NYY,ATH,2026,5,5,2,2,0,0,0,0,0,2,0,0,0,2
825002,2026-05-29,665862,"Chisholm Jr., Jazz",NYY,ATH,2026,5,5,0,0,0,0,0,0,0,1,0,0,0,0
825002,2026-05-29,676609,"Caballero, José",NYY,ATH,2026,4,4,2,1,1,0,0,0,0,0,0,0,0,3
825002,2026-05-29,700250,"Rice, Ben",NYY,ATH,2026,5,5,4,1,2,0,1,0,0,0,0,0,2,9
825028,2026-09-20,641355,"Bellinger, Cody",NYY,AZ,2026,4,4,1,1,0,0,0,0,0,3,0,0,0,1
825028,2026-09-20,669224,"Wells, Austin",NYY,AZ,2026,4,3,1,1,0,0,0,1,0,1,0,0,0,1
825028,2026-09-20,671218,"Ramos, Heliot",NYY,AZ,2026,4,4,1,0,0,0,1,0,0,1,0,0,1,4
825028,2026-09-20,671277,"García Jr., Luis",NYY,AZ,2026,4,4,1,1,0,0,0,0,0,0,0,0,0,1
825028,2026-09-20,676609,"Caballero, José",NYY,AZ,2026,4,4,0,0,0,0,0,0,0,1,0,0,0,0
825028,2026-09-20,682987,"Jones, Spencer",NYY,AZ,2026,4,4,1,0,0,0,1,0,0,2,0,0,1,4
825028,2026-09-20,683011,"Volpe, Anthony",NYY,AZ,2026,4,4,1,1,0,0,0,0,0,0,0,0,0,1
825028,2026-09-20,700250,"Rice, Ben",NYY,AZ,2026,4,3,0,0,0,0,0,1,0,0,0,0,0,0
825028,2026-09-20,806146,"Lombard Jr., George",NYY,AZ,2026,4,4,2,1,0,0,1,0,0,0,0,0,2,5
825029,2026-09-19,641355,"Bellinger, Cody",NYY,AZ,2026,4,4,0,0,0,0,0,0,0,0,0,0,0,0
825029,2026-09-19,641857,"McMahon, Ryan",NYY,AZ,2026,2,1,0,0,0,0,0,1,0,0,0,0,0,0
825029,2026-09-19,642708,"Rosario, Amed",NYY,AZ,2026,2,2,0,0,0,0,0,0,0,0,0,0,0,0
825029,2026-09-19,669224,"Wells, Austin",NYY,AZ,2026,4,3,2,1,0,0,1,1,0,0,0,0,1,5
825029,2026-09-19,671218,"Ramos, Heliot",NYY,AZ,2026,4,4,1,0,0,0,1,0,0,1,0,0,1,4
825029,2026-09-19,671277,"García Jr., Luis",NYY,AZ,2026,4,4,0,0,0,0,0,0,0,2,0,0,0,0
825029,2026-09-19,676609,"Caballero, José",NYY,AZ,2026,3,2,2,2,0,0,0,1,0,0,0,0,0,2
825029,2026-09-19,683011,"Volpe, Anthony",NYY,AZ,2026,4,4,1,1,0,0,0,0,0,1,0,0,0,1
825029,2026-09-19,700250,"Rice, Ben",NYY,AZ,2026,4,3,0,0,0,0,0,0,0,1,0,0,1,0
825029,2026-09-19,806146,"Lombard Jr., George",NYY,AZ,2026,4,4,0,0,0,0,0,0,0,1,0,0,0,0
825032,2026-09-18,502671,"Goldschmidt, Paul",NYY,AZ,2026,5,4,1,1,0,0,0,1,0,0,0,0,0,1
825032,2026-09-18,641355,"Bellinger, Cody",NYY,AZ,2026,5,5,1,1,0,0,0,0,0,0,0,0,0,1
825032,2026-09-18,641857,"McMahon, Ryan",NYY,AZ,2026,2,2,0,0,0,0,0,0,0,1,0,0,0,0
825032,2026-09-18,642708,"Rosario, Amed",NYY,AZ,2026,3,3,1,1,0,0,0,0,0,0,0,0,1,1
825032,2026-09-18,669224,"Wells, Austin",NYY,AZ,2026,4,3,1,1,0,0,0,1,0,1,0,0,0,1
825032,2026-09-18,671218,"Ramos, Heliot",NYY,AZ,2026,5,3,0,0,0,0,0,2,0,1,0,0,0,0
825032,2026-09-18,682987,"Jones, Spencer",NYY,AZ,2026,4,4,0,0,0,0,0,0,0,2,0,0,1,0
825032,2026-09-18,683011,"Volpe, Anthony",NYY,AZ,2026,4,4,0,0,0,0,0,0,0,2,0,0,0,0
825032,2026-09-18,700250,"Rice, Ben",NYY,AZ,2026,5,3,2,0,0,1,1,2,0,0,0,0,2,7
825032,2026-09-18,806146,"Lombard Jr., George",NYY,AZ,2026,4,4,2,1,0,0,1,0,0,0,0,0,3,5
825073,2026-06-05,671277,"García Jr., Luis",WSH,AZ,2026,6,6,2,0,0,0,2,0,0,0,0,0,6,8
825073,2026-06-05,677588,"Tena, José",WSH,AZ,2026,3,3,1,1,0,0,0,0,0,1,0,0,0,1
825073,2026-06-05,678391,"Vivas, Jorbit",WSH,AZ,2026,6,5,2,1,1,0,0,1,0,1,0,0,3,3
825073,2026-06-05,678554,"Mead, Curtis",WSH,AZ,2026,3,2,1,1,0,0,0,1,0,0,0,0,0,1
825073,2026-06-05,682928,"Abrams, CJ",WSH,AZ,2026,6,4,2,1,0,0,1,2,0,1,0,0,1,5
825073,2026-06-05,683083,"Nuñez, Nasim",WSH,AZ,2026,5,5,2,2,0,0,0,0,0,1,0,0,0,2
825073,2026-06-05,686452,"Millas, Drew",WSH,AZ,2026,5,2,1,1,0,0,0,2,1,0,0,0,0,1
825073,2026-06-05,686611,"Crews, Dylan",WSH,AZ,2026,6,5,0,0,0,0,0,0,1,1,0,0,1,0
825073,2026-06-05,695578,"Wood, James",WSH,AZ,2026,5,4,2,1,0,0,1,1,0,2,0,0,1,5
825073,2026-06-05,695734,"Lile, Daylen",WSH,AZ,2026,6,6,3,2,0,0,1,0,0,0,0,0,2,6
825073,2026-06-05,696285,"Young, Jacob",WSH,AZ,2026,1,1,0,0,0,0,0,0,0,0,0,0,0,0
825074,2026-06-07,660688,"Ruiz, Keibert",WSH,AZ,2026,3,3,1,0,1,0,0,0,0,0,0,0,0,2
825074,2026-06-07,671277,"García Jr., Luis",WSH,AZ,2026,4,4,0,0,0,0,0,0,0,0,0,0,0,0
825074,2026-06-07,677588,"Tena, José",WSH,AZ,2026,3,3,0,0,0,0,0,0,0,1,0,0,0,0
825074,2026-06-07,678554,"Mead, Curtis",WSH,AZ,2026,4,4,1,0,1,0,0,0,0,2,0,0,0,2
825074,2026-06-07,682928,"Abrams, CJ",WSH,AZ,2026,4,4,1,0,0,0,1,0,0,0,0,0,1,4
825074,2026-06-07,686611,"Crews, Dylan",WSH,AZ,2026,4,4,0,0,0,0,0,0,0,1,0,0,0,0
825074,2026-06-07,695578,"Wood, James",WSH,AZ,2026,4,2,0,0,0,0,0,2,0,0,0,0,0,0
825074,2026-06-07,695734,"Lile, Daylen",WSH,AZ,2026,3,3,0,0,0,0,0,0,0,2,0,0,0,0
825074,2026-06-07,696285,"Young, Jacob",WSH,AZ,2026,3,3,0,0,0,0,0,0,0,1,0,0,0,0
825075,2026-06-06,660688,"Ruiz, Keibert",WSH,AZ,2026,4,3,1,0,1,0,0,1,0,0,0,0,1,2
825075,2026-06-06,665953,"Chaparro, Andrés",WSH,AZ,2026,3,2,0,0,0,0,0,1,0,1,0,0,0,0
825075,2026-06-06,671277,"García Jr., Luis",WSH,AZ,2026,1,1,0,0,0,0,0,0,0,0,0,0,0,0
825075,2026-06-06,678554,"Mead, Curtis",WSH,AZ,2026,5,4,1,0,0,0,1,1,0,0,0,0,2,4
825075,2026-06-06,682928,"Abrams, CJ",WSH,AZ,2026,4,4,0,0,0,0,0,0,0,2,0,0,0,0
825075,2026-06-06,683083,"Nuñez, Nasim",WSH,AZ,2026,4,3,1,1,0,0,0,0,0,0,0,0,2,1
825075,2026-06-06,686611,"Crews, Dylan",WSH,AZ,2026,4,4,2,1,0,0,1,0,0,0,0,0,1,5
825075,2026-06-06,695578,"Wood, James",WSH,AZ,2026,5,4,1,1,0,0,0,1,0,3,0,0,0,1
825075,2026-06-06,695734,"Lile, Daylen",WSH,AZ,2026,4,3,1,1,0,0,0,1,0,1,0,0,0,1
825075,2026-06-06,696285,"Young, Jacob",WSH,AZ,2026,4,4,1,0,0,1,0,0,0,1,0,0,0,3
