game_pk,game_date,player_id,player_name,team,opposing_team_x,season,opposing_team_y,game_score_raw,game_score
778555,2025-03-27,682928,"Abrams, CJ",WSH,PHI,2025,PHI,70.66,28.416660483222174
778555,2025-03-27,605137,"Bell, Josh",WSH,PHI,2025,PHI,66.63000000000001,27.69200717621602
778557,2025-03-27,641355,"Bellinger, Cody",NYY,MIL,2025,MIL,139.92499999999998,40.871526813192695
778557,2025-03-27,665828,"Cabrera, Oswaldo",NYY,MIL,2025,MIL,74.78,29.15749711470241
778557,2025-03-27,665862,"Chisholm Jr., Jazz",NYY,MIL,2025,MIL,27.8649133472,20.72147411434713
778555,2025-03-27,686611,"Crews, Dylan",WSH,PHI,2025,PHI,102.535,34.148254567793174
778555,2025-03-27,657557,"DeJong, Paul",WSH,PHI,2025,PHI,-9.010000000000007,14.090822029331296
778557,2025-03-27,691176,"Domínguez, Jasson",NYY,MIL,2025,MIL,3.1399999999999997,16.275570833332477
778555,2025-03-27,671277,"García Jr., Luis",WSH,PHI,2025,PHI,117.8963813856,36.91045700482985
778557,2025-03-27,502671,"Goldschmidt, Paul",NYY,MIL,2025,MIL,-3.459999999999999,15.088793705233073
778557,2025-03-27,663757,"Grisham, Trent",NYY,MIL,2025,MIL,48.3,24.396003424994483
778557,2025-03-27,592450,"Judge, Aaron",NYY,MIL,2025,MIL,89.96,31.88708450933105
778555,2025-03-27,663993,"Lowe, Nathaniel",WSH,PHI,2025,PHI,16.17,18.618556587746916
778557,2025-03-27,700250,"Rice, Ben",NYY,MIL,2025,MIL,109.25,35.35571038827614
778555,2025-03-27,660688,"Ruiz, Keibert",WSH,PHI,2025,PHI,265.3585933504,63.42633282585582
778557,2025-03-27,683011,"Volpe, Anthony",NYY,MIL,2025,MIL,183.19500000000002,48.65210959089897
778557,2025-03-27,669224,"Wells, Austin",NYY,MIL,2025,MIL,181.645,48.37339678051198
778555,2025-03-27,695578,"Wood, James",WSH,PHI,2025,PHI,103.04,34.239060999564416
778555,2025-03-27,696285,"Young, Jacob",WSH,PHI,2025,PHI,104.57499999999999,34.51507658920573
778535,2025-03-29,682928,"Abrams, CJ",WSH,PHI,2025,PHI,155.815,43.728782656450214
778535,2025-03-29,656180,"Adams, Riley",WSH,PHI,2025,PHI,43.275000000000006,23.492434475191526
778535,2025-03-29,605137,"Bell, Josh",WSH,PHI,2025,PHI,64.64267970240002,27.33465774054945
778538,2025-03-29,641355,"Bellinger, Cody",NYY,MIL,2025,MIL,243.32999999999998,59.46526756033198
778538,2025-03-29,665828,"Cabrera, Oswaldo",NYY,MIL,2025,MIL,31.86,21.439849487728686
778538,2025-03-29,665862,"Chisholm Jr., Jazz",NYY,MIL,2025,MIL,175.815,47.32507698402418
778535,2025-03-29,686611,"Crews, Dylan",WSH,PHI,2025,PHI,-63.13000000000001,4.359249578916153
778535,2025-03-29,657557,"DeJong, Paul",WSH,PHI,2025,PHI,47.96499999999999,24.335765495007617
778538,2025-03-29,691176,"Domínguez, Jasson",NYY,MIL,2025,MIL,120.39000000000001,37.35884632873483
778538,2025-03-29,641555,"Escarra, J.C.",NYY,MIL,2025,MIL,27.495000000000005,20.65495825073567
778538,2025-03-29,502671,"Goldschmidt, Paul",NYY,MIL,2025,MIL,226.54500000000002,56.44707754591553
778538,2025-03-29,663757,"Grisham, Trent",NYY,MIL,2025,MIL,136.65499999999997,40.28353269063435
778538,2025-03-29,592450,"Judge, Aaron",NYY,MIL,2025,MIL,404.63,88.46938131221599
778535,2025-03-29,663993,"Lowe, Nathaniel",WSH,PHI,2025,PHI,202.08499999999998,52.048809583292574
778538,2025-03-29,672724,"Peraza, Oswald",NYY,MIL,2025,MIL,120.40499999999999,37.36154354948051
778538,2025-03-29,622569,"Reyes, Pablo",NYY,MIL,2025,MIL,81.46000000000001,30.35865942011211
778535,2025-03-29,642708,"Rosario, Amed",WSH,PHI,2025,PHI,184.201104176,48.83302192795384
778535,2025-03-29,660688,"Ruiz, Keibert",WSH,PHI,2025,PHI,132.715,39.57506270810228
778535,2025-03-29,677588,"Tena, José",WSH,PHI,2025,PHI,42.85,23.41601322073058
778538,2025-03-29,683011,"Volpe, Anthony",NYY,MIL,2025,MIL,215.065,54.38280460188808
778538,2025-03-29,669224,"Wells, Austin",NYY,MIL,2025,MIL,176.075,47.371828810282636
778535,2025-03-29,695578,"Wood, James",WSH,PHI,2025,PHI,130.2924916416,39.13946005471157
778535,2025-03-29,696285,"Young, Jacob",WSH,PHI,2025,PHI,88.905,31.69737998355152
778526,2025-03-30,682928,"Abrams, CJ",WSH,PHI,2025,PHI,-0.06500000000000572,15.699264667338749
778526,2025-03-30,605137,"Bell, Josh",WSH,PHI,2025,PHI,47.81128742080002,24.308125711174938
778523,2025-03-30,641355,"Bellinger, Cody",NYY,MIL,2025,MIL,139.45499999999998,40.78701389649471
778523,2025-03-30,665828,"Cabrera, Oswaldo",NYY,MIL,2025,MIL,48.544999999999995,24.440058030507267
778523,2025-03-30,665862,"Chisholm Jr., Jazz",NYY,MIL,2025,MIL,327.76,74.64702406418546
778526,2025-03-30,686611,"Crews, Dylan",WSH,PHI,2025,PHI,-55.879999999999995,5.662906272661717
778526,2025-03-30,657557,"DeJong, Paul",WSH,PHI,2025,PHI,194.74,50.72807049149104
778523,2025-03-30,691176,"Domínguez, Jasson",NYY,MIL,2025,MIL,25.76,20.34297971781863
778526,2025-03-30,671277,"García Jr., Luis",WSH,PHI,2025,PHI,2.205872976000011,16.107601047450242
778523,2025-03-30,502671,"Goldschmidt, Paul",NYY,MIL,2025,MIL,116.39500000000001,36.64048653680193
778523,2025-03-30,663757,"Grisham, Trent",NYY,MIL,2025,MIL,22.615000000000002,19.77746243480762
778523,2025-03-30,592450,"Judge, Aaron",NYY,MIL,2025,MIL,276.765,65.47737260245376
778526,2025-03-30,663993,"Lowe, Nathaniel",WSH,PHI,2025,PHI,287.06,67.32856510757244
778523,2025-03-30,672724,"Peraza, Oswald",NYY,MIL,2025,MIL,23.425000000000004,19.92311235507437
778523,2025-03-30,622569,"Reyes, Pablo",NYY,MIL,2025,MIL,-1.9299999999999997,15.363910221292478
778523,2025-03-30,700250,"Rice, Ben",NYY,MIL,2025,MIL,160.32500000000002,44.539747027318136
778526,2025-03-30,660688,"Ruiz, Keibert",WSH,PHI,2025,PHI,43.9,23.604818672928214
778523,2025-03-30,683011,"Volpe, Anthony",NYY,MIL,2025,MIL,65.855,27.55265077102253
778523,2025-03-30,669224,"Wells, Austin",NYY,MIL,2025,MIL,26.965,20.559656451054963
778526,2025-03-30,695578,"Wood, James",WSH,PHI,2025,PHI,-9.209999999999997,14.054859086055558
778526,2025-03-30,696285,"Young, Jacob",WSH,PHI,2025,PHI,65.89500000000001,27.55984335967768
778507,2025-03-31,682928,"Abrams, CJ",WSH,TOR,2025,TOR,89.20499999999998,31.75132439846513
778507,2025-03-31,605137,"Bell, Josh",WSH,TOR,2025,TOR,65.4082936768,27.47232640021175
778507,2025-03-31,686611,"Crews, Dylan",WSH,TOR,2025,TOR,39.1965351424,22.7590664735617
778507,2025-03-31,657557,"DeJong, Paul",WSH,TOR,2025,TOR,35.584999999999994,22.109659306239337
778507,2025-03-31,671277,"García Jr., Luis",WSH,TOR,2025,TOR,-21.005,11.933944506368812
778507,2025-03-31,663993,"Lowe, Nathaniel",WSH,TOR,2025,TOR,68.25,27.983307016749514
778507,2025-03-31,660688,"Ruiz, Keibert",WSH,TOR,2025,TOR,30.464999999999996,21.1890079583804
778507,2025-03-31,695578,"Wood, James",WSH,TOR,2025,TOR,201.245,51.89776522153448
778507,2025-03-31,696285,"Young, Jacob",WSH,TOR,2025,TOR,51.736886678400005,25.014006228296708
778491,2025-04-01,682928,"Abrams, CJ",WSH,TOR,2025,TOR,177.33,47.5974962793379
778491,2025-04-01,605137,"Bell, Josh",WSH,TOR,2025,TOR,74.51999999999998,29.11074528844395
778492,2025-04-01,641355,"Bellinger, Cody",NYY,AZ,2025,AZ,76.19,29.411035864796375
778492,2025-04-01,665828,"Cabrera, Oswaldo",NYY,AZ,2025,AZ,90.19368561920001,31.929104622669275
778491,2025-04-01,669743,"Call, Alex",WSH,TOR,2025,TOR,108.38999999999999,35.201069732190454
778492,2025-04-01,665862,"Chisholm Jr., Jazz",NYY,AZ,2025,AZ,-38.39,8.807865662125145
778491,2025-04-01,657557,"DeJong, Paul",WSH,TOR,2025,TOR,-2.6249999999999964,15.238938993409285
778492,2025-04-01,691176,"Domínguez, Jasson",NYY,AZ,2025,AZ,136.5160981568,40.258556095094875
778491,2025-04-01,671277,"García Jr., Luis",WSH,TOR,2025,TOR,43.400000000000006,23.51491131473886
778492,2025-04-01,502671,"Goldschmidt, Paul",NYY,AZ,2025,AZ,38.81,22.68956176656064
778492,2025-04-01,663757,"Grisham, Trent",NYY,AZ,2025,AZ,-15.179999999999998,12.98136522927473
778492,2025-04-01,592450,"Judge, Aaron",NYY,AZ,2025,AZ,25.695039439999995,20.33129885314643
778491,2025-04-01,663993,"Lowe, Nathaniel",WSH,TOR,2025,TOR,30.515,21.197998694199338
778492,2025-04-01,622569,"Reyes, Pablo",NYY,AZ,2025,AZ,-3.615000000000001,15.060922424194374
778492,2025-04-01,700250,"Rice, Ben",NYY,AZ,2025,AZ,258.2088071904,62.14069605532709
778491,2025-04-01,660688,"Ruiz, Keibert",WSH,TOR,2025,TOR,114.94,36.37885612447093
778492,2025-04-01,683011,"Volpe, Anthony",NYY,AZ,2025,AZ,131.135,39.29095545622394
778492,2025-04-01,669224,"Wells, Austin",NYY,AZ,2025,AZ,103.20500000000001,34.268730427766904
778491,2025-04-01,695578,"Wood, James",WSH,TOR,2025,TOR,-33.27,9.72851700998408
778491,2025-04-01,696285,"Young, Jacob",WSH,TOR,2025,TOR,-13.584999999999997,13.268169701898755
778478,2025-04-02,682928,"Abrams, CJ",WSH,TOR,2025,TOR,123.08999999999999,37.844346062957314
778478,2025-04-02,605137,"Bell, Josh",WSH,TOR,2025,TOR,74.65,29.134121201573176
778484,2025-04-02,641355,"Bellinger, Cody",NYY,AZ,2025,AZ,8.40000000000001,17.22139624148443
778484,2025-04-02,665828,"Cabrera, Oswaldo",NYY,AZ,2025,AZ,-44.730000000000004,7.667840360284199
778478,2025-04-02,669743,"Call, Alex",WSH,TOR,2025,TOR,87.985,31.53195044448312
778484,2025-04-02,665862,"Chisholm Jr., Jazz",NYY,AZ,2025,AZ,50.47159101439999,24.786487447339344
778478,2025-04-02,686611,"Crews, Dylan",WSH,TOR,2025,TOR,3.989999999999997,16.428413342254373
778478,2025-04-02,657557,"DeJong, Paul",WSH,TOR,2025,TOR,7.845000000000006,17.121599073894256
778484,2025-04-02,691176,"Domínguez, Jasson",NYY,AZ,2025,AZ,-7.395000000000003,14.381222796282895
778478,2025-04-02,671277,"García Jr., Luis",WSH,TOR,2025,TOR,-10.185,13.879539737586324
778484,2025-04-02,502671,"Goldschmidt, Paul",NYY,AZ,2025,AZ,11.77000000000001,17.827371835680644
778484,2025-04-02,592450,"Judge, Aaron",NYY,AZ,2025,AZ,17.155,18.795674083379932
778478,2025-04-02,663993,"Lowe, Nathaniel",WSH,TOR,2025,TOR,19.840000000000018,19.278476596856738
778484,2025-04-02,622569,"Reyes, Pablo",NYY,AZ,2025,AZ,-4.839999999999999,14.840649396630468
778484,2025-04-02,700250,"Rice, Ben",NYY,AZ,2025,AZ,-15.391627363200008,12.943311514982947
778478,2025-04-02,642708,"Rosario, Amed",WSH,TOR,2025,TOR,7.1899999999999995,17.003820434666206
778478,2025-04-02,660688,"Ruiz, Keibert",WSH,TOR,2025,TOR,25.265000000000004,20.253971433211174
778478,2025-04-02,677588,"Tena, José",WSH,TOR,2025,TOR,-18.37,12.407756284026682
778484,2025-04-02,683011,"Volpe, Anthony",NYY,AZ,2025,AZ,109.54999999999998,35.40965480318974
778484,2025-04-02,669224,"Wells, Austin",NYY,AZ,2025,AZ,109.215,35.34941687320288
778478,2025-04-02,695578,"Wood, James",WSH,TOR,2025,TOR,28.835000000000004,20.895909970683128
778466,2025-04-03,641355,"Bellinger, Cody",NYY,AZ,2025,AZ,24.22,20.066065054595434
778466,2025-04-03,665828,"Cabrera, Oswaldo",NYY,AZ,2025,AZ,-0.9100000000000068,15.547321231998747
778466,2025-04-03,665862,"Chisholm Jr., Jazz",NYY,AZ,2025,AZ,299.04499999999996,69.48364448337114
778466,2025-04-03,691176,"Domínguez, Jasson",NYY,AZ,2025,AZ,99.94999999999999,33.68343352595424
778466,2025-04-03,641555,"Escarra, J.C.",NYY,AZ,2025,AZ,162.3479926368,44.90351087454052
778466,2025-04-03,502671,"Goldschmidt, Paul",NYY,AZ,2025,AZ,63.0,27.03927975576135
778466,2025-04-03,663757,"Grisham, Trent",NYY,AZ,2025,AZ,260.38,62.531108474588784
778466,2025-04-03,592450,"Judge, Aaron",NYY,AZ,2025,AZ,267.7940700448,63.86426737690629
778466,2025-04-03,700250,"Rice, Ben",NYY,AZ,2025,AZ,193.42,50.49071506587115
778466,2025-04-03,683011,"Volpe, Anthony",NYY,AZ,2025,AZ,14.789999999999996,18.37041227914431
778457,2025-04-04,682928,"Abrams, CJ",WSH,AZ,2025,AZ,126.62,38.47909201177412
778457,2025-04-04,605137,"Bell, Josh",WSH,AZ,2025,AZ,112.85,36.00304336723944
778461,2025-04-04,665828,"Cabrera, Oswaldo",NYY,PIT,2025,PIT,291.81,68.18268501037127
778461,2025-04-04,665862,"Chisholm Jr., Jazz",NYY,PIT,2025,PIT,41.69,23.207428149731292
778457,2025-04-04,686611,"Crews, Dylan",WSH,AZ,2025,AZ,65.27,27.44745916194099
778461,2025-04-04,691176,"Domínguez, Jasson",NYY,PIT,2025,PIT,232.2793623136,57.4782002789482
778457,2025-04-04,671277,"García Jr., Luis",WSH,AZ,2025,AZ,128.78,38.867491799152106
778461,2025-04-04,502671,"Goldschmidt, Paul",NYY,PIT,2025,PIT,71.465,28.561411329907028
778461,2025-04-04,663757,"Grisham, Trent",NYY,PIT,2025,PIT,133.2,39.66227284554596
778461,2025-04-04,592450,"Judge, Aaron",NYY,PIT,2025,PIT,177.75,47.67301846021696
778457,2025-04-04,663993,"Lowe, Nathaniel",WSH,AZ,2025,AZ,203.66157326719997,52.33230065818437
778461,2025-04-04,700250,"Rice, Ben",NYY,PIT,2025,PIT,287.525,67.41217895068854
778457,2025-04-04,660688,"Ruiz, Keibert",WSH,AZ,2025,AZ,29.799537030400003,21.069347923241256
778457,2025-04-04,677588,"Tena, José",WSH,AZ,2025,AZ,0.8249999999999993,15.859299764915793
778461,2025-04-04,683011,"Volpe, Anthony",NYY,PIT,2025,PIT,239.615,58.79725588898512
778461,2025-04-04,669224,"Wells, Austin",NYY,PIT,2025,PIT,136.72500000000002,40.29611972078087
778457,2025-04-04,695578,"Wood, James",WSH,AZ,2025,AZ,37.69,22.488169284216497
778457,2025-04-04,696285,"Young, Jacob",WSH,AZ,2025,AZ,52.614999999999995,25.171903926168564
778452,2025-04-05,682928,"Abrams, CJ",WSH,AZ,2025,AZ,-41.7232300992,8.208501837212557
778452,2025-04-05,656180,"Adams, Riley",WSH,AZ,2025,AZ,22.40499999999999,19.739701344368097
778452,2025-04-05,605137,"Bell, Josh",WSH,AZ,2025,AZ,114.31,36.26557285315235
778452,2025-04-05,669743,"Call, Alex",WSH,AZ,2025,AZ,119.27999999999999,37.15925199355448
778449,2025-04-05,665862,"Chisholm Jr., Jazz",NYY,PIT,2025,PIT,118.17179137920002,36.95997977471689
778452,2025-04-05,686611,"Crews, Dylan",WSH,AZ,2025,AZ,6.405000000000006,16.862665882308928
778452,2025-04-05,657557,"DeJong, Paul",WSH,AZ,2025,AZ,-13.209999999999987,13.335600220540766
778449,2025-04-05,691176,"Domínguez, Jasson",NYY,PIT,2025,PIT,97.78,33.29323559141246
778449,2025-04-05,502671,"Goldschmidt, Paul",NYY,PIT,2025,PIT,160.53,44.57660904417577
778449,2025-04-05,663757,"Grisham, Trent",NYY,PIT,2025,PIT,193.56,50.51588912616417
778449,2025-04-05,592450,"Judge, Aaron",NYY,PIT,2025,PIT,36.45,22.265199035906914
778452,2025-04-05,663993,"Lowe, Nathaniel",WSH,AZ,2025,AZ,9.317514691200003,17.386378885455848
778449,2025-04-05,672724,"Peraza, Oswald",NYY,PIT,2025,PIT,106.273545152,34.820500003969016
778449,2025-04-05,700250,"Rice, Ben",NYY,PIT,2025,PIT,17.320000000000004,18.825343511582417
778452,2025-04-05,642708,"Rosario, Amed",WSH,AZ,2025,AZ,65.690394064,27.523052201326436
778449,2025-04-05,683011,"Volpe, Anthony",NYY,PIT,2025,PIT,130.725,39.217231422508675
778449,2025-04-05,669224,"Wells, Austin",NYY,PIT,2025,PIT,242.345,59.288150064698954
778452,2025-04-05,695578,"Wood, James",WSH,AZ,2025,AZ,152.485,43.12999965090915
778429,2025-04-06,682928,"Abrams, CJ",WSH,AZ,2025,AZ,124.79500000000002,38.150930154383
778429,2025-04-06,605137,"Bell, Josh",WSH,AZ,2025,AZ,110.71,35.61823987418904
778428,2025-04-06,641355,"Bellinger, Cody",NYY,PIT,2025,PIT,105.889211056,34.751391077502106
778429,2025-04-06,669743,"Call, Alex",WSH,AZ,2025,AZ,170.63500000000002,46.39363675318252
778428,2025-04-06,665862,"Chisholm Jr., Jazz",NYY,PIT,2025,PIT,66.24499999999999,27.622778510410225
778429,2025-04-06,686611,"Crews, Dylan",WSH,AZ,2025,AZ,60.69000000000001,26.623907760926556
778429,2025-04-06,657557,"DeJong, Paul",WSH,AZ,2025,AZ,201.48999999999998,51.94181982704724
778428,2025-04-06,691176,"Domínguez, Jasson",NYY,PIT,2025,PIT,84.965,30.98891000101945
778429,2025-04-06,671277,"García Jr., Luis",WSH,AZ,2025,AZ,108.82,35.27839006023329
778428,2025-04-06,502671,"Goldschmidt, Paul",NYY,PIT,2025,PIT,47.655,24.280022932930223
778428,2025-04-06,663757,"Grisham, Trent",NYY,PIT,2025,PIT,173.75,46.95375959470216
778428,2025-04-06,592450,"Judge, Aaron",NYY,PIT,2025,PIT,77.9835450176,29.73354165344854
778429,2025-04-06,663993,"Lowe, Nathaniel",WSH,AZ,2025,AZ,116.175,36.600927299198624
778428,2025-04-06,672724,"Peraza, Oswald",NYY,PIT,2025,PIT,122.27999999999999,37.698696142690565
778429,2025-04-06,660688,"Ruiz, Keibert",WSH,AZ,2025,AZ,113.1033256,36.048595038154915
778428,2025-04-06,683011,"Volpe, Anthony",NYY,PIT,2025,PIT,133.625,39.7386941000069
778428,2025-04-06,669224,"Wells, Austin",NYY,PIT,2025,PIT,83.30598140800001,30.690594043431986
778429,2025-04-06,695578,"Wood, James",WSH,AZ,2025,AZ,84.56,30.91608504088608
778418,2025-04-07,605137,"Bell, Josh",WSH,LAD,2025,LAD,116.855,36.723201306336136
778424,2025-04-07,641355,"Bellinger, Cody",NYY,DET,2025,DET,94.17,32.644104465285366
778424,2025-04-07,665828,"Cabrera, Oswaldo",NYY,DET,2025,DET,-6.190000000000003,14.597899529519227
778418,2025-04-07,669743,"Call, Alex",WSH,LAD,2025,LAD,106.275,34.820761607049505
778424,2025-04-07,665862,"Chisholm Jr., Jazz",NYY,DET,2025,DET,-22.29,11.702882595822183
778418,2025-04-07,686611,"Crews, Dylan",WSH,LAD,2025,LAD,24.884999999999998,20.18564184098727
778418,2025-04-07,657557,"DeJong, Paul",WSH,LAD,2025,LAD,173.035,46.82519207249139
778418,2025-04-07,671277,"García Jr., Luis",WSH,LAD,2025,LAD,93.85,32.58656375604418
778424,2025-04-07,502671,"Goldschmidt, Paul",NYY,DET,2025,DET,93.05000000000001,32.44271198294123
778424,2025-04-07,663757,"Grisham, Trent",NYY,DET,2025,DET,43.660000000000004,23.56166314099733
778424,2025-04-07,592450,"Judge, Aaron",NYY,DET,2025,DET,95.21000000000001,32.83111177031921
778418,2025-04-07,663993,"Lowe, Nathaniel",WSH,LAD,2025,LAD,48.31500000000001,24.398700645740167
778424,2025-04-07,700250,"Rice, Ben",NYY,DET,2025,DET,147.305,42.1985594200675
778418,2025-04-07,642708,"Rosario, Amed",WSH,LAD,2025,LAD,76.12,29.39844883464987
778418,2025-04-07,660688,"Ruiz, Keibert",WSH,LAD,2025,LAD,162.82,44.98838474468299
778418,2025-04-07,677588,"Tena, José",WSH,LAD,2025,LAD,-17.785000000000004,12.512947893108217
778424,2025-04-07,683011,"Volpe, Anthony",NYY,DET,2025,DET,12.10000000000001,17.886710692085614
778424,2025-04-07,669224,"Wells, Austin",NYY,DET,2025,DET,-10.120000000000008,13.89122769415094
778418,2025-04-07,695578,"Wood, James",WSH,LAD,2025,LAD,253.765,61.341634125743695
778409,2025-04-08,669743,"Call, Alex",WSH,LAD,2025,LAD,128.52,38.82073997289365
778403,2025-04-08,665862,"Chisholm Jr., Jazz",NYY,DET,2025,DET,35.13,22.027843610287032
778409,2025-04-08,686611,"Crews, Dylan",WSH,LAD,2025,LAD,112.6,35.95808968814477
778409,2025-04-08,657557,"DeJong, Paul",WSH,LAD,2025,LAD,45.084999999999994,23.81789911183697
778403,2025-04-08,691176,"Domínguez, Jasson",NYY,DET,2025,DET,-21.504999999999995,11.844037148179465
778409,2025-04-08,671277,"García Jr., Luis",WSH,LAD,2025,LAD,-17.439999999999998,12.574983970258872
778403,2025-04-08,502671,"Goldschmidt, Paul",NYY,DET,2025,DET,131.925,39.43300908216312
778403,2025-04-08,663757,"Grisham, Trent",NYY,DET,2025,DET,5.704999999999999,16.73679558084384
778403,2025-04-08,592450,"Judge, Aaron",NYY,DET,2025,DET,61.622284441599994,26.791546223377132
778409,2025-04-08,663993,"Lowe, Nathaniel",WSH,LAD,2025,LAD,26.380197174400006,20.454500296832236
778403,2025-04-08,672724,"Peraza, Oswald",NYY,DET,2025,DET,-26.200000000000003,10.999807054781476
778403,2025-04-08,700250,"Rice, Ben",NYY,DET,2025,DET,21.900000000000006,19.648894912596855
778409,2025-04-08,642708,"Rosario, Amed",WSH,LAD,2025,LAD,47.925,24.328572906352473
778409,2025-04-08,660688,"Ruiz, Keibert",WSH,LAD,2025,LAD,60.215,26.53849577064667
778403,2025-04-08,683011,"Volpe, Anthony",NYY,DET,2025,DET,57.935,26.12851821730324
778403,2025-04-08,669224,"Wells, Austin",NYY,DET,2025,DET,-69.2835648256,3.252748065082958
778409,2025-04-08,695578,"Wood, James",WSH,LAD,2025,LAD,398.945,87.44713464960309
778409,2025-04-08,696285,"Young, Jacob",WSH,LAD,2025,LAD,165.68,45.50265483352607
778392,2025-04-09,682928,"Abrams, CJ",WSH,LAD,2025,LAD,91.67500000000001,32.19546674792052
778392,2025-04-09,605137,"Bell, Josh",WSH,LAD,2025,LAD,132.398050176,39.51807046539344
778387,2025-04-09,641355,"Bellinger, Cody",NYY,DET,2025,DET,36.95,22.35510639409626
778387,2025-04-09,665828,"Cabrera, Oswaldo",NYY,DET,2025,DET,206.695,52.87775542579838
778392,2025-04-09,669743,"Call, Alex",WSH,LAD,2025,LAD,122.87499999999999,37.80568589893589
778387,2025-04-09,665862,"Chisholm Jr., Jazz",NYY,DET,2025,DET,101.74,34.005301868272106
778392,2025-04-09,686611,"Crews, Dylan",WSH,LAD,2025,LAD,22.295,19.71992172556644
778392,2025-04-09,657557,"DeJong, Paul",WSH,LAD,2025,LAD,54.900000000000006,25.582780553093894
778387,2025-04-09,691176,"Domínguez, Jasson",NYY,DET,2025,DET,9.594999999999999,17.436274827556975
778387,2025-04-09,641555,"Escarra, J.C.",NYY,DET,2025,DET,95.235,32.83560713822868
778392,2025-04-09,671277,"García Jr., Luis",WSH,LAD,2025,LAD,128.379843648,38.79553779821009
778387,2025-04-09,502671,"Goldschmidt, Paul",NYY,DET,2025,DET,105.69500000000001,34.71646907154987
778387,2025-04-09,663757,"Grisham, Trent",NYY,DET,2025,DET,34.349999999999994,21.887588131511645
778387,2025-04-09,592450,"Judge, Aaron",NYY,DET,2025,DET,169.85,46.252482200825234
778392,2025-04-09,663993,"Lowe, Nathaniel",WSH,LAD,2025,LAD,89.675,31.83583731516312
778387,2025-04-09,700250,"Rice, Ben",NYY,DET,2025,DET,188.0673618464,49.52823195440377
778392,2025-04-09,642708,"Rosario, Amed",WSH,LAD,2025,LAD,-9.3087016544,14.037111076063514
778392,2025-04-09,660688,"Ruiz, Keibert",WSH,LAD,2025,LAD,89.33,31.773801238012467
778387,2025-04-09,683011,"Volpe, Anthony",NYY,DET,2025,DET,85.17,31.025772017877085
778392,2025-04-09,695578,"Wood, James",WSH,LAD,2025,LAD,116.35499999999999,36.63329394814678
778369,2025-04-11,682928,"Abrams, CJ",WSH,MIA,2025,MIA,6.510000000000002,16.881546427528693
778369,2025-04-11,605137,"Bell, Josh",WSH,MIA,2025,MIA,240.38,58.934814147014826
778370,2025-04-11,641355,"Bellinger, Cody",NYY,SF,2025,SF,62.775000000000006,26.998821444576137
778369,2025-04-11,669743,"Call, Alex",WSH,MIA,2025,MIA,282.205,66.45556465955387
778370,2025-04-11,665862,"Chisholm Jr., Jazz",NYY,SF,2025,SF,14.414999999999992,18.3029817605023
778369,2025-04-11,686611,"Crews, Dylan",WSH,MIA,2025,MIA,48.755,24.477819120946794
778369,2025-04-11,657557,"DeJong, Paul",WSH,MIA,2025,MIA,43.763064364799995,23.58019563052259
778369,2025-04-11,671277,"García Jr., Luis",WSH,MIA,2025,MIA,45.39,23.872742600332472
778370,2025-04-11,502671,"Goldschmidt, Paul",NYY,SF,2025,SF,9.069437046399997,17.34177087411624
778370,2025-04-11,663757,"Grisham, Trent",NYY,SF,2025,SF,16.175000000000004,18.619455661328807
778370,2025-04-11,592450,"Judge, Aaron",NYY,SF,2025,SF,79.9295378432,30.08345980145879
778369,2025-04-11,663993,"Lowe, Nathaniel",WSH,MIA,2025,MIA,192.425,50.311799423074355
778370,2025-04-11,672724,"Peraza, Oswald",NYY,SF,2025,SF,29.4,20.99750528543709
778370,2025-04-11,700250,"Rice, Ben",NYY,SF,2025,SF,-30.133707788800006,10.292468504421725
778369,2025-04-11,642708,"Rosario, Amed",WSH,MIA,2025,MIA,40.2330488064,22.9454468840765
778369,2025-04-11,660688,"Ruiz, Keibert",WSH,MIA,2025,MIA,109.215,35.34941687320288
778369,2025-04-11,677588,"Tena, José",WSH,MIA,2025,MIA,-2.56,15.2506269499739
778370,2025-04-11,683011,"Volpe, Anthony",NYY,SF,2025,SF,85.50999999999999,31.08690902144584
778370,2025-04-11,669224,"Wells, Austin",NYY,SF,2025,SF,90.315,31.95091873364549
778369,2025-04-11,695578,"Wood, James",WSH,MIA,2025,MIA,219.105,55.10925605605801
778369,2025-04-11,696285,"Young, Jacob",WSH,MIA,2025,MIA,76.035,29.383164583757676
778354,2025-04-12,605137,"Bell, Josh",WSH,MIA,2025,MIA,79.92999999999999,30.083542904052706
778355,2025-04-12,641355,"Bellinger, Cody",NYY,SF,2025,SF,104.02499999999999,34.416178495197435
778355,2025-04-12,665828,"Cabrera, Oswaldo",NYY,SF,2025,SF,109.67,35.431232569155185
778354,2025-04-12,669743,"Call, Alex",WSH,MIA,2025,MIA,73.6,28.945315749375546
778355,2025-04-12,665862,"Chisholm Jr., Jazz",NYY,SF,2025,SF,58.2013171712,26.17640596390935
778354,2025-04-12,657557,"DeJong, Paul",WSH,MIA,2025,MIA,84.195,30.850452669407858
778355,2025-04-12,691176,"Domínguez, Jasson",NYY,SF,2025,SF,71.05000000000001,28.48678822260987
778354,2025-04-12,671277,"García Jr., Luis",WSH,MIA,2025,MIA,48.585,24.447250619162414
778355,2025-04-12,502671,"Goldschmidt, Paul",NYY,SF,2025,SF,68.81,28.084003257921587
778355,2025-04-12,592450,"Judge, Aaron",NYY,SF,2025,SF,178.41,47.79169617302689
778354,2025-04-12,663993,"Lowe, Nathaniel",WSH,MIA,2025,MIA,132.57000000000002,39.54898957422738
778355,2025-04-12,700250,"Rice, Ben",NYY,SF,2025,SF,228.0,56.70870795824654
778354,2025-04-12,642708,"Rosario, Amed",WSH,MIA,2025,MIA,23.544999999999998,19.944690121039812
778354,2025-04-12,660688,"Ruiz, Keibert",WSH,MIA,2025,MIA,152.135,43.067064500176606
778355,2025-04-12,683011,"Volpe, Anthony",NYY,SF,2025,SF,66.0119088512,27.580865291598368
778355,2025-04-12,669224,"Wells, Austin",NYY,SF,2025,SF,61.755,26.815410433869868
778354,2025-04-12,695578,"Wood, James",WSH,MIA,2025,MIA,125.23819975360001,38.23062399237569
778354,2025-04-12,696285,"Young, Jacob",WSH,MIA,2025,MIA,69.08,28.13255323134383
778337,2025-04-13,605137,"Bell, Josh",WSH,MIA,2025,MIA,27.47,20.650462882826204
778339,2025-04-13,641355,"Bellinger, Cody",NYY,SF,2025,SF,-16.830000000000002,12.684670947249877
778339,2025-04-13,665828,"Cabrera, Oswaldo",NYY,SF,2025,SF,18.549999999999994,19.046515612728214
778337,2025-04-13,669743,"Call, Alex",WSH,MIA,2025,MIA,77.08500000000001,29.57197003595531
778339,2025-04-13,665862,"Chisholm Jr., Jazz",NYY,SF,2025,SF,147.64000000000001,42.25879735005436
778337,2025-04-13,657557,"DeJong, Paul",WSH,MIA,2025,MIA,61.245000000000005,26.723704928516735
778339,2025-04-13,691176,"Domínguez, Jasson",NYY,SF,2025,SF,74.385,29.086470301732824
778339,2025-04-13,641555,"Escarra, J.C.",NYY,SF,2025,SF,68.905,28.10108565597756
778337,2025-04-13,671277,"García Jr., Luis",WSH,MIA,2025,MIA,85.39500000000001,31.06623032906229
778339,2025-04-13,502671,"Goldschmidt, Paul",NYY,SF,2025,SF,58.575,26.243599635785607
778339,2025-04-13,592450,"Judge, Aaron",NYY,SF,2025,SF,136.04500000000002,40.17384571364336
778337,2025-04-13,663993,"Lowe, Nathaniel",WSH,MIA,2025,MIA,152.51999999999998,43.1362931659824
778339,2025-04-13,700250,"Rice, Ben",NYY,SF,2025,SF,104.025,34.416178495197435
778337,2025-04-13,642708,"Rosario, Amed",WSH,MIA,2025,MIA,94.425,32.68995721796193
778337,2025-04-13,660688,"Ruiz, Keibert",WSH,MIA,2025,MIA,90.905,32.057009416308915
778339,2025-04-13,683011,"Volpe, Anthony",NYY,SF,2025,SF,11.579999999999997,17.79320703956869
778339,2025-04-13,669224,"Wells, Austin",NYY,SF,2025,SF,31.104999999999997,21.304089376862773
778337,2025-04-13,695578,"Wood, James",WSH,MIA,2025,MIA,110.715,35.61913894777092
778337,2025-04-13,696285,"Young, Jacob",WSH,MIA,2025,MIA,151.0,42.862974797086785
778321,2025-04-14,605137,"Bell, Josh",WSH,PIT,2025,PIT,7.030000000000005,16.975050080045616
778327,2025-04-14,641355,"Bellinger, Cody",NYY,KC,2025,KC,43.3,23.496929843100993
778327,2025-04-14,665828,"Cabrera, Oswaldo",NYY,KC,2025,KC,29.400000000000006,20.99750528543709
778321,2025-04-14,669743,"Call, Alex",WSH,PIT,2025,PIT,55.97,25.775182299619097
778327,2025-04-14,665862,"Chisholm Jr., Jazz",NYY,KC,2025,KC,92.29499999999999,32.3069518720753
778321,2025-04-14,686611,"Crews, Dylan",WSH,PIT,2025,PIT,75.0486517952,29.205804661060924
778321,2025-04-14,657557,"DeJong, Paul",WSH,PIT,2025,PIT,101.81014662400001,34.017915263571595
778327,2025-04-14,691176,"Domínguez, Jasson",NYY,KC,2025,KC,69.85,28.271010562955425
778321,2025-04-14,671277,"García Jr., Luis",WSH,PIT,2025,PIT,-3.1999999999999993,15.135545531491532
778327,2025-04-14,502671,"Goldschmidt, Paul",NYY,KC,2025,KC,76.405,29.449696028817797
778327,2025-04-14,663757,"Grisham, Trent",NYY,KC,2025,KC,128.115,38.74791501276028
778327,2025-04-14,592450,"Judge, Aaron",NYY,KC,2025,KC,85.8079798336,31.140490180711193
778321,2025-04-14,663993,"Lowe, Nathaniel",WSH,PIT,2025,PIT,126.96499999999999,38.54112808892477
778321,2025-04-14,683083,"Nuñez, Nasim",WSH,PIT,2025,PIT,66.305,27.633567393392948
778327,2025-04-14,700250,"Rice, Ben",NYY,KC,2025,KC,206.58999999999997,52.85887488057861
778321,2025-04-14,660688,"Ruiz, Keibert",WSH,PIT,2025,PIT,36.445000000000014,22.264299962325023
778327,2025-04-14,683011,"Volpe, Anthony",NYY,KC,2025,KC,-13.455,13.291545615027983
778327,2025-04-14,669224,"Wells, Austin",NYY,KC,2025,KC,223.13,55.833010289482274
778321,2025-04-14,695578,"Wood, James",WSH,PIT,2025,PIT,176.355,47.422176930868666
778314,2025-04-15,605137,"Bell, Josh",WSH,PIT,2025,PIT,138.1876250528,40.55912122981848
778312,2025-04-15,641355,"Bellinger, Cody",NYY,KC,2025,KC,29.819999999999993,21.073027466316145
778312,2025-04-15,665862,"Chisholm Jr., Jazz",NYY,KC,2025,KC,106.505,34.86211899181661
778314,2025-04-15,686611,"Crews, Dylan",WSH,PIT,2025,PIT,129.84,39.05809539851353
778314,2025-04-15,657557,"DeJong, Paul",WSH,PIT,2025,PIT,16.734999999999996,18.720151902500877
778312,2025-04-15,691176,"Domínguez, Jasson",NYY,KC,2025,KC,171.645,46.575249616725
778314,2025-04-15,671277,"García Jr., Luis",WSH,PIT,2025,PIT,56.650000000000006,25.89745630675661
778312,2025-04-15,502671,"Goldschmidt, Paul",NYY,KC,2025,KC,27.325000000000003,20.62438974895129
778312,2025-04-15,663757,"Grisham, Trent",NYY,KC,2025,KC,50.545,24.799687463264664
778312,2025-04-15,592450,"Judge, Aaron",NYY,KC,2025,KC,107.62,35.06261240057886
778314,2025-04-15,663993,"Lowe, Nathaniel",WSH,PIT,2025,PIT,240.525,58.96088728088973
778314,2025-04-15,683083,"Nuñez, Nasim",WSH,PIT,2025,PIT,255.82,61.711153367901915
778312,2025-04-15,672724,"Peraza, Oswald",NYY,KC,2025,KC,44.12,23.644377910531524
778312,2025-04-15,700250,"Rice, Ben",NYY,KC,2025,KC,1.880000000000006,16.049004290695322
778314,2025-04-15,642708,"Rosario, Amed",WSH,PIT,2025,PIT,45.312938515199995,23.85888581129944
778314,2025-04-15,660688,"Ruiz, Keibert",WSH,PIT,2025,PIT,11.399999999999999,17.760840390620523
778312,2025-04-15,683011,"Volpe, Anthony",NYY,KC,2025,KC,94.625,32.725920161237674
778312,2025-04-15,669224,"Wells, Austin",NYY,KC,2025,KC,48.22,24.381618247684187
778314,2025-04-15,695578,"Wood, James",WSH,PIT,2025,PIT,130.535,39.18306662639672
778314,2025-04-15,696285,"Young, Jacob",WSH,PIT,2025,PIT,87.53,31.45013474853081
778293,2025-04-16,605137,"Bell, Josh",WSH,PIT,2025,PIT,-35.03000000000001,9.412043109157569
778300,2025-04-16,641355,"Bellinger, Cody",NYY,KC,2025,KC,102.15,34.07902590198738
778293,2025-04-16,669743,"Call, Alex",WSH,PIT,2025,PIT,24.289999999999992,20.07865208474194
778300,2025-04-16,665862,"Chisholm Jr., Jazz",NYY,KC,2025,KC,132.695,39.571466413774715
778293,2025-04-16,686611,"Crews, Dylan",WSH,PIT,2025,PIT,15.180000000000007,18.440540018532005
778300,2025-04-16,691176,"Domínguez, Jasson",NYY,KC,2025,KC,-37.199999999999996,9.021845174615798
778293,2025-04-16,671277,"García Jr., Luis",WSH,PIT,2025,PIT,77.135,29.580960771774244
778300,2025-04-16,502671,"Goldschmidt, Paul",NYY,KC,2025,KC,66.28,27.629072025483474
778300,2025-04-16,663757,"Grisham, Trent",NYY,KC,2025,KC,-4.23,14.950336373621473
778300,2025-04-16,592450,"Judge, Aaron",NYY,KC,2025,KC,252.965,61.19778235264073
778293,2025-04-16,663993,"Lowe, Nathaniel",WSH,PIT,2025,PIT,2.4949999999999903,16.159590341268213
778293,2025-04-16,683083,"Nuñez, Nasim",WSH,PIT,2025,PIT,55.989999999999995,25.778778593946672
778300,2025-04-16,672724,"Peraza, Oswald",NYY,KC,2025,KC,50.55999999999999,24.802384684010338
778293,2025-04-16,642708,"Rosario, Amed",WSH,PIT,2025,PIT,11.295000000000002,17.74195984540076
778293,2025-04-16,660688,"Ruiz, Keibert",WSH,PIT,2025,PIT,11.570000000000006,17.791408892404906
778300,2025-04-16,683011,"Volpe, Anthony",NYY,KC,2025,KC,76.055,29.386760878085255
778300,2025-04-16,669224,"Wells, Austin",NYY,KC,2025,KC,50.43,24.779008770881113
778293,2025-04-16,695578,"Wood, James",WSH,PIT,2025,PIT,48.75,24.476920047364903
778280,2025-04-17,656180,"Adams, Riley",WSH,PIT,2025,PIT,10.370000000000001,17.575631232750467
778282,2025-04-17,641355,"Bellinger, Cody",NYY,TB,2025,TB,72.9390593312,28.82646889047213
778282,2025-04-17,665828,"Cabrera, Oswaldo",NYY,TB,2025,TB,182.185,48.47049672735648
778280,2025-04-17,669743,"Call, Alex",WSH,PIT,2025,PIT,7.614999999999996,17.080241689127153
778282,2025-04-17,665862,"Chisholm Jr., Jazz",NYY,TB,2025,TB,55.001539353599995,25.601038823162753
778280,2025-04-17,686611,"Crews, Dylan",WSH,PIT,2025,PIT,52.900000000000006,25.223151120336496
778282,2025-04-17,691176,"Domínguez, Jasson",NYY,TB,2025,TB,-32.885,9.797745675789878
778282,2025-04-17,641555,"Escarra, J.C.",NYY,TB,2025,TB,106.655,34.88909119927341
778280,2025-04-17,671277,"García Jr., Luis",WSH,PIT,2025,PIT,60.379999999999995,26.568165198849158
778282,2025-04-17,502671,"Goldschmidt, Paul",NYY,TB,2025,TB,102.4556563776,34.13398741683486
778282,2025-04-17,592450,"Judge, Aaron",NYY,TB,2025,TB,93.89264676799999,32.594232272536566
778280,2025-04-17,663993,"Lowe, Nathaniel",WSH,PIT,2025,PIT,94.87,32.76997476675046
778280,2025-04-17,683083,"Nuñez, Nasim",WSH,PIT,2025,PIT,59.879999999999995,26.478257840659815
778282,2025-04-17,700250,"Rice, Ben",NYY,TB,2025,TB,237.275,58.376489452658966
778280,2025-04-17,642708,"Rosario, Amed",WSH,PIT,2025,PIT,62.345000000000006,26.921501116533303
778282,2025-04-17,683011,"Volpe, Anthony",NYY,TB,2025,TB,55.28,25.651110145317794
778280,2025-04-17,695578,"Wood, James",WSH,PIT,2025,PIT,-35.065000000000005,9.405749594084316
778280,2025-04-17,696285,"Young, Jacob",WSH,PIT,2025,PIT,41.265,23.131006895270346
778272,2025-04-18,641355,"Bellinger, Cody",NYY,TB,2025,TB,114.05499999999999,36.219720100475776
778272,2025-04-18,665828,"Cabrera, Oswaldo",NYY,TB,2025,TB,81.16499999999999,30.305614078780398
778272,2025-04-18,665862,"Chisholm Jr., Jazz",NYY,TB,2025,TB,-5.038930905600003,14.804878692261047
778272,2025-04-18,641555,"Escarra, J.C.",NYY,TB,2025,TB,134.635,39.920306963549386
778272,2025-04-18,502671,"Goldschmidt, Paul",NYY,TB,2025,TB,142.72,41.37410894547116
778272,2025-04-18,663757,"Grisham, Trent",NYY,TB,2025,TB,89.31,31.7702049436849
778272,2025-04-18,592450,"Judge, Aaron",NYY,TB,2025,TB,126.33,38.4269457440243
778272,2025-04-18,700250,"Rice, Ben",NYY,TB,2025,TB,-7.559999999999998,14.351553368080408
778272,2025-04-18,683011,"Volpe, Anthony",NYY,TB,2025,TB,62.040000000000006,26.8666576280378
778247,2025-04-19,605137,"Bell, Josh",WSH,COL,2025,COL,103.25999999999998,34.27862023716773
778255,2025-04-19,641355,"Bellinger, Cody",NYY,TB,2025,TB,12.129999999999995,17.892105133576976
778255,2025-04-19,665828,"Cabrera, Oswaldo",NYY,TB,2025,TB,80.6078591552,30.205431955789702
778255,2025-04-19,665862,"Chisholm Jr., Jazz",NYY,TB,2025,TB,132.945,39.61642009286939
778247,2025-04-19,686611,"Crews, Dylan",WSH,COL,2025,COL,352.49,79.09384200023067
778255,2025-04-19,691176,"Domínguez, Jasson",NYY,TB,2025,TB,33.714999999999996,21.77340578661117
778255,2025-04-19,641555,"Escarra, J.C.",NYY,TB,2025,TB,16.22,18.62754732356585
778247,2025-04-19,671277,"García Jr., Luis",WSH,COL,2025,COL,235.1742600224,57.99874548940143
778255,2025-04-19,502671,"Goldschmidt, Paul",NYY,TB,2025,TB,173.155,46.84676983845684
778255,2025-04-19,663757,"Grisham, Trent",NYY,TB,2025,TB,230.0836905376,57.08338618128606
778255,2025-04-19,592450,"Judge, Aaron",NYY,TB,2025,TB,218.9866795264,55.08798029365584
778247,2025-04-19,663993,"Lowe, Nathaniel",WSH,COL,2025,COL,128.335,38.78747425036359
778247,2025-04-19,683083,"Nuñez, Nasim",WSH,COL,2025,COL,96.73539802239999,33.1054007830817
778255,2025-04-19,622569,"Reyes, Pablo",NYY,TB,2025,TB,94.69,32.73760811780229
778255,2025-04-19,700250,"Rice, Ben",NYY,TB,2025,TB,57.87500000000001,26.117729334320522
778247,2025-04-19,660688,"Ruiz, Keibert",WSH,COL,2025,COL,-8.450000000000006,14.191518270503368
778247,2025-04-19,677588,"Tena, José",WSH,COL,2025,COL,83.85,30.7884165922572
778255,2025-04-19,683011,"Volpe, Anthony",NYY,TB,2025,TB,220.525,55.364592953315764
778255,2025-04-19,669224,"Wells, Austin",NYY,TB,2025,TB,191.47,50.1400763689327
778247,2025-04-19,695578,"Wood, James",WSH,COL,2025,COL,217.9329675776,54.89850737843752
778247,2025-04-19,696285,"Young, Jacob",WSH,COL,2025,COL,27.360000000000007,20.630683264024547
778235,2025-04-20,656180,"Adams, Riley",WSH,COL,2025,COL,28.814999999999998,20.89231367635555
778235,2025-04-20,605137,"Bell, Josh",WSH,COL,2025,COL,98.78,33.47305030779116
778266,2025-04-20,605137,"Bell, Josh",WSH,COL,2025,COL,44.85,23.775642653487978
778240,2025-04-20,641355,"Bellinger, Cody",NYY,TB,2025,TB,104.36999999999999,34.47821457234809
778240,2025-04-20,665828,"Cabrera, Oswaldo",NYY,TB,2025,TB,76.15500000000002,29.404742349723122
778266,2025-04-20,669743,"Call, Alex",WSH,COL,2025,COL,10.524999999999999,17.603502513789163
778240,2025-04-20,665862,"Chisholm Jr., Jazz",NYY,TB,2025,TB,54.42999999999999,25.498267636395905
778235,2025-04-20,686611,"Crews, Dylan",WSH,COL,2025,COL,56.095,25.797659139166434
778266,2025-04-20,686611,"Crews, Dylan",WSH,COL,2025,COL,100.54499999999999,33.79042328219956
778240,2025-04-20,691176,"Domínguez, Jasson",NYY,TB,2025,TB,94.83,32.76278217809531
778266,2025-04-20,671277,"García Jr., Luis",WSH,COL,2025,COL,12.954999999999998,18.0404522745894
778240,2025-04-20,502671,"Goldschmidt, Paul",NYY,TB,2025,TB,90.58,31.99856963348584
778240,2025-04-20,663757,"Grisham, Trent",NYY,TB,2025,TB,81.745,30.409906614280047
778240,2025-04-20,592450,"Judge, Aaron",NYY,TB,2025,TB,89.7590561184,31.85095184225311
778235,2025-04-20,702358,"Lipscomb, Trey",WSH,COL,2025,COL,117.43,36.82659476825389
778235,2025-04-20,663993,"Lowe, Nathaniel",WSH,COL,2025,COL,101.725,34.00260464752643
778266,2025-04-20,663993,"Lowe, Nathaniel",WSH,COL,2025,COL,158.06,44.13246669472039
778235,2025-04-20,683083,"Nuñez, Nasim",WSH,COL,2025,COL,133.41,39.70003393598548
778266,2025-04-20,683083,"Nuñez, Nasim",WSH,COL,2025,COL,171.2,46.495232067936485
778235,2025-04-20,642708,"Rosario, Amed",WSH,COL,2025,COL,-30.115000000000002,10.295832440158872
778266,2025-04-20,660688,"Ruiz, Keibert",WSH,COL,2025,COL,16.265,18.635638985802892
778266,2025-04-20,677588,"Tena, José",WSH,COL,2025,COL,-10.739999999999997,13.77974256999615
778240,2025-04-20,683011,"Volpe, Anthony",NYY,TB,2025,TB,94.00500000000001,32.614435037082885
778240,2025-04-20,669224,"Wells, Austin",NYY,TB,2025,TB,164.49,45.28867532103542
778235,2025-04-20,695578,"Wood, James",WSH,COL,2025,COL,43.864999999999995,23.598525157854958
778266,2025-04-20,695578,"Wood, James",WSH,COL,2025,COL,74.275,29.066690682931167
778235,2025-04-20,696285,"Young, Jacob",WSH,COL,2025,COL,90.61,32.003964074977205
778266,2025-04-20,696285,"Young, Jacob",WSH,COL,2025,COL,3.5500000000000114,16.349294867047746
778227,2025-04-21,641355,"Bellinger, Cody",NYY,CLE,2025,CLE,65.69500000000001,27.52388041640194
778227,2025-04-21,665828,"Cabrera, Oswaldo",NYY,CLE,2025,CLE,63.695,27.164250983644543
778227,2025-04-21,665862,"Chisholm Jr., Jazz",NYY,CLE,2025,CLE,122.76,37.78500720655234
778227,2025-04-21,691176,"Domínguez, Jasson",NYY,CLE,2025,CLE,112.11999999999998,35.87177862428299
778227,2025-04-21,502671,"Goldschmidt, Paul",NYY,CLE,2025,CLE,127.444887824,38.62741898189092
778227,2025-04-21,592450,"Judge, Aaron",NYY,CLE,2025,CLE,104.9640529312,34.58503403168575
778227,2025-04-21,622569,"Reyes, Pablo",NYY,CLE,2025,CLE,29.64999999999999,21.04245896453176
778227,2025-04-21,700250,"Rice, Ben",NYY,CLE,2025,CLE,-10.504999999999999,13.821999028345145
778227,2025-04-21,683011,"Volpe, Anthony",NYY,CLE,2025,CLE,100.05000000000001,33.70141499759212
778227,2025-04-21,669224,"Wells, Austin",NYY,CLE,2025,CLE,80.80000000000001,30.239981707302178
778222,2025-04-22,605137,"Bell, Josh",WSH,BAL,2025,BAL,12.990000000000002,18.046745789662655
778218,2025-04-22,641355,"Bellinger, Cody",NYY,CLE,2025,CLE,19.13499999999999,19.15170722180975
778218,2025-04-22,665828,"Cabrera, Oswaldo",NYY,CLE,2025,CLE,-3.539999999999989,15.074408527922776
778218,2025-04-22,665862,"Chisholm Jr., Jazz",NYY,CLE,2025,CLE,163.99,45.19876796284608
778222,2025-04-22,686611,"Crews, Dylan",WSH,BAL,2025,BAL,117.53,36.84457623989175
778218,2025-04-22,691176,"Domínguez, Jasson",NYY,CLE,2025,CLE,50.544999999999995,24.799687463264664
778218,2025-04-22,641555,"Escarra, J.C.",NYY,CLE,2025,CLE,-8.33,14.213096036468812
778222,2025-04-22,671277,"García Jr., Luis",WSH,BAL,2025,BAL,50.78,24.841943921613655
778218,2025-04-22,502671,"Goldschmidt, Paul",NYY,CLE,2025,CLE,80.495,30.185138218806674
778218,2025-04-22,592450,"Judge, Aaron",NYY,CLE,2025,CLE,221.28,55.50035306418168
778222,2025-04-22,663993,"Lowe, Nathaniel",WSH,BAL,2025,BAL,93.035,32.44001476219554
778222,2025-04-22,683083,"Nuñez, Nasim",WSH,BAL,2025,BAL,1.6450000000000067,16.006747832346328
778218,2025-04-22,622569,"Reyes, Pablo",NYY,CLE,2025,CLE,-0.5,15.621045265714017
778218,2025-04-22,700250,"Rice, Ben",NYY,CLE,2025,CLE,70.96499999999999,28.471503971717677
778222,2025-04-22,660688,"Ruiz, Keibert",WSH,BAL,2025,BAL,139.43,40.78251852858525
778222,2025-04-22,677588,"Tena, José",WSH,BAL,2025,BAL,189.39999999999998,49.76785990602879
778218,2025-04-22,683011,"Volpe, Anthony",NYY,CLE,2025,CLE,134.07,39.81871164879542
778218,2025-04-22,669224,"Wells, Austin",NYY,CLE,2025,CLE,1.5000000000000009,15.980674698471415
778222,2025-04-22,695578,"Wood, James",WSH,BAL,2025,BAL,234.295,57.84064159785044
778222,2025-04-22,696285,"Young, Jacob",WSH,BAL,2025,BAL,73.74000000000001,28.97048980966857
778204,2025-04-23,605137,"Bell, Josh",WSH,BAL,2025,BAL,193.715,50.54376040720287
778206,2025-04-23,641355,"Bellinger, Cody",NYY,CLE,2025,CLE,140.88,41.04324986733436
778206,2025-04-23,665828,"Cabrera, Oswaldo",NYY,CLE,2025,CLE,108.2213205472,35.17073868422631
778204,2025-04-23,669743,"Call, Alex",WSH,BAL,2025,BAL,43.880341020799996,23.60128369915907
778206,2025-04-23,665862,"Chisholm Jr., Jazz",NYY,CLE,2025,CLE,209.6989879616,53.417916669118505
778204,2025-04-23,686611,"Crews, Dylan",WSH,BAL,2025,BAL,51.050000000000004,24.890493895035902
778206,2025-04-23,691176,"Domínguez, Jasson",NYY,CLE,2025,CLE,154.315,43.45906058188217
778204,2025-04-23,671277,"García Jr., Luis",WSH,BAL,2025,BAL,37.08,22.378482307225493
778206,2025-04-23,502671,"Goldschmidt, Paul",NYY,CLE,2025,CLE,238.79500000000002,58.64980782155459
778206,2025-04-23,592450,"Judge, Aaron",NYY,CLE,2025,CLE,162.695,44.96590790513565
778204,2025-04-23,663993,"Lowe, Nathaniel",WSH,BAL,2025,BAL,55.13000000000001,25.624137937860997
778204,2025-04-23,683083,"Nuñez, Nasim",WSH,BAL,2025,BAL,-11.065,13.721302787173073
778206,2025-04-23,700250,"Rice, Ben",NYY,CLE,2025,CLE,178.43500000000003,47.79619154093637
778204,2025-04-23,660688,"Ruiz, Keibert",WSH,BAL,2025,BAL,42.8077607744,23.408417986359257
778204,2025-04-23,677588,"Tena, José",WSH,BAL,2025,BAL,24.535000000000004,20.122706690254727
778206,2025-04-23,683011,"Volpe, Anthony",NYY,CLE,2025,CLE,35.68,22.126741704295313
778206,2025-04-23,669224,"Wells, Austin",NYY,CLE,2025,CLE,125.76,38.324451355688446
778204,2025-04-23,695578,"Wood, James",WSH,BAL,2025,BAL,187.01,49.3381027338837
778204,2025-04-23,696285,"Young, Jacob",WSH,BAL,2025,BAL,-7.369999999999996,14.385718164192362
778193,2025-04-24,682928,"Abrams, CJ",WSH,BAL,2025,BAL,-6.460000000000002,14.549349556096974
778193,2025-04-24,605137,"Bell, Josh",WSH,BAL,2025,BAL,49.974999999999994,24.6971930749288
778193,2025-04-24,669743,"Call, Alex",WSH,BAL,2025,BAL,39.434999999999995,22.801945964297325
778193,2025-04-24,686611,"Crews, Dylan",WSH,BAL,2025,BAL,-33.81,9.631417063139583
778193,2025-04-24,671277,"García Jr., Luis",WSH,BAL,2025,BAL,46.15,24.00940178478028
778193,2025-04-24,663993,"Lowe, Nathaniel",WSH,BAL,2025,BAL,-2.2249999999999996,15.310864879960764
778193,2025-04-24,642708,"Rosario, Amed",WSH,BAL,2025,BAL,135.545,40.083938355453995
778193,2025-04-24,660688,"Ruiz, Keibert",WSH,BAL,2025,BAL,56.935,25.948703500924548
778193,2025-04-24,695578,"Wood, James",WSH,BAL,2025,BAL,33.69,21.768910418701708
778183,2025-04-25,682928,"Abrams, CJ",WSH,NYM,2025,NYM,145.10500000000002,41.80296704403436
778183,2025-04-25,605137,"Bell, Josh",WSH,NYM,2025,NYM,-3.4450000000000056,15.091490925978752
778185,2025-04-25,641355,"Bellinger, Cody",NYY,TOR,2025,TOR,118.75,37.063950193873765
778185,2025-04-25,665828,"Cabrera, Oswaldo",NYY,TOR,2025,TOR,123.715,37.956730260694
778185,2025-04-25,665862,"Chisholm Jr., Jazz",NYY,TOR,2025,TOR,168.945,46.08974988250252
778183,2025-04-25,686611,"Crews, Dylan",WSH,NYM,2025,NYM,188.58,49.62041183859826
778183,2025-04-25,671277,"García Jr., Luis",WSH,NYM,2025,NYM,164.41,45.27429014372512
778185,2025-04-25,502671,"Goldschmidt, Paul",NYY,TOR,2025,TOR,22.54,19.76397633107922
778185,2025-04-25,663757,"Grisham, Trent",NYY,TOR,2025,TOR,53.19499999999999,25.276196461668217
778185,2025-04-25,592450,"Judge, Aaron",NYY,TOR,2025,TOR,121.47,37.55304622242382
778183,2025-04-25,663993,"Lowe, Nathaniel",WSH,NYM,2025,NYM,67.25999999999999,27.805290447534603
778185,2025-04-25,700250,"Rice, Ben",NYY,TOR,2025,TOR,115.60499999999999,36.49843291086275
778183,2025-04-25,660688,"Ruiz, Keibert",WSH,NYM,2025,NYM,55.47500000000001,25.686174015011648
778183,2025-04-25,677588,"Tena, José",WSH,NYM,2025,NYM,115.525,36.484047733552465
778185,2025-04-25,683011,"Volpe, Anthony",NYY,TOR,2025,TOR,145.185,41.817352221344656
778185,2025-04-25,669224,"Wells, Austin",NYY,TOR,2025,TOR,119.395,37.179930685938025
778183,2025-04-25,695578,"Wood, James",WSH,NYM,2025,NYM,89.52,31.80796603412442
778183,2025-04-25,696285,"Young, Jacob",WSH,NYM,2025,NYM,82.87,30.612198170206085
778173,2025-04-26,682928,"Abrams, CJ",WSH,NYM,2025,NYM,16.064999999999994,18.59967604252715
778173,2025-04-26,605137,"Bell, Josh",WSH,NYM,2025,NYM,147.02,42.14731222589956
778173,2025-04-26,686611,"Crews, Dylan",WSH,NYM,2025,NYM,111.49500000000002,35.759394426546315
778173,2025-04-26,671277,"García Jr., Luis",WSH,NYM,2025,NYM,82.3,30.50970378187022
778173,2025-04-26,663993,"Lowe, Nathaniel",WSH,NYM,2025,NYM,27.079999999999995,20.58033514343851
778173,2025-04-26,660688,"Ruiz, Keibert",WSH,NYM,2025,NYM,21.884999999999998,19.646197691851174
778173,2025-04-26,677588,"Tena, José",WSH,NYM,2025,NYM,159.615,44.41207857868927
778173,2025-04-26,695578,"Wood, James",WSH,NYM,2025,NYM,91.49000000000001,32.16220102539046
778173,2025-04-26,696285,"Young, Jacob",WSH,NYM,2025,NYM,-5.000000000000002,14.811879042009876
778153,2025-04-27,682928,"Abrams, CJ",WSH,NYM,2025,NYM,38.875,22.701249723125255
778153,2025-04-27,656180,"Adams, Riley",WSH,NYM,2025,NYM,127.4258047072,38.62398755665591
778153,2025-04-27,605137,"Bell, Josh",WSH,NYM,2025,NYM,81.835,30.426089938754124
778156,2025-04-27,641355,"Bellinger, Cody",NYY,TOR,2025,TOR,162.19,44.87510147336442
778170,2025-04-27,641355,"Bellinger, Cody",NYY,TOR,2025,TOR,-20.05,12.105667560510469
778156,2025-04-27,665828,"Cabrera, Oswaldo",NYY,TOR,2025,TOR,184.1,48.814841909221684
778170,2025-04-27,665828,"Cabrera, Oswaldo",NYY,TOR,2025,TOR,34.865,21.980192710446676
778153,2025-04-27,669743,"Call, Alex",WSH,NYM,2025,NYM,209.365,53.3578607185295
778156,2025-04-27,665862,"Chisholm Jr., Jazz",NYY,TOR,2025,TOR,109.875,35.468094586012825
778170,2025-04-27,665862,"Chisholm Jr., Jazz",NYY,TOR,2025,TOR,53.01500000000001,25.243829812720048
778153,2025-04-27,686611,"Crews, Dylan",WSH,NYM,2025,NYM,182.40915375359998,48.51080287098529
778156,2025-04-27,691176,"Domínguez, Jasson",NYY,TOR,2025,TOR,89.51,31.806167886960633
778170,2025-04-27,691176,"Domínguez, Jasson",NYY,TOR,2025,TOR,139.85000000000002,40.858040709464305
778170,2025-04-27,641555,"Escarra, J.C.",NYY,TOR,2025,TOR,210.29000000000002,53.5241893311798
778153,2025-04-27,671277,"García Jr., Luis",WSH,NYM,2025,NYM,82.275,30.505208413960748
778156,2025-04-27,502671,"Goldschmidt, Paul",NYY,TOR,2025,TOR,171.66000000000003,46.57794683747069
778170,2025-04-27,502671,"Goldschmidt, Paul",NYY,TOR,2025,TOR,20.72,19.43671354726999
778170,2025-04-27,663757,"Grisham, Trent",NYY,TOR,2025,TOR,214.21999999999997,54.230861166548074
778156,2025-04-27,592450,"Judge, Aaron",NYY,TOR,2025,TOR,74.95,29.188065616486792
778170,2025-04-27,592450,"Judge, Aaron",NYY,TOR,2025,TOR,100.445,33.7724418105617
778153,2025-04-27,663993,"Lowe, Nathaniel",WSH,NYM,2025,NYM,51.61,24.991190136207976
778156,2025-04-27,672724,"Peraza, Oswald",NYY,TOR,2025,TOR,-5.260000000000002,14.765127215751415
778156,2025-04-27,622569,"Reyes, Pablo",NYY,TOR,2025,TOR,-1.8549999999999969,15.37739632502088
778156,2025-04-27,700250,"Rice, Ben",NYY,TOR,2025,TOR,-20.759999999999998,11.977999111881592
778170,2025-04-27,700250,"Rice, Ben",NYY,TOR,2025,TOR,-23.98,11.398995725142184
778153,2025-04-27,660688,"Ruiz, Keibert",WSH,NYM,2025,NYM,8.290000000000003,17.201616622682774
778153,2025-04-27,677588,"Tena, José",WSH,NYM,2025,NYM,148.605,42.43231855135979
778156,2025-04-27,683011,"Volpe, Anthony",NYY,TOR,2025,TOR,276.455,65.42163004037636
778170,2025-04-27,683011,"Volpe, Anthony",NYY,TOR,2025,TOR,72.935,28.825738962983717
778156,2025-04-27,669224,"Wells, Austin",NYY,TOR,2025,TOR,251.98000000000002,61.02066485700772
778153,2025-04-27,695578,"Wood, James",WSH,NYM,2025,NYM,138.0174039552,40.528512971431866
778138,2025-04-28,682928,"Abrams, CJ",WSH,NYM,2025,NYM,35.21,22.042228787597328
778138,2025-04-28,656180,"Adams, Riley",WSH,NYM,2025,NYM,53.552149158400006,25.3404171362908
778140,2025-04-28,641355,"Bellinger, Cody",NYY,BAL,2025,BAL,155.0277731072,43.5872276759957
778140,2025-04-28,665828,"Cabrera, Oswaldo",NYY,BAL,2025,BAL,47.824999999999996,24.310591434714603
778138,2025-04-28,669743,"Call, Alex",WSH,NYM,2025,NYM,197.305,51.1892952390024
778140,2025-04-28,665862,"Chisholm Jr., Jazz",NYY,BAL,2025,BAL,25.68,20.328594540508334
778138,2025-04-28,686611,"Crews, Dylan",WSH,NYM,2025,NYM,100.505,33.78323069354442
778140,2025-04-28,691176,"Domínguez, Jasson",NYY,BAL,2025,BAL,10.295063747199983,17.56215659170675
778138,2025-04-28,671277,"García Jr., Luis",WSH,NYM,2025,NYM,73.04971635199999,28.84636665128259
778140,2025-04-28,502671,"Goldschmidt, Paul",NYY,BAL,2025,BAL,104.48500000000001,34.49889326473164
778140,2025-04-28,663757,"Grisham, Trent",NYY,BAL,2025,BAL,84.3,30.869333214627616
778140,2025-04-28,592450,"Judge, Aaron",NYY,BAL,2025,BAL,94.37,32.68006740856111
778138,2025-04-28,663993,"Lowe, Nathaniel",WSH,NYM,2025,NYM,151.04000000000002,42.87016738574194
778138,2025-04-28,683083,"Nuñez, Nasim",WSH,NYM,2025,NYM,101.13499999999999,33.896513964863004
778140,2025-04-28,672724,"Peraza, Oswald",NYY,BAL,2025,BAL,-8.130000000000003,14.24905897974455
778138,2025-04-28,660688,"Ruiz, Keibert",WSH,NYM,2025,NYM,43.03,23.448379869678742
778138,2025-04-28,677588,"Tena, José",WSH,NYM,2025,NYM,132.68,39.568769193029034
778140,2025-04-28,683011,"Volpe, Anthony",NYY,BAL,2025,BAL,116.255,36.61531247650892
778140,2025-04-28,669224,"Wells, Austin",NYY,BAL,2025,BAL,56.23083404799999,25.822084099982124
778138,2025-04-28,695578,"Wood, James",WSH,NYM,2025,NYM,135.93,40.153167021259804
778138,2025-04-28,696285,"Young, Jacob",WSH,NYM,2025,NYM,45.589999999999996,23.90870554360821
778131,2025-04-29,682928,"Abrams, CJ",WSH,PHI,2025,PHI,296.58,69.04040120749765
778131,2025-04-29,605137,"Bell, Josh",WSH,PHI,2025,PHI,100.735,33.82458807831152
778133,2025-04-29,641355,"Bellinger, Cody",NYY,BAL,2025,BAL,387.145,85.32532099633444
778133,2025-04-29,665828,"Cabrera, Oswaldo",NYY,BAL,2025,BAL,102.13,34.07542960765981
778131,2025-04-29,669743,"Call, Alex",WSH,PHI,2025,PHI,78.185,29.76976622397188
778133,2025-04-29,665862,"Chisholm Jr., Jazz",NYY,BAL,2025,BAL,54.86,25.575587964438746
778131,2025-04-29,686611,"Crews, Dylan",WSH,PHI,2025,PHI,77.42,29.632207965942175
778133,2025-04-29,641555,"Escarra, J.C.",NYY,BAL,2025,BAL,1.1284117983999948,15.913857671391037
778131,2025-04-29,671277,"García Jr., Luis",WSH,PHI,2025,PHI,153.565,43.324199544598144
778133,2025-04-29,502671,"Goldschmidt, Paul",NYY,BAL,2025,BAL,158.010296672,44.12352930489299
778133,2025-04-29,663757,"Grisham, Trent",NYY,BAL,2025,BAL,201.045,51.861802278258715
778133,2025-04-29,592450,"Judge, Aaron",NYY,BAL,2025,BAL,243.35,59.468863854659546
778131,2025-04-29,663993,"Lowe, Nathaniel",WSH,PHI,2025,PHI,204.47,52.47766768185576
778133,2025-04-29,672724,"Peraza, Oswald",NYY,BAL,2025,BAL,142.545,41.342641370104886
778133,2025-04-29,622569,"Reyes, Pablo",NYY,BAL,2025,BAL,44.58,23.727092680065727
778133,2025-04-29,700250,"Rice, Ben",NYY,BAL,2025,BAL,296.72,69.06557526779068
778131,2025-04-29,642708,"Rosario, Amed",WSH,PHI,2025,PHI,59.735,26.452184706784898
778131,2025-04-29,660688,"Ruiz, Keibert",WSH,PHI,2025,PHI,97.53999999999999,33.250080059481576
778131,2025-04-29,677588,"Tena, José",WSH,PHI,2025,PHI,-6.926659295999997,14.465437347141256
778133,2025-04-29,683011,"Volpe, Anthony",NYY,BAL,2025,BAL,242.62499999999997,59.33849818528498
778133,2025-04-29,669224,"Wells, Austin",NYY,BAL,2025,BAL,232.89,57.588001921338375
778131,2025-04-29,695578,"Wood, James",WSH,PHI,2025,PHI,210.8,53.61589483653293
778131,2025-04-29,696285,"Young, Jacob",WSH,PHI,2025,PHI,76.06000000000002,29.38765995166715
778118,2025-04-30,682928,"Abrams, CJ",WSH,PHI,2025,PHI,39.56,22.824422803844662
778118,2025-04-30,605137,"Bell, Josh",WSH,PHI,2025,PHI,67.37,27.82507006633626
778115,2025-04-30,641355,"Bellinger, Cody",NYY,BAL,2025,BAL,3.9699999999999953,16.424817047926798
778118,2025-04-30,686611,"Crews, Dylan",WSH,PHI,2025,PHI,-72.795,2.621340345116037
778115,2025-04-30,691176,"Domínguez, Jasson",NYY,BAL,2025,BAL,102.9576776768,34.22425823436658
778115,2025-04-30,502671,"Goldschmidt, Paul",NYY,BAL,2025,BAL,117.96499999999999,36.92279564151649
778115,2025-04-30,663757,"Grisham, Trent",NYY,BAL,2025,BAL,60.58500000000001,26.60502721570679
778115,2025-04-30,592450,"Judge, Aaron",NYY,BAL,2025,BAL,259.675,62.40433909954181
778118,2025-04-30,663993,"Lowe, Nathaniel",WSH,PHI,2025,PHI,189.39499999999998,49.76696083244689
778115,2025-04-30,672724,"Peraza, Oswald",NYY,BAL,2025,BAL,51.855000000000004,25.035244741720756
778115,2025-04-30,622569,"Reyes, Pablo",NYY,BAL,2025,BAL,64.95500000000001,27.3908175262817
778115,2025-04-30,700250,"Rice, Ben",NYY,BAL,2025,BAL,31.274009753599994,21.334479817771587
778118,2025-04-30,642708,"Rosario, Amed",WSH,PHI,2025,PHI,49.04499999999998,24.52996538869661
778118,2025-04-30,660688,"Ruiz, Keibert",WSH,PHI,2025,PHI,17.835,18.917948090517445
778118,2025-04-30,677588,"Tena, José",WSH,PHI,2025,PHI,38.995,22.722827489090697
778115,2025-04-30,683011,"Volpe, Anthony",NYY,BAL,2025,BAL,157.81,44.08751301562572
778115,2025-04-30,669224,"Wells, Austin",NYY,BAL,2025,BAL,25.810000000000002,20.351970453637566
778118,2025-04-30,695578,"Wood, James",WSH,PHI,2025,PHI,50.5,24.791595801027626
778118,2025-04-30,696285,"Young, Jacob",WSH,PHI,2025,PHI,44.015,23.625497365311762
778099,2025-05-01,682928,"Abrams, CJ",WSH,PHI,2025,PHI,71.75500000000001,28.613557597656854
778099,2025-05-01,605137,"Bell, Josh",WSH,PHI,2025,PHI,38.245000000000005,22.587966451806675
778099,2025-05-01,686611,"Crews, Dylan",WSH,PHI,2025,PHI,72.69000000000001,28.781684357470933
778099,2025-05-01,671277,"García Jr., Luis",WSH,PHI,2025,PHI,99.67,33.633085405368206
778099,2025-05-01,663993,"Lowe, Nathaniel",WSH,PHI,2025,PHI,94.18,32.645902612449156
778099,2025-05-01,660688,"Ruiz, Keibert",WSH,PHI,2025,PHI,74.21603920640001,29.056088664552526
778099,2025-05-01,677588,"Tena, José",WSH,PHI,2025,PHI,76.30499999999999,29.431714557179923
778099,2025-05-01,695578,"Wood, James",WSH,PHI,2025,PHI,66.98,27.754942326948566
778099,2025-05-01,696285,"Young, Jacob",WSH,PHI,2025,PHI,-11.964999999999996,13.559469542432245
778087,2025-05-02,682928,"Abrams, CJ",WSH,CIN,2025,CIN,24.64500000000001,20.14248630905638
778087,2025-05-02,605137,"Bell, Josh",WSH,CIN,2025,CIN,96.06290209599997,32.98447611881025
778088,2025-05-02,641355,"Bellinger, Cody",NYY,TB,2025,TB,37.405,22.43692209004857
778088,2025-05-02,665828,"Cabrera, Oswaldo",NYY,TB,2025,TB,7.710000000000001,17.09732408718313
778087,2025-05-02,686611,"Crews, Dylan",WSH,CIN,2025,CIN,116.455,36.65127541978465
778087,2025-05-02,671277,"García Jr., Luis",WSH,CIN,2025,CIN,11.549758764799993,17.78776922043826
778088,2025-05-02,502671,"Goldschmidt, Paul",NYY,TB,2025,TB,284.93499999999995,66.9464588352677
778088,2025-05-02,663757,"Grisham, Trent",NYY,TB,2025,TB,63.65,27.156159321407497
778088,2025-05-02,592450,"Judge, Aaron",NYY,TB,2025,TB,206.16312104960002,52.7821157631844
778087,2025-05-02,663993,"Lowe, Nathaniel",WSH,CIN,2025,CIN,83.33500000000001,30.695812013322172
778088,2025-05-02,700250,"Rice, Ben",NYY,TB,2025,TB,44.6375966624,23.737449407579543
778087,2025-05-02,642708,"Rosario, Amed",WSH,CIN,2025,CIN,18.54500000000001,19.045616539146323
778087,2025-05-02,660688,"Ruiz, Keibert",WSH,CIN,2025,CIN,143.95313892480002,41.5958454714896
778087,2025-05-02,677588,"Tena, José",WSH,CIN,2025,CIN,-13.535000000000002,13.277160437717688
778088,2025-05-02,678391,"Vivas, Jorbit",NYY,TB,2025,TB,93.3,32.487665662035894
778088,2025-05-02,683011,"Volpe, Anthony",NYY,TB,2025,TB,112.96,36.022822986041106
778088,2025-05-02,669224,"Wells, Austin",NYY,TB,2025,TB,130.61,39.196552730125134
778087,2025-05-02,695578,"Wood, James",WSH,CIN,2025,CIN,144.73,41.73553652539234
778087,2025-05-02,696285,"Young, Jacob",WSH,CIN,2025,CIN,81.79,30.417998276517082
778077,2025-05-03,682928,"Abrams, CJ",WSH,CIN,2025,CIN,198.07,51.3268534970321
778077,2025-05-03,656180,"Adams, Riley",WSH,CIN,2025,CIN,70.055,28.307872579813065
778074,2025-05-03,641355,"Bellinger, Cody",NYY,TB,2025,TB,110.63,35.60385469687874
778074,2025-05-03,665828,"Cabrera, Oswaldo",NYY,TB,2025,TB,-4.950000000000001,14.82086977782881
778077,2025-05-03,669743,"Call, Alex",WSH,CIN,2025,CIN,143.705,41.55122644110418
778077,2025-05-03,686611,"Crews, Dylan",WSH,CIN,2025,CIN,138.60999999999999,40.635070461154704
778074,2025-05-03,691176,"Domínguez, Jasson",NYY,TB,2025,TB,-15.145,12.987658744347986
778077,2025-05-03,671277,"García Jr., Luis",WSH,CIN,2025,CIN,111.66999999999999,35.79086200191258
778074,2025-05-03,502671,"Goldschmidt, Paul",NYY,TB,2025,TB,21.915000000000003,19.651592133342536
778074,2025-05-03,663757,"Grisham, Trent",NYY,TB,2025,TB,47.545,24.26024331412857
778074,2025-05-03,592450,"Judge, Aaron",NYY,TB,2025,TB,114.275,36.25927933807909
778077,2025-05-03,663993,"Lowe, Nathaniel",WSH,CIN,2025,CIN,217.515,54.823350657015894
778074,2025-05-03,622569,"Reyes, Pablo",NYY,TB,2025,TB,26.445000000000007,20.46615279853804
778074,2025-05-03,700250,"Rice, Ben",NYY,TB,2025,TB,-41.904999999999994,8.175816934054023
778077,2025-05-03,642708,"Rosario, Amed",WSH,CIN,2025,CIN,231.725,57.378517776757185
778074,2025-05-03,678391,"Vivas, Jorbit",NYY,TB,2025,TB,-20.084999999999997,12.099374045437216
778074,2025-05-03,683011,"Volpe, Anthony",NYY,TB,2025,TB,8.769999999999994,17.28792768654455
778074,2025-05-03,669224,"Wells, Austin",NYY,TB,2025,TB,141.77,41.2032849649114
778077,2025-05-03,695578,"Wood, James",WSH,CIN,2025,CIN,185.765,49.11423341199222
778077,2025-05-03,696285,"Young, Jacob",WSH,CIN,2025,CIN,139.445,40.78521574933093
778058,2025-05-04,682928,"Abrams, CJ",WSH,CIN,2025,CIN,61.25256669760001,26.725065532099602
778057,2025-05-04,641355,"Bellinger, Cody",NYY,TB,2025,TB,234.13,57.810972169647954
778057,2025-05-04,665828,"Cabrera, Oswaldo",NYY,TB,2025,TB,3.1250000000000018,16.272873612586796
778058,2025-05-04,669743,"Call, Alex",WSH,CIN,2025,CIN,154.565,43.504014260976845
778058,2025-05-04,686611,"Crews, Dylan",WSH,CIN,2025,CIN,21.490434313599998,19.575248974858393
778057,2025-05-04,691176,"Domínguez, Jasson",NYY,TB,2025,TB,78.665,29.856077287833653
778057,2025-05-04,641555,"Escarra, J.C.",NYY,TB,2025,TB,77.97,29.731106059950456
778058,2025-05-04,671277,"García Jr., Luis",WSH,CIN,2025,CIN,206.772693056,52.89172578062761
778057,2025-05-04,502671,"Goldschmidt, Paul",NYY,TB,2025,TB,116.72000000000001,36.698926319625016
778057,2025-05-04,663757,"Grisham, Trent",NYY,TB,2025,TB,133.015,39.629007123015896
778057,2025-05-04,592450,"Judge, Aaron",NYY,TB,2025,TB,51.275000000000006,24.93095220622111
778058,2025-05-04,663993,"Lowe, Nathaniel",WSH,CIN,2025,CIN,108.4,35.20286787935424
778057,2025-05-04,672724,"Peraza, Oswald",NYY,TB,2025,TB,138.525,40.61978621026252
778057,2025-05-04,622569,"Reyes, Pablo",NYY,TB,2025,TB,-19.655000000000005,12.176694373480053
778057,2025-05-04,700250,"Rice, Ben",NYY,TB,2025,TB,70.80499999999999,28.442733617097083
778058,2025-05-04,642708,"Rosario, Amed",WSH,CIN,2025,CIN,21.95999999999999,19.659683795579575
778058,2025-05-04,660688,"Ruiz, Keibert",WSH,CIN,2025,CIN,124.0481583104,38.01663702778778
778057,2025-05-04,678391,"Vivas, Jorbit",NYY,TB,2025,TB,108.03000000000002,35.13633643429412
778058,2025-05-04,695578,"Wood, James",WSH,CIN,2025,CIN,74.895,29.17817580708596
778058,2025-05-04,696285,"Young, Jacob",WSH,CIN,2025,CIN,56.065,25.792264697675076
778045,2025-05-05,641355,"Bellinger, Cody",NYY,SD,2025,SD,126.93500000000002,38.53573364743341
778045,2025-05-05,691176,"Domínguez, Jasson",NYY,SD,2025,SD,13.284999999999997,18.09979113099437
778045,2025-05-05,502671,"Goldschmidt, Paul",NYY,SD,2025,SD,141.655,41.18260627252784
778045,2025-05-05,663757,"Grisham, Trent",NYY,SD,2025,SD,217.91,54.894377469985464
778045,2025-05-05,592450,"Judge, Aaron",NYY,SD,2025,SD,50.38,24.770018035062176
778045,2025-05-05,672724,"Peraza, Oswald",NYY,SD,2025,SD,83.99000000000001,30.813590652550225
778045,2025-05-05,700250,"Rice, Ben",NYY,SD,2025,SD,34.184184806400005,21.857772119503185
778045,2025-05-05,678391,"Vivas, Jorbit",NYY,SD,2025,SD,58.61,26.24989315085886
778045,2025-05-05,683011,"Volpe, Anthony",NYY,SD,2025,SD,22.870000000000005,19.82331518748419
778045,2025-05-05,669224,"Wells, Austin",NYY,SD,2025,SD,54.27499999999999,25.470396355357206
778026,2025-05-06,682928,"Abrams, CJ",WSH,CLE,2025,CLE,78.5956797696,29.84361249026497
778046,2025-05-06,682928,"Abrams, CJ",WSH,CLE,2025,CLE,103.58500000000001,34.33706001999081
778046,2025-05-06,656180,"Adams, Riley",WSH,CLE,2025,CLE,104.37438006719998,34.47900217288937
778046,2025-05-06,605137,"Bell, Josh",WSH,CLE,2025,CLE,5.415000000000003,16.68464931309402
778041,2025-05-06,641355,"Bellinger, Cody",NYY,SD,2025,SD,163.205,45.05761341048879
778041,2025-05-06,665828,"Cabrera, Oswaldo",NYY,SD,2025,SD,21.500000000000004,19.576969026045376
778026,2025-05-06,669743,"Call, Alex",WSH,CLE,2025,CLE,76.36999999999999,29.443402513744537
778026,2025-05-06,686611,"Crews, Dylan",WSH,CLE,2025,CLE,106.49999999999999,34.86121991823472
778046,2025-05-06,686611,"Crews, Dylan",WSH,CLE,2025,CLE,-57.22,5.4219545527142605
778041,2025-05-06,691176,"Domínguez, Jasson",NYY,SD,2025,SD,151.085,42.878259047978965
778026,2025-05-06,671277,"García Jr., Luis",WSH,CLE,2025,CLE,60.9530373568,26.671205748636552
778046,2025-05-06,671277,"García Jr., Luis",WSH,CLE,2025,CLE,16.624999999999996,18.700372283699224
778041,2025-05-06,502671,"Goldschmidt, Paul",NYY,SD,2025,SD,85.815,31.141752509941345
778041,2025-05-06,663757,"Grisham, Trent",NYY,SD,2025,SD,53.305,25.295976080469867
778041,2025-05-06,592450,"Judge, Aaron",NYY,SD,2025,SD,181.435,48.33563569007246
778026,2025-05-06,663993,"Lowe, Nathaniel",WSH,CLE,2025,CLE,107.95500000000001,35.12285033056572
778046,2025-05-06,663993,"Lowe, Nathaniel",WSH,CLE,2025,CLE,90.36,31.959010395882526
778046,2025-05-06,683083,"Nuñez, Nasim",WSH,CLE,2025,CLE,35.074999999999996,22.017953800886204
778041,2025-05-06,672724,"Peraza, Oswald",NYY,SD,2025,SD,29.645000000000007,21.041559890949873
778041,2025-05-06,700250,"Rice, Ben",NYY,SD,2025,SD,109.8,35.454608482284414
778026,2025-05-06,660688,"Ruiz, Keibert",WSH,CLE,2025,CLE,133.17499999999998,39.65777747763648
778026,2025-05-06,677588,"Tena, José",WSH,CLE,2025,CLE,123.01499999999999,37.83085995922891
778046,2025-05-06,677588,"Tena, José",WSH,CLE,2025,CLE,39.364999999999995,22.789358934150815
778041,2025-05-06,678391,"Vivas, Jorbit",NYY,SD,2025,SD,-23.98,11.398995725142184
778041,2025-05-06,683011,"Volpe, Anthony",NYY,SD,2025,SD,209.935,53.46035510686535
778041,2025-05-06,669224,"Wells, Austin",NYY,SD,2025,SD,246.505,60.03617928483435
778026,2025-05-06,695578,"Wood, James",WSH,CLE,2025,CLE,167.535,45.83621113240855
778046,2025-05-06,695578,"Wood, James",WSH,CLE,2025,CLE,14.168639404800004,18.258682499949526
778026,2025-05-06,696285,"Young, Jacob",WSH,CLE,2025,CLE,200.3606786432,51.73875122757386
778046,2025-05-06,696285,"Young, Jacob",WSH,CLE,2025,CLE,-31.949999999999996,9.965872435603963
778022,2025-05-07,682928,"Abrams, CJ",WSH,CLE,2025,CLE,155.305,43.63707715109708
778019,2025-05-07,641355,"Bellinger, Cody",NYY,SD,2025,SD,158.835,44.27182309991388
778019,2025-05-07,665828,"Cabrera, Oswaldo",NYY,SD,2025,SD,121.73,37.59979804868229
778022,2025-05-07,669743,"Call, Alex",WSH,CLE,2025,CLE,289.31,67.73314821942452
778022,2025-05-07,686611,"Crews, Dylan",WSH,CLE,2025,CLE,77.245,29.600740390575904
778019,2025-05-07,691176,"Domínguez, Jasson",NYY,SD,2025,SD,145.085,41.79937074970678
778019,2025-05-07,641555,"Escarra, J.C.",NYY,SD,2025,SD,49.52499999999999,24.616276452558388
778022,2025-05-07,671277,"García Jr., Luis",WSH,CLE,2025,CLE,142.49,41.33275156070406
778019,2025-05-07,502671,"Goldschmidt, Paul",NYY,SD,2025,SD,-10.440000000000003,13.833686984909757
778019,2025-05-07,663757,"Grisham, Trent",NYY,SD,2025,SD,117.39999999999998,36.82120032676252
778019,2025-05-07,592450,"Judge, Aaron",NYY,SD,2025,SD,-7.9699999999999935,14.27782933436514
778022,2025-05-07,663993,"Lowe, Nathaniel",WSH,CLE,2025,CLE,142.465,41.32825619279459
778019,2025-05-07,700250,"Rice, Ben",NYY,SD,2025,SD,0.8149999999999995,15.857501617752003
778022,2025-05-07,642708,"Rosario, Amed",WSH,CLE,2025,CLE,235.215,58.006071136918834
778022,2025-05-07,660688,"Ruiz, Keibert",WSH,CLE,2025,CLE,21.074999999999996,19.50054777158443
778019,2025-05-07,678391,"Vivas, Jorbit",NYY,SD,2025,SD,46.75786859200001,24.118705503246286
778019,2025-05-07,683011,"Volpe, Anthony",NYY,SD,2025,SD,6.519999999999998,16.883344574692476
778019,2025-05-07,669224,"Wells, Austin",NYY,SD,2025,SD,55.434999999999995,25.678981426356494
778022,2025-05-07,695578,"Wood, James",WSH,CLE,2025,CLE,184.70000000000002,48.92273073904891
778022,2025-05-07,696285,"Young, Jacob",WSH,CLE,2025,CLE,136.26,40.212505877664775
777995,2025-05-09,682928,"Abrams, CJ",WSH,STL,2025,STL,131.84,39.417724831270924
777995,2025-05-09,605137,"Bell, Josh",WSH,STL,2025,STL,-2.8900000000000006,15.191288093568927
777994,2025-05-09,665828,"Cabrera, Oswaldo",NYY,ATH,2025,ATH,45.720000000000006,23.932081456737446
777995,2025-05-09,686611,"Crews, Dylan",WSH,STL,2025,STL,-16.939066383999993,12.66505920634447
777994,2025-05-09,691176,"Domínguez, Jasson",NYY,ATH,2025,ATH,468.755,100.0
777994,2025-05-09,641555,"Escarra, J.C.",NYY,ATH,2025,ATH,184.76000000000002,48.93351962203163
777995,2025-05-09,671277,"García Jr., Luis",WSH,STL,2025,STL,9.610000000000003,17.438972048302656
777994,2025-05-09,502671,"Goldschmidt, Paul",NYY,ATH,2025,ATH,257.115,61.94401342561233
777994,2025-05-09,663757,"Grisham, Trent",NYY,ATH,2025,ATH,184.79000000000002,48.938914063523
777994,2025-05-09,592450,"Judge, Aaron",NYY,ATH,2025,ATH,93.88,32.59195819753555
777995,2025-05-09,663993,"Lowe, Nathaniel",WSH,STL,2025,STL,-48.129999999999995,7.056470324596627
777994,2025-05-09,672724,"Peraza, Oswald",NYY,ATH,2025,ATH,0.4350000000000023,15.789172025528101
777994,2025-05-09,622569,"Reyes, Pablo",NYY,ATH,2025,ATH,-5.655000000000001,14.694100402781828
777994,2025-05-09,700250,"Rice, Ben",NYY,ATH,2025,ATH,176.65500000000003,47.47612134578229
777995,2025-05-09,642708,"Rosario, Amed",WSH,STL,2025,STL,14.720000000000002,18.357825248997802
777995,2025-05-09,660688,"Ruiz, Keibert",WSH,STL,2025,STL,79.145,29.942388351695428
777994,2025-05-09,678391,"Vivas, Jorbit",NYY,ATH,2025,ATH,175.655,47.29630662940358
777994,2025-05-09,683011,"Volpe, Anthony",NYY,ATH,2025,ATH,96.375,33.0405959149004
777995,2025-05-09,695578,"Wood, James",WSH,STL,2025,STL,78.30999999999999,29.792243063519212
777995,2025-05-09,696285,"Young, Jacob",WSH,STL,2025,STL,-19.901118825599998,12.132438586659333
777980,2025-05-10,682928,"Abrams, CJ",WSH,STL,2025,STL,86.08,31.1894034097817
777980,2025-05-10,605137,"Bell, Josh",WSH,STL,2025,STL,90.58500000000001,31.999468707067734
777972,2025-05-10,641355,"Bellinger, Cody",NYY,ATH,2025,ATH,117.1,36.76725591184891
777972,2025-05-10,665828,"Cabrera, Oswaldo",NYY,ATH,2025,ATH,89.66,31.833140094417434
777980,2025-05-10,669743,"Call, Alex",WSH,STL,2025,STL,-16.069999999999993,12.821330131697689
777980,2025-05-10,686611,"Crews, Dylan",WSH,STL,2025,STL,216.42000000000002,54.626453542581224
777972,2025-05-10,691176,"Domínguez, Jasson",NYY,ATH,2025,ATH,79.815,30.06286421166916
777980,2025-05-10,671277,"García Jr., Luis",WSH,STL,2025,STL,51.986587590400006,25.058906126967496
777972,2025-05-10,502671,"Goldschmidt, Paul",NYY,ATH,2025,ATH,108.46,35.21365676233697
777972,2025-05-10,663757,"Grisham, Trent",NYY,ATH,2025,ATH,71.305,28.532640975286437
777972,2025-05-10,592450,"Judge, Aaron",NYY,ATH,2025,ATH,151.45763878719998,42.945264985811036
777980,2025-05-10,663993,"Lowe, Nathaniel",WSH,STL,2025,STL,-15.865000000000009,12.85819214855532
777972,2025-05-10,672724,"Peraza, Oswald",NYY,ATH,2025,ATH,133.085,39.6415941531624
777972,2025-05-10,622569,"Reyes, Pablo",NYY,ATH,2025,ATH,6.715,16.918408444386323
777972,2025-05-10,700250,"Rice, Ben",NYY,ATH,2025,ATH,-8.002993500800002,14.27189661737645
777980,2025-05-10,660688,"Ruiz, Keibert",WSH,STL,2025,STL,31.020000000000007,21.288805125970583
777980,2025-05-10,677588,"Tena, José",WSH,STL,2025,STL,147.31,42.19945849364939
777972,2025-05-10,683011,"Volpe, Anthony",NYY,ATH,2025,ATH,131.395717408,39.33783628299846
777972,2025-05-10,669224,"Wells, Austin",NYY,ATH,2025,ATH,113.235,36.072272033045245
777980,2025-05-10,695578,"Wood, James",WSH,STL,2025,STL,121.83000000000001,37.617779520320155
777980,2025-05-10,696285,"Young, Jacob",WSH,STL,2025,STL,9.79,17.471338697250822
777962,2025-05-11,682928,"Abrams, CJ",WSH,STL,2025,STL,127.63,38.66070487531661
777962,2025-05-11,656180,"Adams, Riley",WSH,STL,2025,STL,-6.574999999999994,14.528670863713428
777962,2025-05-11,605137,"Bell, Josh",WSH,STL,2025,STL,52.099999999999994,25.079299347233537
777957,2025-05-11,641355,"Bellinger, Cody",NYY,ATH,2025,ATH,158.495,44.21068609634513
777957,2025-05-11,665828,"Cabrera, Oswaldo",NYY,ATH,2025,ATH,176.20499999999998,47.395204723411865
777962,2025-05-11,669743,"Call, Alex",WSH,STL,2025,STL,10.184999999999995,17.542365510220403
777962,2025-05-11,686611,"Crews, Dylan",WSH,STL,2025,STL,12.305000000000005,17.923572708943247
777957,2025-05-11,691176,"Domínguez, Jasson",NYY,ATH,2025,ATH,209.945,53.46215325402915
777962,2025-05-11,671277,"García Jr., Luis",WSH,STL,2025,STL,24.435000000000002,20.104725218616856
777957,2025-05-11,502671,"Goldschmidt, Paul",NYY,ATH,2025,ATH,357.975,80.08012571956783
777957,2025-05-11,592450,"Judge, Aaron",NYY,ATH,2025,ATH,182.59,48.54332168748986
777962,2025-05-11,663993,"Lowe, Nathaniel",WSH,STL,2025,STL,112.425,35.9266221127785
777957,2025-05-11,672724,"Peraza, Oswald",NYY,ATH,2025,ATH,1.0249999999999986,15.89526270819153
777957,2025-05-11,622569,"Reyes, Pablo",NYY,ATH,2025,ATH,32.665,21.584600334413544
777957,2025-05-11,700250,"Rice, Ben",NYY,ATH,2025,ATH,323.295,73.84415135555457
777962,2025-05-11,677588,"Tena, José",WSH,STL,2025,STL,91.385,32.14332048017069
777957,2025-05-11,678391,"Vivas, Jorbit",NYY,ATH,2025,ATH,162.54500000000002,44.93893569767886
777957,2025-05-11,683011,"Volpe, Anthony",NYY,ATH,2025,ATH,142.20000000000002,41.280605292954235
777957,2025-05-11,669224,"Wells, Austin",NYY,ATH,2025,ATH,81.50000000000001,30.365852008767263
777962,2025-05-11,695578,"Wood, James",WSH,STL,2025,STL,16.955000000000005,18.759711140104194
777959,2025-05-12,682928,"Abrams, CJ",WSH,ATL,2025,ATL,13.050545894400003,18.057632832492086
777959,2025-05-12,605137,"Bell, Josh",WSH,ATL,2025,ATL,74.76500000000001,29.154799893956728
777941,2025-05-12,641355,"Bellinger, Cody",NYY,SEA,2025,SEA,171.52,46.552772777177665
777941,2025-05-12,665828,"Cabrera, Oswaldo",NYY,SEA,2025,SEA,133.305,39.68115339076572
777959,2025-05-12,669743,"Call, Alex",WSH,ATL,2025,ATL,49.795,24.66482642598064
777959,2025-05-12,686611,"Crews, Dylan",WSH,ATL,2025,ATL,149.96,42.67596749205293
777959,2025-05-12,671277,"García Jr., Luis",WSH,ATL,2025,ATL,173.27,46.86744853084039
777941,2025-05-12,502671,"Goldschmidt, Paul",NYY,SEA,2025,SEA,137.08,40.3599539450953
777941,2025-05-12,663757,"Grisham, Trent",NYY,SEA,2025,SEA,224.46499999999997,56.07306293584784
777941,2025-05-12,592450,"Judge, Aaron",NYY,SEA,2025,SEA,229.2759083424,56.938135054960405
777959,2025-05-12,663993,"Lowe, Nathaniel",WSH,ATL,2025,ATL,25.575000000000006,20.30971399528857
777941,2025-05-12,672724,"Peraza, Oswald",NYY,SEA,2025,SEA,82.725,30.586125036331165
777941,2025-05-12,700250,"Rice, Ben",NYY,SEA,2025,SEA,127.37,38.613953049058146
777959,2025-05-12,660688,"Ruiz, Keibert",WSH,ATL,2025,ATL,84.82,30.96283686714454
777959,2025-05-12,677588,"Tena, José",WSH,ATL,2025,ATL,200.79,51.81594952558215
777941,2025-05-12,683011,"Volpe, Anthony",NYY,SEA,2025,SEA,252.82,61.17170921876583
777941,2025-05-12,669224,"Wells, Austin",NYY,SEA,2025,SEA,141.32,41.12236834254098
777959,2025-05-12,695578,"Wood, James",WSH,ATL,2025,ATL,141.07999999999998,41.079212810610095
777959,2025-05-12,696285,"Young, Jacob",WSH,ATL,2025,ATL,11.700000000000005,17.814784805534135
777942,2025-05-13,682928,"Abrams, CJ",WSH,ATL,2025,ATL,92.42500000000001,32.330327785204545
777942,2025-05-13,605137,"Bell, Josh",WSH,ATL,2025,ATL,132.325,39.50493496871459
777926,2025-05-13,641355,"Bellinger, Cody",NYY,SEA,2025,SEA,172.365,46.704716212517674
777942,2025-05-13,686611,"Crews, Dylan",WSH,ATL,2025,ATL,87.935,31.52295970866419
777926,2025-05-13,691176,"Domínguez, Jasson",NYY,SEA,2025,SEA,98.2765645856,33.38252521153584
777926,2025-05-13,502671,"Goldschmidt, Paul",NYY,SEA,2025,SEA,72.10637330240002,28.676739688370954
777926,2025-05-13,663757,"Grisham, Trent",NYY,SEA,2025,SEA,110.1741540128,35.521886879978005
777926,2025-05-13,592450,"Judge, Aaron",NYY,SEA,2025,SEA,77.4136216832,29.63106105071581
777926,2025-05-13,518934,"LeMahieu, DJ",NYY,SEA,2025,SEA,-3.365000000000002,15.105876103289049
777942,2025-05-13,663993,"Lowe, Nathaniel",WSH,ATL,2025,ATL,28.52,20.839268335023835
777926,2025-05-13,672724,"Peraza, Oswald",NYY,SEA,2025,SEA,93.705,32.560490622169276
777926,2025-05-13,622569,"Reyes, Pablo",NYY,SEA,2025,SEA,16.255,18.633840838639102
777926,2025-05-13,700250,"Rice, Ben",NYY,SEA,2025,SEA,0.6949999999999967,15.83592385178656
777942,2025-05-13,642708,"Rosario, Amed",WSH,ATL,2025,ATL,63.04914608319999,27.048116944773078
777942,2025-05-13,660688,"Ruiz, Keibert",WSH,ATL,2025,ATL,10.350000000000001,17.57203493842289
777942,2025-05-13,677588,"Tena, José",WSH,ATL,2025,ATL,-21.020000000000003,11.931247285623133
777926,2025-05-13,678391,"Vivas, Jorbit",NYY,SEA,2025,SEA,-3.174999999999997,15.140040899401
777926,2025-05-13,683011,"Volpe, Anthony",NYY,SEA,2025,SEA,178.67000000000002,47.838447999285364
777926,2025-05-13,669224,"Wells, Austin",NYY,SEA,2025,SEA,62.770616784,26.99803327783427
777942,2025-05-13,695578,"Wood, James",WSH,ATL,2025,ATL,19.055000000000003,19.13732204449946
777942,2025-05-13,696285,"Young, Jacob",WSH,ATL,2025,ATL,40.385000000000005,22.97276994485709
777929,2025-05-14,682928,"Abrams, CJ",WSH,ATL,2025,ATL,171.01500000000001,46.461966345406424
777929,2025-05-14,656180,"Adams, Riley",WSH,ATL,2025,ATL,2.850000000000012,16.223424565582658
777929,2025-05-14,605137,"Bell, Josh",WSH,ATL,2025,ATL,12.934999999999988,18.036855980261823
777915,2025-05-14,641355,"Bellinger, Cody",NYY,SEA,2025,SEA,79.26499999999999,29.963966117660874
777929,2025-05-14,669743,"Call, Alex",WSH,ATL,2025,ATL,47.9581002944,24.334524826402056
777929,2025-05-14,686611,"Crews, Dylan",WSH,ATL,2025,ATL,57.28499999999999,26.011638651657083
777915,2025-05-14,691176,"Domínguez, Jasson",NYY,SEA,2025,SEA,104.57,34.51417751562383
777915,2025-05-14,641555,"Escarra, J.C.",NYY,SEA,2025,SEA,63.675,27.160654689316964
777915,2025-05-14,502671,"Goldschmidt, Paul",NYY,SEA,2025,SEA,96.50500000000001,33.06397182802963
777915,2025-05-14,663757,"Grisham, Trent",NYY,SEA,2025,SEA,56.05999999999999,25.79136562409318
777915,2025-05-14,592450,"Judge, Aaron",NYY,SEA,2025,SEA,130.185,39.12013147566418
777915,2025-05-14,518934,"LeMahieu, DJ",NYY,SEA,2025,SEA,126.85,38.52044939654122
777929,2025-05-14,663993,"Lowe, Nathaniel",WSH,ATL,2025,ATL,79.865,30.07185494748809
777915,2025-05-14,622569,"Reyes, Pablo",NYY,SEA,2025,SEA,-4.744999999999999,14.857731794686444
777915,2025-05-14,700250,"Rice, Ben",NYY,SEA,2025,SEA,-29.67,10.375849988947392
777929,2025-05-14,642708,"Rosario, Amed",WSH,ATL,2025,ATL,42.230000000000004,23.304528096575787
777929,2025-05-14,660688,"Ruiz, Keibert",WSH,ATL,2025,ATL,43.63,23.556268699505967
777929,2025-05-14,677588,"Tena, José",WSH,ATL,2025,ATL,207.03,52.93799335578523
777915,2025-05-14,678391,"Vivas, Jorbit",NYY,SEA,2025,SEA,29.229999999999997,20.966936783652713
777915,2025-05-14,683011,"Volpe, Anthony",NYY,SEA,2025,SEA,83.29499999999999,30.688619424667017
777915,2025-05-14,669224,"Wells, Austin",NYY,SEA,2025,SEA,31.340000000000003,21.346345835211768
777929,2025-05-14,695578,"Wood, James",WSH,ATL,2025,ATL,162.63,44.95421994857104
777909,2025-05-15,682928,"Abrams, CJ",WSH,ATL,2025,ATL,75.91,29.360687744210335
777909,2025-05-15,605137,"Bell, Josh",WSH,ATL,2025,ATL,85.97,31.16962379098004
777909,2025-05-15,669743,"Call, Alex",WSH,ATL,2025,ATL,62.36,26.92419833727898
777909,2025-05-15,663993,"Lowe, Nathaniel",WSH,ATL,2025,ATL,37.315000000000005,22.420738765574487
777909,2025-05-15,642708,"Rosario, Amed",WSH,ATL,2025,ATL,21.425000000000004,19.56348292231697
777909,2025-05-15,660688,"Ruiz, Keibert",WSH,ATL,2025,ATL,94.21000000000002,32.65129705394052
777909,2025-05-15,677588,"Tena, José",WSH,ATL,2025,ATL,63.459999999999994,27.121994525295545
777909,2025-05-15,695578,"Wood, James",WSH,ATL,2025,ATL,-87.37300784,0.0
777909,2025-05-15,696285,"Young, Jacob",WSH,ATL,2025,ATL,3.974022777600002,16.425540402539994
777907,2025-05-16,682928,"Abrams, CJ",WSH,BAL,2025,BAL,2.0149999999999917,16.073279277406442
777904,2025-05-16,641355,"Bellinger, Cody",NYY,NYM,2025,NYM,158.11499999999998,44.14235650412121
777907,2025-05-16,669743,"Call, Alex",WSH,BAL,2025,BAL,23.469999999999995,19.93120401731141
777907,2025-05-16,686611,"Crews, Dylan",WSH,BAL,2025,BAL,62.7,26.985335340847737
777904,2025-05-16,691176,"Domínguez, Jasson",NYY,NYM,2025,NYM,174.61499999999998,47.10929932436973
777907,2025-05-16,671277,"García Jr., Luis",WSH,BAL,2025,BAL,19.97,19.301852509985967
777904,2025-05-16,502671,"Goldschmidt, Paul",NYY,NYM,2025,NYM,126.95,38.53843086817909
777904,2025-05-16,663757,"Grisham, Trent",NYY,NYM,2025,NYM,116.7,36.69533002529744
777904,2025-05-16,592450,"Judge, Aaron",NYY,NYM,2025,NYM,134.9794377184,39.98224193419361
777907,2025-05-16,663993,"Lowe, Nathaniel",WSH,BAL,2025,BAL,111.83000000000001,35.81963235653318
777907,2025-05-16,683083,"Nuñez, Nasim",WSH,BAL,2025,BAL,235.405,58.04023593303079
777904,2025-05-16,672724,"Peraza, Oswald",NYY,NYM,2025,NYM,64.08,27.23347964945034
777907,2025-05-16,660688,"Ruiz, Keibert",WSH,BAL,2025,BAL,19.564999999999998,19.229027549852596
777907,2025-05-16,677588,"Tena, José",WSH,BAL,2025,BAL,118.75,37.063950193873765
777904,2025-05-16,678391,"Vivas, Jorbit",NYY,NYM,2025,NYM,36.735,22.316446230074842
777904,2025-05-16,683011,"Volpe, Anthony",NYY,NYM,2025,NYM,54.00500000000001,25.42184638193496
777904,2025-05-16,669224,"Wells, Austin",NYY,NYM,2025,NYM,101.1495234048,33.89912548677796
777907,2025-05-16,695578,"Wood, James",WSH,BAL,2025,BAL,180.995,48.25651721486584
777907,2025-05-16,696285,"Young, Jacob",WSH,BAL,2025,BAL,37.86500000000001,22.51963685958277
777890,2025-05-17,682928,"Abrams, CJ",WSH,BAL,2025,BAL,81.215,30.314604814599335
777890,2025-05-17,605137,"Bell, Josh",WSH,BAL,2025,BAL,43.36500000000001,23.50861779966561
777888,2025-05-17,641355,"Bellinger, Cody",NYY,NYM,2025,NYM,149.81499999999997,42.64989435817802
777890,2025-05-17,669743,"Call, Alex",WSH,BAL,2025,BAL,13.66,18.16722164963638
777890,2025-05-17,686611,"Crews, Dylan",WSH,BAL,2025,BAL,69.87,28.274606857283008
777888,2025-05-17,691176,"Domínguez, Jasson",NYY,NYM,2025,NYM,156.09500000000003,43.77913077703626
777888,2025-05-17,641555,"Escarra, J.C.",NYY,NYM,2025,NYM,98.2386782688,33.37571269422581
777890,2025-05-17,671277,"García Jr., Luis",WSH,BAL,2025,BAL,201.8,51.99756238912465
777888,2025-05-17,502671,"Goldschmidt, Paul",NYY,NYM,2025,NYM,-43.20000000000001,7.942956876343605
777888,2025-05-17,663757,"Grisham, Trent",NYY,NYM,2025,NYM,15.259999999999998,18.4549251958423
777888,2025-05-17,592450,"Judge, Aaron",NYY,NYM,2025,NYM,80.41499999999999,30.170753041496372
777888,2025-05-17,518934,"LeMahieu, DJ",NYY,NYM,2025,NYM,223.565,55.91122969110701
777890,2025-05-17,663993,"Lowe, Nathaniel",WSH,BAL,2025,BAL,107.81529152320002,35.09772869043423
777888,2025-05-17,700250,"Rice, Ben",NYY,NYM,2025,NYM,62.580000000000005,26.96375757488229
777890,2025-05-17,660688,"Ruiz, Keibert",WSH,BAL,2025,BAL,198.3,51.3682108817992
777890,2025-05-17,677588,"Tena, José",WSH,BAL,2025,BAL,79.69,30.040387372121817
777888,2025-05-17,678391,"Vivas, Jorbit",NYY,NYM,2025,NYM,-12.409999999999997,13.479451993643723
777888,2025-05-17,683011,"Volpe, Anthony",NYY,NYM,2025,NYM,169.185,46.13290541443341
777888,2025-05-17,669224,"Wells, Austin",NYY,NYM,2025,NYM,14.950000000000003,18.399182633764905
777890,2025-05-17,695578,"Wood, James",WSH,BAL,2025,BAL,126.13,38.39098280074856
777890,2025-05-17,696285,"Young, Jacob",WSH,BAL,2025,BAL,127.56000000000002,38.6481178451701
777873,2025-05-18,682928,"Abrams, CJ",WSH,BAL,2025,BAL,287.34000000000003,67.37891322815848
777873,2025-05-18,605137,"Bell, Josh",WSH,BAL,2025,BAL,96.00000000000001,32.97316539625839
777878,2025-05-18,641355,"Bellinger, Cody",NYY,NYM,2025,NYM,381.78,84.36061504296273
777873,2025-05-18,669743,"Call, Alex",WSH,BAL,2025,BAL,77.55,29.655583879071408
777873,2025-05-18,686611,"Crews, Dylan",WSH,BAL,2025,BAL,143.98499999999999,41.60157456169021
777878,2025-05-18,691176,"Domínguez, Jasson",NYY,NYM,2025,NYM,75.095,29.214138750361695
777873,2025-05-18,671277,"García Jr., Luis",WSH,BAL,2025,BAL,86.39999999999999,31.246944119022878
777878,2025-05-18,502671,"Goldschmidt, Paul",NYY,NYM,2025,NYM,123.36500000000001,37.89379510996147
777878,2025-05-18,663757,"Grisham, Trent",NYY,NYM,2025,NYM,114.795,36.35278299059602
777878,2025-05-18,592450,"Judge, Aaron",NYY,NYM,2025,NYM,176.525,47.452745432653046
777878,2025-05-18,518934,"LeMahieu, DJ",NYY,NYM,2025,NYM,20.035000000000007,19.313540466550585
777873,2025-05-18,663993,"Lowe, Nathaniel",WSH,BAL,2025,BAL,8.32,17.207011064174136
777878,2025-05-18,672724,"Peraza, Oswald",NYY,NYM,2025,NYM,0.9249999999999972,15.877281236553662
777878,2025-05-18,700250,"Rice, Ben",NYY,NYM,2025,NYM,8.645,17.26545084699721
777873,2025-05-18,660688,"Ruiz, Keibert",WSH,BAL,2025,BAL,119.85,37.26174638189033
777873,2025-05-18,677588,"Tena, José",WSH,BAL,2025,BAL,63.175,27.07074733112762
777878,2025-05-18,678391,"Vivas, Jorbit",NYY,NYM,2025,NYM,150.765,42.820718338737784
777878,2025-05-18,683011,"Volpe, Anthony",NYY,NYM,2025,NYM,165.42499999999998,45.45680208084949
777878,2025-05-18,669224,"Wells, Austin",NYY,NYM,2025,NYM,73.2614696096,28.8844430032402
777873,2025-05-18,695578,"Wood, James",WSH,BAL,2025,BAL,137.075,40.35905487151341
777841,2025-05-20,682928,"Abrams, CJ",WSH,ATL,2025,ATL,63.30500000000001,27.094123244256853
777841,2025-05-20,605137,"Bell, Josh",WSH,ATL,2025,ATL,98.91999999999999,33.49822436808418
777849,2025-05-20,641355,"Bellinger, Cody",NYY,TEX,2025,TEX,40.295,22.956586620383007
777841,2025-05-20,669743,"Call, Alex",WSH,ATL,2025,ATL,46.500000000000014,24.07233693551283
777841,2025-05-20,686611,"Crews, Dylan",WSH,ATL,2025,ATL,168.0751672352,45.93334115060311
777841,2025-05-20,671277,"García Jr., Luis",WSH,ATL,2025,ATL,45.02,23.806211155272354
777849,2025-05-20,502671,"Goldschmidt, Paul",NYY,TEX,2025,TEX,87.44500000000001,31.43485049763862
777849,2025-05-20,663757,"Grisham, Trent",NYY,TEX,2025,TEX,95.9846697248,32.97040878717129
777849,2025-05-20,592450,"Judge, Aaron",NYY,TEX,2025,TEX,146.16,41.99267156981388
777849,2025-05-20,518934,"LeMahieu, DJ",NYY,TEX,2025,TEX,62.115,26.8801437317662
777841,2025-05-20,663993,"Lowe, Nathaniel",WSH,ATL,2025,ATL,123.6025046976,37.93650194979901
777841,2025-05-20,683083,"Nuñez, Nasim",WSH,ATL,2025,ATL,-6.425000000000001,14.555643071170232
777849,2025-05-20,672724,"Peraza, Oswald",NYY,TEX,2025,TEX,-28.974999999999998,10.50082121683059
777849,2025-05-20,700250,"Rice, Ben",NYY,TEX,2025,TEX,237.055,58.33693021505565
777841,2025-05-20,660688,"Ruiz, Keibert",WSH,ATL,2025,ATL,68.835,28.08849862583105
777841,2025-05-20,677588,"Tena, José",WSH,ATL,2025,ATL,32.875,21.622361424853068
777849,2025-05-20,683011,"Volpe, Anthony",NYY,TEX,2025,TEX,175.51999999999998,47.27203164269246
777849,2025-05-20,669224,"Wells, Austin",NYY,TEX,2025,TEX,-5.340000000000002,14.750742038441118
777841,2025-05-20,695578,"Wood, James",WSH,ATL,2025,ATL,149.85,42.65618787325127
777835,2025-05-21,641355,"Bellinger, Cody",NYY,TEX,2025,TEX,166.125,45.58267238231459
777835,2025-05-21,691176,"Domínguez, Jasson",NYY,TEX,2025,TEX,191.6438356256,50.17133457264647
777835,2025-05-21,502671,"Goldschmidt, Paul",NYY,TEX,2025,TEX,48.94,24.511084843476855
777835,2025-05-21,663757,"Grisham, Trent",NYY,TEX,2025,TEX,46.739999999999995,24.115492467443715
777835,2025-05-21,592450,"Judge, Aaron",NYY,TEX,2025,TEX,268.88,64.05953356380772
777835,2025-05-21,518934,"LeMahieu, DJ",NYY,TEX,2025,TEX,-11.144999999999996,13.706917609862776
777835,2025-05-21,700250,"Rice, Ben",NYY,TEX,2025,TEX,-47.945,7.089736047126685
777835,2025-05-21,678391,"Vivas, Jorbit",NYY,TEX,2025,TEX,50.285,24.7529356370062
777835,2025-05-21,683011,"Volpe, Anthony",NYY,TEX,2025,TEX,95.125,32.815827519427025
777835,2025-05-21,669224,"Wells, Austin",NYY,TEX,2025,TEX,7.020000000000003,16.973251932881826
777820,2025-05-22,682928,"Abrams, CJ",WSH,ATL,2025,ATL,76.65068408959999,29.493873643707975
777820,2025-05-22,605137,"Bell, Josh",WSH,ATL,2025,ATL,41.124999999999986,23.105832834977324
777818,2025-05-22,641355,"Bellinger, Cody",NYY,TEX,2025,TEX,5.990000000000002,16.788042775011768
777820,2025-05-22,669743,"Call, Alex",WSH,ATL,2025,ATL,157.96,44.11448522308252
777818,2025-05-22,691176,"Domínguez, Jasson",NYY,TEX,2025,TEX,-33.510000000000005,9.685361478053192
777818,2025-05-22,641555,"Escarra, J.C.",NYY,TEX,2025,TEX,23.77,19.98514843222502
777820,2025-05-22,671277,"García Jr., Luis",WSH,ATL,2025,ATL,23.972171440000004,20.021501832368493
777818,2025-05-22,502671,"Goldschmidt, Paul",NYY,TEX,2025,TEX,39.165,22.753395990875077
777818,2025-05-22,663757,"Grisham, Trent",NYY,TEX,2025,TEX,50.85,24.854530951760168
777820,2025-05-22,690987,"Hassell III, Robert",WSH,ATL,2025,ATL,84.76,30.95204798416182
777818,2025-05-22,592450,"Judge, Aaron",NYY,TEX,2025,TEX,6.245000000000006,16.833895527688338
777818,2025-05-22,518934,"LeMahieu, DJ",NYY,TEX,2025,TEX,-5.440000000000001,14.732760566803249
777820,2025-05-22,663993,"Lowe, Nathaniel",WSH,ATL,2025,ATL,94.935,32.78166272331507
777818,2025-05-22,672724,"Peraza, Oswald",NYY,TEX,2025,TEX,66.305,27.633567393392948
777820,2025-05-22,642708,"Rosario, Amed",WSH,ATL,2025,ATL,51.01,24.88330130638076
777820,2025-05-22,660688,"Ruiz, Keibert",WSH,ATL,2025,ATL,175.07999999999998,47.19291316748583
777820,2025-05-22,677588,"Tena, José",WSH,ATL,2025,ATL,257.445,62.003352282017296
777818,2025-05-22,678391,"Vivas, Jorbit",NYY,TEX,2025,TEX,106.76000000000002,34.907971744493175
777818,2025-05-22,683011,"Volpe, Anthony",NYY,TEX,2025,TEX,0.48499999999999943,15.798162761347035
777820,2025-05-22,695578,"Wood, James",WSH,ATL,2025,ATL,179.29533458880002,47.95089236101223
777801,2025-05-23,682928,"Abrams, CJ",WSH,SF,2025,SF,66.64,27.69380532337981
777801,2025-05-23,605137,"Bell, Josh",WSH,SF,2025,SF,78.565,29.838095816195786
777801,2025-05-23,669743,"Call, Alex",WSH,SF,2025,SF,50.64,24.81676986132064
777802,2025-05-23,691176,"Domínguez, Jasson",NYY,COL,2025,COL,58.010000000000005,26.142004321031642
777801,2025-05-23,671277,"García Jr., Luis",WSH,SF,2025,SF,179.125,47.92026369523767
777802,2025-05-23,502671,"Goldschmidt, Paul",NYY,COL,2025,COL,117.02000000000001,36.75287073453862
777802,2025-05-23,663757,"Grisham, Trent",NYY,COL,2025,COL,15.425000000000004,18.484594624044785
777801,2025-05-23,690987,"Hassell III, Robert",WSH,SF,2025,SF,24.759999999999998,20.163165001439932
777802,2025-05-23,592450,"Judge, Aaron",NYY,COL,2025,COL,150.27000000000004,42.73171005413034
777802,2025-05-23,518934,"LeMahieu, DJ",NYY,COL,2025,COL,38.959999999999994,22.716533974017445
777801,2025-05-23,695734,"Lile, Daylen",WSH,SF,2025,SF,21.625,19.599445865592713
777801,2025-05-23,663993,"Lowe, Nathaniel",WSH,SF,2025,SF,55.40500000000001,25.67358698486514
777802,2025-05-23,700250,"Rice, Ben",NYY,COL,2025,COL,1.8299999999999947,16.040013554876385
777801,2025-05-23,660688,"Ruiz, Keibert",WSH,SF,2025,SF,28.17,20.776333184291293
777801,2025-05-23,677588,"Tena, José",WSH,SF,2025,SF,61.24000000000001,26.722805854934844
777802,2025-05-23,678391,"Vivas, Jorbit",NYY,COL,2025,COL,5.434999999999997,16.68824560742159
777802,2025-05-23,683011,"Volpe, Anthony",NYY,COL,2025,COL,15.389999999999999,18.478301108971532
777802,2025-05-23,669224,"Wells, Austin",NYY,COL,2025,COL,62.74,26.992527929502884
777801,2025-05-23,695578,"Wood, James",WSH,SF,2025,SF,-21.984999999999996,11.757726084317689
777793,2025-05-24,682928,"Abrams, CJ",WSH,SF,2025,SF,-18.769999999999996,12.335830397475203
777782,2025-05-24,641355,"Bellinger, Cody",NYY,COL,2025,COL,300.56,69.75606377868488
777793,2025-05-24,669743,"Call, Alex",WSH,SF,2025,SF,77.055,29.566575594463952
777782,2025-05-24,691176,"Domínguez, Jasson",NYY,COL,2025,COL,164.76999999999998,45.33902344162145
777782,2025-05-24,641555,"Escarra, J.C.",NYY,COL,2025,COL,41.42,23.15887817630904
777793,2025-05-24,671277,"García Jr., Luis",WSH,SF,2025,SF,20.457373507200003,19.38948943895363
777782,2025-05-24,502671,"Goldschmidt, Paul",NYY,COL,2025,COL,206.04,52.75997678657032
777782,2025-05-24,663757,"Grisham, Trent",NYY,COL,2025,COL,91.19999999999999,32.11005475764063
777793,2025-05-24,690987,"Hassell III, Robert",WSH,SF,2025,SF,-1.704999999999996,15.404368532477687
777782,2025-05-24,592450,"Judge, Aaron",NYY,COL,2025,COL,194.655,50.71278624059884
777782,2025-05-24,518934,"LeMahieu, DJ",NYY,COL,2025,COL,111.58500000000001,35.77557775102039
777793,2025-05-24,695734,"Lile, Daylen",WSH,SF,2025,SF,62.045,26.867556701619687
777793,2025-05-24,663993,"Lowe, Nathaniel",WSH,SF,2025,SF,-0.7049999999999983,15.584183248856384
777782,2025-05-24,672724,"Peraza, Oswald",NYY,COL,2025,COL,150.1123796544,42.703367596390756
777782,2025-05-24,622569,"Reyes, Pablo",NYY,COL,2025,COL,60.525000000000006,26.594238332724068
777793,2025-05-24,642708,"Rosario, Amed",WSH,SF,2025,SF,42.474999999999994,23.348582702088567
777793,2025-05-24,660688,"Ruiz, Keibert",WSH,SF,2025,SF,93.24,32.47687677905318
777782,2025-05-24,683011,"Volpe, Anthony",NYY,COL,2025,COL,131.23499999999999,39.30893692786181
777782,2025-05-24,669224,"Wells, Austin",NYY,COL,2025,COL,281.525,66.33329065241635
777793,2025-05-24,695578,"Wood, James",WSH,SF,2025,SF,85.59,31.101294198756136
777778,2025-05-25,682928,"Abrams, CJ",WSH,SF,2025,SF,62.57500000000001,26.962858501300403
777778,2025-05-25,656180,"Adams, Riley",WSH,SF,2025,SF,-24.029999999999998,11.39000498932325
777778,2025-05-25,605137,"Bell, Josh",WSH,SF,2025,SF,1.509999999999998,15.9824728456352
777768,2025-05-25,641355,"Bellinger, Cody",NYY,COL,2025,COL,142.10500000000002,41.263522894898266
777778,2025-05-25,669743,"Call, Alex",WSH,SF,2025,SF,33.074999999999996,21.658324368128806
777768,2025-05-25,691176,"Domínguez, Jasson",NYY,COL,2025,COL,115.625,36.50202920519034
777768,2025-05-25,641555,"Escarra, J.C.",NYY,COL,2025,COL,148.95,42.49435462851045
777778,2025-05-25,671277,"García Jr., Luis",WSH,SF,2025,SF,3.4049999999999976,16.323221733172833
777768,2025-05-25,502671,"Goldschmidt, Paul",NYY,COL,2025,COL,90.04500000000002,31.902368760223244
777778,2025-05-25,690987,"Hassell III, Robert",WSH,SF,2025,SF,-4.044999999999998,14.983602096151532
777768,2025-05-25,592450,"Judge, Aaron",NYY,COL,2025,COL,171.77,46.59772645627234
777768,2025-05-25,518934,"LeMahieu, DJ",NYY,COL,2025,COL,28.810000000000002,20.891414602773658
777778,2025-05-25,695734,"Lile, Daylen",WSH,SF,2025,SF,44.245,23.666854750078862
777778,2025-05-25,663993,"Lowe, Nathaniel",WSH,SF,2025,SF,90.82999999999998,32.04352331258051
777778,2025-05-25,683083,"Nuñez, Nasim",WSH,SF,2025,SF,71.42,28.553319667669985
777768,2025-05-25,672724,"Peraza, Oswald",NYY,COL,2025,COL,50.795,24.844641142359336
777768,2025-05-25,700250,"Rice, Ben",NYY,COL,2025,COL,173.71499999999997,46.94746607962891
777778,2025-05-25,642708,"Rosario, Amed",WSH,SF,2025,SF,88.39000000000001,31.604775404616493
777778,2025-05-25,660688,"Ruiz, Keibert",WSH,SF,2025,SF,-9.725000000000001,13.962254507120525
777768,2025-05-25,683011,"Volpe, Anthony",NYY,COL,2025,COL,182.31,48.49297356690382
777778,2025-05-25,695578,"Wood, James",WSH,SF,2025,SF,109.53,35.40605850886217
777763,2025-05-26,641355,"Bellinger, Cody",NYY,LAA,2025,LAA,151.82,43.01042286451732
777763,2025-05-26,691176,"Domínguez, Jasson",NYY,LAA,2025,LAA,63.665,27.15885654215318
777763,2025-05-26,663757,"Grisham, Trent",NYY,LAA,2025,LAA,54.63500000000002,25.53512965325354
777763,2025-05-26,592450,"Judge, Aaron",NYY,LAA,2025,LAA,152.8193921088,43.1901282731123
777763,2025-05-26,672724,"Peraza, Oswald",NYY,LAA,2025,LAA,10.424999999999997,17.585521042151296
777763,2025-05-26,700250,"Rice, Ben",NYY,LAA,2025,LAA,24.924999999999997,20.192834429642417
777763,2025-05-26,678391,"Vivas, Jorbit",NYY,LAA,2025,LAA,75.535,29.293257225568325
777763,2025-05-26,683011,"Volpe, Anthony",NYY,LAA,2025,LAA,124.065,38.01966541142655
777763,2025-05-26,669224,"Wells, Austin",NYY,LAA,2025,LAA,47.48499999999999,24.249454431145846
777743,2025-05-27,682928,"Abrams, CJ",WSH,SEA,2025,SEA,46.155,24.010300858362175
777743,2025-05-27,605137,"Bell, Josh",WSH,SEA,2025,SEA,63.050000000000004,27.048270491580283
777745,2025-05-27,641355,"Bellinger, Cody",NYY,LAA,2025,LAA,32.285000000000004,21.516270742189636
777743,2025-05-27,671277,"García Jr., Luis",WSH,SEA,2025,SEA,37.61,22.4737841069062
777745,2025-05-27,502671,"Goldschmidt, Paul",NYY,LAA,2025,LAA,161.2,44.697084904149506
777745,2025-05-27,663757,"Grisham, Trent",NYY,LAA,2025,LAA,201.795,51.99666331554275
777743,2025-05-27,690987,"Hassell III, Robert",WSH,SEA,2025,SEA,44.83500000000001,23.772945432742297
777745,2025-05-27,592450,"Judge, Aaron",NYY,LAA,2025,LAA,69.405,28.190993014166903
777745,2025-05-27,518934,"LeMahieu, DJ",NYY,LAA,2025,LAA,0.3710995583999974,15.77768178574532
777743,2025-05-27,695734,"Lile, Daylen",WSH,SEA,2025,SEA,-5.130000000000002,14.788503128880645
777743,2025-05-27,663993,"Lowe, Nathaniel",WSH,SEA,2025,SEA,111.675,35.79176107549448
777745,2025-05-27,672724,"Peraza, Oswald",NYY,LAA,2025,LAA,168.615,46.03041102609755
777745,2025-05-27,700250,"Rice, Ben",NYY,LAA,2025,LAA,154.64,43.51750036470524
777743,2025-05-27,660688,"Ruiz, Keibert",WSH,SEA,2025,SEA,20.389999999999993,19.37737469086502
777743,2025-05-27,677588,"Tena, José",WSH,SEA,2025,SEA,77.11500000000001,29.57736447744668
777745,2025-05-27,683011,"Volpe, Anthony",NYY,LAA,2025,LAA,57.12499999999999,25.982868297036493
777745,2025-05-27,669224,"Wells, Austin",NYY,LAA,2025,LAA,41.08535023680001,23.09870322405304
777743,2025-05-27,695578,"Wood, James",WSH,SEA,2025,SEA,61.50000000000003,26.7695576811933
777730,2025-05-28,682928,"Abrams, CJ",WSH,SEA,2025,SEA,-8.719999999999995,14.142968297081119
777730,2025-05-28,605137,"Bell, Josh",WSH,SEA,2025,SEA,190.27000000000004,49.92429870927826
777728,2025-05-28,641355,"Bellinger, Cody",NYY,LAA,2025,LAA,118.085,36.944373407481926
777728,2025-05-28,691176,"Domínguez, Jasson",NYY,LAA,2025,LAA,81.455,30.35776034653022
777728,2025-05-28,641555,"Escarra, J.C.",NYY,LAA,2025,LAA,30.218258111999997,21.14464013577094
777730,2025-05-28,671277,"García Jr., Luis",WSH,SEA,2025,SEA,191.055,50.06545326163554
777728,2025-05-28,502671,"Goldschmidt, Paul",NYY,LAA,2025,LAA,159.2764080416,44.351194761721466
777728,2025-05-28,663757,"Grisham, Trent",NYY,LAA,2025,LAA,145.1222292704,41.806065120404746
777730,2025-05-28,690987,"Hassell III, Robert",WSH,SEA,2025,SEA,274.405,65.05300987180001
777728,2025-05-28,592450,"Judge, Aaron",NYY,LAA,2025,LAA,106.645,34.88729305210963
777728,2025-05-28,518934,"LeMahieu, DJ",NYY,LAA,2025,LAA,24.200000000000003,20.06246876026786
777730,2025-05-28,695734,"Lile, Daylen",WSH,SEA,2025,SEA,172.21,46.67684493147897
777730,2025-05-28,663993,"Lowe, Nathaniel",WSH,SEA,2025,SEA,80.29500000000002,30.149175275530936
777728,2025-05-28,672724,"Peraza, Oswald",NYY,LAA,2025,LAA,-44.25500000000001,7.75325235056408
777728,2025-05-28,700250,"Rice, Ben",NYY,LAA,2025,LAA,-3.955,14.999785420625617
777730,2025-05-28,660688,"Ruiz, Keibert",WSH,SEA,2025,SEA,-33.46,9.694352213872127
777730,2025-05-28,677588,"Tena, José",WSH,SEA,2025,SEA,129.80499999999998,39.05180188344027
777728,2025-05-28,678391,"Vivas, Jorbit",NYY,LAA,2025,LAA,2.7849999999999984,16.21173660901804
777728,2025-05-28,683011,"Volpe, Anthony",NYY,LAA,2025,LAA,77.62,29.668170909217917
777730,2025-05-28,695578,"Wood, James",WSH,SEA,2025,SEA,216.625,54.66331555943885
777722,2025-05-29,682928,"Abrams, CJ",WSH,SEA,2025,SEA,89.94,31.883488215003474
777722,2025-05-29,605137,"Bell, Josh",WSH,SEA,2025,SEA,191.22500000000002,50.09602176341992
777722,2025-05-29,671277,"García Jr., Luis",WSH,SEA,2025,SEA,245.725,59.89592380605896
777722,2025-05-29,690987,"Hassell III, Robert",WSH,SEA,2025,SEA,36.66000000000001,22.30296012634644
777722,2025-05-29,695734,"Lile, Daylen",WSH,SEA,2025,SEA,47.334999999999994,24.222482223689042
777722,2025-05-29,663993,"Lowe, Nathaniel",WSH,SEA,2025,SEA,93.83500000000001,32.5838665352985
777722,2025-05-29,660688,"Ruiz, Keibert",WSH,SEA,2025,SEA,119.28500000000001,37.16015106713637
777722,2025-05-29,677588,"Tena, José",WSH,SEA,2025,SEA,99.6356137152,33.62690224531958
777722,2025-05-29,695578,"Wood, James",WSH,SEA,2025,SEA,88.195,31.569711534922646
777710,2025-05-30,682928,"Abrams, CJ",WSH,AZ,2025,AZ,45.225,23.843073172129987
777710,2025-05-30,656180,"Adams, Riley",WSH,AZ,2025,AZ,12.439999999999996,17.94784769565437
777710,2025-05-30,605137,"Bell, Josh",WSH,AZ,2025,AZ,275.235,65.20225608639436
777708,2025-05-30,641355,"Bellinger, Cody",NYY,LAD,2025,LAD,116.50999999999999,36.661165229185485
777708,2025-05-30,691176,"Domínguez, Jasson",NYY,LAD,2025,LAD,66.41499999999999,27.653347012194594
777710,2025-05-30,671277,"García Jr., Luis",WSH,AZ,2025,AZ,166.35999999999999,45.62492884066358
777708,2025-05-30,502671,"Goldschmidt, Paul",NYY,LAD,2025,LAD,175.32,47.23606869941672
777708,2025-05-30,663757,"Grisham, Trent",NYY,LAD,2025,LAD,125.27499999999999,38.23724121824477
777710,2025-05-30,690987,"Hassell III, Robert",WSH,AZ,2025,AZ,260.46500000000003,62.546392725480985
777708,2025-05-30,592450,"Judge, Aaron",NYY,LAD,2025,LAD,131.985,39.44379796514584
777708,2025-05-30,518934,"LeMahieu, DJ",NYY,LAD,2025,LAD,19.355,19.19126645941307
777710,2025-05-30,695734,"Lile, Daylen",WSH,AZ,2025,AZ,-20.829999999999995,11.965412081735085
777710,2025-05-30,663993,"Lowe, Nathaniel",WSH,AZ,2025,AZ,199.54,51.59118113010879
777708,2025-05-30,672724,"Peraza, Oswald",NYY,LAD,2025,LAD,39.5491183296,22.822466119367963
777708,2025-05-30,700250,"Rice, Ben",NYY,LAD,2025,LAD,127.17999999999999,38.57978825294619
777710,2025-05-30,677588,"Tena, José",WSH,AZ,2025,AZ,145.90500000000003,41.94681881713732
777708,2025-05-30,678391,"Vivas, Jorbit",NYY,LAD,2025,LAD,39.525000000000006,22.81812928877141
777708,2025-05-30,683011,"Volpe, Anthony",NYY,LAD,2025,LAD,41.93500000000001,23.251482755244073
777708,2025-05-30,669224,"Wells, Austin",NYY,LAD,2025,LAD,145.9183776288,41.94922431166581
777710,2025-05-30,695578,"Wood, James",WSH,AZ,2025,AZ,195.26500000000001,50.822473217589845
777696,2025-05-31,682928,"Abrams, CJ",WSH,AZ,2025,AZ,194.73,50.72627234432725
777696,2025-05-31,605137,"Bell, Josh",WSH,AZ,2025,AZ,250.895,60.82556588973683
777698,2025-05-31,641355,"Bellinger, Cody",NYY,LAD,2025,LAD,46.775,24.12178598251697
777698,2025-05-31,691176,"Domínguez, Jasson",NYY,LAD,2025,LAD,42.78500000000001,23.40432526416597
777698,2025-05-31,641555,"Escarra, J.C.",NYY,LAD,2025,LAD,27.965,20.73947116743366
777696,2025-05-31,671277,"García Jr., Luis",WSH,AZ,2025,AZ,74.24499999999999,29.061296241439805
777698,2025-05-31,502671,"Goldschmidt, Paul",NYY,LAD,2025,LAD,-18.730000000000004,12.34302298613035
777698,2025-05-31,663757,"Grisham, Trent",NYY,LAD,2025,LAD,125.37,38.25432361630075
777696,2025-05-31,690987,"Hassell III, Robert",WSH,AZ,2025,AZ,102.7,34.17792399599566
777698,2025-05-31,592450,"Judge, Aaron",NYY,LAD,2025,LAD,243.425,59.48234995838796
777698,2025-05-31,518934,"LeMahieu, DJ",NYY,LAD,2025,LAD,121.08500000000001,37.48381755661803
777696,2025-05-31,695734,"Lile, Daylen",WSH,AZ,2025,AZ,233.78500000000003,57.74893609249732
777696,2025-05-31,663993,"Lowe, Nathaniel",WSH,AZ,2025,AZ,92.365,32.319538902221815
777698,2025-05-31,672724,"Peraza, Oswald",NYY,LAD,2025,LAD,3.0250000000000004,16.25489214094893
777696,2025-05-31,660688,"Ruiz, Keibert",WSH,AZ,2025,AZ,148.855,42.477272230454474
777696,2025-05-31,677588,"Tena, José",WSH,AZ,2025,AZ,131.36,39.33141376740916
777698,2025-05-31,678391,"Vivas, Jorbit",NYY,LAD,2025,LAD,119.255,37.154756625645014
777698,2025-05-31,683011,"Volpe, Anthony",NYY,LAD,2025,LAD,45.205,23.839476877802415
777698,2025-05-31,669224,"Wells, Austin",NYY,LAD,2025,LAD,-18.9831534976,12.297502261759131
777696,2025-05-31,695578,"Wood, James",WSH,AZ,2025,AZ,102.54350030399999,34.149783047546066
777679,2025-06-01,682928,"Abrams, CJ",WSH,AZ,2025,AZ,51.150000000000006,24.908475366673773
777679,2025-06-01,605137,"Bell, Josh",WSH,AZ,2025,AZ,36.085,22.199566664428687
777682,2025-06-01,641355,"Bellinger, Cody",NYY,LAD,2025,LAD,72.56,28.7583084443417
777682,2025-06-01,691176,"Domínguez, Jasson",NYY,LAD,2025,LAD,70.04,28.30517535906738
777679,2025-06-01,671277,"García Jr., Luis",WSH,AZ,2025,AZ,4.890000000000011,16.590246586995203
777682,2025-06-01,502671,"Goldschmidt, Paul",NYY,LAD,2025,LAD,201.35000000000002,51.91664576675423
777682,2025-06-01,663757,"Grisham, Trent",NYY,LAD,2025,LAD,64.955,27.3908175262817
777679,2025-06-01,690987,"Hassell III, Robert",WSH,AZ,2025,AZ,54.59500000000001,25.527937064598394
777682,2025-06-01,592450,"Judge, Aaron",NYY,LAD,2025,LAD,-8.599999999999998,14.164546063046563
777682,2025-06-01,518934,"LeMahieu, DJ",NYY,LAD,2025,LAD,223.89999999999998,55.97146762109387
777679,2025-06-01,695734,"Lile, Daylen",WSH,AZ,2025,AZ,75.61,29.30674332929673
777679,2025-06-01,663993,"Lowe, Nathaniel",WSH,AZ,2025,AZ,153.171701808,43.25347874175141
777682,2025-06-01,672724,"Peraza, Oswald",NYY,LAD,2025,LAD,256.44,61.82263849205671
777682,2025-06-01,700250,"Rice, Ben",NYY,LAD,2025,LAD,143.3793080608,41.4926622374301
777679,2025-06-01,660688,"Ruiz, Keibert",WSH,AZ,2025,AZ,55.295,25.65380736606348
777679,2025-06-01,677588,"Tena, José",WSH,AZ,2025,AZ,80.955,30.26785298834087
777682,2025-06-01,683011,"Volpe, Anthony",NYY,LAD,2025,LAD,158.14499999999998,44.14775094561258
777682,2025-06-01,669224,"Wells, Austin",NYY,LAD,2025,LAD,155.785,43.723388214958845
777679,2025-06-01,695578,"Wood, James",WSH,AZ,2025,AZ,91.97,32.24851208925223
777659,2025-06-03,682928,"Abrams, CJ",WSH,CHC,2025,CHC,55.67,25.721237884705488
777659,2025-06-03,605137,"Bell, Josh",WSH,CHC,2025,CHC,51.60000000000001,24.98939198904419
777664,2025-06-03,641355,"Bellinger, Cody",NYY,CLE,2025,CLE,18.020000000000003,18.951213813047506
777664,2025-06-03,665862,"Chisholm Jr., Jazz",NYY,CLE,2025,CLE,121.19000000000001,37.502698101837794
777664,2025-06-03,641555,"Escarra, J.C.",NYY,CLE,2025,CLE,107.49499999999999,35.04013556103152
777659,2025-06-03,671277,"García Jr., Luis",WSH,CHC,2025,CHC,194.205,50.63186961822843
777664,2025-06-03,502671,"Goldschmidt, Paul",NYY,CLE,2025,CLE,-6.710000000000001,14.504395877002302
777664,2025-06-03,663757,"Grisham, Trent",NYY,CLE,2025,CLE,26.754999999999995,20.52189536061543
777659,2025-06-03,690987,"Hassell III, Robert",WSH,CHC,2025,CHC,-1.0150000000000063,15.528440686778989
777664,2025-06-03,592450,"Judge, Aaron",NYY,CLE,2025,CLE,104.54499999999999,34.50968214771436
777664,2025-06-03,518934,"LeMahieu, DJ",NYY,CLE,2025,CLE,63.294999999999995,27.092325097093063
777659,2025-06-03,695734,"Lile, Daylen",WSH,CHC,2025,CHC,33.355,21.708672488714843
777659,2025-06-03,663993,"Lowe, Nathaniel",WSH,CHC,2025,CHC,42.365,23.32880308328691
777664,2025-06-03,700250,"Rice, Ben",NYY,CLE,2025,CLE,15.399999999999999,18.480099256135315
777659,2025-06-03,660688,"Ruiz, Keibert",WSH,CHC,2025,CHC,45.870000000000005,23.95905366419425
777659,2025-06-03,677588,"Tena, José",WSH,CHC,2025,CHC,98.965,33.50631603032122
777664,2025-06-03,683011,"Volpe, Anthony",NYY,CLE,2025,CLE,123.52999999999999,37.92346453816394
777659,2025-06-03,695578,"Wood, James",WSH,CHC,2025,CHC,101.4335523136,33.95019806445719
777650,2025-06-04,682928,"Abrams, CJ",WSH,CHC,2025,CHC,23.465,19.930304943729517
777650,2025-06-04,656180,"Adams, Riley",WSH,CHC,2025,CHC,-41.615,8.227963201803844
777650,2025-06-04,605137,"Bell, Josh",WSH,CHC,2025,CHC,11.957460700799999,17.861080028427146
777653,2025-06-04,641355,"Bellinger, Cody",NYY,CLE,2025,CLE,79.99638951360001,30.095480715611206
777650,2025-06-04,669743,"Call, Alex",WSH,CHC,2025,CHC,52.44999999999999,25.142234497966083
777653,2025-06-04,665862,"Chisholm Jr., Jazz",NYY,CLE,2025,CLE,64.8682845216,27.37522480712757
777653,2025-06-04,502671,"Goldschmidt, Paul",NYY,CLE,2025,CLE,45.449999999999996,23.883531483315195
777653,2025-06-04,663757,"Grisham, Trent",NYY,CLE,2025,CLE,110.58,35.5948639610598
777650,2025-06-04,690987,"Hassell III, Robert",WSH,CHC,2025,CHC,36.80499999999999,22.329033260221347
777653,2025-06-04,592450,"Judge, Aaron",NYY,CLE,2025,CLE,99.225,33.55306785657968
777653,2025-06-04,518934,"LeMahieu, DJ",NYY,CLE,2025,CLE,-26.450000000000003,10.9548533756868
777650,2025-06-04,663993,"Lowe, Nathaniel",WSH,CHC,2025,CHC,-23.140000000000004,11.55004008690029
777650,2025-06-04,683083,"Nuñez, Nasim",WSH,CHC,2025,CHC,141.675,41.18620256685542
777653,2025-06-04,700250,"Rice, Ben",NYY,CLE,2025,CLE,109.78,35.45101218795684
777650,2025-06-04,642708,"Rosario, Amed",WSH,CHC,2025,CHC,52.23000000000002,25.102675260362773
777653,2025-06-04,683011,"Volpe, Anthony",NYY,CLE,2025,CLE,-4.989999999999991,14.813677189173664
777653,2025-06-04,669224,"Wells, Austin",NYY,CLE,2025,CLE,-10.765000000000002,13.775247202086682
777650,2025-06-04,695578,"Wood, James",WSH,CHC,2025,CHC,49.165000000000006,24.55154315466206
777632,2025-06-05,682928,"Abrams, CJ",WSH,CHC,2025,CHC,190.67000000000002,49.996224595829744
777632,2025-06-05,605137,"Bell, Josh",WSH,CHC,2025,CHC,181.08,48.27180146575802
777644,2025-06-05,641355,"Bellinger, Cody",NYY,CLE,2025,CLE,308.11,71.11366488734404
777632,2025-06-05,669743,"Call, Alex",WSH,CHC,2025,CHC,13.770000000000005,18.187001268438042
777644,2025-06-05,665862,"Chisholm Jr., Jazz",NYY,CLE,2025,CLE,137.66,40.464246480594944
777644,2025-06-05,691176,"Domínguez, Jasson",NYY,CLE,2025,CLE,54.60000000000001,25.52883613818028
777632,2025-06-05,671277,"García Jr., Luis",WSH,CHC,2025,CHC,146.24,42.00705674712418
777644,2025-06-05,663757,"Grisham, Trent",NYY,CLE,2025,CLE,93.03,32.439115688613654
777632,2025-06-05,690987,"Hassell III, Robert",WSH,CHC,2025,CHC,184.57,48.89935482591968
777644,2025-06-05,592450,"Judge, Aaron",NYY,CLE,2025,CLE,183.2,48.653008664480865
777632,2025-06-05,695734,"Lile, Daylen",WSH,CHC,2025,CHC,63.73499999999999,27.17144357229969
777632,2025-06-05,663993,"Lowe, Nathaniel",WSH,CHC,2025,CHC,8.685000000000006,17.27264343565236
777644,2025-06-05,672724,"Peraza, Oswald",NYY,CLE,2025,CLE,71.735,28.609961303329275
777644,2025-06-05,700250,"Rice, Ben",NYY,CLE,2025,CLE,15.255000000000003,18.45402612226041
777632,2025-06-05,642708,"Rosario, Amed",WSH,CHC,2025,CHC,56.074572790400005,25.79398602626581
777632,2025-06-05,660688,"Ruiz, Keibert",WSH,CHC,2025,CHC,17.904999999999994,18.93053512066395
777644,2025-06-05,683011,"Volpe, Anthony",NYY,CLE,2025,CLE,18.915000000000006,19.112147984206445
777644,2025-06-05,669224,"Wells, Austin",NYY,CLE,2025,CLE,7.1349999999999945,16.993930625265374
777632,2025-06-05,695578,"Wood, James",WSH,CHC,2025,CHC,127.46,38.630136373532224
777624,2025-06-06,682928,"Abrams, CJ",WSH,TEX,2025,TEX,-4.660000000000004,14.87301604557863
777624,2025-06-06,656180,"Adams, Riley",WSH,TEX,2025,TEX,-16.53,12.738615362163486
777627,2025-06-06,641355,"Bellinger, Cody",NYY,BOS,2025,BOS,127.25,38.59237528309271
777624,2025-06-06,669743,"Call, Alex",WSH,TEX,2025,TEX,111.06,35.68117502492158
777627,2025-06-06,665862,"Chisholm Jr., Jazz",NYY,BOS,2025,BOS,218.23,54.95191817922665
777627,2025-06-06,691176,"Domínguez, Jasson",NYY,BOS,2025,BOS,150.065,42.6948480372727
777627,2025-06-06,502671,"Goldschmidt, Paul",NYY,BOS,2025,BOS,134.45000000000002,39.887041241019325
777627,2025-06-06,663757,"Grisham, Trent",NYY,BOS,2025,BOS,47.785,24.30339884605945
777624,2025-06-06,690987,"Hassell III, Robert",WSH,TEX,2025,TEX,-3.6950000000000065,15.046537246884077
777627,2025-06-06,592450,"Judge, Aaron",NYY,BOS,2025,BOS,146.72000000000003,42.09336781098596
777627,2025-06-06,518934,"LeMahieu, DJ",NYY,BOS,2025,BOS,90.415,31.968900205283358
777624,2025-06-06,663993,"Lowe, Nathaniel",WSH,TEX,2025,TEX,57.775,26.099747862682648
777624,2025-06-06,683083,"Nuñez, Nasim",WSH,TEX,2025,TEX,-10.104999999999997,13.89392491489662
777627,2025-06-06,672724,"Peraza, Oswald",NYY,BOS,2025,BOS,-0.3000000000000034,15.657008208989756
777624,2025-06-06,642708,"Rosario, Amed",WSH,TEX,2025,TEX,-32.665,9.837304913393192
777627,2025-06-06,683011,"Volpe, Anthony",NYY,BOS,2025,BOS,235.555,58.0672081404876
777627,2025-06-06,669224,"Wells, Austin",NYY,BOS,2025,BOS,85.805,31.139954362777562
777624,2025-06-06,695578,"Wood, James",WSH,TEX,2025,TEX,39.459962000000004,22.806434499247572
777624,2025-06-06,696285,"Young, Jacob",WSH,TEX,2025,TEX,14.788765606399997,18.37019031700923
777610,2025-06-07,682928,"Abrams, CJ",WSH,TEX,2025,TEX,-17.46999999999999,12.569589528767514
777610,2025-06-07,605137,"Bell, Josh",WSH,TEX,2025,TEX,3.045,16.2584884352765
777605,2025-06-07,641355,"Bellinger, Cody",NYY,BOS,2025,BOS,91.995,32.2530074571617
777610,2025-06-07,669743,"Call, Alex",WSH,TEX,2025,TEX,96.88,33.13140234667164
777605,2025-06-07,665862,"Chisholm Jr., Jazz",NYY,BOS,2025,BOS,-21.24,11.89168804801982
777605,2025-06-07,691176,"Domínguez, Jasson",NYY,BOS,2025,BOS,19.924999999999997,19.293760847748924
777610,2025-06-07,671277,"García Jr., Luis",WSH,TEX,2025,TEX,94.94000000000001,32.78256179689697
777605,2025-06-07,502671,"Goldschmidt, Paul",NYY,BOS,2025,BOS,49.64999999999999,24.638753292105726
777610,2025-06-07,690987,"Hassell III, Robert",WSH,TEX,2025,TEX,5.629999999999988,16.723309477115432
777605,2025-06-07,592450,"Judge, Aaron",NYY,BOS,2025,BOS,25.494999999999997,20.295328817978273
777605,2025-06-07,518934,"LeMahieu, DJ",NYY,BOS,2025,BOS,132.28000000000003,39.49684330647756
777610,2025-06-07,663993,"Lowe, Nathaniel",WSH,TEX,2025,TEX,58.46000000000001,26.222920943402055
777605,2025-06-07,672724,"Peraza, Oswald",NYY,BOS,2025,BOS,65.24499999999999,27.44296379403152
777605,2025-06-07,622569,"Reyes, Pablo",NYY,BOS,2025,BOS,29.794999999999998,21.068532098406674
777605,2025-06-07,700250,"Rice, Ben",NYY,BOS,2025,BOS,49.268795481599994,24.57020710974735
777610,2025-06-07,660688,"Ruiz, Keibert",WSH,TEX,2025,TEX,-9.114999999999998,14.071941484111534
777610,2025-06-07,677588,"Tena, José",WSH,TEX,2025,TEX,28.814999999999998,20.89231367635555
777605,2025-06-07,669224,"Wells, Austin",NYY,BOS,2025,BOS,239.26,58.73342166467068
777610,2025-06-07,695578,"Wood, James",WSH,TEX,2025,TEX,39.71000000000001,22.85139501130147
777596,2025-06-08,682928,"Abrams, CJ",WSH,TEX,2025,TEX,12.844999999999999,18.02067265578774
777596,2025-06-08,656180,"Adams, Riley",WSH,TEX,2025,TEX,56.11000000000001,25.80035635991212
777596,2025-06-08,605137,"Bell, Josh",WSH,TEX,2025,TEX,-32.099878192000006,9.938922131018128
777593,2025-06-08,641355,"Bellinger, Cody",NYY,BOS,2025,BOS,79.62,30.027800341975315
777596,2025-06-08,669743,"Call, Alex",WSH,TEX,2025,TEX,150.70499999999998,42.80992945575506
777593,2025-06-08,665862,"Chisholm Jr., Jazz",NYY,BOS,2025,BOS,129.45499999999998,38.98886673270773
777593,2025-06-08,641555,"Escarra, J.C.",NYY,BOS,2025,BOS,6.735000000000003,16.9220047387139
777596,2025-06-08,671277,"García Jr., Luis",WSH,TEX,2025,TEX,-6.580000000000002,14.527771790131533
777593,2025-06-08,502671,"Goldschmidt, Paul",NYY,BOS,2025,BOS,97.58,33.25727264813673
777593,2025-06-08,663757,"Grisham, Trent",NYY,BOS,2025,BOS,149.54500000000002,42.60134438475578
777596,2025-06-08,690987,"Hassell III, Robert",WSH,TEX,2025,TEX,-21.520000000000003,11.841339927433783
777593,2025-06-08,592450,"Judge, Aaron",NYY,BOS,2025,BOS,296.71,69.06377712062688
777593,2025-06-08,518934,"LeMahieu, DJ",NYY,BOS,2025,BOS,163.335,45.08098932361802
777596,2025-06-08,663993,"Lowe, Nathaniel",WSH,TEX,2025,TEX,126.60000000000002,38.475495717446556
777596,2025-06-08,683083,"Nuñez, Nasim",WSH,TEX,2025,TEX,35.495,22.093475981765252
777593,2025-06-08,700250,"Rice, Ben",NYY,BOS,2025,BOS,68.265,27.986004237495195
777596,2025-06-08,642708,"Rosario, Amed",WSH,TEX,2025,TEX,-5.899999999999993,14.650045797269048
777593,2025-06-08,683011,"Volpe, Anthony",NYY,BOS,2025,BOS,165.01000000000002,45.38217897355234
777593,2025-06-08,669224,"Wells, Austin",NYY,BOS,2025,BOS,62.39999999999999,26.931390925934128
777596,2025-06-08,695578,"Wood, James",WSH,TEX,2025,TEX,68.115,27.95903203003839
777596,2025-06-08,696285,"Young, Jacob",WSH,TEX,2025,TEX,44.735,23.754963961104426
777570,2025-06-10,682928,"Abrams, CJ",WSH,NYM,2025,NYM,319.53000000000003,73.16714894838879
777570,2025-06-10,605137,"Bell, Josh",WSH,NYM,2025,NYM,-10.69,13.788733305815084
777572,2025-06-10,641355,"Bellinger, Cody",NYY,KC,2025,KC,99.55069188799999,33.611632051047245
777570,2025-06-10,669743,"Call, Alex",WSH,NYM,2025,NYM,5.490000000000009,16.69813541682242
777570,2025-06-10,665953,"Chaparro, Andrés",WSH,NYM,2025,NYM,113.71999999999998,36.15948217048891
777572,2025-06-10,665862,"Chisholm Jr., Jazz",NYY,KC,2025,KC,38.41499999999999,22.618534953591052
777572,2025-06-10,691176,"Domínguez, Jasson",NYY,KC,2025,KC,126.15,38.39457909507613
777572,2025-06-10,641555,"Escarra, J.C.",NYY,KC,2025,KC,44.644999999999996,23.738780636630345
777570,2025-06-10,671277,"García Jr., Luis",WSH,NYM,2025,NYM,119.845,37.260847308308435
777572,2025-06-10,502671,"Goldschmidt, Paul",NYY,KC,2025,KC,74.785,29.158396188284303
777572,2025-06-10,663757,"Grisham, Trent",NYY,KC,2025,KC,129.4224099296,38.98300655844199
777570,2025-06-10,690987,"Hassell III, Robert",WSH,NYM,2025,NYM,42.614999999999995,23.373756762381586
777572,2025-06-10,592450,"Judge, Aaron",NYY,KC,2025,KC,121.39375766400002,37.53933672839994
777572,2025-06-10,518934,"LeMahieu, DJ",NYY,KC,2025,KC,228.57,56.81120234658239
777570,2025-06-10,663993,"Lowe, Nathaniel",WSH,NYM,2025,NYM,45.38499999999999,23.87184352675058
777572,2025-06-10,672724,"Peraza, Oswald",NYY,KC,2025,KC,49.045,24.529965388696613
777572,2025-06-10,700250,"Rice, Ben",NYY,KC,2025,KC,11.870000000000001,17.84535330731851
777570,2025-06-10,660688,"Ruiz, Keibert",WSH,NYM,2025,NYM,13.827870396800002,18.197407217425354
777570,2025-06-10,677588,"Tena, José",WSH,NYM,2025,NYM,97.53,33.24828191231779
777572,2025-06-10,683011,"Volpe, Anthony",NYY,KC,2025,KC,167.17,45.77057876093033
777572,2025-06-10,669224,"Wells, Austin",NYY,KC,2025,KC,403.65,88.29316289016485
777570,2025-06-10,695578,"Wood, James",WSH,NYM,2025,NYM,78.06370151680001,29.747954971618107
777555,2025-06-11,682928,"Abrams, CJ",WSH,NYM,2025,NYM,34.83,21.97389919537342
777555,2025-06-11,656180,"Adams, Riley",WSH,NYM,2025,NYM,-1.9650000000000034,15.357616706219224
777551,2025-06-11,641355,"Bellinger, Cody",NYY,KC,2025,KC,136.68,40.28802805854383
777555,2025-06-11,669743,"Call, Alex",WSH,NYM,2025,NYM,6.3999999999999995,16.861766808727037
777555,2025-06-11,665953,"Chaparro, Andrés",WSH,NYM,2025,NYM,-2.09499999999999,15.334240793089995
777551,2025-06-11,665862,"Chisholm Jr., Jazz",NYY,KC,2025,KC,99.19,33.546774341506435
777555,2025-06-11,671277,"García Jr., Luis",WSH,NYM,2025,NYM,91.81,32.21974173463164
777551,2025-06-11,502671,"Goldschmidt, Paul",NYY,KC,2025,KC,73.51562394880001,28.930143693659865
777551,2025-06-11,663757,"Grisham, Trent",NYY,KC,2025,KC,83.35,30.69850923406785
777551,2025-06-11,592450,"Judge, Aaron",NYY,KC,2025,KC,150.9047195328,42.84584196690078
777551,2025-06-11,518934,"LeMahieu, DJ",NYY,KC,2025,KC,116.09,36.58564304830642
777555,2025-06-11,663993,"Lowe, Nathaniel",WSH,NYM,2025,NYM,-18.610000000000003,12.364600752095795
777551,2025-06-11,672724,"Peraza, Oswald",NYY,KC,2025,KC,-1.975000000000001,15.35581855905544
777551,2025-06-11,700250,"Rice, Ben",NYY,KC,2025,KC,55.74000000000001,25.733824914852004
777555,2025-06-11,642708,"Rosario, Amed",WSH,NYM,2025,NYM,43.849999999999994,23.595827937109277
777551,2025-06-11,683011,"Volpe, Anthony",NYY,KC,2025,KC,47.06,24.173033176684903
777551,2025-06-11,669224,"Wells, Austin",NYY,KC,2025,KC,156.44,43.8411668541869
777555,2025-06-11,695578,"Wood, James",WSH,NYM,2025,NYM,55.0,25.600762024731765
777555,2025-06-11,696285,"Young, Jacob",WSH,NYM,2025,NYM,9.945,17.49920997828952
777544,2025-06-12,682928,"Abrams, CJ",WSH,NYM,2025,NYM,10.801985049599992,17.653308501924126
777544,2025-06-12,605137,"Bell, Josh",WSH,NYM,2025,NYM,90.2781233376,31.94428776705504
777536,2025-06-12,641355,"Bellinger, Cody",NYY,KC,2025,KC,102.9174555968,34.21702571245922
777544,2025-06-12,669743,"Call, Alex",WSH,NYM,2025,NYM,19.46500000000001,19.21104607821473
777536,2025-06-12,691176,"Domínguez, Jasson",NYY,KC,2025,KC,9.769999999999998,17.467742402923246
777536,2025-06-12,641555,"Escarra, J.C.",NYY,KC,2025,KC,179.565,47.99938217044429
777544,2025-06-12,671277,"García Jr., Luis",WSH,NYM,2025,NYM,61.976317414400015,26.855206561969876
777536,2025-06-12,502671,"Goldschmidt, Paul",NYY,KC,2025,KC,158.9493102112,44.29237775812
777536,2025-06-12,663757,"Grisham, Trent",NYY,KC,2025,KC,106.26,34.818064386303824
777544,2025-06-12,690987,"Hassell III, Robert",WSH,NYM,2025,NYM,-45.684999999999995,7.496117306142544
777536,2025-06-12,592450,"Judge, Aaron",NYY,KC,2025,KC,5.460000000000001,16.69274097533106
777544,2025-06-12,663993,"Lowe, Nathaniel",WSH,NYM,2025,NYM,133.385,39.69553856807602
777536,2025-06-12,672724,"Peraza, Oswald",NYY,KC,2025,KC,-7.759999999999996,14.31559042480467
777536,2025-06-12,622569,"Reyes, Pablo",NYY,KC,2025,KC,52.400000000000006,25.133243762147146
777536,2025-06-12,700250,"Rice, Ben",NYY,KC,2025,KC,147.855,42.297457514075774
777544,2025-06-12,660688,"Ruiz, Keibert",WSH,NYM,2025,NYM,29.640000000000008,21.04066081736798
777544,2025-06-12,677588,"Tena, José",WSH,NYM,2025,NYM,112.5019168128,35.94045288765689
777536,2025-06-12,683011,"Volpe, Anthony",NYY,KC,2025,KC,-9.310000000000006,14.036877614417687
777544,2025-06-12,695578,"Wood, James",WSH,NYM,2025,NYM,133.165997824,39.65615875391226
777530,2025-06-13,682928,"Abrams, CJ",WSH,MIA,2025,MIA,148.745,42.45749261165282
777530,2025-06-13,605137,"Bell, Josh",WSH,MIA,2025,MIA,102.465,34.13566753764666
777537,2025-06-13,641355,"Bellinger, Cody",NYY,BOS,2025,BOS,67.445,27.83855617006466
777530,2025-06-13,669743,"Call, Alex",WSH,MIA,2025,MIA,122.12,37.66992578806998
777537,2025-06-13,691176,"Domínguez, Jasson",NYY,BOS,2025,BOS,66.77000000000001,27.717181236509035
777530,2025-06-13,671277,"García Jr., Luis",WSH,MIA,2025,MIA,79.2809842016,29.96684031233812
777537,2025-06-13,502671,"Goldschmidt, Paul",NYY,BOS,2025,BOS,74.745,29.15120359962916
777530,2025-06-13,690987,"Hassell III, Robert",WSH,MIA,2025,MIA,148.565,42.425125962704655
777537,2025-06-13,592450,"Judge, Aaron",NYY,BOS,2025,BOS,134.74,39.93918750876915
777537,2025-06-13,518934,"LeMahieu, DJ",NYY,BOS,2025,BOS,275.115,65.1806783204289
777530,2025-06-13,663993,"Lowe, Nathaniel",WSH,MIA,2025,MIA,121.515,37.561137884660866
777537,2025-06-13,672724,"Peraza, Oswald",NYY,BOS,2025,BOS,54.635,25.53512965325354
777537,2025-06-13,700250,"Rice, Ben",NYY,BOS,2025,BOS,39.065354649599996,22.735478290454445
777530,2025-06-13,660688,"Ruiz, Keibert",WSH,MIA,2025,MIA,326.425,74.4069714178199
777530,2025-06-13,677588,"Tena, José",WSH,MIA,2025,MIA,91.53,32.169393614045596
777537,2025-06-13,683011,"Volpe, Anthony",NYY,BOS,2025,BOS,111.56500000000001,35.77198145669283
777537,2025-06-13,669224,"Wells, Austin",NYY,BOS,2025,BOS,-33.835,9.626921695230116
777530,2025-06-13,695578,"Wood, James",WSH,MIA,2025,MIA,266.07,63.554254210783576
777514,2025-06-14,682928,"Abrams, CJ",WSH,MIA,2025,MIA,126.75291128639999,38.50299141704166
777514,2025-06-14,656180,"Adams, Riley",WSH,MIA,2025,MIA,161.56,44.76181820204583
777514,2025-06-14,605137,"Bell, Josh",WSH,MIA,2025,MIA,128.94446496,38.897065019288746
777514,2025-06-14,669743,"Call, Alex",WSH,MIA,2025,MIA,78.80499999999999,29.881251348126668
777516,2025-06-14,665862,"Chisholm Jr., Jazz",NYY,BOS,2025,BOS,124.725,38.138343124236485
777516,2025-06-14,691176,"Domínguez, Jasson",NYY,BOS,2025,BOS,134.895,39.967058789807844
777514,2025-06-14,671277,"García Jr., Luis",WSH,MIA,2025,MIA,178.805,47.862722985996484
777516,2025-06-14,502671,"Goldschmidt, Paul",NYY,BOS,2025,BOS,100.51500000000001,33.78502884070821
777516,2025-06-14,663757,"Grisham, Trent",NYY,BOS,2025,BOS,41.8,23.227207768532946
777514,2025-06-14,690987,"Hassell III, Robert",WSH,MIA,2025,MIA,134.79,39.94817824458808
777516,2025-06-14,592450,"Judge, Aaron",NYY,BOS,2025,BOS,-8.953220572800003,14.10103180592941
777516,2025-06-14,518934,"LeMahieu, DJ",NYY,BOS,2025,BOS,26.86000000000001,20.540775905835197
777514,2025-06-14,663993,"Lowe, Nathaniel",WSH,MIA,2025,MIA,90.85,32.04711960690808
777516,2025-06-14,700250,"Rice, Ben",NYY,BOS,2025,BOS,-19.685000000000002,12.171299931988694
777514,2025-06-14,642708,"Rosario, Amed",WSH,MIA,2025,MIA,65.34,27.4600461920875
777514,2025-06-14,660688,"Ruiz, Keibert",WSH,MIA,2025,MIA,43.474999999999994,23.52839741846726
777516,2025-06-14,683011,"Volpe, Anthony",NYY,BOS,2025,BOS,126.82000000000001,38.51505495504986
777516,2025-06-14,669224,"Wells, Austin",NYY,BOS,2025,BOS,100.94,33.861450095169154
777514,2025-06-14,695578,"Wood, James",WSH,MIA,2025,MIA,80.585,30.201321543280752
777503,2025-06-15,682928,"Abrams, CJ",WSH,MIA,2025,MIA,180.365,48.14323394354725
777503,2025-06-15,605137,"Bell, Josh",WSH,MIA,2025,MIA,145.79,41.92614012475376
777500,2025-06-15,641355,"Bellinger, Cody",NYY,BOS,2025,BOS,92.875,32.411244407574955
777503,2025-06-15,669743,"Call, Alex",WSH,MIA,2025,MIA,110.975,35.665890774029386
777500,2025-06-15,665862,"Chisholm Jr., Jazz",NYY,BOS,2025,BOS,63.57000000000001,27.14177414409721
777500,2025-06-15,691176,"Domínguez, Jasson",NYY,BOS,2025,BOS,-29.465,10.412712005805027
777500,2025-06-15,641555,"Escarra, J.C.",NYY,BOS,2025,BOS,81.80499999999999,30.420695497262763
777503,2025-06-15,671277,"García Jr., Luis",WSH,MIA,2025,MIA,90.815,32.04082609183484
777500,2025-06-15,502671,"Goldschmidt, Paul",NYY,BOS,2025,BOS,26.985,20.563252745382535
777500,2025-06-15,663757,"Grisham, Trent",NYY,BOS,2025,BOS,110.92500000000001,35.65690003821046
777503,2025-06-15,690987,"Hassell III, Robert",WSH,MIA,2025,MIA,13.660000000000004,18.167221649636385
777500,2025-06-15,592450,"Judge, Aaron",NYY,BOS,2025,BOS,-52.905,6.197855053888342
777500,2025-06-15,518934,"LeMahieu, DJ",NYY,BOS,2025,BOS,32.68,21.587297555159218
777503,2025-06-15,663993,"Lowe, Nathaniel",WSH,MIA,2025,MIA,59.089999999999996,26.336204214720638
777500,2025-06-15,672724,"Peraza, Oswald",NYY,BOS,2025,BOS,4.390000000000006,16.500339228805853
777500,2025-06-15,700250,"Rice, Ben",NYY,BOS,2025,BOS,68.705,28.065122712701818
777503,2025-06-15,660688,"Ruiz, Keibert",WSH,MIA,2025,MIA,142.005,41.2455414232604
777503,2025-06-15,677588,"Tena, José",WSH,MIA,2025,MIA,142.535,41.340843222941096
777500,2025-06-15,683011,"Volpe, Anthony",NYY,BOS,2025,BOS,-15.029999999999998,13.008337436731535
777503,2025-06-15,695578,"Wood, James",WSH,MIA,2025,MIA,107.21241234559999,34.989322142103454
777488,2025-06-16,682928,"Abrams, CJ",WSH,COL,2025,COL,21.119999999999997,19.508639433821468
777488,2025-06-16,656180,"Adams, Riley",WSH,COL,2025,COL,21.680000000000007,19.60933567499354
777488,2025-06-16,605137,"Bell, Josh",WSH,COL,2025,COL,3.4850000000000065,16.337606910483128
777487,2025-06-16,641355,"Bellinger, Cody",NYY,LAA,2025,LAA,43.99500000000001,23.621901070984194
777488,2025-06-16,669743,"Call, Alex",WSH,COL,2025,COL,84.07999999999998,30.829773977024306
777488,2025-06-16,665953,"Chaparro, Andrés",WSH,COL,2025,COL,96.73,33.104430139214834
777487,2025-06-16,665862,"Chisholm Jr., Jazz",NYY,LAA,2025,LAA,143.75,41.55931810334122
777487,2025-06-16,691176,"Domínguez, Jasson",NYY,LAA,2025,LAA,37.050000000000004,22.37308786573413
777488,2025-06-16,671277,"García Jr., Luis",WSH,COL,2025,COL,55.225,25.64122033591697
777487,2025-06-16,502671,"Goldschmidt, Paul",NYY,LAA,2025,LAA,44.214999999999996,23.6614603085875
777487,2025-06-16,663757,"Grisham, Trent",NYY,LAA,2025,LAA,14.550000000000004,18.327256747213426
777488,2025-06-16,691781,"House, Brady",WSH,COL,2025,COL,90.25500000000001,31.940129850662768
777487,2025-06-16,592450,"Judge, Aaron",NYY,LAA,2025,LAA,120.285,37.33996578351507
777487,2025-06-16,518934,"LeMahieu, DJ",NYY,LAA,2025,LAA,63.665,27.15885654215318
777488,2025-06-16,695734,"Lile, Daylen",WSH,COL,2025,COL,97.78,33.29323559141246
777488,2025-06-16,663993,"Lowe, Nathaniel",WSH,COL,2025,COL,9.175000000000002,17.36075264667792
777487,2025-06-16,700250,"Rice, Ben",NYY,LAA,2025,LAA,28.194999999999993,20.78082855220076
777488,2025-06-16,642708,"Rosario, Amed",WSH,COL,2025,COL,6.819999999999997,16.937288989606085
777487,2025-06-16,519317,"Stanton, Giancarlo",NYY,LAA,2025,LAA,108.60951573439999,35.24054189171225
777487,2025-06-16,683011,"Volpe, Anthony",NYY,LAA,2025,LAA,86.475,31.260430222751285
777487,2025-06-16,669224,"Wells, Austin",NYY,LAA,2025,LAA,83.05778639040001,30.645964926735637
777488,2025-06-16,695578,"Wood, James",WSH,COL,2025,COL,176.115,47.37902139893779
777488,2025-06-16,696285,"Young, Jacob",WSH,COL,2025,COL,-22.32,11.697488154330824
777480,2025-06-17,682928,"Abrams, CJ",WSH,COL,2025,COL,137.34,40.406705771353764
777480,2025-06-17,605137,"Bell, Josh",WSH,COL,2025,COL,145.9,41.94591974355542
777476,2025-06-17,641355,"Bellinger, Cody",NYY,LAA,2025,LAA,20.064999999999998,19.318934908041943
777476,2025-06-17,665862,"Chisholm Jr., Jazz",NYY,LAA,2025,LAA,127.845,38.699365039338026
777476,2025-06-17,691176,"Domínguez, Jasson",NYY,LAA,2025,LAA,42.34499999999999,23.325206788959335
777480,2025-06-17,671277,"García Jr., Luis",WSH,COL,2025,COL,240.82,59.013932622221446
777476,2025-06-17,502671,"Goldschmidt, Paul",NYY,LAA,2025,LAA,27.705,20.6927193411752
777480,2025-06-17,691781,"House, Brady",WSH,COL,2025,COL,127.555,38.64721877158821
777476,2025-06-17,592450,"Judge, Aaron",NYY,LAA,2025,LAA,-81.0,1.1459605972288194
777476,2025-06-17,518934,"LeMahieu, DJ",NYY,LAA,2025,LAA,-72.85000000000001,2.6114505357152074
777480,2025-06-17,695734,"Lile, Daylen",WSH,COL,2025,COL,145.905,41.94681881713731
777480,2025-06-17,663993,"Lowe, Nathaniel",WSH,COL,2025,COL,192.0,50.23537816861341
777480,2025-06-17,660688,"Ruiz, Keibert",WSH,COL,2025,COL,54.74,25.5540101984733
777476,2025-06-17,519317,"Stanton, Giancarlo",NYY,LAA,2025,LAA,88.46527702719999,31.61831132191229
777476,2025-06-17,683011,"Volpe, Anthony",NYY,LAA,2025,LAA,26.859999999999996,20.540775905835197
777476,2025-06-17,669224,"Wells, Austin",NYY,LAA,2025,LAA,17.76,18.904461986789045
777480,2025-06-17,695578,"Wood, James",WSH,COL,2025,COL,110.84997792640002,35.64340996532393
777480,2025-06-17,696285,"Young, Jacob",WSH,COL,2025,COL,163.70999999999998,45.14841984226003
777461,2025-06-18,682928,"Abrams, CJ",WSH,COL,2025,COL,168.76,46.05648415997246
777461,2025-06-18,605137,"Bell, Josh",WSH,COL,2025,COL,117.28010810880001,36.79964200035029
777466,2025-06-18,641355,"Bellinger, Cody",NYY,LAA,2025,LAA,200.989352368,51.8517960150935
777461,2025-06-18,669743,"Call, Alex",WSH,COL,2025,COL,3.9049999999999976,16.413129091362183
777466,2025-06-18,665862,"Chisholm Jr., Jazz",NYY,LAA,2025,LAA,134.15499999999997,39.83399589968761
777466,2025-06-18,691176,"Domínguez, Jasson",NYY,LAA,2025,LAA,87.92000000000002,31.52026248791851
777466,2025-06-18,641555,"Escarra, J.C.",NYY,LAA,2025,LAA,8.180000000000001,17.181837003881117
777461,2025-06-18,671277,"García Jr., Luis",WSH,COL,2025,COL,43.970000000000006,23.617405703074724
777466,2025-06-18,502671,"Goldschmidt, Paul",NYY,LAA,2025,LAA,52.345,25.123353952746314
777466,2025-06-18,663757,"Grisham, Trent",NYY,LAA,2025,LAA,52.105000000000004,25.08019842081543
777461,2025-06-18,691781,"House, Brady",WSH,COL,2025,COL,112.39500000000001,35.921227671287134
777466,2025-06-18,592450,"Judge, Aaron",NYY,LAA,2025,LAA,1.5600000000000085,15.991463581454134
777461,2025-06-18,695734,"Lile, Daylen",WSH,COL,2025,COL,28.410000000000004,20.819488716222182
777461,2025-06-18,663993,"Lowe, Nathaniel",WSH,COL,2025,COL,44.78,23.763055623341465
777466,2025-06-18,672724,"Peraza, Oswald",NYY,LAA,2025,LAA,-27.230000000000004,10.814597896911415
777466,2025-06-18,700250,"Rice, Ben",NYY,LAA,2025,LAA,30.235,21.1476505736133
777461,2025-06-18,660688,"Ruiz, Keibert",WSH,COL,2025,COL,93.955,32.605444301263944
777466,2025-06-18,519317,"Stanton, Giancarlo",NYY,LAA,2025,LAA,13.439999999999998,18.127662412033068
777466,2025-06-18,683011,"Volpe, Anthony",NYY,LAA,2025,LAA,33.245000000000005,21.688892869913186
777466,2025-06-18,669224,"Wells, Austin",NYY,LAA,2025,LAA,33.765,21.78239652243011
777461,2025-06-18,695578,"Wood, James",WSH,COL,2025,COL,228.4286078304,56.785777953707594
777461,2025-06-18,696285,"Young, Jacob",WSH,COL,2025,COL,47.160000000000004,24.19101464832277
777445,2025-06-19,682928,"Abrams, CJ",WSH,COL,2025,COL,144.04999999999998,41.61326251825482
777445,2025-06-19,605137,"Bell, Josh",WSH,COL,2025,COL,42.500861856,23.35323304439023
777449,2025-06-19,641355,"Bellinger, Cody",NYY,LAA,2025,LAA,124.44,38.08709593006856
777445,2025-06-19,669743,"Call, Alex",WSH,COL,2025,COL,12.065000000000001,17.880417177012358
777449,2025-06-19,665862,"Chisholm Jr., Jazz",NYY,LAA,2025,LAA,66.99000000000001,27.756740474112355
777445,2025-06-19,671277,"García Jr., Luis",WSH,COL,2025,COL,157.005,43.94276216894086
777449,2025-06-19,502671,"Goldschmidt, Paul",NYY,LAA,2025,LAA,152.31,43.09853207554288
777449,2025-06-19,663757,"Grisham, Trent",NYY,LAA,2025,LAA,189.045,49.70402568171435
777445,2025-06-19,691781,"House, Brady",WSH,COL,2025,COL,47.945,24.33216920068005
777449,2025-06-19,592450,"Judge, Aaron",NYY,LAA,2025,LAA,150.61,42.7928470576991
777449,2025-06-19,518934,"LeMahieu, DJ",NYY,LAA,2025,LAA,162.65499999999997,44.9587153164805
777445,2025-06-19,695734,"Lile, Daylen",WSH,COL,2025,COL,32.295,21.518068889353422
777445,2025-06-19,663993,"Lowe, Nathaniel",WSH,COL,2025,COL,32.04,21.472216136676856
777445,2025-06-19,642708,"Rosario, Amed",WSH,COL,2025,COL,-4.68,14.869419751251062
777445,2025-06-19,660688,"Ruiz, Keibert",WSH,COL,2025,COL,51.125,24.90397999876431
777449,2025-06-19,519317,"Stanton, Giancarlo",NYY,LAA,2025,LAA,21.950600473599994,19.657993622405865
777449,2025-06-19,683011,"Volpe, Anthony",NYY,LAA,2025,LAA,28.250000000000007,20.79071836160159
777449,2025-06-19,669224,"Wells, Austin",NYY,LAA,2025,LAA,92.595,32.36089628698892
777445,2025-06-19,695578,"Wood, James",WSH,COL,2025,COL,219.07,55.102962540984755
777445,2025-06-19,696285,"Young, Jacob",WSH,COL,2025,COL,138.54000000000002,40.62248343100821
777427,2025-06-20,682928,"Abrams, CJ",WSH,LAD,2025,LAD,264.7408749792,63.315257972136585
777427,2025-06-20,656180,"Adams, Riley",WSH,LAD,2025,LAD,122.60500000000002,37.75713592551365
777427,2025-06-20,669743,"Call, Alex",WSH,LAD,2025,LAD,88.84,31.685692026986906
777427,2025-06-20,665953,"Chaparro, Andrés",WSH,LAD,2025,LAD,3.418362780799998,16.325624557812414
777438,2025-06-20,665862,"Chisholm Jr., Jazz",NYY,BAL,2025,BAL,182.665,48.556807791218255
777438,2025-06-20,691176,"Domínguez, Jasson",NYY,BAL,2025,BAL,172.05,46.64807457685838
777427,2025-06-20,671277,"García Jr., Luis",WSH,LAD,2025,LAD,74.88499999999999,29.176377659922174
777438,2025-06-20,502671,"Goldschmidt, Paul",NYY,BAL,2025,BAL,83.045,30.643665745572353
777438,2025-06-20,663757,"Grisham, Trent",NYY,BAL,2025,BAL,86.205,31.211880249329038
777427,2025-06-20,691781,"House, Brady",WSH,LAD,2025,LAD,6.459629779200001,16.872489120561607
777438,2025-06-20,592450,"Judge, Aaron",NYY,BAL,2025,BAL,254.615,61.49447663466559
777438,2025-06-20,518934,"LeMahieu, DJ",NYY,BAL,2025,BAL,81.38499999999999,30.34517331638371
777427,2025-06-20,663993,"Lowe, Nathaniel",WSH,LAD,2025,LAD,91.905,32.236824132687616
777427,2025-06-20,642708,"Rosario, Amed",WSH,LAD,2025,LAD,261.495,62.73160188335103
777438,2025-06-20,519317,"Stanton, Giancarlo",NYY,BAL,2025,BAL,113.94500000000001,36.199940481674126
777438,2025-06-20,683011,"Volpe, Anthony",NYY,BAL,2025,BAL,36.325,22.242722196359576
777438,2025-06-20,669224,"Wells, Austin",NYY,BAL,2025,BAL,127.975,38.722740952467255
777427,2025-06-20,695578,"Wood, James",WSH,LAD,2025,LAD,92.91499999999999,32.4184369962301
777427,2025-06-20,696285,"Young, Jacob",WSH,LAD,2025,LAD,59.93999999999999,26.489046723642527
777416,2025-06-21,682928,"Abrams, CJ",WSH,LAD,2025,LAD,272.07,64.63314250905576
777416,2025-06-21,605137,"Bell, Josh",WSH,LAD,2025,LAD,61.095,26.696732721059924
777422,2025-06-21,641355,"Bellinger, Cody",NYY,BAL,2025,BAL,67.69500000000001,27.88350984915934
777422,2025-06-21,665862,"Chisholm Jr., Jazz",NYY,BAL,2025,BAL,81.38930706560001,30.345947790163002
777422,2025-06-21,691176,"Domínguez, Jasson",NYY,BAL,2025,BAL,172.64499999999998,46.755064333103704
777422,2025-06-21,641555,"Escarra, J.C.",NYY,BAL,2025,BAL,288.38,67.56592053319233
777416,2025-06-21,671277,"García Jr., Luis",WSH,LAD,2025,LAD,196.865,51.11017676379578
777422,2025-06-21,663757,"Grisham, Trent",NYY,BAL,2025,BAL,150.52864390720003,42.77821803494658
777416,2025-06-21,691781,"House, Brady",WSH,LAD,2025,LAD,12.887459235199998,18.02830745112289
777422,2025-06-21,592450,"Judge, Aaron",NYY,BAL,2025,BAL,150.7116742624,42.811129586355555
777416,2025-06-21,695734,"Lile, Daylen",WSH,LAD,2025,LAD,133.11,39.64608952107188
777416,2025-06-21,663993,"Lowe, Nathaniel",WSH,LAD,2025,LAD,221.81999999999996,55.597453011026175
777422,2025-06-21,672724,"Peraza, Oswald",NYY,BAL,2025,BAL,37.12,22.38567489588064
777422,2025-06-21,700250,"Rice, Ben",NYY,BAL,2025,BAL,236.88,58.305462639689374
777416,2025-06-21,660688,"Ruiz, Keibert",WSH,LAD,2025,LAD,180.22500000000002,48.11805988325424
777422,2025-06-21,683011,"Volpe, Anthony",NYY,BAL,2025,BAL,163.16,45.04952174825175
777416,2025-06-21,695578,"Wood, James",WSH,LAD,2025,LAD,131.48,39.352991533374585
777416,2025-06-21,696285,"Young, Jacob",WSH,LAD,2025,LAD,128.93,38.89446400660892
777398,2025-06-22,682928,"Abrams, CJ",WSH,LAD,2025,LAD,147.74,42.27677882169223
777398,2025-06-22,605137,"Bell, Josh",WSH,LAD,2025,LAD,202.68,52.1557993395379
777406,2025-06-22,641355,"Bellinger, Cody",NYY,BAL,2025,BAL,59.294999999999995,26.373066231578267
777398,2025-06-22,669743,"Call, Alex",WSH,LAD,2025,LAD,53.32,25.29867330121555
777406,2025-06-22,665862,"Chisholm Jr., Jazz",NYY,BAL,2025,BAL,158.025,44.12617317964713
777406,2025-06-22,691176,"Domínguez, Jasson",NYY,BAL,2025,BAL,13.065000000000001,18.06023189339106
777398,2025-06-22,671277,"García Jr., Luis",WSH,LAD,2025,LAD,179.73413987200001,48.02979600855631
777406,2025-06-22,663757,"Grisham, Trent",NYY,BAL,2025,BAL,91.045,32.082183476601934
777398,2025-06-22,691781,"House, Brady",WSH,LAD,2025,LAD,122.235,37.69060448045353
777406,2025-06-22,592450,"Judge, Aaron",NYY,BAL,2025,BAL,151.4523723712,42.94431800671167
777406,2025-06-22,518934,"LeMahieu, DJ",NYY,BAL,2025,BAL,100.745,33.82638622547531
777398,2025-06-22,695734,"Lile, Daylen",WSH,LAD,2025,LAD,65.25,27.443862867613422
777398,2025-06-22,663993,"Lowe, Nathaniel",WSH,LAD,2025,LAD,332.995,75.58835410442795
777406,2025-06-22,672724,"Peraza, Oswald",NYY,BAL,2025,BAL,-2.7100000000000044,15.223654742517093
777406,2025-06-22,700250,"Rice, Ben",NYY,BAL,2025,BAL,147.995,42.3226315743688
777398,2025-06-22,642708,"Rosario, Amed",WSH,LAD,2025,LAD,67.475,27.843950611556018
777398,2025-06-22,660688,"Ruiz, Keibert",WSH,LAD,2025,LAD,105.835,34.74164313184288
777406,2025-06-22,519317,"Stanton, Giancarlo",NYY,BAL,2025,BAL,-5.534999999999997,14.715678168747273
777406,2025-06-22,683011,"Volpe, Anthony",NYY,BAL,2025,BAL,75.6,29.30494518213294
777406,2025-06-22,669224,"Wells, Austin",NYY,BAL,2025,BAL,17.589999999999996,18.873893485004665
777398,2025-06-22,695578,"Wood, James",WSH,LAD,2025,LAD,142.7292373312,41.37576995356099
777398,2025-06-22,696285,"Young, Jacob",WSH,LAD,2025,LAD,74.995,29.196157278723835
777382,2025-06-23,682928,"Abrams, CJ",WSH,SD,2025,SD,146.195,41.99896508488713
777382,2025-06-23,656180,"Adams, Riley",WSH,SD,2025,SD,-8.745000000000001,14.13847292917165
777382,2025-06-23,605137,"Bell, Josh",WSH,SD,2025,SD,202.42000000000002,52.109047513279435
777390,2025-06-23,641355,"Bellinger, Cody",NYY,CIN,2025,CIN,195.985,50.951939813382516
777390,2025-06-23,665862,"Chisholm Jr., Jazz",NYY,CIN,2025,CIN,9.532241721600013,17.424989965526066
777390,2025-06-23,691176,"Domínguez, Jasson",NYY,CIN,2025,CIN,137.45,40.42648539015542
777382,2025-06-23,671277,"García Jr., Luis",WSH,SD,2025,SD,127.98500000000001,38.72453909963105
777390,2025-06-23,502671,"Goldschmidt, Paul",NYY,CIN,2025,CIN,106.2839556864,34.8223719712595
777382,2025-06-23,691781,"House, Brady",WSH,SD,2025,SD,102.66499999999999,34.1716304809224
777390,2025-06-23,592450,"Judge, Aaron",NYY,CIN,2025,CIN,210.96,53.64466519115352
777390,2025-06-23,518934,"LeMahieu, DJ",NYY,CIN,2025,CIN,-8.105000000000008,14.253554347654019
777382,2025-06-23,695734,"Lile, Daylen",WSH,SD,2025,SD,153.955,43.39432728398583
777382,2025-06-23,663993,"Lowe, Nathaniel",WSH,SD,2025,SD,109.20500000000001,35.347618726039094
777382,2025-06-23,660688,"Ruiz, Keibert",WSH,SD,2025,SD,-6.530000000000001,14.536762525950467
777390,2025-06-23,519317,"Stanton, Giancarlo",NYY,CIN,2025,CIN,48.482354633599996,24.42879347171561
777390,2025-06-23,683011,"Volpe, Anthony",NYY,CIN,2025,CIN,41.25,23.128309674524665
777390,2025-06-23,669224,"Wells, Austin",NYY,CIN,2025,CIN,88.37,31.601179110288925
777382,2025-06-23,695578,"Wood, James",WSH,SD,2025,SD,175.07999999999998,47.19291316748583
777382,2025-06-23,696285,"Young, Jacob",WSH,SD,2025,SD,10.060000000000006,17.51988867067307
777372,2025-06-24,682928,"Abrams, CJ",WSH,SD,2025,SD,207.70499999999998,53.05936828934086
777372,2025-06-24,656180,"Adams, Riley",WSH,SD,2025,SD,76.21000000000001,29.41463215912395
777372,2025-06-24,605137,"Bell, Josh",WSH,SD,2025,SD,13.269999999999992,18.09709391024869
777385,2025-06-24,641355,"Bellinger, Cody",NYY,CIN,2025,CIN,99.7883560672,33.65436756802347
777385,2025-06-24,665862,"Chisholm Jr., Jazz",NYY,CIN,2025,CIN,84.63499999999999,30.92957114461448
777385,2025-06-24,691176,"Domínguez, Jasson",NYY,CIN,2025,CIN,13.745000000000001,18.18250590052857
777372,2025-06-24,671277,"García Jr., Luis",WSH,SD,2025,SD,51.51500000000001,24.974107738152
777385,2025-06-24,502671,"Goldschmidt, Paul",NYY,CIN,2025,CIN,49.9,24.6837069712004
777385,2025-06-24,663757,"Grisham, Trent",NYY,CIN,2025,CIN,92.895,32.41484070190253
777372,2025-06-24,691781,"House, Brady",WSH,SD,2025,SD,-31.22,10.097137178560411
777385,2025-06-24,592450,"Judge, Aaron",NYY,CIN,2025,CIN,110.63228930880001,35.60426634829132
777385,2025-06-24,518934,"LeMahieu, DJ",NYY,CIN,2025,CIN,47.7,24.28811459516727
777372,2025-06-24,695734,"Lile, Daylen",WSH,SD,2025,SD,47.33,24.221583150107147
777372,2025-06-24,663993,"Lowe, Nathaniel",WSH,SD,2025,SD,26.001854457600007,20.386468708516897
777385,2025-06-24,672724,"Peraza, Oswald",NYY,CIN,2025,CIN,32.7650130656,21.602584155438567
777385,2025-06-24,700250,"Rice, Ben",NYY,CIN,2025,CIN,240.055,58.87637436419174
777385,2025-06-24,683011,"Volpe, Anthony",NYY,CIN,2025,CIN,98.215,33.3714549930372
777385,2025-06-24,669224,"Wells, Austin",NYY,CIN,2025,CIN,4.620000000000001,16.541696613572952
777372,2025-06-24,695578,"Wood, James",WSH,SD,2025,SD,58.5886260384,26.246049798015868
777372,2025-06-24,696285,"Young, Jacob",WSH,SD,2025,SD,142.725,41.37500801905305
777360,2025-06-25,682928,"Abrams, CJ",WSH,SD,2025,SD,-31.899999999999995,9.974863171422898
777360,2025-06-25,656180,"Adams, Riley",WSH,SD,2025,SD,-41.605000000000004,8.22976134896763
777360,2025-06-25,605137,"Bell, Josh",WSH,SD,2025,SD,34.989999999999995,22.00266954999401
777360,2025-06-25,669743,"Call, Alex",WSH,SD,2025,SD,94.97,32.78795623838832
777367,2025-06-25,665862,"Chisholm Jr., Jazz",NYY,CIN,2025,CIN,170.965,46.45297560958749
777367,2025-06-25,691176,"Domínguez, Jasson",NYY,CIN,2025,CIN,195.695,50.8997935456327
777360,2025-06-25,671277,"García Jr., Luis",WSH,SD,2025,SD,-3.1349999999999962,15.14723348805615
777367,2025-06-25,663757,"Grisham, Trent",NYY,CIN,2025,CIN,216.31,54.60667392377956
777360,2025-06-25,691781,"House, Brady",WSH,SD,2025,SD,-7.749999999999996,14.317388571968456
777367,2025-06-25,592450,"Judge, Aaron",NYY,CIN,2025,CIN,40.49999999999999,22.993448637240636
777367,2025-06-25,518934,"LeMahieu, DJ",NYY,CIN,2025,CIN,73.98,29.013645341599453
777360,2025-06-25,695734,"Lile, Daylen",WSH,SD,2025,SD,97.16999999999999,33.183548614421454
777360,2025-06-25,663993,"Lowe, Nathaniel",WSH,SD,2025,SD,-4.590000000000003,14.88560307572514
777367,2025-06-25,700250,"Rice, Ben",NYY,CIN,2025,CIN,94.645,32.729516455565246
777367,2025-06-25,519317,"Stanton, Giancarlo",NYY,CIN,2025,CIN,174.805,47.143464120481696
777367,2025-06-25,683011,"Volpe, Anthony",NYY,CIN,2025,CIN,122.25500000000001,37.69420077478111
777367,2025-06-25,669224,"Wells, Austin",NYY,CIN,2025,CIN,142.1151003456,41.26533908567765
777360,2025-06-25,695578,"Wood, James",WSH,SD,2025,SD,-21.409999999999997,11.861119546235441
777360,2025-06-25,696285,"Young, Jacob",WSH,SD,2025,SD,36.355000000000004,22.248116637850938
777331,2025-06-27,682928,"Abrams, CJ",WSH,LAA,2025,LAA,163.195,45.055815263325
777331,2025-06-27,656180,"Adams, Riley",WSH,LAA,2025,LAA,75.49499999999999,29.286064636913178
777331,2025-06-27,605137,"Bell, Josh",WSH,LAA,2025,LAA,231.445,57.32816965617115
777337,2025-06-27,641355,"Bellinger, Cody",NYY,ATH,2025,ATH,144.975,41.77959113090512
777337,2025-06-27,665862,"Chisholm Jr., Jazz",NYY,ATH,2025,ATH,139.83,40.85444441513672
777331,2025-06-27,671277,"García Jr., Luis",WSH,LAA,2025,LAA,123.17500000000001,37.859630313849514
777337,2025-06-27,502671,"Goldschmidt, Paul",NYY,ATH,2025,ATH,57.125,25.9828682970365
777337,2025-06-27,663757,"Grisham, Trent",NYY,ATH,2025,ATH,28.735000000000003,20.877928499045257
777331,2025-06-27,691781,"House, Brady",WSH,LAA,2025,LAA,129.935,39.07517779656951
777337,2025-06-27,592450,"Judge, Aaron",NYY,ATH,2025,ATH,136.725,40.29611972078086
777337,2025-06-27,518934,"LeMahieu, DJ",NYY,ATH,2025,ATH,66.30499999999999,27.633567393392944
777331,2025-06-27,695734,"Lile, Daylen",WSH,LAA,2025,LAA,157.935,44.109989855173055
777331,2025-06-27,663993,"Lowe, Nathaniel",WSH,LAA,2025,LAA,301.84,69.9862266156496
777337,2025-06-27,700250,"Rice, Ben",NYY,ATH,2025,ATH,132.465,39.53010902900761
777337,2025-06-27,519317,"Stanton, Giancarlo",NYY,ATH,2025,ATH,68.59,28.044444020318267
777337,2025-06-27,683011,"Volpe, Anthony",NYY,ATH,2025,ATH,141.615,41.175413683872705
777331,2025-06-27,695578,"Wood, James",WSH,LAA,2025,LAA,162.88,44.99917362766572
777331,2025-06-27,696285,"Young, Jacob",WSH,LAA,2025,LAA,127.83000000000001,38.696667818592346
777315,2025-06-28,682928,"Abrams, CJ",WSH,LAA,2025,LAA,144.57,41.70676617077175
777315,2025-06-28,656180,"Adams, Riley",WSH,LAA,2025,LAA,45.665,23.922191647336614
777315,2025-06-28,605137,"Bell, Josh",WSH,LAA,2025,LAA,105.585,34.6966894527482
777326,2025-06-28,641355,"Bellinger, Cody",NYY,ATH,2025,ATH,92.545,32.351905551169985
777326,2025-06-28,665862,"Chisholm Jr., Jazz",NYY,ATH,2025,ATH,18.334999999999997,19.007855448706795
777326,2025-06-28,691176,"Domínguez, Jasson",NYY,ATH,2025,ATH,-0.7849999999999966,15.56979807154609
777315,2025-06-28,671277,"García Jr., Luis",WSH,LAA,2025,LAA,-29.189999999999998,10.462161052809169
777326,2025-06-28,502671,"Goldschmidt, Paul",NYY,ATH,2025,ATH,23.064999999999998,19.858379057178038
777315,2025-06-28,691781,"House, Brady",WSH,LAA,2025,LAA,19.985000000000007,19.304549730731647
777326,2025-06-28,592450,"Judge, Aaron",NYY,ATH,2025,ATH,123.91499999999999,37.99269320396974
777326,2025-06-28,518934,"LeMahieu, DJ",NYY,ATH,2025,ATH,46.63,24.095712848642062
777315,2025-06-28,695734,"Lile, Daylen",WSH,LAA,2025,LAA,90.64500000000001,32.01025759005046
777315,2025-06-28,663993,"Lowe, Nathaniel",WSH,LAA,2025,LAA,165.885,45.539516850383706
777326,2025-06-28,519317,"Stanton, Giancarlo",NYY,ATH,2025,ATH,11.360000000000001,17.75364780196538
777326,2025-06-28,683011,"Volpe, Anthony",NYY,ATH,2025,ATH,148.98,42.499749070001805
777326,2025-06-28,669224,"Wells, Austin",NYY,ATH,2025,ATH,-11.611318015999998,13.623066768073459
777315,2025-06-28,695578,"Wood, James",WSH,LAA,2025,LAA,32.525,21.559426274120522
777315,2025-06-28,696285,"Young, Jacob",WSH,LAA,2025,LAA,-40.660000000000004,8.3996862559455
777305,2025-06-29,682928,"Abrams, CJ",WSH,LAA,2025,LAA,177.275,47.58760646993707
777305,2025-06-29,605137,"Bell, Josh",WSH,LAA,2025,LAA,52.71499999999999,25.18988539780643
777307,2025-06-29,641355,"Bellinger, Cody",NYY,ATH,2025,ATH,253.08000000000004,61.2184610450243
777307,2025-06-29,665862,"Chisholm Jr., Jazz",NYY,ATH,2025,ATH,253.83999999999997,61.35512022947209
777307,2025-06-29,691176,"Domínguez, Jasson",NYY,ATH,2025,ATH,86.76,31.311677416919213
777305,2025-06-29,671277,"García Jr., Luis",WSH,LAA,2025,LAA,50.79500000000001,24.844641142359336
777307,2025-06-29,502671,"Goldschmidt, Paul",NYY,ATH,2025,ATH,206.01,52.75458234507896
777307,2025-06-29,663757,"Grisham, Trent",NYY,ATH,2025,ATH,125.645,38.30377266330489
777305,2025-06-29,691781,"House, Brady",WSH,LAA,2025,LAA,72.75999999999999,28.794271387617442
777307,2025-06-29,592450,"Judge, Aaron",NYY,ATH,2025,ATH,355.33500000000004,79.60541486832807
777305,2025-06-29,695734,"Lile, Daylen",WSH,LAA,2025,LAA,135.59,40.09203001769104
777305,2025-06-29,663993,"Lowe, Nathaniel",WSH,LAA,2025,LAA,132.825,39.594842326903944
777305,2025-06-29,686452,"Millas, Drew",WSH,LAA,2025,LAA,128.89499999999998,38.888170491535654
777307,2025-06-29,672724,"Peraza, Oswald",NYY,ATH,2025,ATH,55.785,25.741916577089036
777307,2025-06-29,700250,"Rice, Ben",NYY,ATH,2025,ATH,147.315,42.20035756723128
777305,2025-06-29,642708,"Rosario, Amed",WSH,LAA,2025,LAA,115.165,36.41931443565613
777307,2025-06-29,683011,"Volpe, Anthony",NYY,ATH,2025,ATH,120.505,37.37952502111838
777305,2025-06-29,695578,"Wood, James",WSH,LAA,2025,LAA,204.225,52.433613076342986
777305,2025-06-29,696285,"Young, Jacob",WSH,LAA,2025,LAA,223.82500000000002,55.957981517365475
777295,2025-06-30,641355,"Bellinger, Cody",NYY,TOR,2025,TOR,141.16000000000003,41.0935979879204
777295,2025-06-30,665862,"Chisholm Jr., Jazz",NYY,TOR,2025,TOR,121.86641975680001,37.62432832855973
777295,2025-06-30,691176,"Domínguez, Jasson",NYY,TOR,2025,TOR,103.642320128,34.347367022549925
777295,2025-06-30,641555,"Escarra, J.C.",NYY,TOR,2025,TOR,98.92999999999999,33.50002251524797
777295,2025-06-30,663757,"Grisham, Trent",NYY,TOR,2025,TOR,-0.18500000000000227,15.677686901373306
777295,2025-06-30,592450,"Judge, Aaron",NYY,TOR,2025,TOR,75.19999999999999,29.233019295581464
777295,2025-06-30,518934,"LeMahieu, DJ",NYY,TOR,2025,TOR,-10.904999999999998,13.750073141793665
777295,2025-06-30,700250,"Rice, Ben",NYY,TOR,2025,TOR,89.785,31.855616933964775
777295,2025-06-30,519317,"Stanton, Giancarlo",NYY,TOR,2025,TOR,113.8311629344,36.179470902009875
777295,2025-06-30,683011,"Volpe, Anthony",NYY,TOR,2025,TOR,40.55499999999999,23.003338446641468
777283,2025-07-01,641355,"Bellinger, Cody",NYY,TOR,2025,TOR,113.22,36.069574812299564
777283,2025-07-01,665862,"Chisholm Jr., Jazz",NYY,TOR,2025,TOR,228.505,56.79951439001778
777283,2025-07-01,691176,"Domínguez, Jasson",NYY,TOR,2025,TOR,138.46499999999997,40.6089973272798
777283,2025-07-01,641555,"Escarra, J.C.",NYY,TOR,2025,TOR,-6.3550301024000095,14.56822468846222
777283,2025-07-01,502671,"Goldschmidt, Paul",NYY,TOR,2025,TOR,89.76999999999998,31.852919713219098
777283,2025-07-01,592450,"Judge, Aaron",NYY,TOR,2025,TOR,203.395,52.284366861748666
777283,2025-07-01,518934,"LeMahieu, DJ",NYY,TOR,2025,TOR,94.41,32.68725999721625
777283,2025-07-01,519317,"Stanton, Giancarlo",NYY,TOR,2025,TOR,115.21722642559999,36.42870551556287
777283,2025-07-01,683011,"Volpe, Anthony",NYY,TOR,2025,TOR,80.50000000000001,30.18603729238857
777265,2025-07-02,682928,"Abrams, CJ",WSH,DET,2025,DET,85.99000000000001,31.173220085307623
777284,2025-07-02,682928,"Abrams, CJ",WSH,DET,2025,DET,70.54,28.39508271725673
777265,2025-07-02,656180,"Adams, Riley",WSH,DET,2025,DET,-16.660000000000004,12.715239449034254
777265,2025-07-02,605137,"Bell, Josh",WSH,DET,2025,DET,193.08499999999998,50.43047713588429
777284,2025-07-02,605137,"Bell, Josh",WSH,DET,2025,DET,88.69,31.658719819530102
777274,2025-07-02,641355,"Bellinger, Cody",NYY,TOR,2025,TOR,75.77000000000001,29.33551368391732
777284,2025-07-02,669743,"Call, Alex",WSH,DET,2025,DET,123.67,37.94863859845697
777274,2025-07-02,665862,"Chisholm Jr., Jazz",NYY,TOR,2025,TOR,94.725,32.74390163287554
777265,2025-07-02,657557,"DeJong, Paul",WSH,DET,2025,DET,124.6184745216,38.11918827555088
777284,2025-07-02,657557,"DeJong, Paul",WSH,DET,2025,DET,54.185,25.45421303088313
777274,2025-07-02,691176,"Domínguez, Jasson",NYY,TOR,2025,TOR,88.042630352,31.542313229882808
777265,2025-07-02,671277,"García Jr., Luis",WSH,DET,2025,DET,115.52000000000001,36.483148659970574
777274,2025-07-02,502671,"Goldschmidt, Paul",NYY,TOR,2025,TOR,202.47000000000003,52.118038249098376
777274,2025-07-02,663757,"Grisham, Trent",NYY,TOR,2025,TOR,45.205000000000005,23.839476877802415
777284,2025-07-02,691781,"House, Brady",WSH,DET,2025,DET,106.625,34.883696757782054
777274,2025-07-02,592450,"Judge, Aaron",NYY,TOR,2025,TOR,288.22,67.53715017857175
777274,2025-07-02,518934,"LeMahieu, DJ",NYY,TOR,2025,TOR,63.235,27.08153621411034
777265,2025-07-02,695734,"Lile, Daylen",WSH,DET,2025,DET,59.78710082880001,26.461553202538667
777284,2025-07-02,695734,"Lile, Daylen",WSH,DET,2025,DET,174.29,47.05085954154666
777265,2025-07-02,663993,"Lowe, Nathaniel",WSH,DET,2025,DET,123.695,37.95313396636643
777284,2025-07-02,663993,"Lowe, Nathaniel",WSH,DET,2025,DET,-29.250000000000004,10.451372169826447
777284,2025-07-02,686452,"Millas, Drew",WSH,DET,2025,DET,-2.4586105760000088,15.268858260494255
777274,2025-07-02,700250,"Rice, Ben",NYY,TOR,2025,TOR,201.315,51.91035225168098
777284,2025-07-02,642708,"Rosario, Amed",WSH,DET,2025,DET,98.10499999999999,33.35167537423554
777274,2025-07-02,519317,"Stanton, Giancarlo",NYY,TOR,2025,TOR,264.41,63.25576178159494
777274,2025-07-02,683011,"Volpe, Anthony",NYY,TOR,2025,TOR,8.724999999999993,17.279836024307507
777265,2025-07-02,695578,"Wood, James",WSH,DET,2025,DET,99.18,33.544976194342645
777284,2025-07-02,695578,"Wood, James",WSH,DET,2025,DET,73.76571145280002,28.975113107261485
777265,2025-07-02,696285,"Young, Jacob",WSH,DET,2025,DET,-20.964999999999996,11.941137095023963
777284,2025-07-02,696285,"Young, Jacob",WSH,DET,2025,DET,26.994999999999997,20.565050892546317
777258,2025-07-03,682928,"Abrams, CJ",WSH,DET,2025,DET,82.91499999999999,30.620289832443113
777258,2025-07-03,656180,"Adams, Riley",WSH,DET,2025,DET,143.9681666656,41.598547680439374
777258,2025-07-03,605137,"Bell, Josh",WSH,DET,2025,DET,-1.9500000000000028,15.360313926964904
777260,2025-07-03,641355,"Bellinger, Cody",NYY,TOR,2025,TOR,138.585,40.63057509324524
777258,2025-07-03,669743,"Call, Alex",WSH,DET,2025,DET,204.79,52.535208391096944
777260,2025-07-03,665862,"Chisholm Jr., Jazz",NYY,TOR,2025,TOR,128.655,38.84501495960477
777258,2025-07-03,657557,"DeJong, Paul",WSH,DET,2025,DET,164.84999999999997,45.353408618931745
777260,2025-07-03,691176,"Domínguez, Jasson",NYY,TOR,2025,TOR,268.06,63.91208549637718
777258,2025-07-03,671277,"García Jr., Luis",WSH,DET,2025,DET,67.436277792,27.836987788706946
777260,2025-07-03,663757,"Grisham, Trent",NYY,TOR,2025,TOR,186.365,49.22212224181944
777258,2025-07-03,691781,"House, Brady",WSH,DET,2025,DET,29.34499999999999,20.987615476036257
777260,2025-07-03,592450,"Judge, Aaron",NYY,TOR,2025,TOR,138.605,40.63417138757281
777258,2025-07-03,663993,"Lowe, Nathaniel",WSH,DET,2025,DET,134.335,39.86636254863578
777260,2025-07-03,672724,"Peraza, Oswald",NYY,TOR,2025,TOR,-2.4057916031999973,15.278355889107706
777260,2025-07-03,700250,"Rice, Ben",NYY,TOR,2025,TOR,71.635,28.591979831691404
777258,2025-07-03,642708,"Rosario, Amed",WSH,DET,2025,DET,45.985,23.9797323565778
777260,2025-07-03,519317,"Stanton, Giancarlo",NYY,TOR,2025,TOR,0.6949999999999998,15.83592385178656
777260,2025-07-03,683011,"Volpe, Anthony",NYY,TOR,2025,TOR,67.95,27.929362601835905
777260,2025-07-03,669224,"Wells, Austin",NYY,TOR,2025,TOR,195.525,50.86922504384831
777258,2025-07-03,695578,"Wood, James",WSH,DET,2025,DET,282.82,66.56615071012678
777258,2025-07-03,696285,"Young, Jacob",WSH,DET,2025,DET,36.325,22.242722196359576
777245,2025-07-04,682928,"Abrams, CJ",WSH,BOS,2025,BOS,109.195,35.34582057887531
777245,2025-07-04,605137,"Bell, Josh",WSH,BOS,2025,BOS,-0.29499999999999815,15.657907282571651
777250,2025-07-04,641355,"Bellinger, Cody",NYY,NYM,2025,NYM,123.43999999999998,37.907281213689856
777245,2025-07-04,669743,"Call, Alex",WSH,BOS,2025,BOS,34.4,21.89657886733058
777250,2025-07-04,665862,"Chisholm Jr., Jazz",NYY,NYM,2025,NYM,155.685,43.705406743320985
777250,2025-07-04,691176,"Domínguez, Jasson",NYY,NYM,2025,NYM,294.98,68.75269766129173
777250,2025-07-04,641555,"Escarra, J.C.",NYY,NYM,2025,NYM,36.645,22.300262905600757
777245,2025-07-04,671277,"García Jr., Luis",WSH,BOS,2025,BOS,41.305,23.13819948392549
777250,2025-07-04,502671,"Goldschmidt, Paul",NYY,NYM,2025,NYM,-30.130000000000006,10.293135219413191
777250,2025-07-04,663757,"Grisham, Trent",NYY,NYM,2025,NYM,14.600000000000005,18.336247483032363
777245,2025-07-04,691781,"House, Brady",WSH,BOS,2025,BOS,7.1949999999999985,17.004719508248098
777250,2025-07-04,592450,"Judge, Aaron",NYY,NYM,2025,NYM,128.72,38.85670291616938
777250,2025-07-04,518934,"LeMahieu, DJ",NYY,NYM,2025,NYM,18.28,18.997965639305967
777245,2025-07-04,695734,"Lile, Daylen",WSH,BOS,2025,BOS,76.06500000000001,29.388559025249037
777245,2025-07-04,663993,"Lowe, Nathaniel",WSH,BOS,2025,BOS,58.45,26.221122796238273
777250,2025-07-04,700250,"Rice, Ben",NYY,NYM,2025,NYM,64.04,27.226287060795194
777245,2025-07-04,660688,"Ruiz, Keibert",WSH,BOS,2025,BOS,42.089999999999996,23.27935403628277
777250,2025-07-04,519317,"Stanton, Giancarlo",NYY,NYM,2025,NYM,29.858651055999996,21.079977494988523
777250,2025-07-04,683011,"Volpe, Anthony",NYY,NYM,2025,NYM,-17.414999999999996,12.579479338168339
777245,2025-07-04,695578,"Wood, James",WSH,BOS,2025,BOS,-16.185,12.800651439314137
777245,2025-07-04,696285,"Young, Jacob",WSH,BOS,2025,BOS,66.375,27.646154423539453
777228,2025-07-05,682928,"Abrams, CJ",WSH,BOS,2025,BOS,-18.140000000000008,12.449113668793782
777228,2025-07-05,605137,"Bell, Josh",WSH,BOS,2025,BOS,113.595,36.13700533094158
777241,2025-07-05,641355,"Bellinger, Cody",NYY,NYM,2025,NYM,99.165,33.542278973596964
777241,2025-07-05,665862,"Chisholm Jr., Jazz",NYY,NYM,2025,NYM,222.57999999999998,55.734112195474
777241,2025-07-05,691176,"Domínguez, Jasson",NYY,NYM,2025,NYM,-0.9400000000000013,15.541926790507391
777228,2025-07-05,671277,"García Jr., Luis",WSH,BOS,2025,BOS,15.174999999999988,18.439640944950106
777241,2025-07-05,663757,"Grisham, Trent",NYY,NYM,2025,NYM,40.99000000000001,23.081557848266208
777228,2025-07-05,691781,"House, Brady",WSH,BOS,2025,BOS,69.98500000000001,28.29528554966656
777241,2025-07-05,592450,"Judge, Aaron",NYY,NYM,2025,NYM,122.395,37.71937483507412
777241,2025-07-05,518934,"LeMahieu, DJ",NYY,NYM,2025,NYM,86.65,31.291897798117557
777228,2025-07-05,695734,"Lile, Daylen",WSH,BOS,2025,BOS,149.57,42.60583975266524
777228,2025-07-05,663993,"Lowe, Nathaniel",WSH,BOS,2025,BOS,116.56,36.67015596500442
777241,2025-07-05,672724,"Peraza, Oswald",NYY,NYM,2025,NYM,30.970000000000002,21.279814390151646
777241,2025-07-05,700250,"Rice, Ben",NYY,NYM,2025,NYM,73.73000000000002,28.968691662504785
777228,2025-07-05,660688,"Ruiz, Keibert",WSH,BOS,2025,BOS,135.24,40.0290948669585
777241,2025-07-05,683011,"Volpe, Anthony",NYY,NYM,2025,NYM,236.77,58.28568302088771
777241,2025-07-05,669224,"Wells, Austin",NYY,NYM,2025,NYM,110.86496803519998,35.64610540748628
777228,2025-07-05,695578,"Wood, James",WSH,BOS,2025,BOS,17.245000000000005,18.811857407854017
777228,2025-07-05,696285,"Young, Jacob",WSH,BOS,2025,BOS,33.855000000000004,21.798579846904193
777213,2025-07-06,682928,"Abrams, CJ",WSH,BOS,2025,BOS,27.84,20.716994327886322
777213,2025-07-06,656180,"Adams, Riley",WSH,BOS,2025,BOS,181.695,48.38238751633092
777213,2025-07-06,605137,"Bell, Josh",WSH,BOS,2025,BOS,99.785,33.653764097751754
777216,2025-07-06,641355,"Bellinger, Cody",NYY,NYM,2025,NYM,177.4,47.61008330948441
777213,2025-07-06,669743,"Call, Alex",WSH,BOS,2025,BOS,72.08999999999999,28.67379552764371
777213,2025-07-06,657557,"DeJong, Paul",WSH,BOS,2025,BOS,157.045,43.949954757596004
777213,2025-07-06,671277,"García Jr., Luis",WSH,BOS,2025,BOS,168.26,45.96657680178311
777216,2025-07-06,502671,"Goldschmidt, Paul",NYY,NYM,2025,NYM,91.25,32.119045493459566
777216,2025-07-06,663757,"Grisham, Trent",NYY,NYM,2025,NYM,102.67,34.1725295545043
777213,2025-07-06,691781,"House, Brady",WSH,BOS,2025,BOS,284.29,66.83047834320345
777216,2025-07-06,592450,"Judge, Aaron",NYY,NYM,2025,NYM,207.235,52.97485537264287
777216,2025-07-06,518934,"LeMahieu, DJ",NYY,NYM,2025,NYM,19.98,19.303650657149753
777213,2025-07-06,695734,"Lile, Daylen",WSH,BOS,2025,BOS,76.93,29.544098754916615
777213,2025-07-06,663993,"Lowe, Nathaniel",WSH,BOS,2025,BOS,177.14,47.56333148322595
777216,2025-07-06,672724,"Peraza, Oswald",NYY,NYM,2025,NYM,42.040000000000006,23.270363300463835
777213,2025-07-06,642708,"Rosario, Amed",WSH,BOS,2025,BOS,185.66500000000002,49.09625194035436
777216,2025-07-06,519317,"Stanton, Giancarlo",NYY,NYM,2025,NYM,95.53500000000001,32.88955155314229
777216,2025-07-06,683011,"Volpe, Anthony",NYY,NYM,2025,NYM,48.75999999999999,24.478718194528685
777216,2025-07-06,669224,"Wells, Austin",NYY,NYM,2025,NYM,169.6,46.20752852173056
777213,2025-07-06,695578,"Wood, James",WSH,BOS,2025,BOS,120.41,37.3624426230624
777213,2025-07-06,696285,"Young, Jacob",WSH,BOS,2025,BOS,85.38,31.06353310831661
777191,2025-07-08,682928,"Abrams, CJ",WSH,STL,2025,STL,81.16,30.304715005198503
777191,2025-07-08,656180,"Adams, Riley",WSH,STL,2025,STL,27.773343772799997,20.70500855729748
777191,2025-07-08,605137,"Bell, Josh",WSH,STL,2025,STL,175.945,47.3484528971534
777187,2025-07-08,641355,"Bellinger, Cody",NYY,SEA,2025,SEA,86.98499999999999,31.352135728104415
777187,2025-07-08,665862,"Chisholm Jr., Jazz",NYY,SEA,2025,SEA,91.5,32.16399917255425
777187,2025-07-08,691176,"Domínguez, Jasson",NYY,SEA,2025,SEA,51.85423232,25.03510670155929
777191,2025-07-08,671277,"García Jr., Luis",WSH,STL,2025,STL,17.674999999999997,18.889177735896855
777187,2025-07-08,502671,"Goldschmidt, Paul",NYY,SEA,2025,SEA,150.825,42.831507221720514
777191,2025-07-08,691781,"House, Brady",WSH,STL,2025,STL,75.11000000000001,29.216835971107386
777187,2025-07-08,592450,"Judge, Aaron",NYY,SEA,2025,SEA,107.95499999999998,35.12285033056572
777191,2025-07-08,695734,"Lile, Daylen",WSH,STL,2025,STL,118.665,37.04866594298158
777191,2025-07-08,663993,"Lowe, Nathaniel",WSH,STL,2025,STL,68.58296104,28.043178311722265
777187,2025-07-08,672724,"Peraza, Oswald",NYY,SEA,2025,SEA,36.657105424,22.302439638983962
777191,2025-07-08,642708,"Rosario, Amed",WSH,STL,2025,STL,27.24,20.6091054980591
777187,2025-07-08,519317,"Stanton, Giancarlo",NYY,SEA,2025,SEA,117.125,36.771751279758384
777187,2025-07-08,683011,"Volpe, Anthony",NYY,SEA,2025,SEA,6.845000000000002,16.941784357515555
777187,2025-07-08,669224,"Wells, Austin",NYY,SEA,2025,SEA,124.29999999999998,38.06192186977553
777191,2025-07-08,695578,"Wood, James",WSH,STL,2025,STL,40.809999999999995,23.049191199318035
777191,2025-07-08,696285,"Young, Jacob",WSH,STL,2025,STL,105.8087808512,34.73692854303771
777178,2025-07-09,682928,"Abrams, CJ",WSH,STL,2025,STL,127.58500000000001,38.65261321307956
777178,2025-07-09,656180,"Adams, Riley",WSH,STL,2025,STL,33.52000000000001,21.738341916917328
777178,2025-07-09,605137,"Bell, Josh",WSH,STL,2025,STL,119.98499999999999,37.28602136860145
777184,2025-07-09,641355,"Bellinger, Cody",NYY,SEA,2025,SEA,137.645,40.461549259849264
777178,2025-07-09,669743,"Call, Alex",WSH,STL,2025,STL,203.125,52.235816888326426
777184,2025-07-09,665862,"Chisholm Jr., Jazz",NYY,SEA,2025,SEA,257.555,62.02313190081896
777184,2025-07-09,691176,"Domínguez, Jasson",NYY,SEA,2025,SEA,224.815,56.135998086580386
777184,2025-07-09,502671,"Goldschmidt, Paul",NYY,SEA,2025,SEA,120.66000000000001,37.40739630215708
777178,2025-07-09,691781,"House, Brady",WSH,STL,2025,STL,-1.0750000000000028,15.517651803796264
777184,2025-07-09,592450,"Judge, Aaron",NYY,SEA,2025,SEA,229.225,56.92898098581044
777178,2025-07-09,663993,"Lowe, Nathaniel",WSH,STL,2025,STL,208.955,53.28413668481423
777184,2025-07-09,672724,"Peraza, Oswald",NYY,SEA,2025,SEA,40.12,22.925119045016732
777178,2025-07-09,642708,"Rosario, Amed",WSH,STL,2025,STL,97.07000000000001,33.165567142783594
777184,2025-07-09,519317,"Stanton, Giancarlo",NYY,SEA,2025,SEA,22.90500000000001,19.82960870255745
777184,2025-07-09,683011,"Volpe, Anthony",NYY,SEA,2025,SEA,53.654999999999994,25.358911231202413
777184,2025-07-09,669224,"Wells, Austin",NYY,SEA,2025,SEA,141.355,41.12866185761423
777178,2025-07-09,695578,"Wood, James",WSH,STL,2025,STL,121.35000000000002,37.53146845645839
777178,2025-07-09,696285,"Young, Jacob",WSH,STL,2025,STL,99.84,33.663653907152586
777167,2025-07-10,682928,"Abrams, CJ",WSH,STL,2025,STL,44.771071952,23.761450228922534
777167,2025-07-10,605137,"Bell, Josh",WSH,STL,2025,STL,96.16835154879999,33.003437482257766
777169,2025-07-10,641355,"Bellinger, Cody",NYY,SEA,2025,SEA,168.29500000000002,45.972870316856365
777169,2025-07-10,665862,"Chisholm Jr., Jazz",NYY,SEA,2025,SEA,49.425000000000004,24.59829498092052
777167,2025-07-10,657557,"DeJong, Paul",WSH,STL,2025,STL,35.279999999999994,22.054815817743833
777169,2025-07-10,691176,"Domínguez, Jasson",NYY,SEA,2025,SEA,56.06999999999999,25.79316377125697
777167,2025-07-10,671277,"García Jr., Luis",WSH,STL,2025,STL,-0.3149999999999995,15.654310988244077
777169,2025-07-10,502671,"Goldschmidt, Paul",NYY,SEA,2025,SEA,37.0,22.364097129915198
777169,2025-07-10,663757,"Grisham, Trent",NYY,SEA,2025,SEA,229.485,56.975732812068905
777169,2025-07-10,592450,"Judge, Aaron",NYY,SEA,2025,SEA,46.620000000000005,24.093914701478276
777167,2025-07-10,695734,"Lile, Daylen",WSH,STL,2025,STL,46.45,24.063346199693893
777167,2025-07-10,663993,"Lowe, Nathaniel",WSH,STL,2025,STL,68.605,28.04714124106395
777167,2025-07-10,686452,"Millas, Drew",WSH,STL,2025,STL,82.03,30.46115380844797
777169,2025-07-10,672724,"Peraza, Oswald",NYY,SEA,2025,SEA,1.2200000000000006,15.930326577885378
777169,2025-07-10,700250,"Rice, Ben",NYY,SEA,2025,SEA,150.855,42.83690166321186
777169,2025-07-10,519317,"Stanton, Giancarlo",NYY,SEA,2025,SEA,162.555,44.94073384484264
777169,2025-07-10,678391,"Vivas, Jorbit",NYY,SEA,2025,SEA,-6.510000000000003,14.54035882027804
777169,2025-07-10,683011,"Volpe, Anthony",NYY,SEA,2025,SEA,54.575,25.524340770270815
777169,2025-07-10,669224,"Wells, Austin",NYY,SEA,2025,SEA,223.97500000000002,55.98495372482228
777167,2025-07-10,695578,"Wood, James",WSH,STL,2025,STL,16.835000000000008,18.738133374138748
777167,2025-07-10,696285,"Young, Jacob",WSH,STL,2025,STL,29.450000000000003,21.006496021256027
777149,2025-07-11,682928,"Abrams, CJ",WSH,MIL,2025,MIL,120.43000000000002,37.36603891738998
777149,2025-07-11,656180,"Adams, Riley",WSH,MIL,2025,MIL,177.38,47.60648701515684
777149,2025-07-11,605137,"Bell, Josh",WSH,MIL,2025,MIL,61.94,26.848676156399932
777153,2025-07-11,641355,"Bellinger, Cody",NYY,CHC,2025,CHC,347.875,78.26399708414297
777149,2025-07-11,669743,"Call, Alex",WSH,MIL,2025,MIL,35.155,22.0323389781965
777153,2025-07-11,665862,"Chisholm Jr., Jazz",NYY,CHC,2025,CHC,189.6927503456,49.820500726392616
777153,2025-07-11,691176,"Domínguez, Jasson",NYY,CHC,2025,CHC,53.08153201920001,25.255793248882597
777153,2025-07-11,641555,"Escarra, J.C.",NYY,CHC,2025,CHC,108.505,35.22174842457401
777149,2025-07-11,671277,"García Jr., Luis",WSH,MIL,2025,MIL,52.50500000000001,25.152124307366915
777153,2025-07-11,502671,"Goldschmidt, Paul",NYY,CHC,2025,CHC,203.6,52.3212288786063
777149,2025-07-11,691781,"House, Brady",WSH,MIL,2025,MIL,76.14,29.402045128977438
777153,2025-07-11,592450,"Judge, Aaron",NYY,CHC,2025,CHC,102.92,34.217483233598976
777149,2025-07-11,695734,"Lile, Daylen",WSH,MIL,2025,MIL,20.490000000000002,19.39535616250289
777149,2025-07-11,663993,"Lowe, Nathaniel",WSH,MIL,2025,MIL,2.010000000000001,16.07238020382455
777153,2025-07-11,672724,"Peraza, Oswald",NYY,CHC,2025,CHC,131.9073470688,39.429834825346134
777153,2025-07-11,700250,"Rice, Ben",NYY,CHC,2025,CHC,143.765,41.5620153240869
777153,2025-07-11,683011,"Volpe, Anthony",NYY,CHC,2025,CHC,60.81999999999999,26.64728367405579
777149,2025-07-11,695578,"Wood, James",WSH,MIL,2025,MIL,72.085,28.67289645406182
777135,2025-07-12,682928,"Abrams, CJ",WSH,MIL,2025,MIL,62.915000000000006,27.02399550486916
777135,2025-07-12,656180,"Adams, Riley",WSH,MIL,2025,MIL,105.2960537024,34.644732656196595
777135,2025-07-12,605137,"Bell, Josh",WSH,MIL,2025,MIL,133.79000000000002,39.76836352820939
777142,2025-07-12,641355,"Bellinger, Cody",NYY,CHC,2025,CHC,34.309999999999995,21.880395542856494
777135,2025-07-12,669743,"Call, Alex",WSH,MIL,2025,MIL,87.5,31.444740307039453
777142,2025-07-12,665862,"Chisholm Jr., Jazz",NYY,CHC,2025,CHC,44.075,23.636286248294486
777135,2025-07-12,671277,"García Jr., Luis",WSH,MIL,2025,MIL,19.269999999999996,19.175982208520878
777142,2025-07-12,502671,"Goldschmidt, Paul",NYY,CHC,2025,CHC,-7.16,14.423479254631888
777142,2025-07-12,663757,"Grisham, Trent",NYY,CHC,2025,CHC,56.0329946592,25.78650966639652
777135,2025-07-12,691781,"House, Brady",WSH,MIL,2025,MIL,348.295,78.33951926502203
777142,2025-07-12,592450,"Judge, Aaron",NYY,CHC,2025,CHC,292.94,68.38587563987919
777135,2025-07-12,695734,"Lile, Daylen",WSH,MIL,2025,MIL,159.46,44.38420729765056
777135,2025-07-12,663993,"Lowe, Nathaniel",WSH,MIL,2025,MIL,137.70499999999998,40.47233814283199
777142,2025-07-12,672724,"Peraza, Oswald",NYY,CHC,2025,CHC,-18.28,12.423939608500763
777142,2025-07-12,519317,"Stanton, Giancarlo",NYY,CHC,2025,CHC,40.552818099199996,23.00294610876795
777142,2025-07-12,683011,"Volpe, Anthony",NYY,CHC,2025,CHC,58.754999999999995,26.275966284733776
777142,2025-07-12,669224,"Wells, Austin",NYY,CHC,2025,CHC,-25.439999999999998,11.136466239229287
777135,2025-07-12,695578,"Wood, James",WSH,MIL,2025,MIL,-33.65,9.660187417760175
777135,2025-07-12,696285,"Young, Jacob",WSH,MIL,2025,MIL,73.305,28.892270408043835
777123,2025-07-13,656180,"Adams, Riley",WSH,MIL,2025,MIL,15.975000000000009,18.583492718053073
777123,2025-07-13,605137,"Bell, Josh",WSH,MIL,2025,MIL,33.8,21.78869003750336
777122,2025-07-13,641355,"Bellinger, Cody",NYY,CHC,2025,CHC,-7.644999999999996,14.33626911718822
777123,2025-07-13,669743,"Call, Alex",WSH,MIL,2025,MIL,-45.959999999999994,7.446668259138402
777122,2025-07-13,665862,"Chisholm Jr., Jazz",NYY,CHC,2025,CHC,41.440000000000005,23.162474470636617
777123,2025-07-13,657557,"DeJong, Paul",WSH,MIL,2025,MIL,80.755,30.231890045065136
777122,2025-07-13,691176,"Domínguez, Jasson",NYY,CHC,2025,CHC,-0.38499999999999623,15.64172395809757
777123,2025-07-13,671277,"García Jr., Luis",WSH,MIL,2025,MIL,84.115,30.83606749209756
777122,2025-07-13,502671,"Goldschmidt, Paul",NYY,CHC,2025,CHC,-4.14450866879999,14.965708973094042
777123,2025-07-13,691781,"House, Brady",WSH,MIL,2025,MIL,-21.97,11.76042330506337
777122,2025-07-13,592450,"Judge, Aaron",NYY,CHC,2025,CHC,-51.1189710688,6.51900933959622
777123,2025-07-13,695734,"Lile, Daylen",WSH,MIL,2025,MIL,147.595,42.25070568781731
777123,2025-07-13,663993,"Lowe, Nathaniel",WSH,MIL,2025,MIL,87.48000000000002,31.44114401271188
777122,2025-07-13,672724,"Peraza, Oswald",NYY,CHC,2025,CHC,-34.845,9.445308831687631
777122,2025-07-13,700250,"Rice, Ben",NYY,CHC,2025,CHC,-10.118312079999999,13.891531207007013
777122,2025-07-13,519317,"Stanton, Giancarlo",NYY,CHC,2025,CHC,154.24499999999998,43.44647355173565
777122,2025-07-13,683011,"Volpe, Anthony",NYY,CHC,2025,CHC,68.425,28.01477459211578
777122,2025-07-13,669224,"Wells, Austin",NYY,CHC,2025,CHC,81.39,30.346072389965606
777123,2025-07-13,696285,"Young, Jacob",WSH,MIL,2025,MIL,32.555,21.564820715611884
777112,2025-07-18,682928,"Abrams, CJ",WSH,SD,2025,SD,155.88,43.74047061301483
777112,2025-07-18,656180,"Adams, Riley",WSH,SD,2025,SD,65.14,27.42408324881176
777112,2025-07-18,605137,"Bell, Josh",WSH,SD,2025,SD,156.01,43.76384652614406
777114,2025-07-18,641355,"Bellinger, Cody",NYY,ATL,2025,ATL,134.24,39.8492801505798
777114,2025-07-18,665862,"Chisholm Jr., Jazz",NYY,ATL,2025,ATL,38.045,22.552003508530934
777114,2025-07-18,691176,"Domínguez, Jasson",NYY,ATL,2025,ATL,-11.569999999999993,13.63049635540183
777114,2025-07-18,641555,"Escarra, J.C.",NYY,ATL,2025,ATL,-19.959731744,12.12189912136111
777112,2025-07-18,671277,"García Jr., Luis",WSH,SD,2025,SD,100.64,33.807505680255545
777114,2025-07-18,663757,"Grisham, Trent",NYY,ATL,2025,ATL,146.6198968928,42.07536779915616
777112,2025-07-18,691781,"House, Brady",WSH,SD,2025,SD,37.129999999999995,22.387473043044427
777114,2025-07-18,592450,"Judge, Aaron",NYY,ATL,2025,ATL,86.3813405856,31.243588881714757
777112,2025-07-18,695734,"Lile, Daylen",WSH,SD,2025,SD,4.4055754048,16.503139915802446
777112,2025-07-18,663993,"Lowe, Nathaniel",WSH,SD,2025,SD,187.345,49.39834066387056
777114,2025-07-18,700250,"Rice, Ben",NYY,ATL,2025,ATL,126.17500000000001,38.3990744629856
777114,2025-07-18,519317,"Stanton, Giancarlo",NYY,ATL,2025,ATL,141.875,41.22216551013116
777114,2025-07-18,678391,"Vivas, Jorbit",NYY,ATL,2025,ATL,82.015,30.458456587702294
777114,2025-07-18,683011,"Volpe, Anthony",NYY,ATL,2025,ATL,98.525,33.427197555114596
777114,2025-07-18,669224,"Wells, Austin",NYY,ATL,2025,ATL,28.07,20.758351712653422
777112,2025-07-18,695578,"Wood, James",WSH,SD,2025,SD,38.178936297599996,22.576087225896693
777112,2025-07-18,696285,"Young, Jacob",WSH,SD,2025,SD,92.71,32.381574979372466
777091,2025-07-19,682928,"Abrams, CJ",WSH,SD,2025,SD,24.349999999999998,20.089440967724663
777091,2025-07-19,605137,"Bell, Josh",WSH,SD,2025,SD,-16.265000000000008,12.786266262003842
777097,2025-07-19,641355,"Bellinger, Cody",NYY,ATL,2025,ATL,177.20000000000002,47.574120366208675
777097,2025-07-19,665862,"Chisholm Jr., Jazz",NYY,ATL,2025,ATL,95.475,32.87876267015957
777091,2025-07-19,671277,"García Jr., Luis",WSH,SD,2025,SD,50.675,24.823063376393893
777097,2025-07-19,502671,"Goldschmidt, Paul",NYY,ATL,2025,ATL,101.59,33.978329660815305
777097,2025-07-19,663757,"Grisham, Trent",NYY,ATL,2025,ATL,307.93,71.08129823839587
777091,2025-07-19,691781,"House, Brady",WSH,SD,2025,SD,81.75500000000001,30.41170476144383
777097,2025-07-19,592450,"Judge, Aaron",NYY,ATL,2025,ATL,108.63,35.24422526412134
777091,2025-07-19,695734,"Lile, Daylen",WSH,SD,2025,SD,163.76500000000001,45.15830965166086
777091,2025-07-19,663993,"Lowe, Nathaniel",WSH,SD,2025,SD,148.415,42.39815375524784
777091,2025-07-19,686452,"Millas, Drew",WSH,SD,2025,SD,106.22,34.81087179764868
777097,2025-07-19,672724,"Peraza, Oswald",NYY,ATL,2025,ATL,10.909999999999997,17.67273117959496
777097,2025-07-19,700250,"Rice, Ben",NYY,ATL,2025,ATL,47.790000000000006,24.30429791964135
777097,2025-07-19,519317,"Stanton, Giancarlo",NYY,ATL,2025,ATL,259.0106268704,62.284875033673146
777097,2025-07-19,678391,"Vivas, Jorbit",NYY,ATL,2025,ATL,19.32,19.184972944339815
777097,2025-07-19,683011,"Volpe, Anthony",NYY,ATL,2025,ATL,294.825,68.72482638025303
777097,2025-07-19,669224,"Wells, Austin",NYY,ATL,2025,ATL,16.759999999999994,18.724647270410344
777091,2025-07-19,695578,"Wood, James",WSH,SD,2025,SD,-5.465000000000003,14.72826519889378
777091,2025-07-19,696285,"Young, Jacob",WSH,SD,2025,SD,99.965,33.686130746699924
777077,2025-07-20,682928,"Abrams, CJ",WSH,SD,2025,SD,66.045,27.586815567134483
777077,2025-07-20,656180,"Adams, Riley",WSH,SD,2025,SD,229.2,56.92448561790098
777083,2025-07-20,641355,"Bellinger, Cody",NYY,ATL,2025,ATL,-0.1999999999999984,15.674989680627627
777077,2025-07-20,669743,"Call, Alex",WSH,SD,2025,SD,65.22999999999999,27.440266573285836
777083,2025-07-20,665862,"Chisholm Jr., Jazz",NYY,ATL,2025,ATL,110.555,35.59036859315034
777077,2025-07-20,657557,"DeJong, Paul",WSH,SD,2025,SD,65.79342970559999,27.54157952599764
777083,2025-07-20,691176,"Domínguez, Jasson",NYY,ATL,2025,ATL,37.26,22.41084895617366
777077,2025-07-20,671277,"García Jr., Luis",WSH,SD,2025,SD,91.49000000000001,32.16220102539046
777083,2025-07-20,502671,"Goldschmidt, Paul",NYY,ATL,2025,ATL,166.185,45.593461265297314
777083,2025-07-20,592450,"Judge, Aaron",NYY,ATL,2025,ATL,160.33053281920002,44.54074190963337
777077,2025-07-20,695734,"Lile, Daylen",WSH,SD,2025,SD,33.54000000000001,21.7419382112449
777077,2025-07-20,663993,"Lowe, Nathaniel",WSH,SD,2025,SD,32.5,21.554930906211055
777083,2025-07-20,700250,"Rice, Ben",NYY,ATL,2025,ATL,109.6291823552,35.42389295593223
777083,2025-07-20,519317,"Stanton, Giancarlo",NYY,ATL,2025,ATL,190.435,49.95396813748074
777083,2025-07-20,678391,"Vivas, Jorbit",NYY,ATL,2025,ATL,118.17,36.95965765837413
777083,2025-07-20,683011,"Volpe, Anthony",NYY,ATL,2025,ATL,42.16000000000001,23.29194106642928
777077,2025-07-20,695578,"Wood, James",WSH,SD,2025,SD,66.1727794624,27.609792194924964
777077,2025-07-20,696285,"Young, Jacob",WSH,SD,2025,SD,77.24,29.59984131699401
777064,2025-07-21,682928,"Abrams, CJ",WSH,CIN,2025,CIN,30.201020127999996,21.14154049256704
777064,2025-07-21,656180,"Adams, Riley",WSH,CIN,2025,CIN,231.51,57.33985761273577
777064,2025-07-21,605137,"Bell, Josh",WSH,CIN,2025,CIN,334.465,75.85268173750462
777066,2025-07-21,665862,"Chisholm Jr., Jazz",NYY,TOR,2025,TOR,70.99,28.475999339627144
777066,2025-07-21,691176,"Domínguez, Jasson",NYY,TOR,2025,TOR,-6.819999999999993,14.484616258200647
777066,2025-07-21,502671,"Goldschmidt, Paul",NYY,TOR,2025,TOR,36.199999999999996,22.22024535681224
777066,2025-07-21,663757,"Grisham, Trent",NYY,TOR,2025,TOR,85.815,31.141752509941345
777064,2025-07-21,691781,"House, Brady",WSH,CIN,2025,CIN,218.385,54.97978946026535
777066,2025-07-21,592450,"Judge, Aaron",NYY,TOR,2025,TOR,60.47235907839999,26.584772720336648
777064,2025-07-21,695734,"Lile, Daylen",WSH,CIN,2025,CIN,171.735,46.59143294119909
777064,2025-07-21,663993,"Lowe, Nathaniel",WSH,CIN,2025,CIN,259.815,62.42951315983481
777066,2025-07-21,672724,"Peraza, Oswald",NYY,TOR,2025,TOR,20.955,19.478970005618983
777066,2025-07-21,700250,"Rice, Ben",NYY,TOR,2025,TOR,23.905,20.009423418936144
777064,2025-07-21,642708,"Rosario, Amed",WSH,CIN,2025,CIN,42.63140165120001,23.376706020640263
777066,2025-07-21,519317,"Stanton, Giancarlo",NYY,TOR,2025,TOR,136.27,40.21430402482856
777066,2025-07-21,683011,"Volpe, Anthony",NYY,TOR,2025,TOR,-24.439999999999998,11.316280955607985
777066,2025-07-21,669224,"Wells, Austin",NYY,TOR,2025,TOR,-2.875,15.19398531431461
777064,2025-07-21,695578,"Wood, James",WSH,CIN,2025,CIN,299.335,69.53579075112096
777064,2025-07-21,696285,"Young, Jacob",WSH,CIN,2025,CIN,161.48499999999999,44.74833209831742
777042,2025-07-22,682928,"Abrams, CJ",WSH,CIN,2025,CIN,109.9,35.47258995392228
777042,2025-07-22,656180,"Adams, Riley",WSH,CIN,2025,CIN,88.11000000000001,31.55442728403046
777042,2025-07-22,605137,"Bell, Josh",WSH,CIN,2025,CIN,177.6626186496,47.657306007478
777046,2025-07-22,641355,"Bellinger, Cody",NYY,TOR,2025,TOR,263.41,63.07594706521624
777046,2025-07-22,665862,"Chisholm Jr., Jazz",NYY,TOR,2025,TOR,209.49999999999997,53.38213570524061
777042,2025-07-22,671277,"García Jr., Luis",WSH,CIN,2025,CIN,87.27,31.40338292227235
777046,2025-07-22,502671,"Goldschmidt, Paul",NYY,TOR,2025,TOR,4.65,16.547091055064314
777046,2025-07-22,663757,"Grisham, Trent",NYY,TOR,2025,TOR,10.715,17.63766730990112
777042,2025-07-22,691781,"House, Brady",WSH,CIN,2025,CIN,108.9574221952,35.30310059328732
777046,2025-07-22,592450,"Judge, Aaron",NYY,TOR,2025,TOR,79.545,30.014314238246907
777042,2025-07-22,695734,"Lile, Daylen",WSH,CIN,2025,CIN,112.65419409280001,35.967834583571005
777042,2025-07-22,663993,"Lowe, Nathaniel",WSH,CIN,2025,CIN,33.36999999999999,21.71136970946052
777046,2025-07-22,672724,"Peraza, Oswald",NYY,TOR,2025,TOR,2.250000000000004,16.115535735755437
777046,2025-07-22,700250,"Rice, Ben",NYY,TOR,2025,TOR,100.485,33.779634399216846
777046,2025-07-22,519317,"Stanton, Giancarlo",NYY,TOR,2025,TOR,37.66,22.482774842725135
777046,2025-07-22,678391,"Vivas, Jorbit",NYY,TOR,2025,TOR,-5.584999999999997,14.706687432928339
777046,2025-07-22,683011,"Volpe, Anthony",NYY,TOR,2025,TOR,46.510000000000005,24.074135082676616
777046,2025-07-22,669224,"Wells, Austin",NYY,TOR,2025,TOR,-28.090000000000003,10.659957240825737
777042,2025-07-22,695578,"Wood, James",WSH,CIN,2025,CIN,-2.8599999999999985,15.19668253506029
777042,2025-07-22,696285,"Young, Jacob",WSH,CIN,2025,CIN,124.73548700159998,38.14022884145485
777026,2025-07-23,682928,"Abrams, CJ",WSH,CIN,2025,CIN,-11.956733708799991,13.560955943239877
777026,2025-07-23,656180,"Adams, Riley",WSH,CIN,2025,CIN,4.475000000000001,16.515623479698043
777027,2025-07-23,641355,"Bellinger, Cody",NYY,TOR,2025,TOR,29.385000000000005,20.994808064691412
777026,2025-07-23,669743,"Call, Alex",WSH,CIN,2025,CIN,-7.414999999999996,14.377626501955321
777027,2025-07-23,665862,"Chisholm Jr., Jazz",NYY,TOR,2025,TOR,20.735,19.439410768015673
777027,2025-07-23,691176,"Domínguez, Jasson",NYY,TOR,2025,TOR,142.735,41.376806166216845
777027,2025-07-23,641555,"Escarra, J.C.",NYY,TOR,2025,TOR,1.1049999999999986,15.90964788550183
777026,2025-07-23,671277,"García Jr., Luis",WSH,CIN,2025,CIN,-1.375,15.463707388882655
777027,2025-07-23,663757,"Grisham, Trent",NYY,TOR,2025,TOR,41.12,23.10493376139543
777026,2025-07-23,691781,"House, Brady",WSH,CIN,2025,CIN,34.91,21.988284372683715
777027,2025-07-23,592450,"Judge, Aaron",NYY,TOR,2025,TOR,75.065,29.208744308870344
777026,2025-07-23,663993,"Lowe, Nathaniel",WSH,CIN,2025,CIN,-28.47,10.59162764860183
777026,2025-07-23,686452,"Millas, Drew",WSH,CIN,2025,CIN,-22.1,11.737047391934137
777027,2025-07-23,672724,"Peraza, Oswald",NYY,TOR,2025,TOR,-24.494999999999997,11.306391146207156
777027,2025-07-23,700250,"Rice, Ben",NYY,TOR,2025,TOR,-47.88491620479999,7.1005399977195305
777026,2025-07-23,642708,"Rosario, Amed",WSH,CIN,2025,CIN,103.52000000000001,34.325372063426194
777027,2025-07-23,678391,"Vivas, Jorbit",NYY,TOR,2025,TOR,7.835000000000001,17.119800926730463
777027,2025-07-23,683011,"Volpe, Anthony",NYY,TOR,2025,TOR,107.30000000000001,35.00507169133768
777026,2025-07-23,695578,"Wood, James",WSH,CIN,2025,CIN,8.153927663999996,17.177148814177944
777026,2025-07-23,696285,"Young, Jacob",WSH,CIN,2025,CIN,7.385,17.038884304360053
777011,2025-07-25,682928,"Abrams, CJ",WSH,MIN,2025,MIN,12.415000000000008,17.943352327744904
777011,2025-07-25,656180,"Adams, Riley",WSH,MIN,2025,MIN,-4.964999999999996,14.81817255708313
777011,2025-07-25,605137,"Bell, Josh",WSH,MIN,2025,MIN,-1.0300000000000038,15.525743466033306
777015,2025-07-25,641355,"Bellinger, Cody",NYY,PHI,2025,PHI,114.725,36.3401959604495
777015,2025-07-25,665862,"Chisholm Jr., Jazz",NYY,PHI,2025,PHI,35.50500000000001,22.09527412892904
777011,2025-07-25,671277,"García Jr., Luis",WSH,MIN,2025,MIN,128.3,38.78118073529034
777015,2025-07-25,502671,"Goldschmidt, Paul",NYY,PHI,2025,PHI,150.66,42.80183779351802
777015,2025-07-25,663757,"Grisham, Trent",NYY,PHI,2025,PHI,1.0599999999999952,15.901556223264784
777011,2025-07-25,691781,"House, Brady",WSH,MIN,2025,MIN,0.7080070656000004,15.838262713598345
777015,2025-07-25,592450,"Judge, Aaron",NYY,PHI,2025,PHI,17.795,18.9107555018623
777011,2025-07-25,695734,"Lile, Daylen",WSH,MIN,2025,MIN,108.74000000000001,35.264004882923
777011,2025-07-25,663993,"Lowe, Nathaniel",WSH,MIN,2025,MIN,-12.344422233599998,13.491243841109688
777015,2025-07-25,672724,"Peraza, Oswald",NYY,PHI,2025,PHI,21.025000000000006,19.491557035765496
777015,2025-07-25,700250,"Rice, Ben",NYY,PHI,2025,PHI,31.035000000000004,21.291502346716264
777015,2025-07-25,519317,"Stanton, Giancarlo",NYY,PHI,2025,PHI,135.40599177919998,40.058942631656535
777015,2025-07-25,678391,"Vivas, Jorbit",NYY,PHI,2025,PHI,12.395000000000003,17.93975603341733
777015,2025-07-25,683011,"Volpe, Anthony",NYY,PHI,2025,PHI,85.09500000000001,31.012285914148684
777015,2025-07-25,669224,"Wells, Austin",NYY,PHI,2025,PHI,236.21578101760002,58.18602629175578
777011,2025-07-25,695578,"Wood, James",WSH,MIN,2025,MIN,-19.510000000000005,12.202767507354965
777011,2025-07-25,696285,"Young, Jacob",WSH,MIN,2025,MIN,118.44239805119999,37.00863883669276
776997,2025-07-26,682928,"Abrams, CJ",WSH,MIN,2025,MIN,35.01940442879999,22.00795689901896
776997,2025-07-26,605137,"Bell, Josh",WSH,MIN,2025,MIN,117.88068525119999,36.907634608874474
777001,2025-07-26,641355,"Bellinger, Cody",NYY,PHI,2025,PHI,26.485,20.473345387193184
776997,2025-07-26,669743,"Call, Alex",WSH,MIN,2025,MIN,212.1,53.849653967825226
777001,2025-07-26,665862,"Chisholm Jr., Jazz",NYY,PHI,2025,PHI,33.20432605439999,21.68157909592112
777001,2025-07-26,691176,"Domínguez, Jasson",NYY,PHI,2025,PHI,82.4548739008,30.537552388417033
776997,2025-07-26,671277,"García Jr., Luis",WSH,MIN,2025,MIN,184.23000000000002,48.83821782235093
777001,2025-07-26,502671,"Goldschmidt, Paul",NYY,PHI,2025,PHI,89.85,31.867304890529386
777001,2025-07-26,663757,"Grisham, Trent",NYY,PHI,2025,PHI,165.695,45.505352054271754
776997,2025-07-26,691781,"House, Brady",WSH,MIN,2025,MIN,14.640000000000002,18.343440071687507
776997,2025-07-26,695734,"Lile, Daylen",WSH,MIN,2025,MIN,66.47,27.663236821595426
776997,2025-07-26,663993,"Lowe, Nathaniel",WSH,MIN,2025,MIN,91.905,32.236824132687616
777001,2025-07-26,641857,"McMahon, Ryan",NYY,PHI,2025,PHI,55.92999999999999,25.767989710963953
776997,2025-07-26,686452,"Millas, Drew",WSH,MIN,2025,MIN,122.58500000000001,37.75353963118607
777001,2025-07-26,700250,"Rice, Ben",NYY,PHI,2025,PHI,33.69500000000001,21.769809492283603
777001,2025-07-26,519317,"Stanton, Giancarlo",NYY,PHI,2025,PHI,180.88500000000002,48.236737596064174
777001,2025-07-26,683011,"Volpe, Anthony",NYY,PHI,2025,PHI,56.12999999999999,25.803952654239687
776997,2025-07-26,695578,"Wood, James",WSH,MIN,2025,MIN,11.370000000000005,17.755445949129165
776979,2025-07-27,682928,"Abrams, CJ",WSH,MIN,2025,MIN,191.165,50.08523288043719
776979,2025-07-27,656180,"Adams, Riley",WSH,MIN,2025,MIN,34.53500000000001,21.92085385404171
776979,2025-07-27,605137,"Bell, Josh",WSH,MIN,2025,MIN,239.78500000000003,58.8278243907695
776988,2025-07-27,641355,"Bellinger, Cody",NYY,PHI,2025,PHI,104.795,34.55463582680903
776979,2025-07-27,669743,"Call, Alex",WSH,MIN,2025,MIN,209.45000000000002,53.37314496942168
776988,2025-07-27,665862,"Chisholm Jr., Jazz",NYY,PHI,2025,PHI,14.505205923199998,18.319202112998184
776979,2025-07-27,657557,"DeJong, Paul",WSH,MIN,2025,MIN,190.425,49.95216999031696
776988,2025-07-27,691176,"Domínguez, Jasson",NYY,PHI,2025,PHI,83.18499999999999,30.668839805865368
776979,2025-07-27,671277,"García Jr., Luis",WSH,MIN,2025,MIN,24.1,20.04448728862999
776988,2025-07-27,502671,"Goldschmidt, Paul",NYY,PHI,2025,PHI,2.6249999999999982,16.18296625439745
776988,2025-07-27,663757,"Grisham, Trent",NYY,PHI,2025,PHI,35.145,22.03054083103271
776979,2025-07-27,695734,"Lile, Daylen",WSH,MIN,2025,MIN,218.34500000000003,54.972596871610214
776979,2025-07-27,663993,"Lowe, Nathaniel",WSH,MIN,2025,MIN,181.865,48.4129560181153
776988,2025-07-27,641857,"McMahon, Ryan",NYY,PHI,2025,PHI,121.3497858048,37.53142994100924
776988,2025-07-27,700250,"Rice, Ben",NYY,PHI,2025,PHI,11.3,17.742858918982655
776988,2025-07-27,519317,"Stanton, Giancarlo",NYY,PHI,2025,PHI,80.1381071008,30.120963623359447
776988,2025-07-27,683011,"Volpe, Anthony",NYY,PHI,2025,PHI,124.22500000000001,38.04843576604714
776988,2025-07-27,669224,"Wells, Austin",NYY,PHI,2025,PHI,153.9824411552,43.399261607525226
776979,2025-07-27,695578,"Wood, James",WSH,MIN,2025,MIN,20.114920406400003,19.32791133176027
776969,2025-07-28,682928,"Abrams, CJ",WSH,HOU,2025,HOU,33.0199607328,21.648427497907548
776969,2025-07-28,656180,"Adams, Riley",WSH,HOU,2025,HOU,144.3447122144,41.6662561115005
776969,2025-07-28,605137,"Bell, Josh",WSH,HOU,2025,HOU,121.02999999999999,37.473927747217196
776970,2025-07-28,641355,"Bellinger, Cody",NYY,TB,2025,TB,47.555,24.262041461292352
776969,2025-07-28,669743,"Call, Alex",WSH,HOU,2025,HOU,-16.55,12.735019067835912
776970,2025-07-28,665862,"Chisholm Jr., Jazz",NYY,TB,2025,TB,120.215,37.327378753368556
776969,2025-07-28,657557,"DeJong, Paul",WSH,HOU,2025,HOU,13.095000000000006,18.06562633488242
776970,2025-07-28,691176,"Domínguez, Jasson",NYY,TB,2025,TB,65.605,27.507697091927856
776969,2025-07-28,671277,"García Jr., Luis",WSH,HOU,2025,HOU,56.6,25.88846557093768
776970,2025-07-28,502671,"Goldschmidt, Paul",NYY,TB,2025,TB,37.9638901184,22.537418758175523
776970,2025-07-28,663757,"Grisham, Trent",NYY,TB,2025,TB,-15.864999999999995,12.858192148555322
776969,2025-07-28,691781,"House, Brady",WSH,HOU,2025,HOU,-4.196097142400003,14.956432606345244
776969,2025-07-28,695734,"Lile, Daylen",WSH,HOU,2025,HOU,-22.014999999999993,11.752331642826327
776969,2025-07-28,663993,"Lowe, Nathaniel",WSH,HOU,2025,HOU,183.64,48.732127139687485
776970,2025-07-28,641857,"McMahon, Ryan",NYY,TB,2025,TB,178.3049564,47.7728077878855
776970,2025-07-28,642708,"Rosario, Amed",NYY,TB,2025,TB,44.5,23.712707502755435
776970,2025-07-28,519317,"Stanton, Giancarlo",NYY,TB,2025,TB,72.14999999999999,28.684584410626435
776970,2025-07-28,683011,"Volpe, Anthony",NYY,TB,2025,TB,2.355000000000004,16.1344162809752
776970,2025-07-28,669224,"Wells, Austin",NYY,TB,2025,TB,75.045,29.205148014542765
776969,2025-07-28,696285,"Young, Jacob",WSH,HOU,2025,HOU,69.69,28.24224020833484
776950,2025-07-29,682928,"Abrams, CJ",WSH,HOU,2025,HOU,146.74583901120002,42.098014045456395
776950,2025-07-29,656180,"Adams, Riley",WSH,HOU,2025,HOU,1.5870428960000034,15.996326292128435
776950,2025-07-29,605137,"Bell, Josh",WSH,HOU,2025,HOU,150.3856037792,42.752497314899486
776949,2025-07-29,641355,"Bellinger, Cody",NYY,TB,2025,TB,235.14000000000001,57.99258503319044
776949,2025-07-29,665862,"Chisholm Jr., Jazz",NYY,TB,2025,TB,16.509822131199996,18.679661607887844
776949,2025-07-29,691176,"Domínguez, Jasson",NYY,TB,2025,TB,92.295,32.30695187207531
776950,2025-07-29,671277,"García Jr., Luis",WSH,HOU,2025,HOU,220.8032589056,55.41462799950608
776949,2025-07-29,502671,"Goldschmidt, Paul",NYY,TB,2025,TB,91.11,32.09387143316655
776949,2025-07-29,663757,"Grisham, Trent",NYY,TB,2025,TB,51.68000000000001,25.00377716635449
776950,2025-07-29,691781,"House, Brady",WSH,HOU,2025,HOU,24.040000000000006,20.03369840564727
776950,2025-07-29,695734,"Lile, Daylen",WSH,HOU,2025,HOU,139.74,40.83826109066264
776950,2025-07-29,663993,"Lowe, Nathaniel",WSH,HOU,2025,HOU,31.33,21.344547688047978
776949,2025-07-29,641857,"McMahon, Ryan",NYY,TB,2025,TB,0.8183367968000042,15.858101622922213
776949,2025-07-29,700250,"Rice, Ben",NYY,TB,2025,TB,123.605,37.936950641892345
776949,2025-07-29,683011,"Volpe, Anthony",NYY,TB,2025,TB,224.095,56.006531490787715
776949,2025-07-29,669224,"Wells, Austin",NYY,TB,2025,TB,77.305,29.611529273558627
776950,2025-07-29,695578,"Wood, James",WSH,HOU,2025,HOU,4.5242945023999965,16.524487356666125
776950,2025-07-29,696285,"Young, Jacob",WSH,HOU,2025,HOU,23.985,20.02380859624644
776937,2025-07-30,682928,"Abrams, CJ",WSH,HOU,2025,HOU,20.67,19.427722811451055
776937,2025-07-30,605137,"Bell, Josh",WSH,HOU,2025,HOU,100.365,33.7580566332514
776938,2025-07-30,641355,"Bellinger, Cody",NYY,TB,2025,TB,191.20000000000002,50.09152639551044
776938,2025-07-30,665862,"Chisholm Jr., Jazz",NYY,TB,2025,TB,7.664999999999996,17.089232424946086
776937,2025-07-30,657557,"DeJong, Paul",WSH,HOU,2025,HOU,71.86534638399999,28.63339950139922
776938,2025-07-30,691176,"Domínguez, Jasson",NYY,TB,2025,TB,58.10499999999999,26.159086719087615
776937,2025-07-30,671277,"García Jr., Luis",WSH,HOU,2025,HOU,27.55,20.6648480601365
776938,2025-07-30,502671,"Goldschmidt, Paul",NYY,TB,2025,TB,12.660000000000004,17.987406933257684
776938,2025-07-30,663757,"Grisham, Trent",NYY,TB,2025,TB,122.39500000000001,37.71937483507412
776937,2025-07-30,695734,"Lile, Daylen",WSH,HOU,2025,HOU,166.95,45.731019523327014
776937,2025-07-30,663993,"Lowe, Nathaniel",WSH,HOU,2025,HOU,37.73875289920001,22.496935772958786
776938,2025-07-30,641857,"McMahon, Ryan",NYY,TB,2025,TB,148.0463727424,42.331869149473036
776937,2025-07-30,686452,"Millas, Drew",WSH,HOU,2025,HOU,187.065,49.34799254328453
776938,2025-07-30,700250,"Rice, Ben",NYY,TB,2025,TB,227.36507228800002,56.59453861179229
776938,2025-07-30,519317,"Stanton, Giancarlo",NYY,TB,2025,TB,40.90499999999999,23.06627359737401
776938,2025-07-30,683011,"Volpe, Anthony",NYY,TB,2025,TB,130.81,39.23251567340087
776938,2025-07-30,669224,"Wells, Austin",NYY,TB,2025,TB,17.110000000000003,18.78758242114289
776937,2025-07-30,695578,"Wood, James",WSH,HOU,2025,HOU,24.745,20.16046778069425
776937,2025-07-30,696285,"Young, Jacob",WSH,HOU,2025,HOU,35.765,22.142025955187506
776927,2025-07-31,641355,"Bellinger, Cody",NYY,TB,2025,TB,93.085,32.44900549801448
776927,2025-07-31,665862,"Chisholm Jr., Jazz",NYY,TB,2025,TB,79.125,29.93879205736786
776927,2025-07-31,691176,"Domínguez, Jasson",NYY,TB,2025,TB,135.25,40.030893014122285
776927,2025-07-31,502671,"Goldschmidt, Paul",NYY,TB,2025,TB,54.8464377792,25.573149277552126
776927,2025-07-31,641857,"McMahon, Ryan",NYY,TB,2025,TB,95.67500000000001,32.914725613435316
776927,2025-07-31,700250,"Rice, Ben",NYY,TB,2025,TB,154.29,43.45456521397269
776927,2025-07-31,596103,"Slater, Austin",NYY,TB,2025,TB,16.270000000000014,18.636538059384787
776927,2025-07-31,519317,"Stanton, Giancarlo",NYY,TB,2025,TB,98.63499999999999,33.44697717391625
776927,2025-07-31,683011,"Volpe, Anthony",NYY,TB,2025,TB,170.83,46.42870062287636
776917,2025-08-01,682928,"Abrams, CJ",WSH,MIL,2025,MIL,304.25,70.41958008212227
776917,2025-08-01,656180,"Adams, Riley",WSH,MIL,2025,MIL,64.3,27.27303888705365
776925,2025-08-01,641355,"Bellinger, Cody",NYY,MIA,2025,MIA,198.115,51.33494515926914
776925,2025-08-01,665862,"Chisholm Jr., Jazz",NYY,MIA,2025,MIA,54.611125430399994,25.530836654292244
776917,2025-08-01,657557,"DeJong, Paul",WSH,MIL,2025,MIL,130.695,39.21183698101732
776925,2025-08-01,691176,"Domínguez, Jasson",NYY,MIA,2025,MIA,243.38147736960002,59.47452394894653
776917,2025-08-01,671277,"García Jr., Luis",WSH,MIL,2025,MIL,196.51997810240002,51.048136749134386
776925,2025-08-01,502671,"Goldschmidt, Paul",NYY,MIA,2025,MIA,64.41999999999999,27.294616653019094
776925,2025-08-01,663757,"Grisham, Trent",NYY,MIA,2025,MIA,285.175,66.9896143671986
776917,2025-08-01,690987,"Hassell III, Robert",WSH,MIL,2025,MIL,122.365,37.71398039358276
776917,2025-08-01,691781,"House, Brady",WSH,MIL,2025,MIL,128.12,38.74881408634217
776917,2025-08-01,695734,"Lile, Daylen",WSH,MIL,2025,MIL,200.85000000000002,51.826738408564886
776917,2025-08-01,663993,"Lowe, Nathaniel",WSH,MIL,2025,MIL,92.61000000000001,32.3635935077346
776925,2025-08-01,641857,"McMahon, Ryan",NYY,MIA,2025,MIA,128.268414528,38.77550120260097
776925,2025-08-01,700250,"Rice, Ben",NYY,MIA,2025,MIA,70.78,28.438238249187613
776925,2025-08-01,519317,"Stanton, Giancarlo",NYY,MIA,2025,MIA,166.915,45.72472600825376
776917,2025-08-01,677588,"Tena, José",WSH,MIL,2025,MIL,35.34,22.065604700726556
776925,2025-08-01,683011,"Volpe, Anthony",NYY,MIA,2025,MIA,293.79499999999996,68.53961722238297
776925,2025-08-01,669224,"Wells, Austin",NYY,MIA,2025,MIA,58.385000000000005,26.209434839673655
776917,2025-08-01,695578,"Wood, James",WSH,MIL,2025,MIL,92.045,32.261998192980634
776917,2025-08-01,696285,"Young, Jacob",WSH,MIL,2025,MIL,10.625000000000002,17.621483985427034
776903,2025-08-02,682928,"Abrams, CJ",WSH,MIL,2025,MIL,-8.47,14.187921976175794
776903,2025-08-02,656180,"Adams, Riley",WSH,MIL,2025,MIL,37.285,22.415344324083126
776903,2025-08-02,605137,"Bell, Josh",WSH,MIL,2025,MIL,33.540000000000006,21.7419382112449
776910,2025-08-02,641355,"Bellinger, Cody",NYY,MIA,2025,MIA,90.625,32.006661295722886
776910,2025-08-02,665862,"Chisholm Jr., Jazz",NYY,MIA,2025,MIA,7.614999999999998,17.080241689127153
776910,2025-08-02,691176,"Domínguez, Jasson",NYY,MIA,2025,MIA,47.05500000000001,24.17213410310301
776903,2025-08-02,671277,"García Jr., Luis",WSH,MIL,2025,MIL,7.644999999999997,17.08563613061851
776910,2025-08-02,502671,"Goldschmidt, Paul",NYY,MIA,2025,MIA,42.435,23.341390113433423
776910,2025-08-02,663757,"Grisham, Trent",NYY,MIA,2025,MIA,91.99,32.2521083835798
776903,2025-08-02,690987,"Hassell III, Robert",WSH,MIL,2025,MIL,108.485,35.21815213024643
776903,2025-08-02,691781,"House, Brady",WSH,MIL,2025,MIL,52.48,25.147628939457444
776903,2025-08-02,695734,"Lile, Daylen",WSH,MIL,2025,MIL,19.180000000000007,19.159798884046797
776903,2025-08-02,663993,"Lowe, Nathaniel",WSH,MIL,2025,MIL,13.144999999999998,18.07461707070135
776910,2025-08-02,641857,"McMahon, Ryan",NYY,MIA,2025,MIA,-3.8711781824000084,15.014857816983703
776910,2025-08-02,700250,"Rice, Ben",NYY,MIA,2025,MIA,92.99000000000001,32.43192309995851
776910,2025-08-02,519317,"Stanton, Giancarlo",NYY,MIA,2025,MIA,102.62,34.16353881868537
776910,2025-08-02,683011,"Volpe, Anthony",NYY,MIA,2025,MIA,30.630000000000006,21.21867738658289
776903,2025-08-02,695578,"Wood, James",WSH,MIL,2025,MIL,23.269999999999992,19.89524107403567
776894,2025-08-03,682928,"Abrams, CJ",WSH,MIL,2025,MIL,-12.169999999999991,13.522607525574612
776894,2025-08-03,656180,"Adams, Riley",WSH,MIL,2025,MIL,85.77,31.133660847704302
776894,2025-08-03,605137,"Bell, Josh",WSH,MIL,2025,MIL,73.7479569056,28.971920578392286
776891,2025-08-03,641355,"Bellinger, Cody",NYY,MIA,2025,MIA,-1.5250000000000052,15.43673518142585
776891,2025-08-03,665862,"Chisholm Jr., Jazz",NYY,MIA,2025,MIA,175.905,47.341260308498256
776891,2025-08-03,691176,"Domínguez, Jasson",NYY,MIA,2025,MIA,36.33,22.243621269941467
776894,2025-08-03,671277,"García Jr., Luis",WSH,MIL,2025,MIL,61.64,26.794731741486316
776891,2025-08-03,502671,"Goldschmidt, Paul",NYY,MIA,2025,MIA,7.225000000000001,17.010113949739463
776891,2025-08-03,663757,"Grisham, Trent",NYY,MIA,2025,MIA,225.72,56.2987304049031
776894,2025-08-03,690987,"Hassell III, Robert",WSH,MIL,2025,MIL,105.71499999999999,34.72006536587743
776894,2025-08-03,691781,"House, Brady",WSH,MIL,2025,MIL,10.164999999999997,17.53876921589283
776894,2025-08-03,695734,"Lile, Daylen",WSH,MIL,2025,MIL,116.31,36.625202285909744
776891,2025-08-03,641857,"McMahon, Ryan",NYY,MIA,2025,MIA,-24.520665235199996,11.301776159218875
776894,2025-08-03,686452,"Millas, Drew",WSH,MIL,2025,MIL,163.82,45.16819946106169
776891,2025-08-03,700250,"Rice, Ben",NYY,MIA,2025,MIA,18.792360937599987,19.09009567598403
776891,2025-08-03,596103,"Slater, Austin",NYY,MIA,2025,MIA,14.674999999999997,18.34973358676076
776891,2025-08-03,519317,"Stanton, Giancarlo",NYY,MIA,2025,MIA,41.96237480319999,23.2564051477174
776894,2025-08-03,677588,"Tena, José",WSH,MIL,2025,MIL,-13.819999999999997,13.225913243549758
776891,2025-08-03,683011,"Volpe, Anthony",NYY,MIA,2025,MIA,105.875,34.748835720498036
776891,2025-08-03,669224,"Wells, Austin",NYY,MIA,2025,MIA,32.76588975679999,21.602741797418044
776894,2025-08-03,695578,"Wood, James",WSH,MIL,2025,MIL,32.64000000000001,21.580104966504074
776894,2025-08-03,696285,"Young, Jacob",WSH,MIL,2025,MIL,111.25,35.71533982103353
776871,2025-08-04,641355,"Bellinger, Cody",NYY,TEX,2025,TEX,148.17000000000002,42.35409914973507
776871,2025-08-04,676609,"Caballero, José",NYY,TEX,2025,TEX,-2.4350000000000005,15.273103789521237
776871,2025-08-04,665862,"Chisholm Jr., Jazz",NYY,TEX,2025,TEX,148.27,42.37208062137293
776871,2025-08-04,691176,"Domínguez, Jasson",NYY,TEX,2025,TEX,2.340000000000002,16.13171906022952
776871,2025-08-04,502671,"Goldschmidt, Paul",NYY,TEX,2025,TEX,192.005,50.23627724219529
776871,2025-08-04,663757,"Grisham, Trent",NYY,TEX,2025,TEX,-20.709999999999997,11.98698984770053
776871,2025-08-04,641857,"McMahon, Ryan",NYY,TEX,2025,TEX,-5.045000000000002,14.803787379772833
776871,2025-08-04,642708,"Rosario, Amed",NYY,TEX,2025,TEX,99.35999999999999,33.5773428432908
776871,2025-08-04,596103,"Slater, Austin",NYY,TEX,2025,TEX,13.870000000000001,18.20498274007591
776871,2025-08-04,519317,"Stanton, Giancarlo",NYY,TEX,2025,TEX,241.01999999999998,59.04989556549718
776871,2025-08-04,683011,"Volpe, Anthony",NYY,TEX,2025,TEX,110.035,35.49686494063341
776871,2025-08-04,669224,"Wells, Austin",NYY,TEX,2025,TEX,-25.74,11.082521824315677
776865,2025-08-05,682928,"Abrams, CJ",WSH,ATH,2025,ATH,79.56,30.01701145899259
776865,2025-08-05,605137,"Bell, Josh",WSH,ATH,2025,ATH,106.375,34.83874307868738
776855,2025-08-05,641355,"Bellinger, Cody",NYY,TEX,2025,TEX,-17.654999999999994,12.536323806237453
776855,2025-08-05,665862,"Chisholm Jr., Jazz",NYY,TEX,2025,TEX,-43.93,7.811692133387159
776855,2025-08-05,691176,"Domínguez, Jasson",NYY,TEX,2025,TEX,-24.884999999999998,11.236263406819464
776865,2025-08-05,671277,"García Jr., Luis",WSH,ATH,2025,ATH,195.615,50.8854083683224
776855,2025-08-05,502671,"Goldschmidt, Paul",NYY,TEX,2025,TEX,2.5950000000000037,16.177571812906088
776855,2025-08-05,663757,"Grisham, Trent",NYY,TEX,2025,TEX,13.785000000000005,18.189698489183723
776865,2025-08-05,690987,"Hassell III, Robert",WSH,ATH,2025,ATH,111.07,35.68297317208536
776865,2025-08-05,691781,"House, Brady",WSH,ATH,2025,ATH,211.57999999999998,53.75615031530832
776855,2025-08-05,592450,"Judge, Aaron",NYY,TEX,2025,TEX,-47.144999999999996,7.233587820229645
776865,2025-08-05,695734,"Lile, Daylen",WSH,ATH,2025,ATH,166.14000000000001,45.58536960306027
776865,2025-08-05,663993,"Lowe, Nathaniel",WSH,ATH,2025,ATH,437.96999999999997,94.46440395628176
776855,2025-08-05,641857,"McMahon, Ryan",NYY,TEX,2025,TEX,19.080000000000002,19.141817412408926
776865,2025-08-05,686452,"Millas, Drew",WSH,ATH,2025,ATH,59.78500000000001,26.461175442603835
776855,2025-08-05,700250,"Rice, Ben",NYY,TEX,2025,TEX,-10.870000000000005,13.756366656866916
776855,2025-08-05,519317,"Stanton, Giancarlo",NYY,TEX,2025,TEX,4.339999999999996,16.491348492986916
776855,2025-08-05,683011,"Volpe, Anthony",NYY,TEX,2025,TEX,46.06999999999999,23.995016607469992
776865,2025-08-05,695578,"Wood, James",WSH,ATH,2025,ATH,45.279999999999994,23.852962981530816
776865,2025-08-05,696285,"Young, Jacob",WSH,ATH,2025,ATH,68.14500000000001,27.964426471529748
776850,2025-08-06,682928,"Abrams, CJ",WSH,ATH,2025,ATH,53.17,25.271701093758747
776850,2025-08-06,656180,"Adams, Riley",WSH,ATH,2025,ATH,87.995,31.53374859164691
776850,2025-08-06,605137,"Bell, Josh",WSH,ATH,2025,ATH,-55.268786352,5.772811481423625
776845,2025-08-06,641355,"Bellinger, Cody",NYY,TEX,2025,TEX,179.59,48.003877538353755
776845,2025-08-06,676609,"Caballero, José",NYY,TEX,2025,TEX,5.335000000000001,16.670264135783718
776845,2025-08-06,665862,"Chisholm Jr., Jazz",NYY,TEX,2025,TEX,46.224999999999994,24.02288788850868
776850,2025-08-06,657557,"DeJong, Paul",WSH,ATH,2025,ATH,-3.9049999999999976,15.00877615644455
776845,2025-08-06,691176,"Domínguez, Jasson",NYY,TEX,2025,TEX,112.975,36.02552020678678
776845,2025-08-06,502671,"Goldschmidt, Paul",NYY,TEX,2025,TEX,111.745,35.80434810564099
776845,2025-08-06,663757,"Grisham, Trent",NYY,TEX,2025,TEX,89.01500000000001,31.717159602353178
776850,2025-08-06,690987,"Hassell III, Robert",WSH,ATH,2025,ATH,22.216618611199994,19.70582759837
776850,2025-08-06,691781,"House, Brady",WSH,ATH,2025,ATH,-13.905000000000005,13.210628992657568
776845,2025-08-06,592450,"Judge, Aaron",NYY,TEX,2025,TEX,131.255,39.31253322218939
776850,2025-08-06,663993,"Lowe, Nathaniel",WSH,ATH,2025,ATH,47.14999999999999,24.18921650115898
776845,2025-08-06,641857,"McMahon, Ryan",NYY,TEX,2025,TEX,80.57,30.19862432253507
776845,2025-08-06,700250,"Rice, Ben",NYY,TEX,2025,TEX,49.71872256639999,24.651110620891757
776845,2025-08-06,642708,"Rosario, Amed",NYY,TEX,2025,TEX,7.279999999999999,17.02000375914029
776845,2025-08-06,683011,"Volpe, Anthony",NYY,TEX,2025,TEX,45.800000000000004,23.946466634047738
776845,2025-08-06,669224,"Wells, Austin",NYY,TEX,2025,TEX,23.595,19.95368085685875
776850,2025-08-06,695578,"Wood, James",WSH,ATH,2025,ATH,31.005000000000006,21.286107905224902
776850,2025-08-06,696285,"Young, Jacob",WSH,ATH,2025,ATH,30.089999999999996,21.121577439738388
776837,2025-08-07,682928,"Abrams, CJ",WSH,ATH,2025,ATH,-37.19500000000001,9.02274424819769
776837,2025-08-07,656180,"Adams, Riley",WSH,ATH,2025,ATH,4.9950000000000045,16.609127132214965
776837,2025-08-07,657557,"DeJong, Paul",WSH,ATH,2025,ATH,-29.115000000000006,10.475647156537569
776837,2025-08-07,671277,"García Jr., Luis",WSH,ATH,2025,ATH,-26.17,11.005201496272836
776837,2025-08-07,690987,"Hassell III, Robert",WSH,ATH,2025,ATH,52.42999999999999,25.138638203638507
776837,2025-08-07,695734,"Lile, Daylen",WSH,ATH,2025,ATH,33.995000000000005,21.82375390719721
776837,2025-08-07,663993,"Lowe, Nathaniel",WSH,ATH,2025,ATH,57.805,26.105142304174013
776837,2025-08-07,695578,"Wood, James",WSH,ATH,2025,ATH,-2.4149999999999956,15.276700083848812
776837,2025-08-07,696285,"Young, Jacob",WSH,ATH,2025,ATH,22.945,19.8368012912126
776822,2025-08-08,682928,"Abrams, CJ",WSH,SF,2025,SF,-7.434999999999999,14.374030207627744
776822,2025-08-08,605137,"Bell, Josh",WSH,SF,2025,SF,48.035,24.348352525154127
776835,2025-08-08,641355,"Bellinger, Cody",NYY,HOU,2025,HOU,82.535,30.551960240219213
776835,2025-08-08,665862,"Chisholm Jr., Jazz",NYY,HOU,2025,HOU,-32.940000000000005,9.78785586638905
776835,2025-08-08,691176,"Domínguez, Jasson",NYY,HOU,2025,HOU,-27.490000000000002,10.767846070652954
776835,2025-08-08,502671,"Goldschmidt, Paul",NYY,HOU,2025,HOU,75.9,29.35888959704655
776835,2025-08-08,663757,"Grisham, Trent",NYY,HOU,2025,HOU,108.99499999999999,35.30985763559957
776822,2025-08-08,690987,"Hassell III, Robert",WSH,SF,2025,SF,22.73453346880001,19.79895631159766
776822,2025-08-08,691781,"House, Brady",WSH,SF,2025,SF,-0.5317746624000015,15.615331713806532
776835,2025-08-08,592450,"Judge, Aaron",NYY,HOU,2025,HOU,28.55261912,20.84513373283516
776822,2025-08-08,695734,"Lile, Daylen",WSH,SF,2025,SF,70.505,28.388789202183478
776822,2025-08-08,663993,"Lowe, Nathaniel",WSH,SF,2025,SF,54.93462439039999,25.589006528033448
776835,2025-08-08,641857,"McMahon, Ryan",NYY,HOU,2025,HOU,44.17999999999999,23.655166793514248
776822,2025-08-08,686452,"Millas, Drew",WSH,SF,2025,SF,33.584117065600005,21.74987110888323
776835,2025-08-08,700250,"Rice, Ben",NYY,HOU,2025,HOU,71.8519008416,28.63098179500601
776835,2025-08-08,642708,"Rosario, Amed",NYY,HOU,2025,HOU,8.784999999999998,17.290624907290226
776835,2025-08-08,519317,"Stanton, Giancarlo",NYY,HOU,2025,HOU,108.495,35.21995027741022
776822,2025-08-08,677588,"Tena, José",WSH,SF,2025,SF,0.39462545279999617,15.781912087774414
776835,2025-08-08,683011,"Volpe, Anthony",NYY,HOU,2025,HOU,53.41,25.31485662568963
776835,2025-08-08,669224,"Wells, Austin",NYY,HOU,2025,HOU,70.775,28.437339175605725
776822,2025-08-08,695578,"Wood, James",WSH,SF,2025,SF,94.44000000000001,32.69265443870762
776822,2025-08-08,696285,"Young, Jacob",WSH,SF,2025,SF,4.9950000000000045,16.609127132214965
776802,2025-08-09,682928,"Abrams, CJ",WSH,SF,2025,SF,-1.8150000000000084,15.384588913676028
776802,2025-08-09,656180,"Adams, Riley",WSH,SF,2025,SF,94.1442195776,32.639468765943384
776802,2025-08-09,605137,"Bell, Josh",WSH,SF,2025,SF,225.7891588384,56.31116618181509
776815,2025-08-09,641355,"Bellinger, Cody",NYY,HOU,2025,HOU,86.275,31.224467279475544
776815,2025-08-09,676609,"Caballero, José",NYY,HOU,2025,HOU,116.37,36.63599116889247
776802,2025-08-09,657557,"DeJong, Paul",WSH,SF,2025,SF,114.4168203808,36.28478072962937
776815,2025-08-09,502671,"Goldschmidt, Paul",NYY,HOU,2025,HOU,130.785,39.2280203054914
776815,2025-08-09,663757,"Grisham, Trent",NYY,HOU,2025,HOU,232.03000000000003,57.43336126525269
776802,2025-08-09,691781,"House, Brady",WSH,SF,2025,SF,73.83,28.98667313414265
776815,2025-08-09,592450,"Judge, Aaron",NYY,HOU,2025,HOU,99.885,33.67174556938963
776802,2025-08-09,695734,"Lile, Daylen",WSH,SF,2025,SF,31.662740323200005,21.404379294891942
776815,2025-08-09,641857,"McMahon, Ryan",NYY,HOU,2025,HOU,-4.110000000000006,14.971914139586918
776802,2025-08-09,686452,"Millas, Drew",WSH,SF,2025,SF,58.42500000000001,26.21662742832881
776815,2025-08-09,700250,"Rice, Ben",NYY,HOU,2025,HOU,50.325,24.760128225661347
776815,2025-08-09,519317,"Stanton, Giancarlo",NYY,HOU,2025,HOU,171.72,46.5887357204534
776815,2025-08-09,683011,"Volpe, Anthony",NYY,HOU,2025,HOU,-8.549999999999999,14.173536798865499
776802,2025-08-09,695578,"Wood, James",WSH,SF,2025,SF,168.17928535359997,45.952063120533076
776802,2025-08-09,696285,"Young, Jacob",WSH,SF,2025,SF,120.5,37.37862594753649
776793,2025-08-10,682928,"Abrams, CJ",WSH,SF,2025,SF,128.54999999999998,38.826134414385
776793,2025-08-10,656180,"Adams, Riley",WSH,SF,2025,SF,90.94500000000001,32.064202004964066
776793,2025-08-10,605137,"Bell, Josh",WSH,SF,2025,SF,262.33000000000004,62.881747171527245
776797,2025-08-10,641355,"Bellinger, Cody",NYY,HOU,2025,HOU,39.60000000000001,22.831615392499813
776797,2025-08-10,665862,"Chisholm Jr., Jazz",NYY,HOU,2025,HOU,7.204999999999998,17.006517655411884
776793,2025-08-10,657557,"DeJong, Paul",WSH,SF,2025,SF,157.82,44.0893111627895
776797,2025-08-10,691176,"Domínguez, Jasson",NYY,HOU,2025,HOU,25.43856410880001,20.28518081420857
776797,2025-08-10,663757,"Grisham, Trent",NYY,HOU,2025,HOU,-23.725,11.444848477818754
776793,2025-08-10,691781,"House, Brady",WSH,SF,2025,SF,96.85500000000002,33.12690697876218
776797,2025-08-10,592450,"Judge, Aaron",NYY,HOU,2025,HOU,6.44922738240001,16.870618616531356
776793,2025-08-10,695734,"Lile, Daylen",WSH,SF,2025,SF,90.68,32.01655110512371
776793,2025-08-10,663993,"Lowe, Nathaniel",WSH,SF,2025,SF,130.205,39.12372776999175
776797,2025-08-10,641857,"McMahon, Ryan",NYY,HOU,2025,HOU,76.36500000000001,29.442503440162653
776797,2025-08-10,700250,"Rice, Ben",NYY,HOU,2025,HOU,67.28,27.80888674186217
776797,2025-08-10,519317,"Stanton, Giancarlo",NYY,HOU,2025,HOU,49.715,24.65044124867034
776797,2025-08-10,683011,"Volpe, Anthony",NYY,HOU,2025,HOU,38.579999999999984,22.648204381793533
776797,2025-08-10,669224,"Wells, Austin",NYY,HOU,2025,HOU,32.775,21.604379953215194
776793,2025-08-10,695578,"Wood, James",WSH,SF,2025,SF,172.415,46.7137069483366
776793,2025-08-10,696285,"Young, Jacob",WSH,SF,2025,SF,99.735,33.64477336193282
776784,2025-08-11,682928,"Abrams, CJ",WSH,KC,2025,KC,-54.41499999999999,5.92633483215651
776784,2025-08-11,656180,"Adams, Riley",WSH,KC,2025,KC,73.12,28.859004685513774
776784,2025-08-11,605137,"Bell, Josh",WSH,KC,2025,KC,166.6,45.66808437259447
776790,2025-08-11,641355,"Bellinger, Cody",NYY,MIN,2025,MIN,166.03,45.56558998425861
776790,2025-08-11,665862,"Chisholm Jr., Jazz",NYY,MIN,2025,MIN,135.685,40.10911241574702
776784,2025-08-11,657557,"DeJong, Paul",WSH,KC,2025,KC,225.02,56.17286010343802
776784,2025-08-11,671277,"García Jr., Luis",WSH,KC,2025,KC,1.885000000000007,16.049903364277213
776790,2025-08-11,502671,"Goldschmidt, Paul",NYY,MIN,2025,MIN,-11.950000000000003,13.562166763177924
776790,2025-08-11,663757,"Grisham, Trent",NYY,MIN,2025,MIN,4.3849999999999945,16.499440155223954
776784,2025-08-11,691781,"House, Brady",WSH,KC,2025,KC,9.074999999999996,17.342771175040053
776790,2025-08-11,592450,"Judge, Aaron",NYY,MIN,2025,MIN,-18.439740364800002,12.395215940110022
776784,2025-08-11,695734,"Lile, Daylen",WSH,KC,2025,KC,87.05499999999998,31.364722758250924
776784,2025-08-11,663993,"Lowe, Nathaniel",WSH,KC,2025,KC,75.81,29.34270627257247
776790,2025-08-11,641857,"McMahon, Ryan",NYY,MIN,2025,MIN,50.075,24.715174546566672
776790,2025-08-11,700250,"Rice, Ben",NYY,MIN,2025,MIN,264.53000000000003,63.27733954756039
776790,2025-08-11,519317,"Stanton, Giancarlo",NYY,MIN,2025,MIN,152.53,43.13809131314619
776790,2025-08-11,683011,"Volpe, Anthony",NYY,MIN,2025,MIN,142.19500000000002,41.27970621937235
776784,2025-08-11,695578,"Wood, James",WSH,KC,2025,KC,136.905,40.32848636972903
776784,2025-08-11,696285,"Young, Jacob",WSH,KC,2025,KC,111.65550124159999,35.78825491178305
776770,2025-08-12,682928,"Abrams, CJ",WSH,KC,2025,KC,169.435,46.177859093528085
776770,2025-08-12,656180,"Adams, Riley",WSH,KC,2025,KC,117.425,36.82569569467199
776770,2025-08-12,605137,"Bell, Josh",WSH,KC,2025,KC,36.56000000000001,22.284978654708574
776774,2025-08-12,641355,"Bellinger, Cody",NYY,MIN,2025,MIN,243.4939233888,59.494743397996885
776774,2025-08-12,665862,"Chisholm Jr., Jazz",NYY,MIN,2025,MIN,263.225,63.04268134268618
776770,2025-08-12,657557,"DeJong, Paul",WSH,KC,2025,KC,39.120000000000005,22.745304328638035
776774,2025-08-12,641555,"Escarra, J.C.",NYY,MIN,2025,MIN,17.284999999999997,18.819049996509165
776770,2025-08-12,671277,"García Jr., Luis",WSH,KC,2025,KC,82.76,30.59241855140442
776774,2025-08-12,502671,"Goldschmidt, Paul",NYY,MIN,2025,MIN,83.44500000000001,30.71559163212383
776774,2025-08-12,663757,"Grisham, Trent",NYY,MIN,2025,MIN,27.93499999999999,20.734076725942295
776770,2025-08-12,690987,"Hassell III, Robert",WSH,KC,2025,KC,8.454339123200008,17.231167215510908
776774,2025-08-12,592450,"Judge, Aaron",NYY,MIN,2025,MIN,260.36499999999995,62.528411253843096
776770,2025-08-12,695734,"Lile, Daylen",WSH,KC,2025,KC,82.83434255040001,30.605786436019468
776770,2025-08-12,663993,"Lowe, Nathaniel",WSH,KC,2025,KC,81.81,30.42159457084466
776774,2025-08-12,641857,"McMahon, Ryan",NYY,MIN,2025,MIN,160.86,44.635947900580746
776774,2025-08-12,700250,"Rice, Ben",NYY,MIN,2025,MIN,137.3747464288,40.41295369059361
776774,2025-08-12,519317,"Stanton, Giancarlo",NYY,MIN,2025,MIN,402.1,88.01445007977789
776774,2025-08-12,683011,"Volpe, Anthony",NYY,MIN,2025,MIN,267.525,63.81588462311457
776770,2025-08-12,695578,"Wood, James",WSH,KC,2025,KC,105.03999999999999,34.59869043232181
776759,2025-08-13,682928,"Abrams, CJ",WSH,KC,2025,KC,140.07,40.89759994706761
776759,2025-08-13,656180,"Adams, Riley",WSH,KC,2025,KC,103.485,34.31907854835294
776759,2025-08-13,605137,"Bell, Josh",WSH,KC,2025,KC,75.38,29.265385944529633
776760,2025-08-13,641355,"Bellinger, Cody",NYY,MIN,2025,MIN,144.605,41.713059685844996
776760,2025-08-13,665862,"Chisholm Jr., Jazz",NYY,MIN,2025,MIN,-3.459999999999991,15.088793705233073
776759,2025-08-13,671277,"García Jr., Luis",WSH,KC,2025,KC,119.01,37.11070202013223
776760,2025-08-13,663757,"Grisham, Trent",NYY,MIN,2025,MIN,77.045,29.564777447300163
776759,2025-08-13,690987,"Hassell III, Robert",WSH,KC,2025,KC,93.98,32.609939669173414
776759,2025-08-13,691781,"House, Brady",WSH,KC,2025,KC,145.23,41.825443883581684
776760,2025-08-13,592450,"Judge, Aaron",NYY,MIN,2025,MIN,4.15500000000001,16.45808277045686
776759,2025-08-13,695734,"Lile, Daylen",WSH,KC,2025,KC,104.235,34.45393958563696
776759,2025-08-13,663993,"Lowe, Nathaniel",WSH,KC,2025,KC,291.31,68.09277765218191
776760,2025-08-13,641857,"McMahon, Ryan",NYY,MIN,2025,MIN,117.19,36.783439236323
776759,2025-08-13,686452,"Millas, Drew",WSH,KC,2025,KC,100.11500000000001,33.71310295415673
776760,2025-08-13,700250,"Rice, Ben",NYY,MIN,2025,MIN,37.129999999999995,22.387473043044427
776760,2025-08-13,519317,"Stanton, Giancarlo",NYY,MIN,2025,MIN,104.23,34.453040512055075
776760,2025-08-13,683011,"Volpe, Anthony",NYY,MIN,2025,MIN,58.75500000000001,26.275966284733776
776760,2025-08-13,669224,"Wells, Austin",NYY,MIN,2025,MIN,108.64,35.24602341128513
776759,2025-08-13,695578,"Wood, James",WSH,KC,2025,KC,48.470000000000006,24.426571926778866
776743,2025-08-14,656180,"Adams, Riley",WSH,PHI,2025,PHI,63.14999999999999,27.066251963218154
776743,2025-08-14,605137,"Bell, Josh",WSH,PHI,2025,PHI,27.339999999999996,20.62708696969697
776743,2025-08-14,686611,"Crews, Dylan",WSH,PHI,2025,PHI,87.52000000000001,31.44833660136702
776743,2025-08-14,657557,"DeJong, Paul",WSH,PHI,2025,PHI,162.87,44.99737548050193
776743,2025-08-14,671277,"García Jr., Luis",WSH,PHI,2025,PHI,45.029999999999994,23.80800930243614
776743,2025-08-14,690987,"Hassell III, Robert",WSH,PHI,2025,PHI,8.204999999999998,17.186332371790584
776743,2025-08-14,691781,"House, Brady",WSH,PHI,2025,PHI,-38.4359112864,8.799610137182547
776743,2025-08-14,695734,"Lile, Daylen",WSH,PHI,2025,PHI,63.41529714239999,27.11395629363489
776743,2025-08-14,677588,"Tena, José",WSH,PHI,2025,PHI,85.02,30.99879981042028
776743,2025-08-14,695578,"Wood, James",WSH,PHI,2025,PHI,60.55030283199999,26.598788154283724
776743,2025-08-14,696285,"Young, Jacob",WSH,PHI,2025,PHI,17.840000000000003,18.918847164099343
776739,2025-08-15,682928,"Abrams, CJ",WSH,PHI,2025,PHI,113.51500000000001,36.12262015363128
776739,2025-08-15,656180,"Adams, Riley",WSH,PHI,2025,PHI,190.34,49.93688573942477
776739,2025-08-15,605137,"Bell, Josh",WSH,PHI,2025,PHI,122.425,37.72476927656548
776731,2025-08-15,641355,"Bellinger, Cody",NYY,STL,2025,STL,65.5600112064,27.499607444766454
776731,2025-08-15,676609,"Caballero, José",NYY,STL,2025,STL,162.3,44.894881092166074
776731,2025-08-15,665862,"Chisholm Jr., Jazz",NYY,STL,2025,STL,207.235,52.97485537264287
776739,2025-08-15,686611,"Crews, Dylan",WSH,PHI,2025,PHI,39.81,22.869376482939337
776739,2025-08-15,657557,"DeJong, Paul",WSH,PHI,2025,PHI,35.365,22.070100068636023
776731,2025-08-15,691176,"Domínguez, Jasson",NYY,STL,2025,STL,69.02000000000001,28.12176434836111
776739,2025-08-15,671277,"García Jr., Luis",WSH,PHI,2025,PHI,120.91499999999999,37.45324905483364
776731,2025-08-15,663757,"Grisham, Trent",NYY,STL,2025,STL,124.64500000000001,38.12395794692619
776739,2025-08-15,690987,"Hassell III, Robert",WSH,PHI,2025,PHI,22.38,19.735205976458627
776731,2025-08-15,592450,"Judge, Aaron",NYY,STL,2025,STL,167.28597093439998,45.791432041607635
776739,2025-08-15,695734,"Lile, Daylen",WSH,PHI,2025,PHI,186.09500000000003,49.173572268397194
776731,2025-08-15,641857,"McMahon, Ryan",NYY,STL,2025,STL,174.01000000000002,47.00051142096063
776731,2025-08-15,700250,"Rice, Ben",NYY,STL,2025,STL,191.785,50.19671800459198
776731,2025-08-15,683011,"Volpe, Anthony",NYY,STL,2025,STL,6.214999999999998,16.828501086196976
776739,2025-08-15,695578,"Wood, James",WSH,PHI,2025,PHI,45.88,23.960851811358037
776739,2025-08-15,696285,"Young, Jacob",WSH,PHI,2025,PHI,64.03999999999999,27.22628706079519
776725,2025-08-16,682928,"Abrams, CJ",WSH,PHI,2025,PHI,11.850000000000005,17.841757012990943
776725,2025-08-16,656180,"Adams, Riley",WSH,PHI,2025,PHI,139.11999999999998,40.72677596650784
776725,2025-08-16,605137,"Bell, Josh",WSH,PHI,2025,PHI,86.515,31.267622811406433
776713,2025-08-16,676609,"Caballero, José",NYY,STL,2025,STL,127.50999999999999,38.639127109351165
776713,2025-08-16,665862,"Chisholm Jr., Jazz",NYY,STL,2025,STL,57.775,26.099747862682648
776725,2025-08-16,686611,"Crews, Dylan",WSH,PHI,2025,PHI,36.225,22.224740724721705
776713,2025-08-16,691176,"Domínguez, Jasson",NYY,STL,2025,STL,142.89276496,41.40517462775373
776725,2025-08-16,671277,"García Jr., Luis",WSH,PHI,2025,PHI,8.309999999999992,17.205212917010346
776713,2025-08-16,663757,"Grisham, Trent",NYY,STL,2025,STL,247.35999999999999,60.18992086733812
776725,2025-08-16,691781,"House, Brady",WSH,PHI,2025,PHI,8.968444188800007,17.32361087207062
776713,2025-08-16,592450,"Judge, Aaron",NYY,STL,2025,STL,272.525,64.71495820500806
776725,2025-08-16,695734,"Lile, Daylen",WSH,PHI,2025,PHI,-9.169999999999995,14.062051674710704
776713,2025-08-16,641857,"McMahon, Ryan",NYY,STL,2025,STL,239.205,58.72353185526985
776713,2025-08-16,700250,"Rice, Ben",NYY,STL,2025,STL,349.14500000000004,78.49236177394393
776713,2025-08-16,683011,"Volpe, Anthony",NYY,STL,2025,STL,23.50999999999999,19.938396605966556
776713,2025-08-16,669224,"Wells, Austin",NYY,STL,2025,STL,37.965,22.537618331220642
776725,2025-08-16,695578,"Wood, James",WSH,PHI,2025,PHI,122.48,37.73465908596631
776725,2025-08-16,696285,"Young, Jacob",WSH,PHI,2025,PHI,54.419999999999995,25.496469489232116
776708,2025-08-17,682928,"Abrams, CJ",WSH,PHI,2025,PHI,245.19,59.799722932796364
776698,2025-08-17,641355,"Bellinger, Cody",NYY,STL,2025,STL,109.29499999999999,35.36380205051317
776698,2025-08-17,676609,"Caballero, José",NYY,STL,2025,STL,50.704999999999984,24.82845781788525
776698,2025-08-17,665862,"Chisholm Jr., Jazz",NYY,STL,2025,STL,110.37500000000001,35.558001944202175
776708,2025-08-17,686611,"Crews, Dylan",WSH,PHI,2025,PHI,92.575,32.35729999266134
776708,2025-08-17,657557,"DeJong, Paul",WSH,PHI,2025,PHI,217.855,54.88448766058463
776698,2025-08-17,691176,"Domínguez, Jasson",NYY,STL,2025,STL,85.44999999999999,31.07612013846312
776708,2025-08-17,671277,"García Jr., Luis",WSH,PHI,2025,PHI,147.64499999999998,42.25969642363625
776698,2025-08-17,502671,"Goldschmidt, Paul",NYY,STL,2025,STL,215.53,54.46641844500417
776698,2025-08-17,663757,"Grisham, Trent",NYY,STL,2025,STL,94.12,32.63511372946644
776708,2025-08-17,690987,"Hassell III, Robert",WSH,PHI,2025,PHI,-1.4000000000000021,15.459212020973187
776708,2025-08-17,691781,"House, Brady",WSH,PHI,2025,PHI,5.82,16.75747427322739
776698,2025-08-17,592450,"Judge, Aaron",NYY,STL,2025,STL,125.995,38.36670781403744
776708,2025-08-17,695734,"Lile, Daylen",WSH,PHI,2025,PHI,151.115,42.88365348947033
776698,2025-08-17,641857,"McMahon, Ryan",NYY,STL,2025,STL,47.628116339199984,24.27518885508825
776708,2025-08-17,686452,"Millas, Drew",WSH,PHI,2025,PHI,100.68,33.814698268910696
776698,2025-08-17,700250,"Rice, Ben",NYY,STL,2025,STL,125.33000000000001,38.2471310276456
776698,2025-08-17,519317,"Stanton, Giancarlo",NYY,STL,2025,STL,87.195,31.38989681854395
776708,2025-08-17,677588,"Tena, José",WSH,PHI,2025,PHI,58.675,26.261581107423478
776708,2025-08-17,695578,"Wood, James",WSH,PHI,2025,PHI,10.494999999999997,17.5981080722978
776678,2025-08-19,682928,"Abrams, CJ",WSH,NYM,2025,NYM,3.3100000000000005,16.306139335116857
776678,2025-08-19,656180,"Adams, Riley",WSH,NYM,2025,NYM,-20.82436960319999,11.966424509938776
776678,2025-08-19,605137,"Bell, Josh",WSH,NYM,2025,NYM,15.470000000000006,18.492686286281828
776677,2025-08-19,641355,"Bellinger, Cody",NYY,TB,2025,TB,311.495,71.72233770228593
776677,2025-08-19,676609,"Caballero, José",NYY,TB,2025,TB,321.13,73.45485249459469
776678,2025-08-19,665953,"Chaparro, Andrés",WSH,NYM,2025,NYM,131.085,39.28196472040501
776677,2025-08-19,665862,"Chisholm Jr., Jazz",NYY,TB,2025,TB,147.07,42.1563029617185
776678,2025-08-19,686611,"Crews, Dylan",WSH,NYM,2025,NYM,77.265,29.604336684903476
776678,2025-08-19,657557,"DeJong, Paul",WSH,NYM,2025,NYM,46.439791667199984,24.06151059122676
776677,2025-08-19,691176,"Domínguez, Jasson",NYY,TB,2025,TB,12.010000000000002,17.87052736761153
776677,2025-08-19,502671,"Goldschmidt, Paul",NYY,TB,2025,TB,13.310000000000002,18.10428649890384
776677,2025-08-19,663757,"Grisham, Trent",NYY,TB,2025,TB,17.33,18.827141658746203
776678,2025-08-19,691781,"House, Brady",WSH,NYM,2025,NYM,-63.43,4.3053051640025455
776677,2025-08-19,592450,"Judge, Aaron",NYY,TB,2025,TB,235.37500000000003,58.03484149153944
776677,2025-08-19,700250,"Rice, Ben",NYY,TB,2025,TB,167.105,45.75889080436571
776677,2025-08-19,642708,"Rosario, Amed",NYY,TB,2025,TB,75.22,29.236615589909036
776677,2025-08-19,519317,"Stanton, Giancarlo",NYY,TB,2025,TB,261.90999999999997,62.80622499064818
776677,2025-08-19,683011,"Volpe, Anthony",NYY,TB,2025,TB,-11.639999999999981,13.617909325255322
776678,2025-08-19,695578,"Wood, James",WSH,NYM,2025,NYM,-61.241881315200004,4.698761104712786
776678,2025-08-19,696285,"Young, Jacob",WSH,NYM,2025,NYM,41.875,23.240693872261353
776659,2025-08-20,682928,"Abrams, CJ",WSH,NYM,2025,NYM,67.24000000000001,27.80169415320703
776659,2025-08-20,605137,"Bell, Josh",WSH,NYM,2025,NYM,238.785,58.64800967439079
776664,2025-08-20,641355,"Bellinger, Cody",NYY,TB,2025,TB,63.099999999999994,27.057261227399216
776664,2025-08-20,676609,"Caballero, José",NYY,TB,2025,TB,28.615,20.85635073307981
776664,2025-08-20,665862,"Chisholm Jr., Jazz",NYY,TB,2025,TB,49.919999999999995,24.687303265527976
776659,2025-08-20,686611,"Crews, Dylan",WSH,NYM,2025,NYM,71.535,28.573998360053533
776659,2025-08-20,657557,"DeJong, Paul",WSH,NYM,2025,NYM,37.19500000000001,22.399160999609045
776664,2025-08-20,691176,"Domínguez, Jasson",NYY,TB,2025,TB,106.645,34.88729305210963
776659,2025-08-20,671277,"García Jr., Luis",WSH,NYM,2025,NYM,16.295,18.64103342729425
776664,2025-08-20,502671,"Goldschmidt, Paul",NYY,TB,2025,TB,6.915000000000002,16.954371387662064
776664,2025-08-20,663757,"Grisham, Trent",NYY,TB,2025,TB,217.75000000000003,54.86560711536488
776659,2025-08-20,690987,"Hassell III, Robert",WSH,NYM,2025,NYM,-11.385000000000002,13.663762077931887
776664,2025-08-20,592450,"Judge, Aaron",NYY,TB,2025,TB,66.0094148064,27.580416825640018
776659,2025-08-20,695734,"Lile, Daylen",WSH,NYM,2025,NYM,81.4509217792,30.357027022413735
776664,2025-08-20,641857,"McMahon, Ryan",NYY,TB,2025,TB,30.42,21.180916296143362
776659,2025-08-20,686452,"Millas, Drew",WSH,NYM,2025,NYM,81.785,30.417099202935187
776664,2025-08-20,700250,"Rice, Ben",NYY,TB,2025,TB,44.93,23.790027830798273
776664,2025-08-20,519317,"Stanton, Giancarlo",NYY,TB,2025,TB,160.26,44.52805907075353
776664,2025-08-20,683011,"Volpe, Anthony",NYY,TB,2025,TB,25.590000000000003,20.312411216034253
776664,2025-08-20,669224,"Wells, Austin",NYY,TB,2025,TB,248.33,60.36434114222546
776659,2025-08-20,695578,"Wood, James",WSH,NYM,2025,NYM,81.765,30.413502908607615
776650,2025-08-21,682928,"Abrams, CJ",WSH,NYM,2025,NYM,82.3121569728,30.511889784486275
776650,2025-08-21,656180,"Adams, Riley",WSH,NYM,2025,NYM,172.12,46.66066160700489
776654,2025-08-21,641355,"Bellinger, Cody",NYY,BOS,2025,BOS,106.72500000000001,34.90167822941992
776650,2025-08-21,665953,"Chaparro, Andrés",WSH,NYM,2025,NYM,73.0071237632,28.838707877007685
776654,2025-08-21,665862,"Chisholm Jr., Jazz",NYY,BOS,2025,BOS,103.4327774848,34.30968817159367
776650,2025-08-21,686611,"Crews, Dylan",WSH,NYM,2025,NYM,20.506016608,19.398236184327757
776650,2025-08-21,657557,"DeJong, Paul",WSH,NYM,2025,NYM,7.291979244800007,17.022157803646433
776654,2025-08-21,502671,"Goldschmidt, Paul",NYY,BOS,2025,BOS,137.565,40.447164082538976
776654,2025-08-21,663757,"Grisham, Trent",NYY,BOS,2025,BOS,-35.93000000000001,9.250209864416743
776650,2025-08-21,691781,"House, Brady",WSH,NYM,2025,NYM,181.57,48.359910676783585
776654,2025-08-21,592450,"Judge, Aaron",NYY,BOS,2025,BOS,37.766079043200016,22.50184941579187
776650,2025-08-21,695734,"Lile, Daylen",WSH,NYM,2025,NYM,96.495,33.06217368086584
776654,2025-08-21,641857,"McMahon, Ryan",NYY,BOS,2025,BOS,71.7069466432,28.604916896932814
776654,2025-08-21,700250,"Rice, Ben",NYY,BOS,2025,BOS,288.015,67.50028816171411
776654,2025-08-21,519317,"Stanton, Giancarlo",NYY,BOS,2025,BOS,93.025,32.438216615031756
776654,2025-08-21,683011,"Volpe, Anthony",NYY,BOS,2025,BOS,67.785,27.899693173633416
776650,2025-08-21,695578,"Wood, James",WSH,NYM,2025,NYM,143.4721525216,41.50935703781619
776650,2025-08-21,696285,"Young, Jacob",WSH,NYM,2025,NYM,87.78,31.495088427625483
776648,2025-08-22,682928,"Abrams, CJ",WSH,PHI,2025,PHI,25.895,20.367254704529753
776648,2025-08-22,656180,"Adams, Riley",WSH,PHI,2025,PHI,205.48499999999999,52.66017961898014
776648,2025-08-22,605137,"Bell, Josh",WSH,PHI,2025,PHI,111.26,35.71713796819732
776647,2025-08-22,641355,"Bellinger, Cody",NYY,BOS,2025,BOS,33.755,21.780598375266322
776648,2025-08-22,665953,"Chaparro, Andrés",WSH,PHI,2025,PHI,5.5200000000000005,16.70352985831378
776647,2025-08-22,665862,"Chisholm Jr., Jazz",NYY,BOS,2025,BOS,9.194999999999993,17.364348941005495
776648,2025-08-22,686611,"Crews, Dylan",WSH,PHI,2025,PHI,110.48500000000001,35.57778156300383
776647,2025-08-22,691176,"Domínguez, Jasson",NYY,BOS,2025,BOS,74.875,29.174579512758392
776648,2025-08-22,671277,"García Jr., Luis",WSH,PHI,2025,PHI,-52.142832576,6.334903973067984
776647,2025-08-22,502671,"Goldschmidt, Paul",NYY,BOS,2025,BOS,-1.6749999999999972,15.409762973969046
776647,2025-08-22,663757,"Grisham, Trent",NYY,BOS,2025,BOS,-18.080000000000005,12.459902551776505
776648,2025-08-22,690987,"Hassell III, Robert",WSH,PHI,2025,PHI,-25.960000000000004,11.042962586712362
776648,2025-08-22,691781,"House, Brady",WSH,PHI,2025,PHI,-28.1983880736,10.640467470112519
776647,2025-08-22,592450,"Judge, Aaron",NYY,BOS,2025,BOS,-29.605,10.387537945512008
776648,2025-08-22,695734,"Lile, Daylen",WSH,PHI,2025,PHI,105.455,34.673313539618974
776647,2025-08-22,641857,"McMahon, Ryan",NYY,BOS,2025,BOS,-0.2599999999999909,15.664200797644906
776647,2025-08-22,700250,"Rice, Ben",NYY,BOS,2025,BOS,-1.0276393984000052,15.52616793694049
776647,2025-08-22,519317,"Stanton, Giancarlo",NYY,BOS,2025,BOS,-11.445,13.652973194949164
776647,2025-08-22,683011,"Volpe, Anthony",NYY,BOS,2025,BOS,-25.97,11.041164439548576
776647,2025-08-22,669224,"Wells, Austin",NYY,BOS,2025,BOS,1.1549999999999976,15.918638621320763
776648,2025-08-22,695578,"Wood, James",WSH,PHI,2025,PHI,103.09,34.24805173538335
776648,2025-08-22,696285,"Young, Jacob",WSH,PHI,2025,PHI,123.25999999999999,37.874914564741694
776628,2025-08-23,682928,"Abrams, CJ",WSH,PHI,2025,PHI,88.34500000000001,31.596683742379454
776628,2025-08-23,605137,"Bell, Josh",WSH,PHI,2025,PHI,14.555,18.328155820795317
776627,2025-08-23,641355,"Bellinger, Cody",NYY,BOS,2025,BOS,140.12,40.90659068288655
776627,2025-08-23,676609,"Caballero, José",NYY,BOS,2025,BOS,171.201866176,46.495567633844644
776628,2025-08-23,665953,"Chaparro, Andrés",WSH,PHI,2025,PHI,-11.144999999999998,13.706917609862776
776627,2025-08-23,665862,"Chisholm Jr., Jazz",NYY,BOS,2025,BOS,20.645000000000003,19.423227443541588
776628,2025-08-23,686611,"Crews, Dylan",WSH,PHI,2025,PHI,15.705000000000002,18.53494274463082
776628,2025-08-23,671277,"García Jr., Luis",WSH,PHI,2025,PHI,219.875,55.24771338766962
776627,2025-08-23,502671,"Goldschmidt, Paul",NYY,BOS,2025,BOS,16.102280252799993,18.606379580610906
776627,2025-08-23,663757,"Grisham, Trent",NYY,BOS,2025,BOS,32.045,21.473115210258747
776628,2025-08-23,690987,"Hassell III, Robert",WSH,PHI,2025,PHI,61.89,26.839685420580995
776628,2025-08-23,691781,"House, Brady",WSH,PHI,2025,PHI,84.82,30.96283686714454
776627,2025-08-23,592450,"Judge, Aaron",NYY,BOS,2025,BOS,35.0,22.0044676971578
776628,2025-08-23,695734,"Lile, Daylen",WSH,PHI,2025,PHI,62.38,26.927794631606556
776628,2025-08-23,686452,"Millas, Drew",WSH,PHI,2025,PHI,85.32,31.05274422533389
776627,2025-08-23,700250,"Rice, Ben",NYY,BOS,2025,BOS,2.405000000000001,16.143407016794136
776627,2025-08-23,642708,"Rosario, Amed",NYY,BOS,2025,BOS,65.06,27.40969807150147
776627,2025-08-23,519317,"Stanton, Giancarlo",NYY,BOS,2025,BOS,125.45801081600001,38.27014925621805
776627,2025-08-23,683011,"Volpe, Anthony",NYY,BOS,2025,BOS,13.784999999999995,18.18969848918372
776627,2025-08-23,669224,"Wells, Austin",NYY,BOS,2025,BOS,7.635000000000002,17.08383798345473
776628,2025-08-23,695578,"Wood, James",WSH,PHI,2025,PHI,118.39000000000001,36.99921689597744
776613,2025-08-24,682928,"Abrams, CJ",WSH,PHI,2025,PHI,-9.891470118399997,13.932320729994904
776613,2025-08-24,656180,"Adams, Riley",WSH,PHI,2025,PHI,41.67,23.203831855403717
776613,2025-08-24,605137,"Bell, Josh",WSH,PHI,2025,PHI,-2.650000000000002,15.234443625499816
776616,2025-08-24,641355,"Bellinger, Cody",NYY,BOS,2025,BOS,20.345,19.36928302862798
776616,2025-08-24,676609,"Caballero, José",NYY,BOS,2025,BOS,47.205,24.19910631055981
776613,2025-08-24,665953,"Chaparro, Andrés",WSH,PHI,2025,PHI,-16.445000000000004,12.753899613055674
776616,2025-08-24,665862,"Chisholm Jr., Jazz",NYY,BOS,2025,BOS,199.3543243904,51.557793923030125
776613,2025-08-24,686611,"Crews, Dylan",WSH,PHI,2025,PHI,74.78,29.15749711470241
776613,2025-08-24,657557,"DeJong, Paul",WSH,PHI,2025,PHI,-81.49894825919999,1.0562423575131277
776613,2025-08-24,671277,"García Jr., Luis",WSH,PHI,2025,PHI,118.895,37.090023327748675
776616,2025-08-24,502671,"Goldschmidt, Paul",NYY,BOS,2025,BOS,56.07000000000001,25.79316377125697
776616,2025-08-24,663757,"Grisham, Trent",NYY,BOS,2025,BOS,280.935,66.22719996975293
776613,2025-08-24,690987,"Hassell III, Robert",WSH,PHI,2025,PHI,21.72500000000001,19.617427337230584
776613,2025-08-24,691781,"House, Brady",WSH,PHI,2025,PHI,10.584999999999994,17.614291396771883
776616,2025-08-24,592450,"Judge, Aaron",NYY,BOS,2025,BOS,56.705,25.90734611615744
776616,2025-08-24,641857,"McMahon, Ryan",NYY,BOS,2025,BOS,-8.364999999999998,14.206802521395556
776616,2025-08-24,700250,"Rice, Ben",NYY,BOS,2025,BOS,76.14,29.402045128977438
776616,2025-08-24,519317,"Stanton, Giancarlo",NYY,BOS,2025,BOS,124.75,38.142838492145955
776616,2025-08-24,669224,"Wells, Austin",NYY,BOS,2025,BOS,28.17,20.776333184291293
776613,2025-08-24,695578,"Wood, James",WSH,PHI,2025,PHI,-30.230000000000004,10.275153747775322
776613,2025-08-24,696285,"Young, Jacob",WSH,PHI,2025,PHI,180.98,48.25381999412014
776597,2025-08-25,682928,"Abrams, CJ",WSH,NYY,2025,NYY,122.85499999999999,37.80208960460832
776597,2025-08-25,656180,"Adams, Riley",WSH,NYY,2025,NYY,33.045,21.652929926637444
776597,2025-08-25,605137,"Bell, Josh",WSH,NYY,2025,NYY,58.605000000000004,26.248994077276972
776597,2025-08-25,641355,"Bellinger, Cody",NYY,WSH,2025,WSH,116.3610985536,36.63439055783269
776597,2025-08-25,676609,"Caballero, José",NYY,WSH,2025,WSH,19.085,19.142716485990817
776597,2025-08-25,665862,"Chisholm Jr., Jazz",NYY,WSH,2025,WSH,220.62095086719998,55.38184633128762
776597,2025-08-25,686611,"Crews, Dylan",WSH,NYY,2025,NYY,109.63,35.42403998050004
776597,2025-08-25,657557,"DeJong, Paul",WSH,NYY,2025,NYY,27.099999999999998,20.583931437766083
776597,2025-08-25,691176,"Domínguez, Jasson",NYY,WSH,2025,WSH,86.54499999999999,31.273017252897787
776597,2025-08-25,671277,"García Jr., Luis",WSH,NYY,2025,NYY,64.19,27.253259268252002
776597,2025-08-25,502671,"Goldschmidt, Paul",NYY,WSH,2025,WSH,88.47000000000001,31.619160581926792
776597,2025-08-25,663757,"Grisham, Trent",NYY,WSH,2025,WSH,60.08,26.51422078393555
776597,2025-08-25,690987,"Hassell III, Robert",WSH,NYY,2025,NYY,175.18,47.21089463912371
776597,2025-08-25,592450,"Judge, Aaron",NYY,WSH,2025,WSH,156.24,43.80520391091116
776597,2025-08-25,641857,"McMahon, Ryan",NYY,WSH,2025,WSH,81.33000000000001,30.335283506982886
776597,2025-08-25,700250,"Rice, Ben",NYY,WSH,2025,WSH,229.98,57.06474109667635
776597,2025-08-25,642708,"Rosario, Amed",NYY,WSH,2025,WSH,18.055000000000003,18.957507328120762
776597,2025-08-25,695578,"Wood, James",WSH,NYY,2025,NYY,103.51999999999998,34.325372063426194
776597,2025-08-25,696285,"Young, Jacob",WSH,NYY,2025,NYY,167.925,45.90633887179625
776588,2025-08-26,682928,"Abrams, CJ",WSH,NYY,2025,NYY,106.34,34.83244956361412
776588,2025-08-26,656180,"Adams, Riley",WSH,NYY,2025,NYY,89.10000000000002,31.732443853245375
776588,2025-08-26,605137,"Bell, Josh",WSH,NYY,2025,NYY,151.04,42.87016738574192
776588,2025-08-26,641355,"Bellinger, Cody",NYY,WSH,2025,WSH,233.09082598080002,57.624113388117394
776588,2025-08-26,676609,"Caballero, José",NYY,WSH,2025,WSH,77.32499999999999,29.615125567886196
776588,2025-08-26,665862,"Chisholm Jr., Jazz",NYY,WSH,2025,WSH,67.16499999999999,27.78820804947862
776588,2025-08-26,686611,"Crews, Dylan",WSH,NYY,2025,NYY,54.5523003712,25.52025904295624
776588,2025-08-26,671277,"García Jr., Luis",WSH,NYY,2025,NYY,-2.530000000000001,15.25602139146526
776588,2025-08-26,502671,"Goldschmidt, Paul",NYY,WSH,2025,WSH,114.14500000000001,36.23590342494986
776588,2025-08-26,663757,"Grisham, Trent",NYY,WSH,2025,WSH,155.515,43.6748382415366
776588,2025-08-26,690987,"Hassell III, Robert",WSH,NYY,2025,NYY,135.405,40.058764295160984
776588,2025-08-26,691781,"House, Brady",WSH,NYY,2025,NYY,-25.762270099199995,11.078517332744305
776588,2025-08-26,592450,"Judge, Aaron",NYY,WSH,2025,WSH,62.956622838399994,27.03147990375093
776588,2025-08-26,641857,"McMahon, Ryan",NYY,WSH,2025,WSH,135.04911457600002,39.99477085858112
776588,2025-08-26,642708,"Rosario, Amed",NYY,WSH,2025,WSH,-14.719999999999999,13.06407999880893
776588,2025-08-26,519317,"Stanton, Giancarlo",NYY,WSH,2025,WSH,282.115,66.43938133507979
776588,2025-08-26,683011,"Volpe, Anthony",NYY,WSH,2025,WSH,12.144999999999994,17.894802354322653
776588,2025-08-26,669224,"Wells, Austin",NYY,WSH,2025,WSH,33.72397672639998,21.775019934122795
776588,2025-08-26,695578,"Wood, James",WSH,NYY,2025,NYY,212.055,53.8415623055882
776588,2025-08-26,696285,"Young, Jacob",WSH,NYY,2025,NYY,13.120279606399997,18.0701719801374
776570,2025-08-27,682928,"Abrams, CJ",WSH,NYY,2025,NYY,20.695096982400003,19.432235618223274
776570,2025-08-27,656180,"Adams, Riley",WSH,NYY,2025,NYY,140.68,41.007286924058626
776570,2025-08-27,605137,"Bell, Josh",WSH,NYY,2025,NYY,54.45,25.501863930723477
776570,2025-08-27,641355,"Bellinger, Cody",NYY,WSH,2025,WSH,288.55,67.59648903497671
776570,2025-08-27,665953,"Chaparro, Andrés",WSH,NYY,2025,NYY,189.95499999999998,49.867657073618965
776570,2025-08-27,665862,"Chisholm Jr., Jazz",NYY,WSH,2025,WSH,166.66,45.67887325557719
776570,2025-08-27,686611,"Crews, Dylan",WSH,NYY,2025,NYY,5.815000000000003,16.756575199645496
776570,2025-08-27,691176,"Domínguez, Jasson",NYY,WSH,2025,WSH,141.2151305184,41.10351126645029
776570,2025-08-27,671277,"García Jr., Luis",WSH,NYY,2025,NYY,41.19,23.117520791541942
776570,2025-08-27,663757,"Grisham, Trent",NYY,WSH,2025,WSH,104.74499999999998,34.54564509099009
776570,2025-08-27,690987,"Hassell III, Robert",WSH,NYY,2025,NYY,44.129999999999995,23.646176057695314
776570,2025-08-27,691781,"House, Brady",WSH,NYY,2025,NYY,-2.5299999999999994,15.25602139146526
776570,2025-08-27,592450,"Judge, Aaron",NYY,WSH,2025,WSH,161.11899792,44.68251953810821
776570,2025-08-27,641857,"McMahon, Ryan",NYY,WSH,2025,WSH,153.47,43.30711714654216
776570,2025-08-27,686452,"Millas, Drew",WSH,NYY,2025,NYY,-5.43,14.734558713967036
776570,2025-08-27,829272,"Ogasawara, Shinnosuke",WSH,NYY,2025,NYY,-23.09,11.559030822719226
776570,2025-08-27,700250,"Rice, Ben",NYY,WSH,2025,WSH,226.945,56.51900343246701
776570,2025-08-27,683011,"Volpe, Anthony",NYY,WSH,2025,WSH,151.81,43.00862471735353
776570,2025-08-27,669224,"Wells, Austin",NYY,WSH,2025,WSH,69.01271580480001,28.120454542867172
776570,2025-08-27,695578,"Wood, James",WSH,NYY,2025,NYY,49.6594481728,24.640452212618055
776570,2025-08-27,696285,"Young, Jacob",WSH,NYY,2025,NYY,53.58,25.34542512747401
776556,2025-08-28,641355,"Bellinger, Cody",NYY,CWS,2025,CWS,298.85999999999996,69.45037876084108
776556,2025-08-28,676609,"Caballero, José",NYY,CWS,2025,CWS,-9.179999999999996,14.060253527546918
776556,2025-08-28,665862,"Chisholm Jr., Jazz",NYY,CWS,2025,CWS,222.18,55.662186308922514
776556,2025-08-28,502671,"Goldschmidt, Paul",NYY,CWS,2025,CWS,104.79500000000002,34.55463582680904
776556,2025-08-28,663757,"Grisham, Trent",NYY,CWS,2025,CWS,199.065,51.50576913982891
776556,2025-08-28,592450,"Judge, Aaron",NYY,CWS,2025,CWS,212.26999999999998,53.88022246960962
776556,2025-08-28,641857,"McMahon, Ryan",NYY,CWS,2025,CWS,60.01499999999999,26.502532827370935
776556,2025-08-28,700250,"Rice, Ben",NYY,CWS,2025,CWS,128.455,38.809052016329034
776556,2025-08-28,519317,"Stanton, Giancarlo",NYY,CWS,2025,CWS,44.690000000000005,23.746872298867387
776556,2025-08-28,683011,"Volpe, Anthony",NYY,CWS,2025,CWS,172.52,46.732587493556366
776545,2025-08-29,682928,"Abrams, CJ",WSH,TB,2025,TB,204.545,52.49115378558417
776545,2025-08-29,656180,"Adams, Riley",WSH,TB,2025,TB,263.055,63.0121128409018
776545,2025-08-29,605137,"Bell, Josh",WSH,TB,2025,TB,159.18,44.33385917706453
776544,2025-08-29,641355,"Bellinger, Cody",NYY,CWS,2025,CWS,61.675000000000004,26.801025256559573
776544,2025-08-29,676609,"Caballero, José",NYY,CWS,2025,CWS,-0.43499999999999694,15.632733222278633
776545,2025-08-29,665953,"Chaparro, Andrés",WSH,TB,2025,TB,-2.345025872000001,15.289282461828979
776544,2025-08-29,665862,"Chisholm Jr., Jazz",NYY,CWS,2025,CWS,109.985,35.48787420481448
776545,2025-08-29,686611,"Crews, Dylan",WSH,TB,2025,TB,174.805,47.143464120481696
776545,2025-08-29,657557,"DeJong, Paul",WSH,TB,2025,TB,50.06999999999999,24.71427547298478
776544,2025-08-29,691176,"Domínguez, Jasson",NYY,CWS,2025,CWS,3.1550000000000047,16.27826805407816
776545,2025-08-29,671277,"García Jr., Luis",WSH,TB,2025,TB,7.308106377599998,17.025057699456863
776544,2025-08-29,663757,"Grisham, Trent",NYY,CWS,2025,CWS,234.41,57.861320290233984
776545,2025-08-29,690987,"Hassell III, Robert",WSH,TB,2025,TB,47.12,24.18382205966762
776545,2025-08-29,691781,"House, Brady",WSH,TB,2025,TB,84.81,30.961038719980756
776544,2025-08-29,592450,"Judge, Aaron",NYY,CWS,2025,CWS,179.94,48.066812689086305
776545,2025-08-29,695734,"Lile, Daylen",WSH,TB,2025,TB,23.112756556799997,19.86696638889425
776544,2025-08-29,641857,"McMahon, Ryan",NYY,CWS,2025,CWS,150.92000000000002,42.84858961977649
776544,2025-08-29,700250,"Rice, Ben",NYY,CWS,2025,CWS,18.432611766399994,19.025407480797234
776544,2025-08-29,519317,"Stanton, Giancarlo",NYY,CWS,2025,CWS,16.314999999999998,18.644629721621826
776544,2025-08-29,683011,"Volpe, Anthony",NYY,CWS,2025,CWS,196.01500000000001,50.95733425487388
776544,2025-08-29,669224,"Wells, Austin",NYY,CWS,2025,CWS,199.95999999999998,51.66670331098784
776545,2025-08-29,695578,"Wood, James",WSH,TB,2025,TB,120.38,37.357048181571045
776525,2025-08-30,682928,"Abrams, CJ",WSH,TB,2025,TB,85.98,31.17142193814383
776525,2025-08-30,656180,"Adams, Riley",WSH,TB,2025,TB,11.069999999999999,17.701501534215552
776525,2025-08-30,605137,"Bell, Josh",WSH,TB,2025,TB,233.0534877504,57.617399424807935
776529,2025-08-30,641355,"Bellinger, Cody",NYY,CWS,2025,CWS,45.92370596160001,23.968710786447197
776529,2025-08-30,676609,"Caballero, José",NYY,CWS,2025,CWS,113.07,36.04260260484276
776529,2025-08-30,665862,"Chisholm Jr., Jazz",NYY,CWS,2025,CWS,154.39,43.47254668561057
776525,2025-08-30,686611,"Crews, Dylan",WSH,TB,2025,TB,66.015,27.581421125643125
776525,2025-08-30,657557,"DeJong, Paul",WSH,TB,2025,TB,28.819999999999997,20.893212749937444
776529,2025-08-30,691176,"Domínguez, Jasson",NYY,CWS,2025,CWS,6.760000000000005,16.926500106623365
776525,2025-08-30,671277,"García Jr., Luis",WSH,TB,2025,TB,111.68,35.792660149076376
776529,2025-08-30,502671,"Goldschmidt, Paul",NYY,CWS,2025,CWS,1.764999999999997,16.028325598311767
776529,2025-08-30,663757,"Grisham, Trent",NYY,CWS,2025,CWS,61.6,26.78753915283117
776525,2025-08-30,690987,"Hassell III, Robert",WSH,TB,2025,TB,28.32,20.803305391748097
776529,2025-08-30,592450,"Judge, Aaron",NYY,CWS,2025,CWS,185.095,48.993757552018494
776525,2025-08-30,695734,"Lile, Daylen",WSH,TB,2025,TB,35.305,22.059311185653304
776529,2025-08-30,641857,"McMahon, Ryan",NYY,CWS,2025,CWS,106.76,34.907971744493175
776529,2025-08-30,700250,"Rice, Ben",NYY,CWS,2025,CWS,-43.834999999999994,7.828774531443136
776529,2025-08-30,519317,"Stanton, Giancarlo",NYY,CWS,2025,CWS,-17.569999999999997,12.551608057129643
776529,2025-08-30,683011,"Volpe, Anthony",NYY,CWS,2025,CWS,31.00865149119998,21.286764497079385
776529,2025-08-30,669224,"Wells, Austin",NYY,CWS,2025,CWS,158.54000000000002,44.21877775858217
776525,2025-08-30,695578,"Wood, James",WSH,TB,2025,TB,134.77499999999998,39.9454810238424
776520,2025-08-31,682928,"Abrams, CJ",WSH,TB,2025,TB,16.805,18.732738932647386
776520,2025-08-31,656180,"Adams, Riley",WSH,TB,2025,TB,34.870000000000005,21.98109178402857
776514,2025-08-31,641355,"Bellinger, Cody",NYY,CWS,2025,CWS,118.935,37.09721591640383
776514,2025-08-31,676609,"Caballero, José",NYY,CWS,2025,CWS,-31.335,10.076458486176861
776520,2025-08-31,665953,"Chaparro, Andrés",WSH,TB,2025,TB,45.47500000000001,23.888026851224666
776514,2025-08-31,665862,"Chisholm Jr., Jazz",NYY,CWS,2025,CWS,75.71000000000001,29.324724800934597
776520,2025-08-31,686611,"Crews, Dylan",WSH,TB,2025,TB,22.99164577919999,19.845188888769705
776520,2025-08-31,657557,"DeJong, Paul",WSH,TB,2025,TB,22.389999999999993,19.737004123622416
776520,2025-08-31,671277,"García Jr., Luis",WSH,TB,2025,TB,8.310000000000002,17.20521291701035
776514,2025-08-31,502671,"Goldschmidt, Paul",NYY,CWS,2025,CWS,-5.859999999999997,14.657238385924195
776514,2025-08-31,663757,"Grisham, Trent",NYY,CWS,2025,CWS,91.21,32.11185290480442
776520,2025-08-31,691781,"House, Brady",WSH,TB,2025,TB,92.86925512,32.41021139360713
776514,2025-08-31,592450,"Judge, Aaron",NYY,CWS,2025,CWS,221.25,55.494958622690326
776520,2025-08-31,695734,"Lile, Daylen",WSH,TB,2025,TB,66.17000000000002,27.609292406681824
776514,2025-08-31,700250,"Rice, Ben",NYY,CWS,2025,CWS,56.205000000000005,25.81743875796809
776514,2025-08-31,642708,"Rosario, Amed",NYY,CWS,2025,CWS,27.499999999999993,20.655857324317562
776514,2025-08-31,519317,"Stanton, Giancarlo",NYY,CWS,2025,CWS,94.55000000000001,32.71243405750928
776514,2025-08-31,683011,"Volpe, Anthony",NYY,CWS,2025,CWS,62.599999999999994,26.967353869209866
776520,2025-08-31,695578,"Wood, James",WSH,TB,2025,TB,-35.419999999999995,9.34191536976988
776520,2025-08-31,696285,"Young, Jacob",WSH,TB,2025,TB,77.03999999999999,29.563878373718268
776498,2025-09-01,682928,"Abrams, CJ",WSH,MIA,2025,MIA,25.149999999999995,20.233292740827622
776498,2025-09-01,605137,"Bell, Josh",WSH,MIA,2025,MIA,14.840000000000005,18.37940301496325
776498,2025-09-01,665953,"Chaparro, Andrés",WSH,MIA,2025,MIA,85.775,31.134559921286193
776498,2025-09-01,671277,"García Jr., Luis",WSH,MIA,2025,MIA,84.235,30.857645258063
776498,2025-09-01,690987,"Hassell III, Robert",WSH,MIA,2025,MIA,1.4999999999999982,15.980674698471415
776498,2025-09-01,691781,"House, Brady",WSH,MIA,2025,MIA,-0.8850000000000042,15.551816599908216
776498,2025-09-01,695734,"Lile, Daylen",WSH,MIA,2025,MIA,157.865,44.09740282502655
776498,2025-09-01,667690,"Stubbs, C.J.",WSH,MIA,2025,MIA,41.395,23.154382808399575
776498,2025-09-01,695578,"Wood, James",WSH,MIA,2025,MIA,-48.61999999999999,6.968361113571066
776482,2025-09-02,682928,"Abrams, CJ",WSH,MIA,2025,MIA,59.615,26.43060694081945
776482,2025-09-02,656180,"Adams, Riley",WSH,MIA,2025,MIA,153.92000000000002,43.388033768912585
776482,2025-09-02,605137,"Bell, Josh",WSH,MIA,2025,MIA,43.599999999999994,23.550874258014602
776489,2025-09-02,641355,"Bellinger, Cody",NYY,HOU,2025,HOU,-2.0599999999999925,15.340534308163251
776489,2025-09-02,676609,"Caballero, José",NYY,HOU,2025,HOU,40.00182067200001,22.90386866267059
776489,2025-09-02,665862,"Chisholm Jr., Jazz",NYY,HOU,2025,HOU,309.365,71.33933235639931
776482,2025-09-02,686611,"Crews, Dylan",WSH,MIA,2025,MIA,83.69500000000001,30.760545311218507
776482,2025-09-02,657557,"DeJong, Paul",WSH,MIA,2025,MIA,27.075000000000003,20.57943606985662
776489,2025-09-02,691176,"Domínguez, Jasson",NYY,HOU,2025,HOU,45.5,23.892522219134133
776482,2025-09-02,671277,"García Jr., Luis",WSH,MIA,2025,MIA,-11.064999999999996,13.721302787173073
776489,2025-09-02,502671,"Goldschmidt, Paul",NYY,HOU,2025,HOU,129.26999999999998,38.95560101017767
776489,2025-09-02,663757,"Grisham, Trent",NYY,HOU,2025,HOU,135.08,40.00032451233791
776482,2025-09-02,690987,"Hassell III, Robert",WSH,MIA,2025,MIA,74.535,29.113442509189625
776489,2025-09-02,592450,"Judge, Aaron",NYY,HOU,2025,HOU,125.42608536000002,38.26440858940215
776482,2025-09-02,695734,"Lile, Daylen",WSH,MIA,2025,MIA,109.795,35.45370940870253
776489,2025-09-02,641857,"McMahon, Ryan",NYY,HOU,2025,HOU,100.16499999999999,33.72209368997566
776489,2025-09-02,519317,"Stanton, Giancarlo",NYY,HOU,2025,HOU,45.66386798400001,23.92198809420064
776489,2025-09-02,683011,"Volpe, Anthony",NYY,HOU,2025,HOU,72.785,28.798766755526906
776489,2025-09-02,669224,"Wells, Austin",NYY,HOU,2025,HOU,43.2988519456,23.49672340602467
776482,2025-09-02,695578,"Wood, James",WSH,MIA,2025,MIA,167.785,45.881164811503226
776482,2025-09-02,696285,"Young, Jacob",WSH,MIA,2025,MIA,90.53500000000001,31.990477971248804
776477,2025-09-03,595751,"Alfaro, Jorge",WSH,MIA,2025,MIA,126.12499999999999,38.39008372716666
776477,2025-09-03,605137,"Bell, Josh",WSH,MIA,2025,MIA,80.78500000000001,30.237284486556494
776472,2025-09-03,641355,"Bellinger, Cody",NYY,HOU,2025,HOU,233.54000000000002,57.704881486984526
776472,2025-09-03,665862,"Chisholm Jr., Jazz",NYY,HOU,2025,HOU,78.2850882144,29.787763557857065
776477,2025-09-03,686611,"Crews, Dylan",WSH,MIA,2025,MIA,-2.6840236927999968,15.228325664828828
776472,2025-09-03,691176,"Domínguez, Jasson",NYY,HOU,2025,HOU,6.93,16.957068608407745
776477,2025-09-03,671277,"García Jr., Luis",WSH,MIA,2025,MIA,82.89499999999998,30.61669353811555
776472,2025-09-03,663757,"Grisham, Trent",NYY,HOU,2025,HOU,40.989999999999995,23.0815578482662
776477,2025-09-03,690987,"Hassell III, Robert",WSH,MIA,2025,MIA,115.70500000000001,36.51641438250063
776477,2025-09-03,691781,"House, Brady",WSH,MIA,2025,MIA,160.02,44.484903538822635
776472,2025-09-03,592450,"Judge, Aaron",NYY,HOU,2025,HOU,101.8786496352,34.03023311310161
776477,2025-09-03,695734,"Lile, Daylen",WSH,MIA,2025,MIA,218.71,55.03822924308843
776472,2025-09-03,641857,"McMahon, Ryan",NYY,HOU,2025,HOU,195.44,50.85394079295613
776477,2025-09-03,683083,"Nuñez, Nasim",WSH,MIA,2025,MIA,261.91,62.8062249906482
776472,2025-09-03,700250,"Rice, Ben",NYY,HOU,2025,HOU,42.695000000000014,23.388141939691884
776472,2025-09-03,519317,"Stanton, Giancarlo",NYY,HOU,2025,HOU,82.625,30.5681435646933
776472,2025-09-03,683011,"Volpe, Anthony",NYY,HOU,2025,HOU,-32.95,9.786057719225264
776472,2025-09-03,669224,"Wells, Austin",NYY,HOU,2025,HOU,197.39999999999998,51.206377637058374
776477,2025-09-03,695578,"Wood, James",WSH,MIA,2025,MIA,133.3089848128,39.68186991874917
776464,2025-09-04,641355,"Bellinger, Cody",NYY,HOU,2025,HOU,115.57499999999999,36.493038469371406
776464,2025-09-04,676609,"Caballero, José",NYY,HOU,2025,HOU,150.43,42.76048040875093
776464,2025-09-04,665862,"Chisholm Jr., Jazz",NYY,HOU,2025,HOU,-41.7756847904,8.199069711791699
776464,2025-09-04,691176,"Domínguez, Jasson",NYY,HOU,2025,HOU,22.245,19.710930989747506
776464,2025-09-04,502671,"Goldschmidt, Paul",NYY,HOU,2025,HOU,50.620000000000005,24.81317356699307
776464,2025-09-04,663757,"Grisham, Trent",NYY,HOU,2025,HOU,204.04000000000002,52.40034735381294
776464,2025-09-04,592450,"Judge, Aaron",NYY,HOU,2025,HOU,234.16000000000003,57.81636661113932
776464,2025-09-04,641857,"McMahon, Ryan",NYY,HOU,2025,HOU,228.05,56.717698694065476
776464,2025-09-04,700250,"Rice, Ben",NYY,HOU,2025,HOU,19.025000000000006,19.131927603008098
776464,2025-09-04,519317,"Stanton, Giancarlo",NYY,HOU,2025,HOU,54.84,25.571991670111167
776464,2025-09-04,683011,"Volpe, Anthony",NYY,HOU,2025,HOU,49.89000000000001,24.681908824036615
776464,2025-09-04,669224,"Wells, Austin",NYY,HOU,2025,HOU,142.635,41.35882469457897
776455,2025-09-05,682928,"Abrams, CJ",WSH,CHC,2025,CHC,-29.145000000000003,10.47025271504621
776455,2025-09-05,656180,"Adams, Riley",WSH,CHC,2025,CHC,102.7616283456,34.189005679480616
776455,2025-09-05,605137,"Bell, Josh",WSH,CHC,2025,CHC,111.525,35.76478886803767
776457,2025-09-05,641355,"Bellinger, Cody",NYY,TOR,2025,TOR,20.465,19.390860794593422
776457,2025-09-05,676609,"Caballero, José",NYY,TOR,2025,TOR,1.075000000000001,15.904253444010466
776455,2025-09-05,665953,"Chaparro, Andrés",WSH,CHC,2025,CHC,66.78999999999999,27.72077753083661
776457,2025-09-05,665862,"Chisholm Jr., Jazz",NYY,TOR,2025,TOR,-33.64,9.661985564923961
776455,2025-09-05,671277,"García Jr., Luis",WSH,CHC,2025,CHC,139.655,40.82297683977045
776457,2025-09-05,502671,"Goldschmidt, Paul",NYY,TOR,2025,TOR,68.93499999999999,28.106480097468918
776457,2025-09-05,663757,"Grisham, Trent",NYY,TOR,2025,TOR,74.12500000000001,29.03971847547437
776455,2025-09-05,690987,"Hassell III, Robert",WSH,CHC,2025,CHC,-11.9,13.571157498996858
776455,2025-09-05,691781,"House, Brady",WSH,CHC,2025,CHC,-2.320000000000004,15.293782481904787
776457,2025-09-05,592450,"Judge, Aaron",NYY,TOR,2025,TOR,105.01,34.593295990830455
776455,2025-09-05,695734,"Lile, Daylen",WSH,CHC,2025,CHC,134.915,39.97065508413542
776457,2025-09-05,641857,"McMahon, Ryan",NYY,TOR,2025,TOR,-1.8151683424000016,15.384558643235119
776457,2025-09-05,700250,"Rice, Ben",NYY,TOR,2025,TOR,22.645,19.782856876298986
776457,2025-09-05,519317,"Stanton, Giancarlo",NYY,TOR,2025,TOR,158.13,44.1450537248669
776455,2025-09-05,695578,"Wood, James",WSH,CHC,2025,CHC,-43.155,7.951048538580649
776440,2025-09-06,682928,"Abrams, CJ",WSH,CHC,2025,CHC,101.55000000000001,33.97113707216016
776440,2025-09-06,595751,"Alfaro, Jorge",WSH,CHC,2025,CHC,34.28999999999999,21.876799248528922
776440,2025-09-06,605137,"Bell, Josh",WSH,CHC,2025,CHC,-12.060000000000002,13.542387144376267
776436,2025-09-06,641355,"Bellinger, Cody",NYY,TOR,2025,TOR,147.82999999999998,42.29296214616631
776436,2025-09-06,676609,"Caballero, José",NYY,TOR,2025,TOR,35.045,22.012559359394842
776440,2025-09-06,665953,"Chaparro, Andrés",WSH,CHC,2025,CHC,2.1204606656000067,16.092242657080416
776436,2025-09-06,665862,"Chisholm Jr., Jazz",NYY,TOR,2025,TOR,46.11,24.002209196125136
776440,2025-09-06,686611,"Crews, Dylan",WSH,CHC,2025,CHC,7.080000000000002,16.98404081586455
776436,2025-09-06,691176,"Domínguez, Jasson",NYY,TOR,2025,TOR,77.81,29.70233570532987
776436,2025-09-06,663757,"Grisham, Trent",NYY,TOR,2025,TOR,-73.375,2.5170478096163924
776440,2025-09-06,691781,"House, Brady",WSH,CHC,2025,CHC,47.56,24.26294053487425
776436,2025-09-06,592450,"Judge, Aaron",NYY,TOR,2025,TOR,98.17999999999999,33.365161477963944
776440,2025-09-06,695734,"Lile, Daylen",WSH,CHC,2025,CHC,165.21,45.418141916828084
776436,2025-09-06,641857,"McMahon, Ryan",NYY,TOR,2025,TOR,20.6763215776,19.428859524134268
776440,2025-09-06,683083,"Nuñez, Nasim",WSH,CHC,2025,CHC,48.51,24.43376451543401
776436,2025-09-06,700250,"Rice, Ben",NYY,TOR,2025,TOR,-1.646053110399997,15.414968050712519
776436,2025-09-06,683011,"Volpe, Anthony",NYY,TOR,2025,TOR,84.165,30.845058227916493
776436,2025-09-06,669224,"Wells, Austin",NYY,TOR,2025,TOR,101.255,33.91809173082844
776440,2025-09-06,695578,"Wood, James",WSH,CHC,2025,CHC,50.4539197632,24.783309896316766
776440,2025-09-06,696285,"Young, Jacob",WSH,CHC,2025,CHC,-15.069881737600003,13.001166113396302
776420,2025-09-07,682928,"Abrams, CJ",WSH,CHC,2025,CHC,-5.34,14.750742038441118
776420,2025-09-07,656180,"Adams, Riley",WSH,CHC,2025,CHC,-4.462356671999992,14.908555224547095
776420,2025-09-07,605137,"Bell, Josh",WSH,CHC,2025,CHC,100.565,33.79401957652715
776423,2025-09-07,641355,"Bellinger, Cody",NYY,TOR,2025,TOR,124.97999999999999,38.18419587691305
776420,2025-09-07,665953,"Chaparro, Andrés",WSH,CHC,2025,CHC,31.305000000000007,21.34005232013851
776423,2025-09-07,665862,"Chisholm Jr., Jazz",NYY,TOR,2025,TOR,33.35,21.70777341513295
776420,2025-09-07,686611,"Crews, Dylan",WSH,CHC,2025,CHC,13.405000000000012,18.121368896959815
776420,2025-09-07,671277,"García Jr., Luis",WSH,CHC,2025,CHC,90.33500000000001,31.954515027973056
776423,2025-09-07,663757,"Grisham, Trent",NYY,TOR,2025,TOR,37.115,22.384775822298746
776420,2025-09-07,690987,"Hassell III, Robert",WSH,CHC,2025,CHC,87.31,31.4105755109275
776420,2025-09-07,691781,"House, Brady",WSH,CHC,2025,CHC,62.525,26.953867765481466
776423,2025-09-07,592450,"Judge, Aaron",NYY,TOR,2025,TOR,114.44500000000001,36.28984783986347
776420,2025-09-07,695734,"Lile, Daylen",WSH,CHC,2025,CHC,96.75999999999999,33.109824580706196
776423,2025-09-07,641857,"McMahon, Ryan",NYY,TOR,2025,TOR,0.6599999999999966,15.829630336713308
776423,2025-09-07,700250,"Rice, Ben",NYY,TOR,2025,TOR,221.68,55.572278950733164
776423,2025-09-07,519317,"Stanton, Giancarlo",NYY,TOR,2025,TOR,28.330000000000005,20.805103538911883
776423,2025-09-07,683011,"Volpe, Anthony",NYY,TOR,2025,TOR,-54.825,5.852610798441242
776423,2025-09-07,669224,"Wells, Austin",NYY,TOR,2025,TOR,-39.52,8.604675032617216
776420,2025-09-07,695578,"Wood, James",WSH,CHC,2025,CHC,47.13000000000001,24.18562020683141
776409,2025-09-08,682928,"Abrams, CJ",WSH,MIA,2025,MIA,89.955,31.886185435749155
776409,2025-09-08,656180,"Adams, Riley",WSH,MIA,2025,MIA,95.16011047679999,32.82214089985473
776409,2025-09-08,605137,"Bell, Josh",WSH,MIA,2025,MIA,391.875,86.17584460480569
776409,2025-09-08,686611,"Crews, Dylan",WSH,MIA,2025,MIA,273.92,64.96579973435635
776409,2025-09-08,657557,"DeJong, Paul",WSH,MIA,2025,MIA,89.4723259168,31.799393532375202
776409,2025-09-08,671277,"García Jr., Luis",WSH,MIA,2025,MIA,285.245,67.0022013973451
776409,2025-09-08,690987,"Hassell III, Robert",WSH,MIA,2025,MIA,47.135000000000005,24.1865192804133
776409,2025-09-08,695734,"Lile, Daylen",WSH,MIA,2025,MIA,115.56,36.490341248625725
776409,2025-09-08,683083,"Nuñez, Nasim",WSH,MIA,2025,MIA,32.23,21.506380932788808
776409,2025-09-08,695578,"Wood, James",WSH,MIA,2025,MIA,227.055,56.53878305126867
776397,2025-09-09,682928,"Abrams, CJ",WSH,MIA,2025,MIA,122.905,37.81108034042725
776397,2025-09-09,656180,"Adams, Riley",WSH,MIA,2025,MIA,1.3000000000000003,15.944711755195673
776397,2025-09-09,595751,"Alfaro, Jorge",WSH,MIA,2025,MIA,59.044999999999995,26.328112552483596
776397,2025-09-09,605137,"Bell, Josh",WSH,MIA,2025,MIA,157.44500000000002,44.021880644147494
776398,2025-09-09,641355,"Bellinger, Cody",NYY,DET,2025,DET,70.56,28.39867901158431
776398,2025-09-09,665862,"Chisholm Jr., Jazz",NYY,DET,2025,DET,-8.775768947199996,14.132940219657614
776397,2025-09-09,686611,"Crews, Dylan",WSH,MIA,2025,MIA,116.915,36.73399018931885
776397,2025-09-09,671277,"García Jr., Luis",WSH,MIA,2025,MIA,63.647470224,27.155704430453557
776398,2025-09-09,663757,"Grisham, Trent",NYY,DET,2025,DET,31.485000000000014,21.372418969086677
776397,2025-09-09,691781,"House, Brady",WSH,MIA,2025,MIA,182.03,48.442625446317784
776398,2025-09-09,592450,"Judge, Aaron",NYY,DET,2025,DET,91.23500000000001,32.11634827271389
776397,2025-09-09,695734,"Lile, Daylen",WSH,MIA,2025,MIA,148.385,42.392759313756486
776398,2025-09-09,641857,"McMahon, Ryan",NYY,DET,2025,DET,-44.74000000000001,7.666042213120411
776398,2025-09-09,700250,"Rice, Ben",NYY,DET,2025,DET,22.845000000000006,19.818819819574728
776398,2025-09-09,596103,"Slater, Austin",NYY,DET,2025,DET,-22.0,11.755028863572008
776398,2025-09-09,519317,"Stanton, Giancarlo",NYY,DET,2025,DET,-1.3500000000000014,15.46820275679212
776398,2025-09-09,683011,"Volpe, Anthony",NYY,DET,2025,DET,-26.065,11.0240820414926
776398,2025-09-09,669224,"Wells, Austin",NYY,DET,2025,DET,41.865,23.23889572509756
776397,2025-09-09,695578,"Wood, James",WSH,MIA,2025,MIA,202.635,52.14770767730086
776397,2025-09-09,696285,"Young, Jacob",WSH,MIA,2025,MIA,100.645,33.808404753837436
776386,2025-09-10,682928,"Abrams, CJ",WSH,MIA,2025,MIA,4.139370758400002,16.45527240281134
776386,2025-09-10,595751,"Alfaro, Jorge",WSH,MIA,2025,MIA,155.63,43.69551693392015
776386,2025-09-10,605137,"Bell, Josh",WSH,MIA,2025,MIA,154.08499999999998,43.41770319711507
776383,2025-09-10,641355,"Bellinger, Cody",NYY,DET,2025,DET,121.575,37.57192676764359
776383,2025-09-10,676609,"Caballero, José",NYY,DET,2025,DET,73.625,28.94981111728502
776383,2025-09-10,665862,"Chisholm Jr., Jazz",NYY,DET,2025,DET,-57.87,5.305074987068107
776386,2025-09-10,686611,"Crews, Dylan",WSH,MIA,2025,MIA,30.990000000000006,21.28341068447922
776383,2025-09-10,691176,"Domínguez, Jasson",NYY,DET,2025,DET,51.48,24.967814223078747
776386,2025-09-10,671277,"García Jr., Luis",WSH,MIA,2025,MIA,115.16499999999999,36.41931443565613
776383,2025-09-10,663757,"Grisham, Trent",NYY,DET,2025,DET,148.57500000000002,42.42692410986844
776386,2025-09-10,690987,"Hassell III, Robert",WSH,MIA,2025,MIA,83.095,30.652656481391283
776386,2025-09-10,691781,"House, Brady",WSH,MIA,2025,MIA,78.35,29.79943565217436
776383,2025-09-10,592450,"Judge, Aaron",NYY,DET,2025,DET,5.359999999999996,16.67475950369319
776386,2025-09-10,695734,"Lile, Daylen",WSH,MIA,2025,MIA,155.135,43.606508649312694
776383,2025-09-10,641857,"McMahon, Ryan",NYY,DET,2025,DET,61.19500000000001,26.714714192697798
776383,2025-09-10,700250,"Rice, Ben",NYY,DET,2025,DET,30.565000000000005,21.206989430018275
776383,2025-09-10,642708,"Rosario, Amed",NYY,DET,2025,DET,11.194999999999997,17.72397837376289
776383,2025-09-10,596103,"Slater, Austin",NYY,DET,2025,DET,41.375,23.150786514072003
776383,2025-09-10,519317,"Stanton, Giancarlo",NYY,DET,2025,DET,3.593204294399996,16.357063634991622
776383,2025-09-10,669224,"Wells, Austin",NYY,DET,2025,DET,178.08499999999998,47.73325639020381
776386,2025-09-10,695578,"Wood, James",WSH,MIA,2025,MIA,29.5124007328,21.01771659132628
776367,2025-09-11,682928,"Abrams, CJ",WSH,MIA,2025,MIA,43.87500000000001,23.600323305018748
776367,2025-09-11,656180,"Adams, Riley",WSH,MIA,2025,MIA,68.495,28.027361622262298
776367,2025-09-11,605137,"Bell, Josh",WSH,MIA,2025,MIA,8.125000000000004,17.17194719448029
776368,2025-09-11,641355,"Bellinger, Cody",NYY,DET,2025,DET,91.9,32.23592505910572
776368,2025-09-11,676609,"Caballero, José",NYY,DET,2025,DET,127.9,38.70925484873886
776367,2025-09-11,665953,"Chaparro, Andrés",WSH,MIA,2025,MIA,27.369999999999997,20.63248141118833
776368,2025-09-11,665862,"Chisholm Jr., Jazz",NYY,DET,2025,DET,173.235,46.86115501576714
776367,2025-09-11,686611,"Crews, Dylan",WSH,MIA,2025,MIA,27.182018012800004,20.598679483475664
776367,2025-09-11,657557,"DeJong, Paul",WSH,MIA,2025,MIA,103.49499999999998,34.32087669551672
776368,2025-09-11,502671,"Goldschmidt, Paul",NYY,DET,2025,DET,124.405,38.080802414995304
776367,2025-09-11,690987,"Hassell III, Robert",WSH,MIA,2025,MIA,49.885,24.68100975045472
776367,2025-09-11,691781,"House, Brady",WSH,MIA,2025,MIA,3.3900000000000006,16.320524512427152
776368,2025-09-11,592450,"Judge, Aaron",NYY,DET,2025,DET,365.28000000000003,81.39367222271422
776367,2025-09-11,695734,"Lile, Daylen",WSH,MIA,2025,MIA,55.4156117536,25.675495134329
776368,2025-09-11,641857,"McMahon, Ryan",NYY,DET,2025,DET,89.9734993632,31.889511893496152
776367,2025-09-11,683083,"Nuñez, Nasim",WSH,MIA,2025,MIA,52.385,25.130546541401465
776368,2025-09-11,700250,"Rice, Ben",NYY,DET,2025,DET,205.11,52.592749100338146
776368,2025-09-11,596103,"Slater, Austin",NYY,DET,2025,DET,58.768751689599995,26.278439040898927
776368,2025-09-11,519317,"Stanton, Giancarlo",NYY,DET,2025,DET,127.29500000000002,38.60046694532975
776367,2025-09-11,696285,"Young, Jacob",WSH,MIA,2025,MIA,14.235000000000003,18.270615111554132
776351,2025-09-12,682928,"Abrams, CJ",WSH,PIT,2025,PIT,56.31,25.83631930318786
776351,2025-09-12,656180,"Adams, Riley",WSH,PIT,2025,PIT,53.2564175616,25.28724024308799
776351,2025-09-12,595751,"Alfaro, Jorge",WSH,PIT,2025,PIT,-4.709999999999997,14.864025309759699
776351,2025-09-12,605137,"Bell, Josh",WSH,PIT,2025,PIT,126.59,38.47369757028275
776363,2025-09-12,641355,"Bellinger, Cody",NYY,BOS,2025,BOS,103.155,34.25973969194796
776363,2025-09-12,676609,"Caballero, José",NYY,BOS,2025,BOS,91.49000000000001,32.16220102539046
776363,2025-09-12,665862,"Chisholm Jr., Jazz",NYY,BOS,2025,BOS,77.69,29.680757939364426
776351,2025-09-12,686611,"Crews, Dylan",WSH,PIT,2025,PIT,110.625,35.60295562329684
776351,2025-09-12,671277,"García Jr., Luis",WSH,PIT,2025,PIT,29.159999999999997,20.9543497535062
776363,2025-09-12,502671,"Goldschmidt, Paul",NYY,BOS,2025,BOS,28.735,20.877928499045257
776363,2025-09-12,663757,"Grisham, Trent",NYY,BOS,2025,BOS,-7.219999999999999,14.412690371649168
776351,2025-09-12,690987,"Hassell III, Robert",WSH,PIT,2025,PIT,64.82499999999999,27.367441613152472
776351,2025-09-12,691781,"House, Brady",WSH,PIT,2025,PIT,117.34499999999997,36.8113105173617
776363,2025-09-12,592450,"Judge, Aaron",NYY,BOS,2025,BOS,187.86515148479998,49.491871555583835
776351,2025-09-12,695734,"Lile, Daylen",WSH,PIT,2025,PIT,118.01999999999998,36.93268545091732
776363,2025-09-12,641857,"McMahon, Ryan",NYY,BOS,2025,BOS,66.585,27.68391551397898
776363,2025-09-12,700250,"Rice, Ben",NYY,BOS,2025,BOS,99.02000000000001,33.516205839722055
776363,2025-09-12,519317,"Stanton, Giancarlo",NYY,BOS,2025,BOS,103.53999999999999,34.328968357753766
776363,2025-09-12,669224,"Wells, Austin",NYY,BOS,2025,BOS,28.415,20.820387789804073
776351,2025-09-12,695578,"Wood, James",WSH,PIT,2025,PIT,147.385,42.212944597377785
776336,2025-09-13,682928,"Abrams, CJ",WSH,PIT,2025,PIT,1.5699999999999985,15.993261728617922
776336,2025-09-13,595751,"Alfaro, Jorge",WSH,PIT,2025,PIT,101.085,33.887523229044064
776336,2025-09-13,605137,"Bell, Josh",WSH,PIT,2025,PIT,25.54,20.303420480215316
776344,2025-09-13,641355,"Bellinger, Cody",NYY,BOS,2025,BOS,272.485,64.70776561635293
776344,2025-09-13,676609,"Caballero, José",NYY,BOS,2025,BOS,85.66,31.113881228902645
776336,2025-09-13,665953,"Chaparro, Andrés",WSH,PIT,2025,PIT,-2.2849999999999993,15.300075996978041
776344,2025-09-13,665862,"Chisholm Jr., Jazz",NYY,BOS,2025,BOS,262.775,62.96176472031576
776336,2025-09-13,686611,"Crews, Dylan",WSH,PIT,2025,PIT,13.865000000000004,18.204083666494018
776344,2025-09-13,691176,"Domínguez, Jasson",NYY,BOS,2025,BOS,95.05,32.80234141569862
776336,2025-09-13,671277,"García Jr., Luis",WSH,PIT,2025,PIT,-11.668520275199999,13.61278096005919
776344,2025-09-13,502671,"Goldschmidt, Paul",NYY,BOS,2025,BOS,8.604999999999999,17.258258258342064
776344,2025-09-13,663757,"Grisham, Trent",NYY,BOS,2025,BOS,80.10999999999999,30.11590955300087
776336,2025-09-13,690987,"Hassell III, Robert",WSH,PIT,2025,PIT,60.585,26.60502721570679
776336,2025-09-13,691781,"House, Brady",WSH,PIT,2025,PIT,-4.640000000000001,14.876612339906206
776344,2025-09-13,592450,"Judge, Aaron",NYY,BOS,2025,BOS,190.16,49.9045190904766
776336,2025-09-13,695734,"Lile, Daylen",WSH,PIT,2025,PIT,66.44500000000001,27.658741453685963
776344,2025-09-13,641857,"McMahon, Ryan",NYY,BOS,2025,BOS,-20.755000000000006,11.978898185463486
776344,2025-09-13,700250,"Rice, Ben",NYY,BOS,2025,BOS,122.57999999999998,37.75264055760418
776344,2025-09-13,669224,"Wells, Austin",NYY,BOS,2025,BOS,46.62816668479999,24.095383191589335
776336,2025-09-13,695578,"Wood, James",WSH,PIT,2025,PIT,35.662206841599996,22.123542232564137
776320,2025-09-14,682928,"Abrams, CJ",WSH,PIT,2025,PIT,-33.190000000000005,9.742902187294375
776320,2025-09-14,656180,"Adams, Riley",WSH,PIT,2025,PIT,-2.9249999999999923,15.184994578495676
776330,2025-09-14,641355,"Bellinger, Cody",NYY,BOS,2025,BOS,-27.52499999999999,10.761552555579703
776330,2025-09-14,676609,"Caballero, José",NYY,BOS,2025,BOS,110.94499999999998,35.660496332538024
776320,2025-09-14,665953,"Chaparro, Andrés",WSH,PIT,2025,PIT,76.24000000000001,29.420026600615312
776330,2025-09-14,665862,"Chisholm Jr., Jazz",NYY,BOS,2025,BOS,53.230000000000004,25.282489976741466
776320,2025-09-14,657557,"DeJong, Paul",WSH,PIT,2025,PIT,153.995,43.40151987264099
776330,2025-09-14,502671,"Goldschmidt, Paul",NYY,BOS,2025,BOS,165.555,45.480177993978735
776330,2025-09-14,663757,"Grisham, Trent",NYY,BOS,2025,BOS,24.320483241599998,20.084133420184553
776320,2025-09-14,690987,"Hassell III, Robert",WSH,PIT,2025,PIT,3.4050000000000034,16.323221733172833
776330,2025-09-14,592450,"Judge, Aaron",NYY,BOS,2025,BOS,154.6669598688,43.52234814586712
776320,2025-09-14,695734,"Lile, Daylen",WSH,PIT,2025,PIT,207.19,52.96676371040583
776320,2025-09-14,683083,"Nuñez, Nasim",WSH,PIT,2025,PIT,49.910000000000004,24.68550511836419
776330,2025-09-14,700250,"Rice, Ben",NYY,BOS,2025,BOS,78.33,29.795839357846788
776330,2025-09-14,642708,"Rosario, Amed",NYY,BOS,2025,BOS,114.025,36.214325658984414
776330,2025-09-14,596103,"Slater, Austin",NYY,BOS,2025,BOS,-8.3608712736,14.207544927162177
776330,2025-09-14,519317,"Stanton, Giancarlo",NYY,BOS,2025,BOS,17.086631638399993,18.78338044582955
776320,2025-09-14,695578,"Wood, James",WSH,PIT,2025,PIT,-2.8861670175999947,15.191977320212072
776320,2025-09-14,696285,"Young, Jacob",WSH,PIT,2025,PIT,33.55,21.74373635840869
776315,2025-09-15,682928,"Abrams, CJ",WSH,ATL,2025,ATL,129.22,38.94661027435873
776315,2025-09-15,656180,"Adams, Riley",WSH,ATL,2025,ATL,19.835,19.277577523274843
776315,2025-09-15,605137,"Bell, Josh",WSH,ATL,2025,ATL,52.315,25.117959511254963
776313,2025-09-15,641355,"Bellinger, Cody",NYY,MIN,2025,MIN,137.855,40.499310350288795
776313,2025-09-15,676609,"Caballero, José",NYY,MIN,2025,MIN,85.42500000000001,31.071624770553658
776315,2025-09-15,665953,"Chaparro, Andrés",WSH,ATL,2025,ATL,66.585,27.68391551397898
776313,2025-09-15,665862,"Chisholm Jr., Jazz",NYY,MIN,2025,MIN,-41.045,8.330457590139702
776315,2025-09-15,686611,"Crews, Dylan",WSH,ATL,2025,ATL,89.867981392,31.870538209431963
776315,2025-09-15,657557,"DeJong, Paul",WSH,ATL,2025,ATL,25.290395715199992,20.258537956537097
776315,2025-09-15,671277,"García Jr., Luis",WSH,ATL,2025,ATL,87.4356272224,31.4331651342928
776313,2025-09-15,502671,"Goldschmidt, Paul",NYY,MIN,2025,MIN,49.28,24.572221847045604
776313,2025-09-15,663757,"Grisham, Trent",NYY,MIN,2025,MIN,67.475,27.843950611556018
776315,2025-09-15,690987,"Hassell III, Robert",WSH,ATL,2025,ATL,58.875,26.297544050699216
776313,2025-09-15,592450,"Judge, Aaron",NYY,MIN,2025,MIN,117.81,36.894924360477795
776315,2025-09-15,695734,"Lile, Daylen",WSH,ATL,2025,ATL,215.755,54.506876756189385
776313,2025-09-15,641857,"McMahon, Ryan",NYY,MIN,2025,MIN,-2.1449999999999996,15.32525005727106
776313,2025-09-15,700250,"Rice, Ben",NYY,MIN,2025,MIN,5.544999999999995,16.708025226223246
776313,2025-09-15,519317,"Stanton, Giancarlo",NYY,MIN,2025,MIN,-2.8799999999999955,15.193086240732717
776313,2025-09-15,669224,"Wells, Austin",NYY,MIN,2025,MIN,3.7650000000000046,16.387955031069165
776315,2025-09-15,695578,"Wood, James",WSH,ATL,2025,ATL,16.254999999999995,18.633840838639102
777825,2025-09-16,682928,"Abrams, CJ",WSH,ATL,2025,ATL,53.51999999999999,25.33463624449129
776307,2025-09-16,656180,"Adams, Riley",WSH,ATL,2025,ATL,27.419999999999998,20.64147214700727
777825,2025-09-16,595751,"Alfaro, Jorge",WSH,ATL,2025,ATL,98.07000000000002,33.345381859162295
776307,2025-09-16,605137,"Bell, Josh",WSH,ATL,2025,ATL,35.71999999999999,22.13393429295046
776298,2025-09-16,641355,"Bellinger, Cody",NYY,MIN,2025,MIN,86.26,31.221770058729863
776307,2025-09-16,665953,"Chaparro, Andrés",WSH,ATL,2025,ATL,-27.675,10.734580348122897
777825,2025-09-16,665953,"Chaparro, Andrés",WSH,ATL,2025,ATL,81.445,30.355962199366438
776298,2025-09-16,665862,"Chisholm Jr., Jazz",NYY,MIN,2025,MIN,78.2550387328,29.78236021884583
776307,2025-09-16,686611,"Crews, Dylan",WSH,ATL,2025,ATL,99.06,33.523398428377206
777825,2025-09-16,686611,"Crews, Dylan",WSH,ATL,2025,ATL,112.19500000000001,35.8852647280114
776307,2025-09-16,657557,"DeJong, Paul",WSH,ATL,2025,ATL,4.139120912000003,16.455227476751784
776307,2025-09-16,671277,"García Jr., Luis",WSH,ATL,2025,ATL,12.150000000000002,17.895701427904548
777825,2025-09-16,671277,"García Jr., Luis",WSH,ATL,2025,ATL,-10.770000000000003,13.774348128504787
776298,2025-09-16,502671,"Goldschmidt, Paul",NYY,MIN,2025,MIN,25.075000000000006,20.21980663709922
776298,2025-09-16,663757,"Grisham, Trent",NYY,MIN,2025,MIN,197.675,51.25582668406252
777825,2025-09-16,690987,"Hassell III, Robert",WSH,ATL,2025,ATL,3.3550000000000004,16.3142309973539
776307,2025-09-16,691781,"House, Brady",WSH,ATL,2025,ATL,0.7341697887999983,15.842967156250248
777825,2025-09-16,691781,"House, Brady",WSH,ATL,2025,ATL,54.474999999999994,25.50635929863294
776298,2025-09-16,592450,"Judge, Aaron",NYY,MIN,2025,MIN,157.545,44.039862115785354
776307,2025-09-16,695734,"Lile, Daylen",WSH,ATL,2025,ATL,58.17,26.170774675652236
777825,2025-09-16,695734,"Lile, Daylen",WSH,ATL,2025,ATL,148.45,42.4044472703211
776298,2025-09-16,641857,"McMahon, Ryan",NYY,MIN,2025,MIN,20.649999999999995,19.42412651712348
776307,2025-09-16,683083,"Nuñez, Nasim",WSH,ATL,2025,ATL,2.7550000000000097,16.20634216752668
777825,2025-09-16,683083,"Nuñez, Nasim",WSH,ATL,2025,ATL,48.03,24.347453451572235
776298,2025-09-16,700250,"Rice, Ben",NYY,MIN,2025,MIN,143.07999999999998,41.43884224336749
776298,2025-09-16,519317,"Stanton, Giancarlo",NYY,MIN,2025,MIN,127.0075556768,38.54878022587887
776298,2025-09-16,683011,"Volpe, Anthony",NYY,MIN,2025,MIN,247.45000000000002,60.206104191812216
776298,2025-09-16,669224,"Wells, Austin",NYY,MIN,2025,MIN,170.875,46.43679228511341
777825,2025-09-16,695578,"Wood, James",WSH,ATL,2025,ATL,6.686421840000001,16.9132696706513
776307,2025-09-16,696285,"Young, Jacob",WSH,ATL,2025,ATL,2.9349999999999987,16.238708816474844
777825,2025-09-16,696285,"Young, Jacob",WSH,ATL,2025,ATL,13.865000000000002,18.204083666494014
776286,2025-09-17,682928,"Abrams, CJ",WSH,ATL,2025,ATL,74.64,29.132323054409394
776286,2025-09-17,656180,"Adams, Riley",WSH,ATL,2025,ATL,31.974999999999994,21.460528180112238
776286,2025-09-17,605137,"Bell, Josh",WSH,ATL,2025,ATL,58.980000000000004,26.31642459591898
776284,2025-09-17,641355,"Bellinger, Cody",NYY,MIN,2025,MIN,295.515,68.84889853455434
776284,2025-09-17,676609,"Caballero, José",NYY,MIN,2025,MIN,15.674999999999997,18.52954830313946
776284,2025-09-17,665862,"Chisholm Jr., Jazz",NYY,MIN,2025,MIN,59.08,26.33440606755685
776286,2025-09-17,686611,"Crews, Dylan",WSH,ATL,2025,ATL,118.14500000000001,36.955162290464656
776284,2025-09-17,691176,"Domínguez, Jasson",NYY,MIN,2025,MIN,101.74499999999998,34.006200941854
776286,2025-09-17,671277,"García Jr., Luis",WSH,ATL,2025,ATL,93.35499999999999,32.497555471436726
776284,2025-09-17,502671,"Goldschmidt, Paul",NYY,MIN,2025,MIN,126.545,38.46560590804572
776284,2025-09-17,663757,"Grisham, Trent",NYY,MIN,2025,MIN,253.05,61.21306660353293
776286,2025-09-17,690987,"Hassell III, Robert",WSH,ATL,2025,ATL,107.98,35.12734569847519
776286,2025-09-17,691781,"House, Brady",WSH,ATL,2025,ATL,68.125,27.96083017720218
776284,2025-09-17,592450,"Judge, Aaron",NYY,MIN,2025,MIN,191.625,50.16794764997139
776286,2025-09-17,695734,"Lile, Daylen",WSH,ATL,2025,ATL,-7.439999999999997,14.373131134045853
776284,2025-09-17,641857,"McMahon, Ryan",NYY,MIN,2025,MIN,-8.424201491200002,14.196157222046232
776284,2025-09-17,700250,"Rice, Ben",NYY,MIN,2025,MIN,73.23,28.87878430431543
776284,2025-09-17,669224,"Wells, Austin",NYY,MIN,2025,MIN,1.3657641599999977,15.956537118973957
776286,2025-09-17,695578,"Wood, James",WSH,ATL,2025,ATL,105.27000000000001,34.64004781708891
776278,2025-09-18,641355,"Bellinger, Cody",NYY,BAL,2025,BAL,120.0430410048,37.2964579954179
776278,2025-09-18,676609,"Caballero, José",NYY,BAL,2025,BAL,109.6,35.41864553900867
776278,2025-09-18,665862,"Chisholm Jr., Jazz",NYY,BAL,2025,BAL,35.355000000000004,22.068301921472237
776278,2025-09-18,691176,"Domínguez, Jasson",NYY,BAL,2025,BAL,9.780000000000001,17.469540550087036
776278,2025-09-18,502671,"Goldschmidt, Paul",NYY,BAL,2025,BAL,127.965,38.720942805303466
776278,2025-09-18,663757,"Grisham, Trent",NYY,BAL,2025,BAL,30.6450497888,21.22138356008752
776278,2025-09-18,592450,"Judge, Aaron",NYY,BAL,2025,BAL,111.89,35.8304212395159
776278,2025-09-18,642708,"Rosario, Amed",NYY,BAL,2025,BAL,65.795,27.541861888039808
776278,2025-09-18,519317,"Stanton, Giancarlo",NYY,BAL,2025,BAL,50.15500000000001,24.729559723876974
776278,2025-09-18,683011,"Volpe, Anthony",NYY,BAL,2025,BAL,68.87500000000001,28.0956912144862
776278,2025-09-18,669224,"Wells, Austin",NYY,BAL,2025,BAL,197.43,51.211772078549735
776259,2025-09-19,682928,"Abrams, CJ",WSH,NYM,2025,NYM,187.735,49.46846840325826
776259,2025-09-19,656180,"Adams, Riley",WSH,NYM,2025,NYM,3.0749999999999957,16.263882876767862
776259,2025-09-19,595751,"Alfaro, Jorge",WSH,NYM,2025,NYM,33.89,21.804873361977446
776259,2025-09-19,605137,"Bell, Josh",WSH,NYM,2025,NYM,76.94,29.545896902080397
776273,2025-09-19,641355,"Bellinger, Cody",NYY,BAL,2025,BAL,4.0255966335999975,16.434814140829193
776273,2025-09-19,665862,"Chisholm Jr., Jazz",NYY,BAL,2025,BAL,109.73500000000001,35.442920525719806
776259,2025-09-19,686611,"Crews, Dylan",WSH,NYM,2025,NYM,16.809999999999995,18.73363800622928
776259,2025-09-19,657557,"DeJong, Paul",WSH,NYM,2025,NYM,37.49,22.45220634094076
776259,2025-09-19,671277,"García Jr., Luis",WSH,NYM,2025,NYM,-8.635000000000005,14.158252547973307
776273,2025-09-19,502671,"Goldschmidt, Paul",NYY,BAL,2025,BAL,57.298261270400005,26.014023223232886
776259,2025-09-19,690987,"Hassell III, Robert",WSH,NYM,2025,NYM,65.59500000000001,27.505898944764073
776273,2025-09-19,592450,"Judge, Aaron",NYY,BAL,2025,BAL,77.85,29.70952829398501
776259,2025-09-19,695734,"Lile, Daylen",WSH,NYM,2025,NYM,99.56499999999998,33.61420486014844
776259,2025-09-19,683083,"Nuñez, Nasim",WSH,NYM,2025,NYM,38.405,22.61673680642727
776273,2025-09-19,700250,"Rice, Ben",NYY,BAL,2025,BAL,47.7,24.28811459516727
776273,2025-09-19,642708,"Rosario, Amed",NYY,BAL,2025,BAL,-38.629999999999995,8.764710130194258
776273,2025-09-19,596103,"Slater, Austin",NYY,BAL,2025,BAL,-18.47,12.389774812388813
776273,2025-09-19,519317,"Stanton, Giancarlo",NYY,BAL,2025,BAL,72.545,28.755611223596024
776273,2025-09-19,683011,"Volpe, Anthony",NYY,BAL,2025,BAL,57.2757040608,26.00996710498637
776273,2025-09-19,669224,"Wells, Austin",NYY,BAL,2025,BAL,63.875,27.196617632592712
776259,2025-09-19,695578,"Wood, James",WSH,NYM,2025,NYM,1.139999999999994,15.91594140057508
776259,2025-09-19,696285,"Young, Jacob",WSH,NYM,2025,NYM,79.405,29.98914017795389
776252,2025-09-20,682928,"Abrams, CJ",WSH,NYM,2025,NYM,20.62081312,19.4188782865743
776252,2025-09-20,656180,"Adams, Riley",WSH,NYM,2025,NYM,96.11,32.992945015060045
776252,2025-09-20,605137,"Bell, Josh",WSH,NYM,2025,NYM,-2.174999999999997,15.319855615779698
776257,2025-09-20,641355,"Bellinger, Cody",NYY,BAL,2025,BAL,46.644999999999996,24.09841006938774
776252,2025-09-20,665953,"Chaparro, Andrés",WSH,NYM,2025,NYM,18.745000000000005,19.08157948242206
776257,2025-09-20,665862,"Chisholm Jr., Jazz",NYY,BAL,2025,BAL,24.391351023999995,20.096876490377195
776252,2025-09-20,686611,"Crews, Dylan",WSH,NYM,2025,NYM,125.21,38.225553261680155
776257,2025-09-20,502671,"Goldschmidt, Paul",NYY,BAL,2025,BAL,82.505,30.546565798727855
776257,2025-09-20,663757,"Grisham, Trent",NYY,BAL,2025,BAL,70.35,28.360917921144775
776252,2025-09-20,690987,"Hassell III, Robert",WSH,NYM,2025,NYM,40.085,22.91882552994348
776252,2025-09-20,691781,"House, Brady",WSH,NYM,2025,NYM,49.239999999999995,24.56502925839046
776257,2025-09-20,592450,"Judge, Aaron",NYY,BAL,2025,BAL,209.22000000000003,53.33178758465459
776252,2025-09-20,695734,"Lile, Daylen",WSH,NYM,2025,NYM,171.24,46.502424656591636
776257,2025-09-20,641857,"McMahon, Ryan",NYY,BAL,2025,BAL,-21.9436584416,11.76515990491604
776252,2025-09-20,683083,"Nuñez, Nasim",WSH,NYM,2025,NYM,60.71000000000001,26.627504055254125
776257,2025-09-20,700250,"Rice, Ben",NYY,BAL,2025,BAL,62.69000000000001,26.983537193683954
776257,2025-09-20,519317,"Stanton, Giancarlo",NYY,BAL,2025,BAL,177.09,47.55434074740702
776257,2025-09-20,683011,"Volpe, Anthony",NYY,BAL,2025,BAL,116.44500000000001,36.64947727262087
776252,2025-09-20,695578,"Wood, James",WSH,NYM,2025,NYM,122.01,37.650146169268325
776237,2025-09-21,595751,"Alfaro, Jorge",WSH,NYM,2025,NYM,133.4834299456,39.71323772082725
776237,2025-09-21,605137,"Bell, Josh",WSH,NYM,2025,NYM,54.48500000000001,25.50815744579673
776240,2025-09-21,641355,"Bellinger, Cody",NYY,BAL,2025,BAL,74.88,29.17547858634028
776240,2025-09-21,676609,"Caballero, José",NYY,BAL,2025,BAL,88.59,31.640738347892228
776237,2025-09-21,665953,"Chaparro, Andrés",WSH,NYM,2025,NYM,-0.134999999999998,15.686677637192242
776240,2025-09-21,665862,"Chisholm Jr., Jazz",NYY,BAL,2025,BAL,154.77499999999998,43.54177535141636
776237,2025-09-21,686611,"Crews, Dylan",WSH,NYM,2025,NYM,49.315,24.578515362118868
776237,2025-09-21,657557,"DeJong, Paul",WSH,NYM,2025,NYM,17.337523145600006,18.828494431038546
776240,2025-09-21,691176,"Domínguez, Jasson",NYY,BAL,2025,BAL,121.065,37.480221262290456
776240,2025-09-21,502671,"Goldschmidt, Paul",NYY,BAL,2025,BAL,77.69,29.680757939364426
776240,2025-09-21,663757,"Grisham, Trent",NYY,BAL,2025,BAL,78.098619568,29.75423375109113
776237,2025-09-21,690987,"Hassell III, Robert",WSH,NYM,2025,NYM,9.349999999999994,17.39222022204419
776237,2025-09-21,691781,"House, Brady",WSH,NYM,2025,NYM,41.610531625600004,23.193138566527484
776240,2025-09-21,592450,"Judge, Aaron",NYY,BAL,2025,BAL,115.9291518816,36.556720189516284
776237,2025-09-21,695734,"Lile, Daylen",WSH,NYM,2025,NYM,23.294999999999998,19.89973644194514
776240,2025-09-21,641857,"McMahon, Ryan",NYY,BAL,2025,BAL,12.970000000000002,18.043149495335083
776237,2025-09-21,683083,"Nuñez, Nasim",WSH,NYM,2025,NYM,190.045,49.88384039809304
776240,2025-09-21,700250,"Rice, Ben",NYY,BAL,2025,BAL,363.82,81.13114273680131
776240,2025-09-21,596103,"Slater, Austin",NYY,BAL,2025,BAL,21.32,19.544602377097213
776240,2025-09-21,519317,"Stanton, Giancarlo",NYY,BAL,2025,BAL,53.0,25.24113259197437
776240,2025-09-21,683011,"Volpe, Anthony",NYY,BAL,2025,BAL,30.610000000000007,21.215081092255314
776240,2025-09-21,669224,"Wells, Austin",NYY,BAL,2025,BAL,-12.284999999999997,13.50192883319106
776237,2025-09-21,695578,"Wood, James",WSH,NYM,2025,NYM,59.770141443199996,26.45850365542704
776237,2025-09-21,696285,"Young, Jacob",WSH,NYM,2025,NYM,29.945,21.095504305863482
776221,2025-09-22,682928,"Abrams, CJ",WSH,ATL,2025,ATL,12.239201696000002,17.911741205571285
776221,2025-09-22,656180,"Adams, Riley",WSH,ATL,2025,ATL,40.555,23.003338446641468
776221,2025-09-22,665953,"Chaparro, Andrés",WSH,ATL,2025,ATL,178.755,47.85373225017755
776221,2025-09-22,686611,"Crews, Dylan",WSH,ATL,2025,ATL,150.865,42.838699810375665
776221,2025-09-22,657557,"DeJong, Paul",WSH,ATL,2025,ATL,76.29,29.429017336434242
776221,2025-09-22,690987,"Hassell III, Robert",WSH,ATL,2025,ATL,-10.280000000000003,13.862457339530348
776221,2025-09-22,691781,"House, Brady",WSH,ATL,2025,ATL,58.90999999999999,26.30383756577247
776221,2025-09-22,683083,"Nuñez, Nasim",WSH,ATL,2025,ATL,246.62499999999997,60.05775705079978
776221,2025-09-22,696285,"Young, Jacob",WSH,ATL,2025,ATL,38.675000000000004,22.665286779849513
776219,2025-09-23,682928,"Abrams, CJ",WSH,ATL,2025,ATL,48.34,24.40319601364963
776219,2025-09-23,656180,"Adams, Riley",WSH,ATL,2025,ATL,-12.162476518400009,13.523960358284693
776219,2025-09-23,605137,"Bell, Josh",WSH,ATL,2025,ATL,46.22,24.02198881492679
776216,2025-09-23,641355,"Bellinger, Cody",NYY,CWS,2025,CWS,96.8535516736,33.126646548361336
776216,2025-09-23,676609,"Caballero, José",NYY,CWS,2025,CWS,174.64499999999998,47.1146937658611
776216,2025-09-23,665862,"Chisholm Jr., Jazz",NYY,CWS,2025,CWS,155.345,43.644269739752225
776219,2025-09-23,686611,"Crews, Dylan",WSH,ATL,2025,ATL,34.989999999999995,22.00266954999401
776219,2025-09-23,671277,"García Jr., Luis",WSH,ATL,2025,ATL,-2.4200000000000004,15.275801010266918
776216,2025-09-23,663757,"Grisham, Trent",NYY,CWS,2025,CWS,99.58500000000001,33.61780115447602
776219,2025-09-23,690987,"Hassell III, Robert",WSH,ATL,2025,ATL,6.27,16.8383908955978
776219,2025-09-23,691781,"House, Brady",WSH,ATL,2025,ATL,91.85999999999999,32.22873247045057
776216,2025-09-23,592450,"Judge, Aaron",NYY,CWS,2025,CWS,191.98000000000002,50.23178187428583
776219,2025-09-23,695734,"Lile, Daylen",WSH,ATL,2025,ATL,30.17,21.13596261704869
776216,2025-09-23,641857,"McMahon, Ryan",NYY,CWS,2025,CWS,21.855,19.640803250359813
776219,2025-09-23,683083,"Nuñez, Nasim",WSH,ATL,2025,ATL,50.832971248,24.851468931549
776216,2025-09-23,700250,"Rice, Ben",NYY,CWS,2025,CWS,89.2008592448,31.75057982974325
776216,2025-09-23,642708,"Rosario, Amed",NYY,CWS,2025,CWS,37.965,22.537618331220642
776216,2025-09-23,519317,"Stanton, Giancarlo",NYY,CWS,2025,CWS,-2.253650188799995,15.305713154387496
776216,2025-09-23,683011,"Volpe, Anthony",NYY,CWS,2025,CWS,51.475,24.966915149496852
776216,2025-09-23,669224,"Wells, Austin",NYY,CWS,2025,CWS,148.18,42.35589729689885
776219,2025-09-23,695578,"Wood, James",WSH,ATL,2025,ATL,217.57,54.83324046641671
776219,2025-09-23,696285,"Young, Jacob",WSH,ATL,2025,ATL,32.732627523199994,21.596760758317142
776200,2025-09-24,682928,"Abrams, CJ",WSH,ATL,2025,ATL,48.7,24.467929311545962
776200,2025-09-24,595751,"Alfaro, Jorge",WSH,ATL,2025,ATL,-40.7927945824,8.375807835774618
776200,2025-09-24,605137,"Bell, Josh",WSH,ATL,2025,ATL,164.58,45.3048586455095
776199,2025-09-24,641355,"Bellinger, Cody",NYY,CWS,2025,CWS,130.065,39.098553709698734
776199,2025-09-24,665862,"Chisholm Jr., Jazz",NYY,CWS,2025,CWS,36.19499999999999,22.219346283230344
776200,2025-09-24,686611,"Crews, Dylan",WSH,ATL,2025,ATL,17.515,18.860407381276264
776200,2025-09-24,657557,"DeJong, Paul",WSH,ATL,2025,ATL,14.5765602432,18.332032669811383
776200,2025-09-24,671277,"García Jr., Luis",WSH,ATL,2025,ATL,12.485000000000001,17.955939357891413
776199,2025-09-24,502671,"Goldschmidt, Paul",NYY,CWS,2025,CWS,95.13499999999999,32.817625666590814
776199,2025-09-24,663757,"Grisham, Trent",NYY,CWS,2025,CWS,210.35999999999999,53.5367763613263
776200,2025-09-24,690987,"Hassell III, Robert",WSH,ATL,2025,ATL,26.770000000000003,20.524592581361116
776199,2025-09-24,592450,"Judge, Aaron",NYY,CWS,2025,CWS,335.560740816,76.04971206155824
776200,2025-09-24,695734,"Lile, Daylen",WSH,ATL,2025,ATL,127.03999999999999,38.55461419265317
776199,2025-09-24,641857,"McMahon, Ryan",NYY,CWS,2025,CWS,43.004999999999995,23.44388450176928
776199,2025-09-24,700250,"Rice, Ben",NYY,CWS,2025,CWS,175.07624280000002,47.192237567633455
776199,2025-09-24,519317,"Stanton, Giancarlo",NYY,CWS,2025,CWS,69.33000000000001,28.177506910438506
776199,2025-09-24,683011,"Volpe, Anthony",NYY,CWS,2025,CWS,73.12,28.859004685513774
776200,2025-09-24,695578,"Wood, James",WSH,ATL,2025,ATL,220.045,55.278281889453986
776184,2025-09-25,641355,"Bellinger, Cody",NYY,CWS,2025,CWS,248.29,60.35714855357032
776184,2025-09-25,665862,"Chisholm Jr., Jazz",NYY,CWS,2025,CWS,35.182893312000004,22.037354606182642
776184,2025-09-25,502671,"Goldschmidt, Paul",NYY,CWS,2025,CWS,10.225,17.549558098875554
776184,2025-09-25,663757,"Grisham, Trent",NYY,CWS,2025,CWS,87.27000000000001,31.40338292227235
776184,2025-09-25,592450,"Judge, Aaron",NYY,CWS,2025,CWS,187.22,49.375863824323226
776184,2025-09-25,641857,"McMahon, Ryan",NYY,CWS,2025,CWS,151.04500000000002,42.87106645932383
776184,2025-09-25,700250,"Rice, Ben",NYY,CWS,2025,CWS,205.8,52.71682125463945
776184,2025-09-25,519317,"Stanton, Giancarlo",NYY,CWS,2025,CWS,123.975,38.00348208695246
776184,2025-09-25,683011,"Volpe, Anthony",NYY,CWS,2025,CWS,30.88,21.26363106567756
776184,2025-09-25,669224,"Wells, Austin",NYY,CWS,2025,CWS,113.05479333440002,36.03986822258084
776165,2025-09-26,682928,"Abrams, CJ",WSH,CWS,2025,CWS,163.575,45.124144855548906
776165,2025-09-26,656180,"Adams, Riley",WSH,CWS,2025,CWS,59.254999999999995,26.365873642923127
776165,2025-09-26,605137,"Bell, Josh",WSH,CWS,2025,CWS,154.57999999999998,43.50671148172252
776174,2025-09-26,641355,"Bellinger, Cody",NYY,BAL,2025,BAL,224.15,56.01642130018855
776174,2025-09-26,676609,"Caballero, José",NYY,BAL,2025,BAL,24.554999999999996,20.1263029845823
776165,2025-09-26,665953,"Chaparro, Andrés",WSH,CWS,2025,CWS,32.285000000000004,21.516270742189636
776174,2025-09-26,665862,"Chisholm Jr., Jazz",NYY,BAL,2025,BAL,1.7300000000000022,16.022032083238518
776165,2025-09-26,686611,"Crews, Dylan",WSH,CWS,2025,CWS,10.350000000000001,17.57203493842289
776165,2025-09-26,657557,"DeJong, Paul",WSH,CWS,2025,CWS,6.439501750399998,16.868869804771673
776165,2025-09-26,671277,"García Jr., Luis",WSH,CWS,2025,CWS,304.125,70.39710324257493
776174,2025-09-26,502671,"Goldschmidt, Paul",NYY,BAL,2025,BAL,29.669317359999997,21.04593251014135
776174,2025-09-26,663757,"Grisham, Trent",NYY,BAL,2025,BAL,104.54499999999999,34.50968214771436
776165,2025-09-26,690987,"Hassell III, Robert",WSH,CWS,2025,CWS,139.905,40.86793051886512
776174,2025-09-26,592450,"Judge, Aaron",NYY,BAL,2025,BAL,134.015,39.80882183939459
776165,2025-09-26,695734,"Lile, Daylen",WSH,CWS,2025,CWS,144.70999999999998,41.73194023106477
776165,2025-09-26,683083,"Nuñez, Nasim",WSH,CWS,2025,CWS,56.13500000000001,25.804851727821585
776174,2025-09-26,642708,"Rosario, Amed",NYY,BAL,2025,BAL,-0.3249999999999984,15.652512841080288
776174,2025-09-26,596103,"Slater, Austin",NYY,BAL,2025,BAL,-1.0249999999999986,15.526642539615201
776174,2025-09-26,519317,"Stanton, Giancarlo",NYY,BAL,2025,BAL,275.255,65.20585238072192
776174,2025-09-26,683011,"Volpe, Anthony",NYY,BAL,2025,BAL,126.66,38.486284600429265
776174,2025-09-26,669224,"Wells, Austin",NYY,BAL,2025,BAL,36.120013107199995,22.20586253636939
776165,2025-09-26,695578,"Wood, James",WSH,CWS,2025,CWS,26.734999999999992,20.51829906628786
776160,2025-09-27,682928,"Abrams, CJ",WSH,CWS,2025,CWS,-28.131349558399997,10.652521981709656
776160,2025-09-27,595751,"Alfaro, Jorge",WSH,CWS,2025,CWS,37.81,22.509747050181943
776160,2025-09-27,605137,"Bell, Josh",WSH,CWS,2025,CWS,185.905,49.139407472285235
776162,2025-09-27,641355,"Bellinger, Cody",NYY,BAL,2025,BAL,59.91999999999999,26.485450429314948
776162,2025-09-27,676609,"Caballero, José",NYY,BAL,2025,BAL,1.2949999999999982,15.943812681613782
776162,2025-09-27,665862,"Chisholm Jr., Jazz",NYY,BAL,2025,BAL,31.745000000000005,21.41917079534514
776160,2025-09-27,671277,"García Jr., Luis",WSH,CWS,2025,CWS,108.52000000000001,35.22444564531968
776162,2025-09-27,502671,"Goldschmidt, Paul",NYY,BAL,2025,BAL,90.33999999999999,31.95541410155495
776162,2025-09-27,663757,"Grisham, Trent",NYY,BAL,2025,BAL,41.67500000000001,23.204730928985615
776160,2025-09-27,691781,"House, Brady",WSH,CWS,2025,CWS,44.51499999999999,23.715404723501113
776162,2025-09-27,592450,"Judge, Aaron",NYY,BAL,2025,BAL,197.98000000000002,51.31067017255803
776160,2025-09-27,695734,"Lile, Daylen",WSH,CWS,2025,CWS,170.12,46.30103217424749
776162,2025-09-27,641857,"McMahon, Ryan",NYY,BAL,2025,BAL,154.145,43.42849208009778
776160,2025-09-27,683083,"Nuñez, Nasim",WSH,CWS,2025,CWS,32.2824008192,21.515803371231264
776162,2025-09-27,700250,"Rice, Ben",NYY,BAL,2025,BAL,55.76500000000001,25.738320282761467
776162,2025-09-27,519317,"Stanton, Giancarlo",NYY,BAL,2025,BAL,216.875,54.708269238533525
776162,2025-09-27,683011,"Volpe, Anthony",NYY,BAL,2025,BAL,15.845000000000006,18.56011680492384
776160,2025-09-27,695578,"Wood, James",WSH,CWS,2025,CWS,251.81,60.99009635522334
776160,2025-09-27,696285,"Young, Jacob",WSH,CWS,2025,CWS,270.145,64.28699918002677
776143,2025-09-28,682928,"Abrams, CJ",WSH,CWS,2025,CWS,16.970000000000002,18.76240836084987
776143,2025-09-28,656180,"Adams, Riley",WSH,CWS,2025,CWS,-11.442999929600006,13.65333283704088
776143,2025-09-28,605137,"Bell, Josh",WSH,CWS,2025,CWS,8.820000000000002,17.296918422363486
776140,2025-09-28,641355,"Bellinger, Cody",NYY,BAL,2025,BAL,26.335,20.44637317973638
776140,2025-09-28,676609,"Caballero, José",NYY,BAL,2025,BAL,16.364999999999995,18.65362045744076
776143,2025-09-28,665953,"Chaparro, Andrés",WSH,CWS,2025,CWS,-3.465,15.087894631651178
776140,2025-09-28,665862,"Chisholm Jr., Jazz",NYY,BAL,2025,BAL,-23.880000000000003,11.416977196780055
776143,2025-09-28,686611,"Crews, Dylan",WSH,CWS,2025,CWS,-52.9251958016,6.194223551551599
776143,2025-09-28,671277,"García Jr., Luis",WSH,CWS,2025,CWS,2.924999999999997,16.236910669311058
776140,2025-09-28,663757,"Grisham, Trent",NYY,BAL,2025,BAL,51.055,24.891392968617797
776143,2025-09-28,690987,"Hassell III, Robert",WSH,CWS,2025,CWS,-5.590000000000003,14.705788359346444
776143,2025-09-28,691781,"House, Brady",WSH,CWS,2025,CWS,27.340000000000007,20.627086969696972
776140,2025-09-28,592450,"Judge, Aaron",NYY,BAL,2025,BAL,94.28651064,32.66505479297207
776143,2025-09-28,695734,"Lile, Daylen",WSH,CWS,2025,CWS,30.740000000000002,21.238457005384547
776140,2025-09-28,641857,"McMahon, Ryan",NYY,BAL,2025,BAL,29.900000000000002,21.08741264362644
776143,2025-09-28,683083,"Nuñez, Nasim",WSH,CWS,2025,CWS,4.940000000000001,16.599237322814133
776140,2025-09-28,700250,"Rice, Ben",NYY,BAL,2025,BAL,251.845,60.99638987029658
776140,2025-09-28,519317,"Stanton, Giancarlo",NYY,BAL,2025,BAL,121.52000000000001,37.562036958242764
776140,2025-09-28,683011,"Volpe, Anthony",NYY,BAL,2025,BAL,68.0,27.938353337654842
776140,2025-09-28,669224,"Wells, Austin",NYY,BAL,2025,BAL,-62.38891686400001,4.49250723282903
776143,2025-09-28,695578,"Wood, James",WSH,CWS,2025,CWS,-50.49000000000001,6.632107593942897
776143,2025-09-28,696285,"Young, Jacob",WSH,CWS,2025,CWS,15.830000000000002,18.557419584178156
823244,2026-03-25,641355,"Bellinger, Cody",NYY,SF,2026,SF,37.74,22.49716002003543
823244,2026-03-25,676609,"Caballero, José",NYY,SF,2026,SF,17.710000000000004,18.89547125097011
823244,2026-03-25,665862,"Chisholm Jr., Jazz",NYY,SF,2026,SF,60.335,26.560073536612116
823244,2026-03-25,663757,"Grisham, Trent",NYY,SF,2026,SF,88.07000000000001,31.54723469537531
823244,2026-03-25,592450,"Judge, Aaron",NYY,SF,2026,SF,-41.64000000000001,8.223467833894375
823244,2026-03-25,641857,"McMahon, Ryan",NYY,SF,2026,SF,42.91375932160001,23.427478085060585
823244,2026-03-25,700250,"Rice, Ben",NYY,SF,2026,SF,55.89,25.760797122308805
823244,2026-03-25,519317,"Stanton, Giancarlo",NYY,SF,2026,SF,57.218905097599986,25.999753815527953
823244,2026-03-25,669224,"Wells, Austin",NYY,SF,2026,SF,90.33,31.953615954391168
824704,2026-03-26,682928,"Abrams, CJ",WSH,CHC,2026,CHC,17.940000000000005,18.936828635737214
824704,2026-03-26,665953,"Chaparro, Andrés",WSH,CHC,2026,CHC,86.86500000000001,31.330557962138982
824704,2026-03-26,671277,"García Jr., Luis",WSH,CHC,2026,CHC,7.859999999999999,17.124296294639933
824704,2026-03-26,691781,"House, Brady",WSH,CHC,2026,CHC,145.225,41.8245448099998
824704,2026-03-26,695734,"Lile, Daylen",WSH,CHC,2026,CHC,53.220000000000006,25.280691829577684
824704,2026-03-26,683083,"Nuñez, Nasim",WSH,CHC,2026,CHC,86.94500000000001,31.344943139449278
824704,2026-03-26,660688,"Ruiz, Keibert",WSH,CHC,2026,CHC,63.30500000000001,27.094123244256853
824704,2026-03-26,686894,"Wiemer, Joey",WSH,CHC,2026,CHC,230.22,57.10789662860725
824704,2026-03-26,695578,"Wood, James",WSH,CHC,2026,CHC,-37.9598551584,8.88521203481921
824704,2026-03-26,696285,"Young, Jacob",WSH,CHC,2026,CHC,161.5788550016,44.76520860881086
823243,2026-03-27,641355,"Bellinger, Cody",NYY,SF,2026,SF,116.75999999999999,36.70611890828016
823243,2026-03-27,676609,"Caballero, José",NYY,SF,2026,SF,178.62,47.82945726346642
823243,2026-03-27,665862,"Chisholm Jr., Jazz",NYY,SF,2026,SF,93.99000000000001,32.611737816337204
823243,2026-03-27,502671,"Goldschmidt, Paul",NYY,SF,2026,SF,116.10896645760002,36.58905349650048
823243,2026-03-27,545341,"Grichuk, Randal",NYY,SF,2026,SF,51.07,24.894090189363478
823243,2026-03-27,663757,"Grisham, Trent",NYY,SF,2026,SF,79.39,29.986442957208208
823243,2026-03-27,592450,"Judge, Aaron",NYY,SF,2026,SF,88.67458179840001,31.65594739998233
823243,2026-03-27,641857,"McMahon, Ryan",NYY,SF,2026,SF,33.8280904928,21.79374112149913
823243,2026-03-27,642708,"Rosario, Amed",NYY,SF,2026,SF,17.964999999999993,18.941324003646677
823243,2026-03-27,519317,"Stanton, Giancarlo",NYY,SF,2026,SF,129.33499999999998,38.96728896674229
823243,2026-03-27,669224,"Wells, Austin",NYY,SF,2026,SF,-21.184999999999995,11.90157785742065
823241,2026-03-28,641355,"Bellinger, Cody",NYY,SF,2026,SF,197.32,51.19199245974808
823241,2026-03-28,676609,"Caballero, José",NYY,SF,2026,SF,-14.305000000000005,13.138703106106089
824701,2026-03-28,665953,"Chaparro, Andrés",WSH,CHC,2026,CHC,65.305,27.453752677014247
823241,2026-03-28,665862,"Chisholm Jr., Jazz",NYY,SF,2026,SF,24.18,20.058872465940286
824701,2026-03-28,671277,"García Jr., Luis",WSH,CHC,2026,CHC,42.535000000000004,23.359371585071294
823241,2026-03-28,663757,"Grisham, Trent",NYY,SF,2026,SF,84.475,30.900800789993887
824701,2026-03-28,691781,"House, Brady",WSH,CHC,2026,CHC,74.095,29.034324033983
823241,2026-03-28,592450,"Judge, Aaron",NYY,SF,2026,SF,141.76500000000001,41.2023858913295
824701,2026-03-28,695734,"Lile, Daylen",WSH,CHC,2026,CHC,75.43,29.274376680348567
823241,2026-03-28,641857,"McMahon, Ryan",NYY,SF,2026,SF,11.260000000000002,17.735666330327508
824701,2026-03-28,686452,"Millas, Drew",WSH,CHC,2026,CHC,40.92000000000001,23.068970818119695
824701,2026-03-28,683083,"Nuñez, Nasim",WSH,CHC,2026,CHC,48.464999999999996,24.425672853196968
823241,2026-03-28,700250,"Rice, Ben",NYY,SF,2026,SF,125.09,38.20397549571471
823241,2026-03-28,519317,"Stanton, Giancarlo",NYY,SF,2026,SF,95.935,32.96147743969377
824701,2026-03-28,677588,"Tena, José",WSH,CHC,2026,CHC,-24.635000000000005,11.281217085914138
824701,2026-03-28,678391,"Vivas, Jorbit",WSH,CHC,2026,CHC,17.154999999999998,18.795674083379932
823241,2026-03-28,669224,"Wells, Austin",NYY,SF,2026,SF,-37.050496624000004,9.048728081768893
824701,2026-03-28,695578,"Wood, James",WSH,CHC,2026,CHC,98.94,33.50182066241176
824701,2026-03-28,696285,"Young, Jacob",WSH,CHC,2026,CHC,15.435000000000006,18.48639277120857
824700,2026-03-29,682928,"Abrams, CJ",WSH,CHC,2026,CHC,7.656968150399998,17.08778818018827
824700,2026-03-29,665953,"Chaparro, Andrés",WSH,CHC,2026,CHC,-39.085,8.68289443424195
824700,2026-03-29,671277,"García Jr., Luis",WSH,CHC,2026,CHC,34.690000000000005,21.948725135080405
824700,2026-03-29,691781,"House, Brady",WSH,CHC,2026,CHC,96.51,33.06487090161152
824700,2026-03-29,695734,"Lile, Daylen",WSH,CHC,2026,CHC,135.4630179936,40.06919678422503
824700,2026-03-29,683083,"Nuñez, Nasim",WSH,CHC,2026,CHC,94.34,32.674672967069746
824700,2026-03-29,660688,"Ruiz, Keibert",WSH,CHC,2026,CHC,165.83,45.529627040982874
824700,2026-03-29,686894,"Wiemer, Joey",WSH,CHC,2026,CHC,315.385,72.42181694899908
824700,2026-03-29,695578,"Wood, James",WSH,CHC,2026,CHC,29.48084877440001,21.012043084875394
824700,2026-03-29,696285,"Young, Jacob",WSH,CHC,2026,CHC,111.42,35.74590832281791
823484,2026-03-30,682928,"Abrams, CJ",WSH,PHI,2026,PHI,167.645,45.855990751210214
823159,2026-03-30,641355,"Bellinger, Cody",NYY,SEA,2026,SEA,27.09,20.582133290602297
823159,2026-03-30,676609,"Caballero, José",NYY,SEA,2026,SEA,118.35500000000002,36.99292338090419
823159,2026-03-30,665862,"Chisholm Jr., Jazz",NYY,SEA,2026,SEA,167.94,45.909036092541925
823484,2026-03-30,671277,"García Jr., Luis",WSH,PHI,2026,PHI,191.865,50.21110318190228
823159,2026-03-30,663757,"Grisham, Trent",NYY,SEA,2026,SEA,-27.720000000000002,10.726488685885855
823484,2026-03-30,691781,"House, Brady",WSH,PHI,2026,PHI,78.6178241472,29.847594375242497
823159,2026-03-30,592450,"Judge, Aaron",NYY,SEA,2026,SEA,76.84,29.527915430442526
823484,2026-03-30,695734,"Lile, Daylen",WSH,PHI,2026,PHI,127.19500000000001,38.582485473691875
823159,2026-03-30,641857,"McMahon, Ryan",NYY,SEA,2026,SEA,17.880136086400004,18.926064223091906
823484,2026-03-30,686452,"Millas, Drew",WSH,PHI,2026,PHI,99.345,33.57464562254513
823159,2026-03-30,700250,"Rice, Ben",NYY,SEA,2026,SEA,92.84,32.4049508925017
823159,2026-03-30,642708,"Rosario, Amed",NYY,SEA,2026,SEA,40.50068487040001,22.993571787017373
823159,2026-03-30,519317,"Stanton, Giancarlo",NYY,SEA,2026,SEA,144.87,41.76071058568536
823484,2026-03-30,677588,"Tena, José",WSH,PHI,2026,PHI,146.165,41.99357064339577
823484,2026-03-30,678391,"Vivas, Jorbit",WSH,PHI,2026,PHI,142.55,41.34354044368679
823159,2026-03-30,669224,"Wells, Austin",NYY,SEA,2026,SEA,-26.320000000000004,10.978229288816031
823484,2026-03-30,686894,"Wiemer, Joey",WSH,PHI,2026,PHI,156.8135841984,43.90834279086576
823484,2026-03-30,695578,"Wood, James",WSH,PHI,2026,PHI,221.665493056,55.56967038871229
823485,2026-03-31,682928,"Abrams, CJ",WSH,PHI,2026,PHI,80.915,30.260660399685722
823158,2026-03-31,641355,"Bellinger, Cody",NYY,SEA,2026,SEA,125.775,38.32714857643412
823158,2026-03-31,676609,"Caballero, José",NYY,SEA,2026,SEA,41.82,23.23080406286052
823158,2026-03-31,665862,"Chisholm Jr., Jazz",NYY,SEA,2026,SEA,67.6670734016,27.878488235788616
823158,2026-03-31,641555,"Escarra, J.C.",NYY,SEA,2026,SEA,-33.23,9.735709598639229
823485,2026-03-31,671277,"García Jr., Luis",WSH,PHI,2026,PHI,23.485,19.933901238057093
823158,2026-03-31,663757,"Grisham, Trent",NYY,SEA,2026,SEA,99.12,33.53418731135992
823158,2026-03-31,592450,"Judge, Aaron",NYY,SEA,2026,SEA,-77.3429368672,1.8035543672322456
823485,2026-03-31,695734,"Lile, Daylen",WSH,PHI,2026,PHI,101.48,33.958550042013655
823158,2026-03-31,641857,"McMahon, Ryan",NYY,SEA,2026,SEA,17.47500000000001,18.853214792621117
823485,2026-03-31,678554,"Mead, Curtis",WSH,PHI,2026,PHI,69.685,28.241341134752947
823485,2026-03-31,683083,"Nuñez, Nasim",WSH,PHI,2026,PHI,109.695,35.435727937064655
823158,2026-03-31,700250,"Rice, Ben",NYY,SEA,2026,SEA,184.44000000000003,48.875978912790444
823485,2026-03-31,660688,"Ruiz, Keibert",WSH,PHI,2026,PHI,57.065,25.972079414053777
823158,2026-03-31,519317,"Stanton, Giancarlo",NYY,SEA,2026,SEA,82.82499999999999,30.604106507969036
823485,2026-03-31,677588,"Tena, José",WSH,PHI,2026,PHI,-13.2618566048,13.326275639856288
823485,2026-03-31,678391,"Vivas, Jorbit",WSH,PHI,2026,PHI,40.605000000000004,23.0123291824604
823485,2026-03-31,686894,"Wiemer, Joey",WSH,PHI,2026,PHI,27.375000000000004,20.63338048477023
823485,2026-03-31,695578,"Wood, James",WSH,PHI,2026,PHI,179.335,47.95802478567719
823483,2026-04-01,682928,"Abrams, CJ",WSH,PHI,2026,PHI,147.4798535008,42.230000652721664
823157,2026-04-01,641355,"Bellinger, Cody",NYY,SEA,2026,SEA,47.63041477760001,24.27560214813726
823157,2026-04-01,676609,"Caballero, José",NYY,SEA,2026,SEA,28.265,20.79341558234727
823157,2026-04-01,665862,"Chisholm Jr., Jazz",NYY,SEA,2026,SEA,49.935,24.690000486273657
823483,2026-04-01,671277,"García Jr., Luis",WSH,PHI,2026,PHI,20.608231235200005,19.416615878527484
823157,2026-04-01,502671,"Goldschmidt, Paul",NYY,SEA,2026,SEA,147.70000000000002,42.269586233037074
823157,2026-04-01,663757,"Grisham, Trent",NYY,SEA,2026,SEA,11.685,17.812087584788454
823483,2026-04-01,691781,"House, Brady",WSH,PHI,2026,PHI,164.035,45.206859625083105
823157,2026-04-01,592450,"Judge, Aaron",NYY,SEA,2026,SEA,12.614999999999995,17.979315271020642
823483,2026-04-01,695734,"Lile, Daylen",WSH,PHI,2026,PHI,144.365,41.669904153914125
823157,2026-04-01,641857,"McMahon, Ryan",NYY,SEA,2026,SEA,9.835,17.47943035948786
823483,2026-04-01,678554,"Mead, Curtis",WSH,PHI,2026,PHI,-23.974999999999998,11.39989479872408
823483,2026-04-01,686452,"Millas, Drew",WSH,PHI,2026,PHI,80.18,30.128496583147385
823483,2026-04-01,683083,"Nuñez, Nasim",WSH,PHI,2026,PHI,-24.165000000000013,11.365730002612125
823157,2026-04-01,700250,"Rice, Ben",NYY,SEA,2026,SEA,270.84000000000003,64.41197040790996
823157,2026-04-01,642708,"Rosario, Amed",NYY,SEA,2026,SEA,23.460000000000008,19.929405870147626
823157,2026-04-01,669224,"Wells, Austin",NYY,SEA,2026,SEA,20.064999999999998,19.318934908041943
823483,2026-04-01,686894,"Wiemer, Joey",WSH,PHI,2026,PHI,172.23,46.68044122580653
823483,2026-04-01,695578,"Wood, James",WSH,PHI,2026,PHI,85.385,31.064432181898503
823483,2026-04-01,696285,"Young, Jacob",WSH,PHI,2026,PHI,104.07499999999999,34.42516923101637
822758,2026-04-03,682928,"Abrams, CJ",WSH,LAD,2026,LAD,174.595,47.105703030042164
823568,2026-04-03,641355,"Bellinger, Cody",NYY,MIA,2026,MIA,234.5189117504,57.88090422574247
823568,2026-04-03,676609,"Caballero, José",NYY,MIA,2026,MIA,103.815,34.37841740475791
823568,2026-04-03,665862,"Chisholm Jr., Jazz",NYY,MIA,2026,MIA,116.74,36.70252261395258
822758,2026-04-03,671277,"García Jr., Luis",WSH,LAD,2026,LAD,72.12500000000001,28.680089042716972
823568,2026-04-03,663757,"Grisham, Trent",NYY,MIA,2026,MIA,180.171424848,48.1084262824924
822758,2026-04-03,691781,"House, Brady",WSH,LAD,2026,LAD,160.975,44.65662659296429
823568,2026-04-03,592450,"Judge, Aaron",NYY,MIA,2026,MIA,265.9968144832,63.54109437783716
822758,2026-04-03,695734,"Lile, Daylen",WSH,LAD,2026,LAD,113.305,36.08485906319176
823568,2026-04-03,641857,"McMahon, Ryan",NYY,MIA,2026,MIA,143.065,41.436145022621815
822758,2026-04-03,683083,"Nuñez, Nasim",WSH,LAD,2026,LAD,122.055,37.65823783150537
823568,2026-04-03,700250,"Rice, Ben",NYY,MIA,2026,MIA,204.8911134464,52.55339007678344
822758,2026-04-03,660688,"Ruiz, Keibert",WSH,LAD,2026,LAD,54.19500000000001,25.45601117804691
823568,2026-04-03,519317,"Stanton, Giancarlo",NYY,MIA,2026,MIA,39.803803103999996,22.86826218984267
822758,2026-04-03,678391,"Vivas, Jorbit",WSH,LAD,2026,LAD,88.095,31.551730063284772
823568,2026-04-03,669224,"Wells, Austin",NYY,MIA,2026,MIA,132.64000000000001,39.56157660437388
822758,2026-04-03,695578,"Wood, James",WSH,LAD,2026,LAD,138.3764371776,40.59307242848825
822758,2026-04-03,696285,"Young, Jacob",WSH,LAD,2026,LAD,97.26,33.199731938895546
822757,2026-04-04,682928,"Abrams, CJ",WSH,LAD,2026,LAD,215.1299165152,54.39447754665705
823569,2026-04-04,641355,"Bellinger, Cody",NYY,MIA,2026,MIA,229.86,57.043163330710925
823569,2026-04-04,676609,"Caballero, José",NYY,MIA,2026,MIA,72.24000000000001,28.700767735100523
823569,2026-04-04,665862,"Chisholm Jr., Jazz",NYY,MIA,2026,MIA,28.189999999999994,20.779929478618868
823569,2026-04-04,641555,"Escarra, J.C.",NYY,MIA,2026,MIA,12.969999999999999,18.043149495335083
822757,2026-04-04,671277,"García Jr., Luis",WSH,LAD,2026,LAD,194.22499999999997,50.635465912556
823569,2026-04-04,502671,"Goldschmidt, Paul",NYY,MIA,2026,MIA,44.519999999999996,23.716303797083004
823569,2026-04-04,663757,"Grisham, Trent",NYY,MIA,2026,MIA,141.565,41.166422948053764
822757,2026-04-04,691781,"House, Brady",WSH,LAD,2026,LAD,2.7449999999999903,16.204544020362892
823569,2026-04-04,592450,"Judge, Aaron",NYY,MIA,2026,MIA,204.02,52.39675105948536
822757,2026-04-04,695734,"Lile, Daylen",WSH,LAD,2026,LAD,54.575,25.524340770270815
823569,2026-04-04,641857,"McMahon, Ryan",NYY,MIA,2026,MIA,68.015,27.94105055840052
822757,2026-04-04,678554,"Mead, Curtis",WSH,LAD,2026,LAD,139.785,40.846352752899676
822757,2026-04-04,686452,"Millas, Drew",WSH,LAD,2026,LAD,14.375000000000004,18.29578917184715
823569,2026-04-04,700250,"Rice, Ben",NYY,MIA,2026,MIA,210.275,53.52149211043411
823569,2026-04-04,519317,"Stanton, Giancarlo",NYY,MIA,2026,MIA,280.78000000000003,66.19932868871423
822757,2026-04-04,677588,"Tena, José",WSH,LAD,2026,LAD,86.335,31.235256162458263
822757,2026-04-04,678391,"Vivas, Jorbit",WSH,LAD,2026,LAD,124.9,38.169810699602756
823569,2026-04-04,669224,"Wells, Austin",NYY,MIA,2026,MIA,79.98389743039999,30.09323445521362
822757,2026-04-04,695578,"Wood, James",WSH,LAD,2026,LAD,80.2619300928,30.14322881954709
822757,2026-04-04,696285,"Young, Jacob",WSH,LAD,2026,LAD,44.22,23.66235938216939
822756,2026-04-05,682928,"Abrams, CJ",WSH,LAD,2026,LAD,46.565,24.084024892077448
823566,2026-04-05,641355,"Bellinger, Cody",NYY,MIA,2026,MIA,140.64000000000001,41.00009433540347
823566,2026-04-05,676609,"Caballero, José",NYY,MIA,2026,MIA,-6.115000000000001,14.611385633247629
823566,2026-04-05,665862,"Chisholm Jr., Jazz",NYY,MIA,2026,MIA,246.08,59.9597580303734
823566,2026-04-05,641555,"Escarra, J.C.",NYY,MIA,2026,MIA,13.069999999999997,18.06113096697295
822756,2026-04-05,671277,"García Jr., Luis",WSH,LAD,2026,LAD,191.985,50.23268094786773
823566,2026-04-05,663757,"Grisham, Trent",NYY,MIA,2026,MIA,62.02499999999999,26.863960407292115
822756,2026-04-05,691781,"House, Brady",WSH,LAD,2026,LAD,50.03,24.70708288432963
823566,2026-04-05,592450,"Judge, Aaron",NYY,MIA,2026,MIA,70.26,28.344734596670694
822756,2026-04-05,695734,"Lile, Daylen",WSH,LAD,2026,LAD,-27.584999999999997,10.75076367259698
823566,2026-04-05,641857,"McMahon, Ryan",NYY,MIA,2026,MIA,105.70999999999998,34.71916629229555
822756,2026-04-05,678554,"Mead, Curtis",WSH,LAD,2026,LAD,91.875,32.231429691196254
822756,2026-04-05,683083,"Nuñez, Nasim",WSH,LAD,2026,LAD,114.8,36.35368206417791
823566,2026-04-05,700250,"Rice, Ben",NYY,MIA,2026,MIA,357.995,80.0837220138954
822756,2026-04-05,660688,"Ruiz, Keibert",WSH,LAD,2026,LAD,67.55,27.857436715284422
823566,2026-04-05,519317,"Stanton, Giancarlo",NYY,MIA,2026,MIA,124.02624625280001,38.01269691736517
822756,2026-04-05,677588,"Tena, José",WSH,LAD,2026,LAD,49.185,24.555139448989635
822756,2026-04-05,678391,"Vivas, Jorbit",WSH,LAD,2026,LAD,75.38,29.265385944529633
823566,2026-04-05,669224,"Wells, Austin",NYY,MIA,2026,MIA,99.305,33.56745303388999
822756,2026-04-05,686894,"Wiemer, Joey",WSH,LAD,2026,LAD,-42.379999999999995,8.090404943774141
822756,2026-04-05,695578,"Wood, James",WSH,LAD,2026,LAD,145.55990488639998,41.88476563716165
822756,2026-04-05,696285,"Young, Jacob",WSH,LAD,2026,LAD,12.344999999999999,17.930765297598395
822755,2026-04-06,682928,"Abrams, CJ",WSH,STL,2026,STL,181.275,48.30686533545187
822755,2026-04-06,671277,"García Jr., Luis",WSH,STL,2026,STL,69.85,28.271010562955425
822755,2026-04-06,691781,"House, Brady",WSH,STL,2026,STL,272.485,64.70776561635293
822755,2026-04-06,695734,"Lile, Daylen",WSH,STL,2026,STL,53.52996792640002,25.33642862434979
822755,2026-04-06,678554,"Mead, Curtis",WSH,STL,2026,STL,98.005,33.33369390259768
822755,2026-04-06,686452,"Millas, Drew",WSH,STL,2026,STL,162.01999999999998,44.84453297158003
822755,2026-04-06,683083,"Nuñez, Nasim",WSH,STL,2026,STL,50.665,24.821265229230107
822755,2026-04-06,677588,"Tena, José",WSH,STL,2026,STL,106.345,34.83334863719602
822755,2026-04-06,678391,"Vivas, Jorbit",WSH,STL,2026,STL,44.095000000000006,23.63988254262206
822755,2026-04-06,695578,"Wood, James",WSH,STL,2026,STL,306.49,70.82236504681056
822755,2026-04-06,696285,"Young, Jacob",WSH,STL,2026,STL,94.0663884544,32.625473584599746
822754,2026-04-07,682928,"Abrams, CJ",WSH,STL,2026,STL,112.275,35.899649905321695
823567,2026-04-07,641355,"Bellinger, Cody",NYY,ATH,2026,ATH,52.235000000000014,25.103574333944668
823567,2026-04-07,676609,"Caballero, José",NYY,ATH,2026,ATH,110.79499999999999,35.633524125081216
823567,2026-04-07,665862,"Chisholm Jr., Jazz",NYY,ATH,2026,ATH,44.495000000000005,23.71180842917354
822754,2026-04-07,671277,"García Jr., Luis",WSH,STL,2026,STL,21.72,19.61652826364869
823567,2026-04-07,663757,"Grisham, Trent",NYY,ATH,2026,ATH,150.725,42.81352575008264
822754,2026-04-07,691781,"House, Brady",WSH,STL,2026,STL,19.38,19.195761827322535
823567,2026-04-07,592450,"Judge, Aaron",NYY,ATH,2026,ATH,66.5302569152,27.674071901711972
822754,2026-04-07,695734,"Lile, Daylen",WSH,STL,2026,STL,99.315,33.56925118105377
822754,2026-04-07,678554,"Mead, Curtis",WSH,STL,2026,STL,227.505,56.619699673639076
822754,2026-04-07,683083,"Nuñez, Nasim",WSH,STL,2026,STL,57.269999999999996,26.00894143091141
823567,2026-04-07,700250,"Rice, Ben",NYY,ATH,2026,ATH,189.9,49.85776726421813
823567,2026-04-07,642708,"Rosario, Amed",NYY,ATH,2026,ATH,157.75,44.076724132642994
822754,2026-04-07,660688,"Ruiz, Keibert",WSH,STL,2026,STL,-15.359999999999998,12.948998580326561
823567,2026-04-07,519317,"Stanton, Giancarlo",NYY,ATH,2026,ATH,66.1914847072,27.61315567321347
822754,2026-04-07,677588,"Tena, José",WSH,STL,2026,STL,-7.969999999999999,14.27782933436514
822754,2026-04-07,678391,"Vivas, Jorbit",WSH,STL,2026,STL,66.26,27.625475731155902
823567,2026-04-07,669224,"Wells, Austin",NYY,ATH,2026,ATH,179.10500000000002,47.91666740091009
822754,2026-04-07,686894,"Wiemer, Joey",WSH,STL,2026,STL,6.65,16.906720487821712
822754,2026-04-07,695578,"Wood, James",WSH,STL,2026,STL,174.485,47.08592341124051
822754,2026-04-07,696285,"Young, Jacob",WSH,STL,2026,STL,8.974999999999998,17.32478970340218
822753,2026-04-08,682928,"Abrams, CJ",WSH,STL,2026,STL,45.82500000000001,23.95096200195721
823564,2026-04-08,641355,"Bellinger, Cody",NYY,ATH,2026,ATH,81.71,30.40361309920679
823564,2026-04-08,665862,"Chisholm Jr., Jazz",NYY,ATH,2026,ATH,143.9,41.58629031079803
823564,2026-04-08,641555,"Escarra, J.C.",NYY,ATH,2026,ATH,90.8984475392,32.05583118742859
822753,2026-04-08,671277,"García Jr., Luis",WSH,STL,2026,STL,43.495,23.531993712794836
823564,2026-04-08,663757,"Grisham, Trent",NYY,ATH,2026,ATH,142.35,41.307577500411035
822753,2026-04-08,691781,"House, Brady",WSH,STL,2026,STL,50.890000000000015,24.861723540415312
823564,2026-04-08,592450,"Judge, Aaron",NYY,ATH,2026,ATH,108.92,35.29637153187116
822753,2026-04-08,695734,"Lile, Daylen",WSH,STL,2026,STL,62.36,26.92419833727898
823564,2026-04-08,641857,"McMahon, Ryan",NYY,ATH,2026,ATH,20.729999999999997,19.438511694433778
822753,2026-04-08,686452,"Millas, Drew",WSH,STL,2026,STL,-22.275,11.705579816567866
822753,2026-04-08,683083,"Nuñez, Nasim",WSH,STL,2026,STL,16.21,18.625749176402064
823564,2026-04-08,700250,"Rice, Ben",NYY,ATH,2026,ATH,-13.1399331968,13.348199262885736
823564,2026-04-08,642708,"Rosario, Amed",NYY,ATH,2026,ATH,40.348421299200005,22.966192556147238
823564,2026-04-08,519317,"Stanton, Giancarlo",NYY,ATH,2026,ATH,19.670000000000005,19.247908095072358
822753,2026-04-08,677588,"Tena, José",WSH,STL,2026,STL,27.35000000000001,20.62888511686076
822753,2026-04-08,678391,"Vivas, Jorbit",WSH,STL,2026,STL,22.51,19.758581889587862
822753,2026-04-08,695578,"Wood, James",WSH,STL,2026,STL,116.80000000000001,36.713311496935304
822753,2026-04-08,696285,"Young, Jacob",WSH,STL,2026,STL,42.849999999999994,23.416013220730576
823565,2026-04-09,641355,"Bellinger, Cody",NYY,ATH,2026,ATH,20.675000000000004,19.42862188503295
823565,2026-04-09,676609,"Caballero, José",NYY,ATH,2026,ATH,20.345000000000002,19.36928302862798
823565,2026-04-09,665862,"Chisholm Jr., Jazz",NYY,ATH,2026,ATH,-4.87,14.835254955139105
823565,2026-04-09,545341,"Grichuk, Randal",NYY,ATH,2026,ATH,-42.31,8.10299197392065
823565,2026-04-09,663757,"Grisham, Trent",NYY,ATH,2026,ATH,-14.555,13.093749427011417
823565,2026-04-09,592450,"Judge, Aaron",NYY,ATH,2026,ATH,66.77,27.717181236509035
823565,2026-04-09,641857,"McMahon, Ryan",NYY,ATH,2026,ATH,-34.0214473952,9.59339570974268
823565,2026-04-09,700250,"Rice, Ben",NYY,ATH,2026,ATH,55.16,25.629532379352348
823565,2026-04-09,642708,"Rosario, Amed",NYY,ATH,2026,ATH,132.61,39.55618216288252
823565,2026-04-09,519317,"Stanton, Giancarlo",NYY,ATH,2026,ATH,8.205000000000002,17.186332371790584
823565,2026-04-09,669224,"Wells, Austin",NYY,ATH,2026,ATH,18.745000000000005,19.08157948242206
823808,2026-04-10,682928,"Abrams, CJ",WSH,MIL,2026,MIL,149.2561829024,42.54941082026551
822997,2026-04-10,641355,"Bellinger, Cody",NYY,TB,2026,TB,-0.4499999999999922,15.630036001532954
822997,2026-04-10,676609,"Caballero, José",NYY,TB,2026,TB,-7.074999999999999,14.438763505524078
822997,2026-04-10,665862,"Chisholm Jr., Jazz",NYY,TB,2026,TB,-35.892714092800006,9.256914419244833
823808,2026-04-10,671277,"García Jr., Luis",WSH,MIL,2026,MIL,22.07872499519999,19.681032296918524
822997,2026-04-10,502671,"Goldschmidt, Paul",NYY,TB,2026,TB,68.245,27.98240794316762
822997,2026-04-10,545341,"Grichuk, Randal",NYY,TB,2026,TB,26.35,20.449070400482064
822997,2026-04-10,663757,"Grisham, Trent",NYY,TB,2026,TB,39.905,22.886458880995313
823808,2026-04-10,691781,"House, Brady",WSH,MIL,2026,MIL,94.64500000000001,32.729516455565246
822997,2026-04-10,592450,"Judge, Aaron",NYY,TB,2026,TB,63.78999999999999,27.18133338170051
823808,2026-04-10,695734,"Lile, Daylen",WSH,MIL,2026,MIL,59.315,26.376662525905846
823808,2026-04-10,678554,"Mead, Curtis",WSH,MIL,2026,MIL,104.03499999999998,34.41797664236122
823808,2026-04-10,686452,"Millas, Drew",WSH,MIL,2026,MIL,32.940000000000005,21.634049381417682
822997,2026-04-10,700250,"Rice, Ben",NYY,TB,2026,TB,126.25999999999999,38.41435871387779
822997,2026-04-10,642708,"Rosario, Amed",NYY,TB,2026,TB,173.89,46.97893365499518
823808,2026-04-10,660688,"Ruiz, Keibert",WSH,MIL,2026,MIL,40.91,23.0671726709559
822997,2026-04-10,519317,"Stanton, Giancarlo",NYY,TB,2026,TB,96.095,32.99024779431436
823808,2026-04-10,678391,"Vivas, Jorbit",WSH,MIL,2026,MIL,-0.46499999999999986,15.62733878078727
822997,2026-04-10,669224,"Wells, Austin",NYY,TB,2026,TB,-2.21,15.313562100706443
823808,2026-04-10,686894,"Wiemer, Joey",WSH,MIL,2026,MIL,58.02244069439999,26.14424134096673
823808,2026-04-10,695578,"Wood, James",WSH,MIL,2026,MIL,236.515,58.23983026821114
823808,2026-04-10,696285,"Young, Jacob",WSH,MIL,2026,MIL,96.86,33.12780605234407
823805,2026-04-11,682928,"Abrams, CJ",WSH,MIL,2026,MIL,64.18,27.251461121088216
822996,2026-04-11,641355,"Bellinger, Cody",NYY,TB,2026,TB,119.28,37.15925199355448
822996,2026-04-11,676609,"Caballero, José",NYY,TB,2026,TB,111.85,35.82322865086074
822996,2026-04-11,665862,"Chisholm Jr., Jazz",NYY,TB,2026,TB,15.250000000000007,18.453127048678514
822996,2026-04-11,545341,"Grichuk, Randal",NYY,TB,2026,TB,1.6900000000000008,16.014839494583367
822996,2026-04-11,663757,"Grisham, Trent",NYY,TB,2026,TB,86.815,31.321567226320045
823805,2026-04-11,691781,"House, Brady",WSH,MIL,2026,MIL,38.734589331200006,22.67600181853844
822996,2026-04-11,592450,"Judge, Aaron",NYY,TB,2026,TB,156.51480638400002,43.854618142909175
823805,2026-04-11,695734,"Lile, Daylen",WSH,MIL,2026,MIL,45.155,23.830486141983474
822996,2026-04-11,641857,"McMahon, Ryan",NYY,TB,2026,TB,17.995000000000005,18.94671844513804
823805,2026-04-11,678554,"Mead, Curtis",WSH,MIL,2026,MIL,207.85,53.08544142321576
823805,2026-04-11,683083,"Nuñez, Nasim",WSH,MIL,2026,MIL,218.49,54.99867000548512
822996,2026-04-11,700250,"Rice, Ben",NYY,TB,2026,TB,189.04500000000002,49.704025681714356
822996,2026-04-11,642708,"Rosario, Amed",NYY,TB,2026,TB,-11.690000000000001,13.608918589436387
823805,2026-04-11,660688,"Ruiz, Keibert",WSH,MIL,2026,MIL,175.23,47.219885374942635
822996,2026-04-11,519317,"Stanton, Giancarlo",NYY,TB,2026,TB,111.86,35.82502679802453
822996,2026-04-11,669224,"Wells, Austin",NYY,TB,2026,TB,61.52,26.773153975520874
823805,2026-04-11,686894,"Wiemer, Joey",WSH,MIL,2026,MIL,-29.82,10.348877781490588
823805,2026-04-11,695578,"Wood, James",WSH,MIL,2026,MIL,193.10000000000002,50.433174356629976
823805,2026-04-11,696285,"Young, Jacob",WSH,MIL,2026,MIL,148.64000000000001,42.43861206643305
823804,2026-04-12,682928,"Abrams, CJ",WSH,MIL,2026,MIL,87.955,31.526556002991757
822998,2026-04-12,641355,"Bellinger, Cody",NYY,TB,2026,TB,48.61500000000001,24.45264506065378
822998,2026-04-12,676609,"Caballero, José",NYY,TB,2026,TB,-20.61,12.004971319338399
822998,2026-04-12,665862,"Chisholm Jr., Jazz",NYY,TB,2026,TB,64.555,27.318891639730225
822998,2026-04-12,641555,"Escarra, J.C.",NYY,TB,2026,TB,50.825,24.850035583850698
823804,2026-04-12,671277,"García Jr., Luis",WSH,MIL,2026,MIL,72.97999999999999,28.833830625220752
822998,2026-04-12,545341,"Grichuk, Randal",NYY,TB,2026,TB,1.3550000000000066,15.954601564596501
822998,2026-04-12,663757,"Grisham, Trent",NYY,TB,2026,TB,-8.86,14.1177942367881
823804,2026-04-12,691781,"House, Brady",WSH,MIL,2026,MIL,75.13,29.220432265434958
822998,2026-04-12,592450,"Judge, Aaron",NYY,TB,2026,TB,236.20284079040002,58.18369944847193
823804,2026-04-12,695734,"Lile, Daylen",WSH,MIL,2026,MIL,119.9,37.27073711770927
822998,2026-04-12,641857,"McMahon, Ryan",NYY,TB,2026,TB,62.925000000000004,27.02579365203294
823804,2026-04-12,678554,"Mead, Curtis",WSH,MIL,2026,MIL,98.375,33.400225347657795
823804,2026-04-12,686452,"Millas, Drew",WSH,MIL,2026,MIL,-34.185,9.56398654449757
823804,2026-04-12,683083,"Nuñez, Nasim",WSH,MIL,2026,MIL,6.844999999999999,16.941784357515555
822998,2026-04-12,700250,"Rice, Ben",NYY,TB,2026,TB,88.07,31.54723469537531
822998,2026-04-12,642708,"Rosario, Amed",NYY,TB,2026,TB,63.18999999999999,27.073444551873298
823804,2026-04-12,660688,"Ruiz, Keibert",WSH,MIL,2026,MIL,58.615,26.250792224440755
822998,2026-04-12,519317,"Stanton, Giancarlo",NYY,TB,2026,TB,18.369999999999997,19.01414896378005
823804,2026-04-12,677588,"Tena, José",WSH,MIL,2026,MIL,64.64500000000001,27.335074964204303
823804,2026-04-12,678391,"Vivas, Jorbit",WSH,MIL,2026,MIL,81.525,30.370347376676726
822998,2026-04-12,669224,"Wells, Austin",NYY,TB,2026,TB,78.955,29.908223555583476
823804,2026-04-12,695578,"Wood, James",WSH,MIL,2026,MIL,222.01500000000001,55.632516880720026
823804,2026-04-12,696285,"Young, Jacob",WSH,MIL,2026,MIL,136.515,40.25835863034134
823400,2026-04-13,682928,"Abrams, CJ",WSH,PIT,2026,PIT,141.22,41.104386870903106
823563,2026-04-13,641355,"Bellinger, Cody",NYY,LAA,2026,LAA,38.58999999999999,22.650002528957323
823563,2026-04-13,676609,"Caballero, José",NYY,LAA,2026,LAA,184.105,48.81574098280358
823563,2026-04-13,665862,"Chisholm Jr., Jazz",NYY,LAA,2026,LAA,81.715,30.404512172788678
823400,2026-04-13,671277,"García Jr., Luis",WSH,PIT,2026,PIT,27.415000000000003,20.640573073425376
823563,2026-04-13,502671,"Goldschmidt, Paul",NYY,LAA,2026,LAA,46.18,24.014796226271642
823563,2026-04-13,545341,"Grichuk, Randal",NYY,LAA,2026,LAA,61.21000000000001,26.717411413443475
823563,2026-04-13,663757,"Grisham, Trent",NYY,LAA,2026,LAA,254.165,61.413560012295164
823563,2026-04-13,592450,"Judge, Aaron",NYY,LAA,2026,LAA,233.81499999999997,57.75433053398865
823400,2026-04-13,695734,"Lile, Daylen",WSH,PIT,2026,PIT,82.75999999999999,30.59241855140442
823563,2026-04-13,641857,"McMahon, Ryan",NYY,LAA,2026,LAA,176.58,47.46263524205388
823400,2026-04-13,678554,"Mead, Curtis",WSH,PIT,2026,PIT,8.695,17.274441582816145
823400,2026-04-13,683083,"Nuñez, Nasim",WSH,PIT,2026,PIT,107.325,35.009567059247146
823563,2026-04-13,700250,"Rice, Ben",NYY,LAA,2026,LAA,137.97,40.51998904267234
823563,2026-04-13,642708,"Rosario, Amed",NYY,LAA,2026,LAA,108.16499999999999,35.16061142100524
823400,2026-04-13,660688,"Ruiz, Keibert",WSH,PIT,2026,PIT,-46.73500000000001,7.307311853944909
823563,2026-04-13,519317,"Stanton, Giancarlo",NYY,LAA,2026,LAA,189.995,49.874849662274116
823400,2026-04-13,677588,"Tena, José",WSH,PIT,2026,PIT,42.92000000000001,23.42860025087709
823400,2026-04-13,678391,"Vivas, Jorbit",WSH,PIT,2026,PIT,137.38,40.413898360008915
823563,2026-04-13,669224,"Wells, Austin",NYY,LAA,2026,LAA,180.54500000000002,48.17560059249542
823400,2026-04-13,686894,"Wiemer, Joey",WSH,PIT,2026,PIT,-20.9214877536,11.948961237269376
823400,2026-04-13,695578,"Wood, James",WSH,PIT,2026,PIT,122.68,37.77062202924205
823400,2026-04-13,696285,"Young, Jacob",WSH,PIT,2026,PIT,97.35000000000002,33.21591526336963
823398,2026-04-14,682928,"Abrams, CJ",WSH,PIT,2026,PIT,219.45499999999998,55.17219120679056
823562,2026-04-14,676609,"Caballero, José",NYY,LAA,2026,LAA,27.048784313600002,20.574722103641925
823562,2026-04-14,665862,"Chisholm Jr., Jazz",NYY,LAA,2026,LAA,33.03999999999999,21.65203085305555
823398,2026-04-14,671277,"García Jr., Luis",WSH,PIT,2026,PIT,135.32999999999998,40.04527819143258
823562,2026-04-14,502671,"Goldschmidt, Paul",NYY,LAA,2026,LAA,-31.260000000000005,10.089944589905263
823562,2026-04-14,545341,"Grichuk, Randal",NYY,LAA,2026,LAA,29.150000000000006,20.952551606342418
823562,2026-04-14,663757,"Grisham, Trent",NYY,LAA,2026,LAA,34.31999999999999,21.882193690020284
823398,2026-04-14,691781,"House, Brady",WSH,PIT,2026,PIT,244.10500000000002,59.60462396552547
823562,2026-04-14,592450,"Judge, Aaron",NYY,LAA,2026,LAA,113.02000000000001,36.03361186902382
823398,2026-04-14,695734,"Lile, Daylen",WSH,PIT,2026,PIT,105.56499999999998,34.69309315842063
823562,2026-04-14,641857,"McMahon, Ryan",NYY,LAA,2026,LAA,60.025,26.504330974534717
823398,2026-04-14,678554,"Mead, Curtis",WSH,PIT,2026,PIT,22.980000000000004,19.843094806285848
823398,2026-04-14,686452,"Millas, Drew",WSH,PIT,2026,PIT,-21.664144355199998,11.815420651085907
823398,2026-04-14,683083,"Nuñez, Nasim",WSH,PIT,2026,PIT,88.70500000000001,31.66141704027578
823562,2026-04-14,700250,"Rice, Ben",NYY,LAA,2026,LAA,43.43,23.520305756230222
823562,2026-04-14,642708,"Rosario, Amed",NYY,LAA,2026,LAA,111.195,35.705450011632706
823562,2026-04-14,519317,"Stanton, Giancarlo",NYY,LAA,2026,LAA,-16.547895171200008,12.735397547029608
823398,2026-04-14,677588,"Tena, José",WSH,PIT,2026,PIT,145.135,41.80836148552572
823398,2026-04-14,678391,"Vivas, Jorbit",WSH,PIT,2026,PIT,36.519999999999996,22.27778606605342
823562,2026-04-14,669224,"Wells, Austin",NYY,LAA,2026,LAA,35.14452572479999,22.030455549372135
823398,2026-04-14,695578,"Wood, James",WSH,PIT,2026,PIT,128.35500000000002,38.791070544691166
823398,2026-04-14,696285,"Young, Jacob",WSH,PIT,2026,PIT,50.59059382400001,24.807885903795846
823399,2026-04-15,682928,"Abrams, CJ",WSH,PIT,2026,PIT,178.265,47.76562303915198
823561,2026-04-15,641355,"Bellinger, Cody",NYY,LAA,2026,LAA,104.285,34.4629303214559
823561,2026-04-15,676609,"Caballero, José",NYY,LAA,2026,LAA,117.76,36.885933624658854
823561,2026-04-15,665862,"Chisholm Jr., Jazz",NYY,LAA,2026,LAA,76.625,29.48925526642111
823399,2026-04-15,671277,"García Jr., Luis",WSH,PIT,2026,PIT,74.76,29.15390082037484
823561,2026-04-15,502671,"Goldschmidt, Paul",NYY,LAA,2026,LAA,-10.356605811200003,13.848682487316463
823561,2026-04-15,663757,"Grisham, Trent",NYY,LAA,2026,LAA,50.105,24.720568988058037
823399,2026-04-15,691781,"House, Brady",WSH,PIT,2026,PIT,-13.884999999999998,13.214225286985142
823561,2026-04-15,592450,"Judge, Aaron",NYY,LAA,2026,LAA,153.12999999999997,43.2459801429734
823399,2026-04-15,695734,"Lile, Daylen",WSH,PIT,2026,PIT,16.009999999999998,18.589786233126322
823561,2026-04-15,641857,"McMahon, Ryan",NYY,LAA,2026,LAA,37.510000000000005,22.45580263526833
823399,2026-04-15,678554,"Mead, Curtis",WSH,PIT,2026,PIT,61.745,26.81361228670608
823399,2026-04-15,686452,"Millas, Drew",WSH,PIT,2026,PIT,91.21000000000001,32.11185290480442
823399,2026-04-15,683083,"Nuñez, Nasim",WSH,PIT,2026,PIT,25.575,20.30971399528857
823561,2026-04-15,700250,"Rice, Ben",NYY,LAA,2026,LAA,28.595,20.85275443875224
823399,2026-04-15,660688,"Ruiz, Keibert",WSH,PIT,2026,PIT,16.075000000000003,18.60147418969094
823561,2026-04-15,519317,"Stanton, Giancarlo",NYY,LAA,2026,LAA,24.85,20.179348325914013
823399,2026-04-15,677588,"Tena, José",WSH,PIT,2026,PIT,-15.175000000000002,12.982264302856622
823399,2026-04-15,678391,"Vivas, Jorbit",WSH,PIT,2026,PIT,-5.7450000000000045,14.677917078307745
823561,2026-04-15,669224,"Wells, Austin",NYY,LAA,2026,LAA,104.085,34.42696737818016
823399,2026-04-15,686894,"Wiemer, Joey",WSH,PIT,2026,PIT,10.060000000000002,17.51988867067307
823399,2026-04-15,695578,"Wood, James",WSH,PIT,2026,PIT,-15.365000000000002,12.94809950674467
823396,2026-04-16,682928,"Abrams, CJ",WSH,PIT,2026,PIT,250.32000000000002,60.722172427819075
823560,2026-04-16,641355,"Bellinger, Cody",NYY,LAA,2026,LAA,60.05500000000001,26.509725416026086
823560,2026-04-16,676609,"Caballero, José",NYY,LAA,2026,LAA,159.9366411616,44.46991439293809
823560,2026-04-16,665862,"Chisholm Jr., Jazz",NYY,LAA,2026,LAA,94.3,32.667480378414595
823560,2026-04-16,641555,"Escarra, J.C.",NYY,LAA,2026,LAA,131.45,39.34759709188324
823396,2026-04-16,671277,"García Jr., Luis",WSH,PIT,2026,PIT,36.44,22.263400888743128
823560,2026-04-16,663757,"Grisham, Trent",NYY,LAA,2026,LAA,47.46000000000001,24.244959063236376
823396,2026-04-16,691781,"House, Brady",WSH,PIT,2026,PIT,109.815,35.4573057030301
823560,2026-04-16,592450,"Judge, Aaron",NYY,LAA,2026,LAA,88.68729776319998,31.65823391758632
823396,2026-04-16,695734,"Lile, Daylen",WSH,PIT,2026,PIT,64.23499999999999,27.261350930489037
823396,2026-04-16,678554,"Mead, Curtis",WSH,PIT,2026,PIT,90.005,31.89517617156809
823396,2026-04-16,686452,"Millas, Drew",WSH,PIT,2026,PIT,84.275,30.864837846718146
823396,2026-04-16,683083,"Nuñez, Nasim",WSH,PIT,2026,PIT,174.995,47.17762891659365
823560,2026-04-16,700250,"Rice, Ben",NYY,LAA,2026,LAA,108.35999999999999,35.195675290699086
823560,2026-04-16,642708,"Rosario, Amed",NYY,LAA,2026,LAA,-22.43500000000001,11.676809461947272
823396,2026-04-16,660688,"Ruiz, Keibert",WSH,PIT,2026,PIT,7.095,16.98673803661023
823560,2026-04-16,519317,"Stanton, Giancarlo",NYY,LAA,2026,LAA,127.09499999999998,38.564504002054
823396,2026-04-16,678391,"Vivas, Jorbit",WSH,PIT,2026,PIT,117.55,36.84817253421933
823396,2026-04-16,686894,"Wiemer, Joey",WSH,PIT,2026,PIT,60.86,26.654476262710936
823396,2026-04-16,695578,"Wood, James",WSH,PIT,2026,PIT,151.81311927040002,43.00918560807582
823396,2026-04-16,696285,"Young, Jacob",WSH,PIT,2026,PIT,64.6342503712,27.333142022750458
822752,2026-04-17,682928,"Abrams, CJ",WSH,SF,2026,SF,61.73499999999999,26.811814139542296
823559,2026-04-17,641355,"Bellinger, Cody",NYY,KC,2026,KC,57.08999999999998,25.97657478196324
823559,2026-04-17,676609,"Caballero, José",NYY,KC,2026,KC,49.175000000000004,24.553341301825846
823559,2026-04-17,665862,"Chisholm Jr., Jazz",NYY,KC,2026,KC,150.77,42.82161741231968
822752,2026-04-17,671277,"García Jr., Luis",WSH,SF,2026,SF,62.715,26.988032561593418
823559,2026-04-17,663757,"Grisham, Trent",NYY,KC,2026,KC,15.07,18.420760399730348
822752,2026-04-17,691781,"House, Brady",WSH,SF,2026,SF,15.619999999999997,18.51965849373863
823559,2026-04-17,592450,"Judge, Aaron",NYY,KC,2026,KC,150.99,42.861176649923
822752,2026-04-17,695734,"Lile, Daylen",WSH,SF,2026,SF,131.875,39.424018346344184
823559,2026-04-17,641857,"McMahon, Ryan",NYY,KC,2026,KC,143.78,41.564712544832574
822752,2026-04-17,678554,"Mead, Curtis",WSH,SF,2026,SF,-10.599999999999994,13.804916630289169
822752,2026-04-17,683083,"Nuñez, Nasim",WSH,SF,2026,SF,52.925000000000004,25.227646488245963
823559,2026-04-17,700250,"Rice, Ben",NYY,KC,2026,KC,114.49395184640002,36.29865010224011
823559,2026-04-17,642708,"Rosario, Amed",NYY,KC,2026,KC,25.150000000000002,20.233292740827626
822752,2026-04-17,660688,"Ruiz, Keibert",WSH,SF,2026,SF,91.66000000000001,32.19276952717484
823559,2026-04-17,519317,"Stanton, Giancarlo",NYY,KC,2026,KC,-30.845878499199994,10.164409730117937
822752,2026-04-17,677588,"Tena, José",WSH,SF,2026,SF,156.8880083232,43.921725343758396
822752,2026-04-17,678391,"Vivas, Jorbit",WSH,SF,2026,SF,16.939999999999998,18.757013919358513
823559,2026-04-17,669224,"Wells, Austin",NYY,KC,2026,KC,43.685,23.566158508906796
822752,2026-04-17,686894,"Wiemer, Joey",WSH,SF,2026,SF,10.459999999999997,17.59181455722455
822752,2026-04-17,695578,"Wood, James",WSH,SF,2026,SF,194.67,50.715483461344526
822751,2026-04-18,682928,"Abrams, CJ",WSH,SF,2026,SF,89.655,31.832241020835543
823558,2026-04-18,641355,"Bellinger, Cody",NYY,KC,2026,KC,324.72,74.10038732639423
823558,2026-04-18,676609,"Caballero, José",NYY,KC,2026,KC,81.55,30.374842744586196
823558,2026-04-18,665862,"Chisholm Jr., Jazz",NYY,KC,2026,KC,97.815,33.29952910648573
823558,2026-04-18,641555,"Escarra, J.C.",NYY,KC,2026,KC,231.175,57.27961968274891
822751,2026-04-18,671277,"García Jr., Luis",WSH,SF,2026,SF,51.955,25.053226213358627
823558,2026-04-18,545341,"Grichuk, Randal",NYY,KC,2026,KC,104.31,34.46742568936536
822751,2026-04-18,691781,"House, Brady",WSH,SF,2026,SF,62.195,26.8945289090765
823558,2026-04-18,592450,"Judge, Aaron",NYY,KC,2026,KC,46.8396111168,24.13340401215927
822751,2026-04-18,695734,"Lile, Daylen",WSH,SF,2026,SF,143.315,41.48109870171649
823558,2026-04-18,641857,"McMahon, Ryan",NYY,KC,2026,KC,55.2,25.636724968007503
822751,2026-04-18,678554,"Mead, Curtis",WSH,SF,2026,SF,27.615000000000002,20.676536016701114
822751,2026-04-18,686452,"Millas, Drew",WSH,SF,2026,SF,31.970000000000006,21.459629106530347
822751,2026-04-18,683083,"Nuñez, Nasim",WSH,SF,2026,SF,99.445,33.592627094183
823558,2026-04-18,700250,"Rice, Ben",NYY,KC,2026,KC,285.035,66.96444030690559
823558,2026-04-18,642708,"Rosario, Amed",NYY,KC,2026,KC,191.525,50.149966178333514
823558,2026-04-18,519317,"Stanton, Giancarlo",NYY,KC,2026,KC,111.885,35.829522165934
822751,2026-04-18,677588,"Tena, José",WSH,SF,2026,SF,75.185,29.230322074835787
822751,2026-04-18,678391,"Vivas, Jorbit",WSH,SF,2026,SF,128.69,38.85130847467803
822751,2026-04-18,686894,"Wiemer, Joey",WSH,SF,2026,SF,61.92,26.845079862072353
822751,2026-04-18,695578,"Wood, James",WSH,SF,2026,SF,237.535,58.423241278917416
822751,2026-04-18,696285,"Young, Jacob",WSH,SF,2026,SF,146.825,42.11224835620572
822750,2026-04-19,682928,"Abrams, CJ",WSH,SF,2026,SF,30.599999999999994,21.213282945091528
823556,2026-04-19,641355,"Bellinger, Cody",NYY,KC,2026,KC,136.08499999999998,40.1810383022985
823556,2026-04-19,676609,"Caballero, José",NYY,KC,2026,KC,109.49,35.39886592020702
822750,2026-04-19,671277,"García Jr., Luis",WSH,SF,2026,SF,-27.32999999999999,10.796616425273548
823556,2026-04-19,502671,"Goldschmidt, Paul",NYY,KC,2026,KC,80.44500000000001,30.176147482987737
823556,2026-04-19,663757,"Grisham, Trent",NYY,KC,2026,KC,158.75,44.256538849021695
822750,2026-04-19,691781,"House, Brady",WSH,SF,2026,SF,96.54499999999999,33.07116441668477
823556,2026-04-19,592450,"Judge, Aaron",NYY,KC,2026,KC,76.29499999999999,29.429916410016133
823556,2026-04-19,641857,"McMahon, Ryan",NYY,KC,2026,KC,34.989999999999995,22.00266954999401
822750,2026-04-19,678554,"Mead, Curtis",WSH,SF,2026,SF,135.27999999999997,40.036287455613646
822750,2026-04-19,683083,"Nuñez, Nasim",WSH,SF,2026,SF,29.275,20.975028445889752
823556,2026-04-19,700250,"Rice, Ben",NYY,KC,2026,KC,256.225,61.783978328035296
823556,2026-04-19,642708,"Rosario, Amed",NYY,KC,2026,KC,96.97999999999999,33.1493838183095
822750,2026-04-19,660688,"Ruiz, Keibert",WSH,SF,2026,SF,101.3680933248,33.93842757495168
823556,2026-04-19,669224,"Wells, Austin",NYY,KC,2026,KC,117.91000000000001,36.91290583211566
822750,2026-04-19,686894,"Wiemer, Joey",WSH,SF,2026,SF,27.600000000000005,20.673838795955433
822750,2026-04-19,695578,"Wood, James",WSH,SF,2026,SF,-4.040000000000003,14.984501169733425
822750,2026-04-19,696285,"Young, Jacob",WSH,SF,2026,SF,8.260000000000002,17.196222181191416
822749,2026-04-20,682928,"Abrams, CJ",WSH,ATL,2026,ATL,103.365,34.297500782387495
822749,2026-04-20,671277,"García Jr., Luis",WSH,ATL,2026,ATL,-22.734412153599997,11.622970750467356
822749,2026-04-20,691781,"House, Brady",WSH,ATL,2026,ATL,15.025323945599993,18.41272698767949
822749,2026-04-20,695734,"Lile, Daylen",WSH,ATL,2026,ATL,206.07,52.76537122806169
822749,2026-04-20,686452,"Millas, Drew",WSH,ATL,2026,ATL,-46.045,7.431384008246211
822749,2026-04-20,683083,"Nuñez, Nasim",WSH,ATL,2026,ATL,25.014999999999993,20.2090177541165
822749,2026-04-20,677588,"Tena, José",WSH,ATL,2026,ATL,34.269999999999996,21.87320295420135
822749,2026-04-20,695578,"Wood, James",WSH,ATL,2026,ATL,14.924999999999994,18.394687265855435
822749,2026-04-20,696285,"Young, Jacob",WSH,ATL,2026,ATL,57.33499999999999,26.020629387476017
822747,2026-04-21,682928,"Abrams, CJ",WSH,ATL,2026,ATL,69.96000000000001,28.290790181757085
824773,2026-04-21,641355,"Bellinger, Cody",NYY,BOS,2026,BOS,49.31499999999998,24.57851536211886
824773,2026-04-21,676609,"Caballero, José",NYY,BOS,2026,BOS,47.8571814144,24.316378126617604
824773,2026-04-21,665862,"Chisholm Jr., Jazz",NYY,BOS,2026,BOS,42.68103064,23.38563004318549
822747,2026-04-21,671277,"García Jr., Luis",WSH,ATL,2026,ATL,197.42000000000002,51.20997393138595
824773,2026-04-21,545341,"Grichuk, Randal",NYY,BOS,2026,BOS,90.11999999999999,31.915854863951637
822747,2026-04-21,691781,"House, Brady",WSH,ATL,2026,ATL,60.165,26.52950503482774
824773,2026-04-21,592450,"Judge, Aaron",NYY,BOS,2026,BOS,154.165,43.432088374425355
822747,2026-04-21,695734,"Lile, Daylen",WSH,ATL,2026,ATL,158.31,44.17742037381507
824773,2026-04-21,641857,"McMahon, Ryan",NYY,BOS,2026,BOS,-15.985,12.836614382589879
822747,2026-04-21,678554,"Mead, Curtis",WSH,ATL,2026,ATL,148.31,42.37927321002808
822747,2026-04-21,686452,"Millas, Drew",WSH,ATL,2026,ATL,80.4392919424,30.175121090229318
822747,2026-04-21,683083,"Nuñez, Nasim",WSH,ATL,2026,ATL,109.885,35.469892733176614
824773,2026-04-21,700250,"Rice, Ben",NYY,BOS,2026,BOS,33.974999999999994,21.820157612869632
824773,2026-04-21,642708,"Rosario, Amed",NYY,BOS,2026,BOS,-1.0999999999999979,15.513156435886799
824773,2026-04-21,519317,"Stanton, Giancarlo",NYY,BOS,2026,BOS,174.905,47.161445592119556
822747,2026-04-21,677588,"Tena, José",WSH,ATL,2026,ATL,35.92,22.169897236226202
822747,2026-04-21,678391,"Vivas, Jorbit",WSH,ATL,2026,ATL,48.510000000000005,24.43376451543401
824773,2026-04-21,669224,"Wells, Austin",NYY,BOS,2026,BOS,74.60499999999999,29.126029539336134
822747,2026-04-21,695578,"Wood, James",WSH,ATL,2026,ATL,294.495,68.66548752384807
822747,2026-04-21,696285,"Young, Jacob",WSH,ATL,2026,ATL,111.845,35.82232957727886
822748,2026-04-22,682928,"Abrams, CJ",WSH,ATL,2026,ATL,4.734999999999995,16.5623753059565
824774,2026-04-22,641355,"Bellinger, Cody",NYY,BOS,2026,BOS,-15.550000000000004,12.914833784214611
824774,2026-04-22,676609,"Caballero, José",NYY,BOS,2026,BOS,20.095000000000002,19.324329349533304
824774,2026-04-22,665862,"Chisholm Jr., Jazz",NYY,BOS,2026,BOS,7.904999999999998,17.132387956876975
822748,2026-04-22,671277,"García Jr., Luis",WSH,ATL,2026,ATL,38.5820727296,22.648577089078692
824774,2026-04-22,502671,"Goldschmidt, Paul",NYY,BOS,2026,BOS,-30.564999999999998,10.214915817788459
824774,2026-04-22,545341,"Grichuk, Randal",NYY,BOS,2026,BOS,38.42,22.619434027172947
824774,2026-04-22,663757,"Grisham, Trent",NYY,BOS,2026,BOS,-2.2300000000000013,15.30996580637887
822748,2026-04-22,691781,"House, Brady",WSH,ATL,2026,ATL,1.3300000000000054,15.950106196687033
824774,2026-04-22,592450,"Judge, Aaron",NYY,BOS,2026,BOS,104.10000000000001,34.42966459892584
822748,2026-04-22,695734,"Lile, Daylen",WSH,ATL,2026,ATL,236.41,58.22094972299138
824774,2026-04-22,641857,"McMahon, Ryan",NYY,BOS,2026,BOS,-5.629999999999999,14.698595770691297
822748,2026-04-22,678554,"Mead, Curtis",WSH,ATL,2026,ATL,-9.670000000000005,13.972144316521357
824774,2026-04-22,700250,"Rice, Ben",NYY,BOS,2026,BOS,-28.14,10.650966505006801
824774,2026-04-22,642708,"Rosario, Amed",NYY,BOS,2026,BOS,130.345,39.148901830284764
822748,2026-04-22,660688,"Ruiz, Keibert",WSH,ATL,2026,ATL,2.4734518847999967,16.155715673045034
824774,2026-04-22,519317,"Stanton, Giancarlo",NYY,BOS,2026,BOS,150.13000000000002,42.70653599383731
822748,2026-04-22,677588,"Tena, José",WSH,ATL,2026,ATL,17.745000000000005,18.901764766043367
822748,2026-04-22,678391,"Vivas, Jorbit",WSH,ATL,2026,ATL,132.66500000000002,39.56607197228335
824774,2026-04-22,669224,"Wells, Austin",NYY,BOS,2026,BOS,-48.485,6.992636100282189
822748,2026-04-22,686894,"Wiemer, Joey",WSH,ATL,2026,ATL,150.14499999999998,42.709233214582994
822748,2026-04-22,695578,"Wood, James",WSH,ATL,2026,ATL,191.675,50.17693838579033
822748,2026-04-22,696285,"Young, Jacob",WSH,ATL,2026,ATL,142.755,41.38040246054442
822745,2026-04-23,682928,"Abrams, CJ",WSH,ATL,2026,ATL,143.60999999999999,41.5341440430482
824770,2026-04-23,641355,"Bellinger, Cody",NYY,BOS,2026,BOS,98.945,33.50271973599365
824770,2026-04-23,676609,"Caballero, José",NYY,BOS,2026,BOS,121.6158408224,37.57927054854012
824770,2026-04-23,665862,"Chisholm Jr., Jazz",NYY,BOS,2026,BOS,119.65848638080001,37.227309414771234
822745,2026-04-23,671277,"García Jr., Luis",WSH,ATL,2026,ATL,-19.655,12.176694373480053
824770,2026-04-23,545341,"Grichuk, Randal",NYY,BOS,2026,BOS,-18.135,12.450012742375675
824770,2026-04-23,663757,"Grisham, Trent",NYY,BOS,2026,BOS,48.27,24.390608983503125
824770,2026-04-23,592450,"Judge, Aaron",NYY,BOS,2026,BOS,58.789999999999985,26.282259799807022
822745,2026-04-23,695734,"Lile, Daylen",WSH,ATL,2026,ATL,124.03,38.01337189635329
824770,2026-04-23,641857,"McMahon, Ryan",NYY,BOS,2026,BOS,32.095,21.48210594607768
822745,2026-04-23,678554,"Mead, Curtis",WSH,ATL,2026,ATL,3.639999999999997,16.365478191521827
822745,2026-04-23,683083,"Nuñez, Nasim",WSH,ATL,2026,ATL,21.125000000000007,19.509538507403366
824770,2026-04-23,700250,"Rice, Ben",NYY,BOS,2026,BOS,112.14,35.87537491861057
824770,2026-04-23,642708,"Rosario, Amed",NYY,BOS,2026,BOS,68.48,28.024664401516613
822745,2026-04-23,660688,"Ruiz, Keibert",WSH,ATL,2026,ATL,-7.480000000000001,14.365938545390703
824770,2026-04-23,519317,"Stanton, Giancarlo",NYY,BOS,2026,BOS,20.599093184000004,19.414972722442702
822745,2026-04-23,677588,"Tena, José",WSH,ATL,2026,ATL,-80.6,1.2178864837802996
822745,2026-04-23,678391,"Vivas, Jorbit",WSH,ATL,2026,ATL,4.175000000000008,16.46167906478443
824770,2026-04-23,669224,"Wells, Austin",NYY,BOS,2026,BOS,138.95499999999998,40.69710653830536
822745,2026-04-23,686894,"Wiemer, Joey",WSH,ATL,2026,ATL,3.7550000000000026,16.38615688390538
822745,2026-04-23,695578,"Wood, James",WSH,ATL,2026,ATL,99.67499999999998,33.6339844789501
822745,2026-04-23,696285,"Young, Jacob",WSH,ATL,2026,ATL,26.215,20.424795413770937
824611,2026-04-24,682928,"Abrams, CJ",WSH,CWS,2026,CWS,24.67,20.14698167696585
824204,2026-04-24,641355,"Bellinger, Cody",NYY,HOU,2026,HOU,73.695,28.96239814743152
824204,2026-04-24,676609,"Caballero, José",NYY,HOU,2026,HOU,167.16,45.76878061376654
824204,2026-04-24,665862,"Chisholm Jr., Jazz",NYY,HOU,2026,HOU,267.735,63.85364571355411
824204,2026-04-24,641555,"Escarra, J.C.",NYY,HOU,2026,HOU,146.025,41.96839658310276
824611,2026-04-24,671277,"García Jr., Luis",WSH,CWS,2026,CWS,134.55,39.9050227126572
824204,2026-04-24,545341,"Grichuk, Randal",NYY,HOU,2026,HOU,79.485,30.003525355264188
824204,2026-04-24,663757,"Grisham, Trent",NYY,HOU,2026,HOU,149.21499999999997,42.5420055283508
824611,2026-04-24,691781,"House, Brady",WSH,CWS,2026,CWS,93.595,32.54071100336761
824204,2026-04-24,592450,"Judge, Aaron",NYY,HOU,2026,HOU,175.43,47.255848318218376
824611,2026-04-24,695734,"Lile, Daylen",WSH,CWS,2026,CWS,125.015,38.19048939198631
824204,2026-04-24,641857,"McMahon, Ryan",NYY,HOU,2026,HOU,125.83499999999998,38.33793745941684
824611,2026-04-24,686452,"Millas, Drew",WSH,CWS,2026,CWS,9.920000000000007,17.49471461038005
824611,2026-04-24,683083,"Nuñez, Nasim",WSH,CWS,2026,CWS,56.97,25.954997015997794
824204,2026-04-24,700250,"Rice, Ben",NYY,HOU,2026,HOU,265.355,63.42568668857281
824204,2026-04-24,519317,"Stanton, Giancarlo",NYY,HOU,2026,HOU,88.06,31.545436548211526
824611,2026-04-24,677588,"Tena, José",WSH,CWS,2026,CWS,20.224999999999998,19.347705262662533
824611,2026-04-24,678391,"Vivas, Jorbit",WSH,CWS,2026,CWS,56.875,25.937914617941825
824611,2026-04-24,695578,"Wood, James",WSH,CWS,2026,CWS,152.475,43.12820150374536
824611,2026-04-24,696285,"Young, Jacob",WSH,CWS,2026,CWS,-2.394999999999993,15.280296378176386
824613,2026-04-25,682928,"Abrams, CJ",WSH,CWS,2026,CWS,-21.0748010656,11.921393247555018
824203,2026-04-25,641355,"Bellinger, Cody",NYY,HOU,2026,HOU,221.395,55.52103175656523
824203,2026-04-25,676609,"Caballero, José",NYY,HOU,2026,HOU,184.47,48.881373354281806
824613,2026-04-25,665953,"Chaparro, Andrés",WSH,CWS,2026,CWS,19.810000000000002,19.273082155365376
824203,2026-04-25,665862,"Chisholm Jr., Jazz",NYY,HOU,2026,HOU,110.57013505279998,35.59309009837694
824613,2026-04-25,671277,"García Jr., Luis",WSH,CWS,2026,CWS,79.01500000000001,29.919012438566195
824203,2026-04-25,663757,"Grisham, Trent",NYY,HOU,2026,HOU,219.688917776,55.214253065337935
824613,2026-04-25,691781,"House, Brady",WSH,CWS,2026,CWS,132.925,39.61282379854182
824203,2026-04-25,592450,"Judge, Aaron",NYY,HOU,2026,HOU,246.185,59.978638575593166
824613,2026-04-25,695734,"Lile, Daylen",WSH,CWS,2026,CWS,85.78999999999999,31.13725714203187
824203,2026-04-25,641857,"McMahon, Ryan",NYY,HOU,2026,HOU,74.22999999999999,29.05859902069412
824613,2026-04-25,678554,"Mead, Curtis",WSH,CWS,2026,CWS,105.86,34.74613849975235
824613,2026-04-25,686452,"Millas, Drew",WSH,CWS,2026,CWS,105.345,34.65353392081732
824613,2026-04-25,683083,"Nuñez, Nasim",WSH,CWS,2026,CWS,203.095,52.23042244683506
824203,2026-04-25,700250,"Rice, Ben",NYY,HOU,2026,HOU,273.685,64.92354327600735
824203,2026-04-25,642708,"Rosario, Amed",NYY,HOU,2026,HOU,46.89473346880001,24.14331582225028
824613,2026-04-25,660688,"Ruiz, Keibert",WSH,CWS,2026,CWS,81.395,30.3469714635475
824613,2026-04-25,678391,"Vivas, Jorbit",WSH,CWS,2026,CWS,27.235,20.60820642447721
824203,2026-04-25,669224,"Wells, Austin",NYY,HOU,2026,HOU,221.275,55.49945399059979
824613,2026-04-25,686894,"Wiemer, Joey",WSH,CWS,2026,CWS,158.1046862048,44.14050193196254
824613,2026-04-25,695578,"Wood, James",WSH,CWS,2026,CWS,85.36500000000001,31.06083588757094
824613,2026-04-25,696285,"Young, Jacob",WSH,CWS,2026,CWS,74.845,29.169185071267023
824612,2026-04-26,682928,"Abrams, CJ",WSH,CWS,2026,CWS,42.11,23.282950330610344
824202,2026-04-26,641355,"Bellinger, Cody",NYY,HOU,2026,HOU,11.715000000000003,17.817482026279816
824202,2026-04-26,676609,"Caballero, José",NYY,HOU,2026,HOU,13.49,18.136653147852
824202,2026-04-26,665862,"Chisholm Jr., Jazz",NYY,HOU,2026,HOU,68.31,27.994095899732237
824202,2026-04-26,641555,"Escarra, J.C.",NYY,HOU,2026,HOU,98.025,33.337290196925245
824612,2026-04-26,671277,"García Jr., Luis",WSH,CWS,2026,CWS,95.59499999999998,32.900340436125006
824202,2026-04-26,502671,"Goldschmidt, Paul",NYY,HOU,2026,HOU,215.435,54.44933604694819
824202,2026-04-26,663757,"Grisham, Trent",NYY,HOU,2026,HOU,-32.225,9.916423388599819
824612,2026-04-26,691781,"House, Brady",WSH,CWS,2026,CWS,-15.745000000000005,12.879769914520764
824202,2026-04-26,592450,"Judge, Aaron",NYY,HOU,2026,HOU,173.14000000000001,46.844072617711156
824612,2026-04-26,695734,"Lile, Daylen",WSH,CWS,2026,CWS,-6.229999999999997,14.590706940864075
824202,2026-04-26,641857,"McMahon, Ryan",NYY,HOU,2026,HOU,57.89000000000001,26.1204265550662
824612,2026-04-26,678554,"Mead, Curtis",WSH,CWS,2026,CWS,37.03,22.36949157140656
824612,2026-04-26,686452,"Millas, Drew",WSH,CWS,2026,CWS,28.324999999999996,20.80420446532999
824612,2026-04-26,683083,"Nuñez, Nasim",WSH,CWS,2026,CWS,28.235000000000003,20.788021140855907
824202,2026-04-26,700250,"Rice, Ben",NYY,HOU,2026,HOU,88.365,31.600280036707023
824612,2026-04-26,677588,"Tena, José",WSH,CWS,2026,CWS,159.375,44.36892304675838
824612,2026-04-26,678391,"Vivas, Jorbit",WSH,CWS,2026,CWS,2.9800000000000013,16.246800478711886
824612,2026-04-26,695578,"Wood, James",WSH,CWS,2026,CWS,29.329999999999995,20.984918255290584
824612,2026-04-26,696285,"Young, Jacob",WSH,CWS,2026,CWS,93.43,32.51104157516514
822906,2026-04-27,641355,"Bellinger, Cody",NYY,TEX,2026,TEX,15.290000000000008,18.46031963733366
822906,2026-04-27,676609,"Caballero, José",NYY,TEX,2026,TEX,112.345,35.9122369354682
822906,2026-04-27,665862,"Chisholm Jr., Jazz",NYY,TEX,2026,TEX,92.13999999999999,32.27908059103661
822906,2026-04-27,691176,"Domínguez, Jasson",NYY,TEX,2026,TEX,17.494999999999997,18.85681108694869
822906,2026-04-27,663757,"Grisham, Trent",NYY,TEX,2026,TEX,121.35,37.53146845645838
822906,2026-04-27,592450,"Judge, Aaron",NYY,TEX,2026,TEX,411.5058548832,89.70576120789968
822906,2026-04-27,641857,"McMahon, Ryan",NYY,TEX,2026,TEX,114.385,36.279058956880746
822906,2026-04-27,700250,"Rice, Ben",NYY,TEX,2026,TEX,209.435,53.37044774867601
822906,2026-04-27,669224,"Wells, Austin",NYY,TEX,2026,TEX,66.545,27.676722925323833
823636,2026-04-28,682928,"Abrams, CJ",WSH,NYM,2026,NYM,33.55499999999999,21.74463543199058
822908,2026-04-28,641355,"Bellinger, Cody",NYY,TEX,2026,TEX,120.66,37.407396302157075
822908,2026-04-28,676609,"Caballero, José",NYY,TEX,2026,TEX,-1.004999999999999,15.530238833942775
822908,2026-04-28,665862,"Chisholm Jr., Jazz",NYY,TEX,2026,TEX,42.05499999999999,23.273060521209512
822908,2026-04-28,691176,"Domínguez, Jasson",NYY,TEX,2026,TEX,21.756415859200008,19.623076371042426
823636,2026-04-28,671277,"García Jr., Luis",WSH,NYM,2026,NYM,48.385,24.411287675886676
822908,2026-04-28,663757,"Grisham, Trent",NYY,TEX,2026,TEX,84.81,30.961038719980756
823636,2026-04-28,691781,"House, Brady",WSH,NYM,2026,NYM,-19.235000000000007,12.252216554359109
822908,2026-04-28,592450,"Judge, Aaron",NYY,TEX,2026,TEX,195.075,50.7883084214779
823636,2026-04-28,695734,"Lile, Daylen",WSH,NYM,2026,NYM,7.14500000000001,16.995728772429167
822908,2026-04-28,641857,"McMahon, Ryan",NYY,TEX,2026,TEX,48.93541839679999,24.51026100379688
823636,2026-04-28,686452,"Millas, Drew",WSH,NYM,2026,NYM,17.12,18.78938056830668
823636,2026-04-28,683083,"Nuñez, Nasim",WSH,NYM,2026,NYM,35.645,22.12044818922206
822908,2026-04-28,700250,"Rice, Ben",NYY,TEX,2026,TEX,-30.729999999999997,10.185246389585974
823636,2026-04-28,678391,"Vivas, Jorbit",WSH,NYM,2026,NYM,6.979999999999995,16.96605934422668
822908,2026-04-28,669224,"Wells, Austin",NYY,TEX,2026,TEX,207.95999999999998,53.105221042017426
823636,2026-04-28,695578,"Wood, James",WSH,NYM,2026,NYM,60.3,26.553780021538863
823636,2026-04-28,696285,"Young, Jacob",WSH,NYM,2026,NYM,19.69,19.251504389399933
823633,2026-04-29,682928,"Abrams, CJ",WSH,NYM,2026,NYM,197.805,51.279202597191755
822907,2026-04-29,641355,"Bellinger, Cody",NYY,TEX,2026,TEX,7.624999999999995,17.08203983629094
822907,2026-04-29,676609,"Caballero, José",NYY,TEX,2026,TEX,12.160962556799994,17.897672656946323
822907,2026-04-29,665862,"Chisholm Jr., Jazz",NYY,TEX,2026,TEX,9.460000000000004,17.41199984084585
822907,2026-04-29,691176,"Domínguez, Jasson",NYY,TEX,2026,TEX,40.085,22.91882552994348
822907,2026-04-29,641555,"Escarra, J.C.",NYY,TEX,2026,TEX,20.539999999999996,19.404346898321823
822907,2026-04-29,663757,"Grisham, Trent",NYY,TEX,2026,TEX,-58.75000000000001,5.1468380366548505
823633,2026-04-29,691781,"House, Brady",WSH,NYM,2026,NYM,146.845,42.11584465053328
822907,2026-04-29,592450,"Judge, Aaron",NYY,TEX,2026,TEX,-70.26,3.0771706511360364
823633,2026-04-29,695734,"Lile, Daylen",WSH,NYM,2026,NYM,48.13,24.36543492321011
822907,2026-04-29,641857,"McMahon, Ryan",NYY,TEX,2026,TEX,-19.65,12.17759344706195
823633,2026-04-29,678554,"Mead, Curtis",WSH,NYM,2026,NYM,281.61,66.34857490330855
823633,2026-04-29,683083,"Nuñez, Nasim",WSH,NYM,2026,NYM,118.87500000000001,37.0864270334211
822907,2026-04-29,700250,"Rice, Ben",NYY,TEX,2026,TEX,117.8,36.893126213314005
823633,2026-04-29,660688,"Ruiz, Keibert",WSH,NYM,2026,NYM,88.73,31.66591240818525
822907,2026-04-29,680474,"Schuemann, Max",NYY,TEX,2026,TEX,93.74,32.56678413724253
823633,2026-04-29,677588,"Tena, José",WSH,NYM,2026,NYM,20.365,19.37287932295555
823633,2026-04-29,686894,"Wiemer, Joey",WSH,NYM,2026,NYM,85.96000000000001,31.167825643816254
823633,2026-04-29,695578,"Wood, James",WSH,NYM,2026,NYM,165.935,45.54850758620264
823633,2026-04-29,696285,"Young, Jacob",WSH,NYM,2026,NYM,160.495,44.57031552910252
823634,2026-04-30,682928,"Abrams, CJ",WSH,NYM,2026,NYM,189.23309161920002,49.73784732287401
823634,2026-04-30,671277,"García Jr., Luis",WSH,NYM,2026,NYM,74.49000000000001,29.105350846952593
823634,2026-04-30,695734,"Lile, Daylen",WSH,NYM,2026,NYM,6.929999999999995,16.957068608407745
823634,2026-04-30,678554,"Mead, Curtis",WSH,NYM,2026,NYM,9.450000000000003,17.410201693682065
823634,2026-04-30,686452,"Millas, Drew",WSH,NYM,2026,NYM,-38.660000000000004,8.759315688702896
823634,2026-04-30,683083,"Nuñez, Nasim",WSH,NYM,2026,NYM,125.23,38.22914955600773
823634,2026-04-30,660688,"Ruiz, Keibert",WSH,NYM,2026,NYM,16.0,18.587988085962536
823634,2026-04-30,677588,"Tena, José",WSH,NYM,2026,NYM,5.255000000000017,16.655878958473426
823634,2026-04-30,678391,"Vivas, Jorbit",WSH,NYM,2026,NYM,37.59,22.47018781257863
823634,2026-04-30,695578,"Wood, James",WSH,NYM,2026,NYM,36.99318675200001,22.362872007658456
823634,2026-04-30,696285,"Young, Jacob",WSH,NYM,2026,NYM,54.885000000000005,25.580083332348213
822744,2026-05-01,682928,"Abrams, CJ",WSH,MIL,2026,MIL,148.57,42.426025036286546
823557,2026-05-01,641355,"Bellinger, Cody",NYY,BAL,2026,BAL,223.925,55.97596298900335
823557,2026-05-01,676609,"Caballero, José",NYY,BAL,2026,BAL,139.67,40.82567406051613
823557,2026-05-01,665862,"Chisholm Jr., Jazz",NYY,BAL,2026,BAL,126.885,38.52674291161448
822744,2026-05-01,671277,"García Jr., Luis",WSH,MIL,2026,MIL,31.948876249599998,21.455830745343313
823557,2026-05-01,502671,"Goldschmidt, Paul",NYY,BAL,2026,BAL,46.324999999999996,24.04086936014656
823557,2026-05-01,663757,"Grisham, Trent",NYY,BAL,2026,BAL,110.115,35.51125011794371
822744,2026-05-01,691781,"House, Brady",WSH,MIL,2026,MIL,44.36500000000001,23.688432516044312
823557,2026-05-01,592450,"Judge, Aaron",NYY,BAL,2026,BAL,274.37,65.04671635672678
822744,2026-05-01,695734,"Lile, Daylen",WSH,MIL,2026,MIL,113.855,36.18375715720004
822744,2026-05-01,678554,"Mead, Curtis",WSH,MIL,2026,MIL,132.2863216128,39.49798002549024
822744,2026-05-01,686452,"Millas, Drew",WSH,MIL,2026,MIL,48.34,24.40319601364963
823557,2026-05-01,700250,"Rice, Ben",NYY,BAL,2026,BAL,170.245,46.323509013794826
823557,2026-05-01,642708,"Rosario, Amed",NYY,BAL,2026,BAL,125.51999999999998,38.28129582375755
822744,2026-05-01,677588,"Tena, José",WSH,MIL,2026,MIL,10.020000000000003,17.51269608201792
822744,2026-05-01,678391,"Vivas, Jorbit",WSH,MIL,2026,MIL,-5.319999999999997,14.754338332768693
823557,2026-05-01,669224,"Wells, Austin",NYY,BAL,2026,BAL,60.105000000000004,26.518716151845016
822744,2026-05-01,686894,"Wiemer, Joey",WSH,MIL,2026,MIL,15.997394412800002,18.587519563039166
822744,2026-05-01,695578,"Wood, James",WSH,MIL,2026,MIL,40.41,22.977265312766555
822744,2026-05-01,696285,"Young, Jacob",WSH,MIL,2026,MIL,24.099999999999994,20.044487288629988
822746,2026-05-02,682928,"Abrams, CJ",WSH,MIL,2026,MIL,95.315,32.84999231553898
823554,2026-05-02,641355,"Bellinger, Cody",NYY,BAL,2026,BAL,337.86,76.46315269961032
823554,2026-05-02,676609,"Caballero, José",NYY,BAL,2026,BAL,59.095,26.337103288302526
823554,2026-05-02,665862,"Chisholm Jr., Jazz",NYY,BAL,2026,BAL,114.5911151488,36.31612149390357
823554,2026-05-02,691176,"Domínguez, Jasson",NYY,BAL,2026,BAL,67.215,27.797198785297557
823554,2026-05-02,641555,"Escarra, J.C.",NYY,BAL,2026,BAL,84.61999999999999,30.926873923868797
822746,2026-05-02,671277,"García Jr., Luis",WSH,MIL,2026,MIL,34.565000000000005,21.926248295533068
823554,2026-05-02,663757,"Grisham, Trent",NYY,BAL,2026,BAL,276.245,65.38386894993683
822746,2026-05-02,691781,"House, Brady",WSH,MIL,2026,MIL,16.595000000000006,18.694977842207862
823554,2026-05-02,592450,"Judge, Aaron",NYY,BAL,2026,BAL,167.854009664,45.893573764662776
822746,2026-05-02,695734,"Lile, Daylen",WSH,MIL,2026,MIL,104.0,34.41168312728797
823554,2026-05-02,641857,"McMahon, Ryan",NYY,BAL,2026,BAL,92.14,32.27908059103661
822746,2026-05-02,678554,"Mead, Curtis",WSH,MIL,2026,MIL,102.475,34.13746568481045
822746,2026-05-02,683083,"Nuñez, Nasim",WSH,MIL,2026,MIL,32.385000000000005,21.534252213827507
823554,2026-05-02,700250,"Rice, Ben",NYY,BAL,2026,BAL,179.635,48.011969200590805
822746,2026-05-02,660688,"Ruiz, Keibert",WSH,MIL,2026,MIL,6.569999999999997,16.89233531051141
822746,2026-05-02,677588,"Tena, José",WSH,MIL,2026,MIL,108.88,35.28917894321602
822746,2026-05-02,678391,"Vivas, Jorbit",WSH,MIL,2026,MIL,95.285,32.84459787404761
822746,2026-05-02,686894,"Wiemer, Joey",WSH,MIL,2026,MIL,-6.759999999999998,14.495405141183365
822746,2026-05-02,695578,"Wood, James",WSH,MIL,2026,MIL,109.78,35.45101218795684
822746,2026-05-02,696285,"Young, Jacob",WSH,MIL,2026,MIL,7.185000000000002,17.002921361084315
822742,2026-05-03,682928,"Abrams, CJ",WSH,MIL,2026,MIL,79.244182752,29.960222870115967
823555,2026-05-03,641355,"Bellinger, Cody",NYY,BAL,2026,BAL,236.73499999999999,58.279389505814464
823555,2026-05-03,676609,"Caballero, José",NYY,BAL,2026,BAL,17.785,18.90895735469851
823555,2026-05-03,665862,"Chisholm Jr., Jazz",NYY,BAL,2026,BAL,106.16,34.80008291466595
823555,2026-05-03,691176,"Domínguez, Jasson",NYY,BAL,2026,BAL,277.31,65.57537162288014
822742,2026-05-03,671277,"García Jr., Luis",WSH,MIL,2026,MIL,-14.910000000000002,13.029915202696978
823555,2026-05-03,502671,"Goldschmidt, Paul",NYY,BAL,2026,BAL,80.83783017279998,30.246784129094756
823555,2026-05-03,663757,"Grisham, Trent",NYY,BAL,2026,BAL,85.17000000000002,31.02577201787709
822742,2026-05-03,691781,"House, Brady",WSH,MIL,2026,MIL,27.489999999999995,20.654059177153776
823555,2026-05-03,592450,"Judge, Aaron",NYY,BAL,2026,BAL,260.485,62.54998901980855
822742,2026-05-03,695734,"Lile, Daylen",WSH,MIL,2026,MIL,48.000000000000014,24.342059010080877
823555,2026-05-03,641857,"McMahon, Ryan",NYY,BAL,2026,BAL,135.625,40.098323532764304
822742,2026-05-03,678554,"Mead, Curtis",WSH,MIL,2026,MIL,47.285,24.213491487870105
822742,2026-05-03,683083,"Nuñez, Nasim",WSH,MIL,2026,MIL,82.605,30.564547270365722
823555,2026-05-03,700250,"Rice, Ben",NYY,BAL,2026,BAL,145.52500000000003,41.878489224913416
822742,2026-05-03,660688,"Ruiz, Keibert",WSH,MIL,2026,MIL,69.61,28.22785503102454
822742,2026-05-03,677588,"Tena, José",WSH,MIL,2026,MIL,77.21000000000001,29.594446875502644
822742,2026-05-03,678391,"Vivas, Jorbit",WSH,MIL,2026,MIL,-11.219999999999995,13.693431506134374
823555,2026-05-03,669224,"Wells, Austin",NYY,BAL,2026,BAL,70.79782817600001,28.44144401759861
822742,2026-05-03,695578,"Wood, James",WSH,MIL,2026,MIL,-32.19499999999999,9.92181783009118
822742,2026-05-03,696285,"Young, Jacob",WSH,MIL,2026,MIL,-5.200000000000006,14.775916098734134
823552,2026-05-04,641355,"Bellinger, Cody",NYY,BAL,2026,BAL,141.61,41.17451461029081
823552,2026-05-04,676609,"Caballero, José",NYY,BAL,2026,BAL,149.68,42.625619371466904
823552,2026-05-04,665862,"Chisholm Jr., Jazz",NYY,BAL,2026,BAL,121.08,37.48291848303613
823552,2026-05-04,691176,"Domínguez, Jasson",NYY,BAL,2026,BAL,113.27,36.078565548118505
823552,2026-05-04,502671,"Goldschmidt, Paul",NYY,BAL,2026,BAL,56.55500000000001,25.880373908700644
823552,2026-05-04,663757,"Grisham, Trent",NYY,BAL,2026,BAL,272.975,64.79587482737848
823552,2026-05-04,592450,"Judge, Aaron",NYY,BAL,2026,BAL,204.8259684736,52.541676051975905
823552,2026-05-04,641857,"McMahon, Ryan",NYY,BAL,2026,BAL,76.2133083776,29.415227054103767
823552,2026-05-04,669224,"Wells, Austin",NYY,BAL,2026,BAL,131.665,39.38625725590465
822743,2026-05-05,682928,"Abrams, CJ",WSH,MIN,2026,MIN,58.290000000000006,26.19235244161768
823553,2026-05-05,641355,"Bellinger, Cody",NYY,TEX,2026,TEX,151.355,42.92680902140121
823553,2026-05-05,676609,"Caballero, José",NYY,TEX,2026,TEX,100.235,33.73468072012217
823553,2026-05-05,665862,"Chisholm Jr., Jazz",NYY,TEX,2026,TEX,155.34,43.64337066617033
823553,2026-05-05,691176,"Domínguez, Jasson",NYY,TEX,2026,TEX,17.374999999999993,18.835233320983242
823553,2026-05-05,502671,"Goldschmidt, Paul",NYY,TEX,2026,TEX,124.615,38.118563505434835
823553,2026-05-05,663757,"Grisham, Trent",NYY,TEX,2026,TEX,66.44,27.65784238010407
823553,2026-05-05,592450,"Judge, Aaron",NYY,TEX,2026,TEX,126.15,38.39457909507613
822743,2026-05-05,695734,"Lile, Daylen",WSH,MIN,2026,MIN,102.115,34.072732386914126
823553,2026-05-05,641857,"McMahon, Ryan",NYY,TEX,2026,TEX,190.5890693312,49.981672070573126
822743,2026-05-05,678554,"Mead, Curtis",WSH,MIN,2026,MIN,164.135,45.22484109672098
822743,2026-05-05,683083,"Nuñez, Nasim",WSH,MIN,2026,MIN,46.094999999999985,23.999511975379452
822743,2026-05-05,660688,"Ruiz, Keibert",WSH,MIN,2026,MIN,-73.29,2.5323320605085806
822743,2026-05-05,677588,"Tena, José",WSH,MIN,2026,MIN,148.305,42.3783741364462
822743,2026-05-05,678391,"Vivas, Jorbit",WSH,MIN,2026,MIN,55.75999999999999,25.737421209179573
823553,2026-05-05,669224,"Wells, Austin",NYY,TEX,2026,TEX,73.04499999999999,28.845518581785363
822743,2026-05-05,695578,"Wood, James",WSH,MIN,2026,MIN,30.734999999999992,21.23755793180265
822743,2026-05-05,696285,"Young, Jacob",WSH,MIN,2026,MIN,19.28500000000001,19.178679429266563
822740,2026-05-06,682928,"Abrams, CJ",WSH,MIN,2026,MIN,270.945,64.43085095312972
823550,2026-05-06,641355,"Bellinger, Cody",NYY,TEX,2026,TEX,128.345,38.78927239752738
823550,2026-05-06,676609,"Caballero, José",NYY,TEX,2026,TEX,31.935000000000002,21.45333559145709
823550,2026-05-06,665862,"Chisholm Jr., Jazz",NYY,TEX,2026,TEX,-58.669999999999995,5.161223213965149
823550,2026-05-06,691176,"Domínguez, Jasson",NYY,TEX,2026,TEX,67.48,27.844849685137916
823550,2026-05-06,502671,"Goldschmidt, Paul",NYY,TEX,2026,TEX,-10.089999999999993,13.896622135642303
823550,2026-05-06,663757,"Grisham, Trent",NYY,TEX,2026,TEX,-72.57,2.6617986563012455
822740,2026-05-06,691781,"House, Brady",WSH,MIN,2026,MIN,175.64000000000001,47.2936094086579
823550,2026-05-06,592450,"Judge, Aaron",NYY,TEX,2026,TEX,93.845,32.58566468246229
822740,2026-05-06,695734,"Lile, Daylen",WSH,MIN,2026,MIN,93.21000000000001,32.47148233756182
823550,2026-05-06,641857,"McMahon, Ryan",NYY,TEX,2026,TEX,-45.175,7.58782281149568
822740,2026-05-06,678554,"Mead, Curtis",WSH,MIN,2026,MIN,133.215,39.66497006629163
822740,2026-05-06,686452,"Millas, Drew",WSH,MIN,2026,MIN,118.09,36.945272481063824
822740,2026-05-06,683083,"Nuñez, Nasim",WSH,MIN,2026,MIN,140.49,40.97312212794667
822740,2026-05-06,677588,"Tena, José",WSH,MIN,2026,MIN,243.955,59.57765175806866
823550,2026-05-06,669224,"Wells, Austin",NYY,TEX,2026,TEX,34.103839523199994,21.843324855192208
822740,2026-05-06,695578,"Wood, James",WSH,MIN,2026,MIN,120.055,37.29860839874797
822740,2026-05-06,696285,"Young, Jacob",WSH,MIN,2026,MIN,62.412648000000004,26.933665222466885
822741,2026-05-07,682928,"Abrams, CJ",WSH,MIN,2026,MIN,53.395,25.31215940494395
823551,2026-05-07,641355,"Bellinger, Cody",NYY,TEX,2026,TEX,217.57999999999998,54.8350386135805
823551,2026-05-07,676609,"Caballero, José",NYY,TEX,2026,TEX,40.825,23.05188842006372
823551,2026-05-07,665862,"Chisholm Jr., Jazz",NYY,TEX,2026,TEX,36.28,22.234630534122534
823551,2026-05-07,641555,"Escarra, J.C.",NYY,TEX,2026,TEX,102.37499999999999,34.11948421317258
823551,2026-05-07,502671,"Goldschmidt, Paul",NYY,TEX,2026,TEX,220.4888024128,55.35808409443981
823551,2026-05-07,663757,"Grisham, Trent",NYY,TEX,2026,TEX,219.16000000000003,55.119145865458854
822741,2026-05-07,691781,"House, Brady",WSH,MIN,2026,MIN,130.47,39.17137866983211
823551,2026-05-07,592450,"Judge, Aaron",NYY,TEX,2026,TEX,113.475,36.11542756497613
822741,2026-05-07,695734,"Lile, Daylen",WSH,MIN,2026,MIN,73.87,28.9938657227978
823551,2026-05-07,641857,"McMahon, Ryan",NYY,TEX,2026,TEX,273.28499999999997,64.85161738945587
822741,2026-05-07,678554,"Mead, Curtis",WSH,MIN,2026,MIN,94.795,32.756488663022054
822741,2026-05-07,683083,"Nuñez, Nasim",WSH,MIN,2026,MIN,10.139999999999997,17.534273847983364
823551,2026-05-07,642708,"Rosario, Amed",NYY,TEX,2026,TEX,43.22500000000001,23.483443739372596
822741,2026-05-07,660688,"Ruiz, Keibert",WSH,MIN,2026,MIN,259.07500000000005,62.29645026971459
823551,2026-05-07,680474,"Schuemann, Max",NYY,TEX,2026,TEX,86.33,31.234357088876376
822741,2026-05-07,677588,"Tena, José",WSH,MIN,2026,MIN,-21.084999999999997,11.919559329058519
822741,2026-05-07,695578,"Wood, James",WSH,MIN,2026,MIN,121.12,37.49011107169128
822741,2026-05-07,696285,"Young, Jacob",WSH,MIN,2026,MIN,60.89,26.659870704202294
823871,2026-05-08,682928,"Abrams, CJ",WSH,MIA,2026,MIA,69.58882368,28.224047217049797
823794,2026-05-08,641355,"Bellinger, Cody",NYY,MIL,2026,MIL,54.975,25.596266656822298
823794,2026-05-08,676609,"Caballero, José",NYY,MIL,2026,MIL,99.04499999999999,33.52070120763152
823794,2026-05-08,665862,"Chisholm Jr., Jazz",NYY,MIL,2026,MIL,27.415000000000006,20.640573073425376
823871,2026-05-08,671277,"García Jr., Luis",WSH,MIA,2026,MIA,3.8199999999999976,16.39784484046999
823794,2026-05-08,502671,"Goldschmidt, Paul",NYY,MIL,2026,MIL,34.205,21.861514997636736
823794,2026-05-08,663757,"Grisham, Trent",NYY,MIL,2026,MIL,118.87,37.08552795983921
823871,2026-05-08,691781,"House, Brady",WSH,MIA,2026,MIA,28.0554088544,20.755728009945717
823794,2026-05-08,682987,"Jones, Spencer",NYY,MIL,2026,MIL,68.04499999999999,27.946444999891874
823794,2026-05-08,592450,"Judge, Aaron",NYY,MIL,2026,MIL,52.12,25.08289564156111
823871,2026-05-08,695734,"Lile, Daylen",WSH,MIA,2026,MIA,67.98606270719999,27.935847207302917
823794,2026-05-08,641857,"McMahon, Ryan",NYY,MIL,2026,MIL,29.940000000000005,21.09460523228159
823871,2026-05-08,678554,"Mead, Curtis",WSH,MIA,2026,MIA,221.235,55.492261401944646
823871,2026-05-08,683083,"Nuñez, Nasim",WSH,MIA,2026,MIA,58.005,26.141105247449755
823794,2026-05-08,700250,"Rice, Ben",NYY,MIL,2026,MIL,36.662252624000004,22.303365181292108
823794,2026-05-08,642708,"Rosario, Amed",NYY,MIL,2026,MIL,-0.2849999999999997,15.659705429735437
823871,2026-05-08,660688,"Ruiz, Keibert",WSH,MIA,2026,MIA,0.7950000000000026,15.85390532342443
823794,2026-05-08,669224,"Wells, Austin",NYY,MIL,2026,MIL,22.455000000000002,19.748692080187034
823871,2026-05-08,686894,"Wiemer, Joey",WSH,MIA,2026,MIA,4.745866947199996,16.56432934298517
823871,2026-05-08,695578,"Wood, James",WSH,MIA,2026,MIA,19.621226304000004,19.23913786675938
823871,2026-05-08,696285,"Young, Jacob",WSH,MIA,2026,MIA,210.27,53.52059303685222
823869,2026-05-09,682928,"Abrams, CJ",WSH,MIA,2026,MIA,129.610602752,39.01684639742635
823792,2026-05-09,641355,"Bellinger, Cody",NYY,MIL,2026,MIL,140.775,41.02436932211459
823792,2026-05-09,676609,"Caballero, José",NYY,MIL,2026,MIL,131.36,39.33141376740916
823792,2026-05-09,665862,"Chisholm Jr., Jazz",NYY,MIL,2026,MIL,92.71000000000001,32.381574979372466
823869,2026-05-09,671277,"García Jr., Luis",WSH,MIA,2026,MIA,144.745,41.73823374613803
823792,2026-05-09,502671,"Goldschmidt, Paul",NYY,MIL,2026,MIL,174.705,47.12548264884382
823792,2026-05-09,663757,"Grisham, Trent",NYY,MIL,2026,MIL,0.30500000000000327,15.765796112398869
823869,2026-05-09,691781,"House, Brady",WSH,MIA,2026,MIA,52.4260558336,25.137928984475945
823792,2026-05-09,682987,"Jones, Spencer",NYY,MIL,2026,MIL,7.158435529599998,16.998144678373585
823792,2026-05-09,592450,"Judge, Aaron",NYY,MIL,2026,MIL,126.62,38.47909201177412
823869,2026-05-09,695734,"Lile, Daylen",WSH,MIA,2026,MIA,86.44,31.254136707678033
823792,2026-05-09,641857,"McMahon, Ryan",NYY,MIL,2026,MIL,45.2715246656,23.85143899167947
823869,2026-05-09,686452,"Millas, Drew",WSH,MIA,2026,MIA,14.59500000000001,18.335348409450468
823869,2026-05-09,683083,"Nuñez, Nasim",WSH,MIA,2026,MIA,33.574999999999996,21.748231726318156
823792,2026-05-09,700250,"Rice, Ben",NYY,MIL,2026,MIL,-12.984999999999996,13.37605853172597
823792,2026-05-09,642708,"Rosario, Amed",NYY,MIL,2026,MIL,83.715,30.764141605546076
823869,2026-05-09,677588,"Tena, José",WSH,MIA,2026,MIA,107.6233430144,35.06321352376504
823869,2026-05-09,678391,"Vivas, Jorbit",WSH,MIA,2026,MIA,9.005,17.330184144893543
823792,2026-05-09,669224,"Wells, Austin",NYY,MIL,2026,MIL,60.535442940799996,26.59611612716218
823869,2026-05-09,695578,"Wood, James",WSH,MIA,2026,MIA,260.12,62.48435664833032
823869,2026-05-09,696285,"Young, Jacob",WSH,MIA,2026,MIA,41.045,23.09144765766703
823868,2026-05-10,682928,"Abrams, CJ",WSH,MIA,2026,MIA,21.404999999999994,19.5598866279894
823793,2026-05-10,641355,"Bellinger, Cody",NYY,MIL,2026,MIL,171.685,46.582442205380154
823793,2026-05-10,676609,"Caballero, José",NYY,MIL,2026,MIL,135.46,40.068654104561816
823793,2026-05-10,665862,"Chisholm Jr., Jazz",NYY,MIL,2026,MIL,128.995,38.90615196317353
823793,2026-05-10,641555,"Escarra, J.C.",NYY,MIL,2026,MIL,70.585,28.403174379493773
823868,2026-05-10,671277,"García Jr., Luis",WSH,MIA,2026,MIA,158.835,44.27182309991388
823793,2026-05-10,663757,"Grisham, Trent",NYY,MIL,2026,MIL,30.034999999999997,21.111687630337563
823868,2026-05-10,691781,"House, Brady",WSH,MIA,2026,MIA,23.249999999999996,19.8916447797081
823793,2026-05-10,682987,"Jones, Spencer",NYY,MIL,2026,MIL,22.749829024000007,19.801706677517803
823793,2026-05-10,592450,"Judge, Aaron",NYY,MIL,2026,MIL,128.99,38.905252889591644
823868,2026-05-10,695734,"Lile, Daylen",WSH,MIA,2026,MIA,92.07,32.266493560890105
823793,2026-05-10,641857,"McMahon, Ryan",NYY,MIL,2026,MIL,16.205000000000002,18.62485010282017
823868,2026-05-10,678554,"Mead, Curtis",WSH,MIA,2026,MIA,23.220000000000006,19.886250338216737
823868,2026-05-10,686452,"Millas, Drew",WSH,MIA,2026,MIA,67.205,27.79540063813377
823868,2026-05-10,683083,"Nuñez, Nasim",WSH,MIA,2026,MIA,91.03,32.07948625585625
823793,2026-05-10,700250,"Rice, Ben",NYY,MIL,2026,MIL,14.03195919360001,18.234105386538015
823868,2026-05-10,678391,"Vivas, Jorbit",WSH,MIA,2026,MIA,66.555,27.678521072487623
823868,2026-05-10,695578,"Wood, James",WSH,MIA,2026,MIA,93.19,32.467886043234245
823868,2026-05-10,696285,"Young, Jacob",WSH,MIA,2026,MIA,4.238289827199999,16.473059507112055
824844,2026-05-11,641355,"Bellinger, Cody",NYY,BAL,2026,BAL,142.36,41.30937564757484
824844,2026-05-11,665862,"Chisholm Jr., Jazz",NYY,BAL,2026,BAL,8.625,17.261854552669636
824844,2026-05-11,502671,"Goldschmidt, Paul",NYY,BAL,2026,BAL,54.045,25.429038970590106
824844,2026-05-11,663757,"Grisham, Trent",NYY,BAL,2026,BAL,48.195,24.377122879774724
824844,2026-05-11,682987,"Jones, Spencer",NYY,BAL,2026,BAL,-17.7,12.528232144000409
824844,2026-05-11,592450,"Judge, Aaron",NYY,BAL,2026,BAL,18.600233721599995,19.055548375130364
824844,2026-05-11,641857,"McMahon, Ryan",NYY,BAL,2026,BAL,-1.9649999999999936,15.357616706219227
824844,2026-05-11,700250,"Rice, Ben",NYY,BAL,2026,BAL,136.15844586240001,40.19424494921515
824844,2026-05-11,680474,"Schuemann, Max",NYY,BAL,2026,BAL,113.96999999999998,36.20443584958359
824844,2026-05-11,669224,"Wells, Austin",NYY,BAL,2026,BAL,-2.869999999999991,15.194884387896504
824521,2026-05-12,682928,"Abrams, CJ",WSH,CIN,2026,CIN,201.32000000000002,51.911251325262874
824843,2026-05-12,641355,"Bellinger, Cody",NYY,BAL,2026,BAL,16.715,18.716555608173305
824843,2026-05-12,665862,"Chisholm Jr., Jazz",NYY,BAL,2026,BAL,-6.84,14.48101996387307
824521,2026-05-12,671277,"García Jr., Luis",WSH,CIN,2026,CIN,223.13000000000002,55.833010289482274
824843,2026-05-12,502671,"Goldschmidt, Paul",NYY,BAL,2026,BAL,188.625,49.62850350083529
824843,2026-05-12,663757,"Grisham, Trent",NYY,BAL,2026,BAL,229.535,56.98472354788784
824521,2026-05-12,691781,"House, Brady",WSH,CIN,2026,CIN,167.805,45.884761105830805
824843,2026-05-12,592450,"Judge, Aaron",NYY,BAL,2026,BAL,192.685,50.35855124933282
824521,2026-05-12,695734,"Lile, Daylen",WSH,CIN,2026,CIN,276.36,65.40454764232038
824843,2026-05-12,641857,"McMahon, Ryan",NYY,BAL,2026,BAL,22.95,19.83770036479449
824521,2026-05-12,683083,"Nuñez, Nasim",WSH,CIN,2026,CIN,115.84646553600001,36.54185196773383
824843,2026-05-12,700250,"Rice, Ben",NYY,BAL,2026,BAL,94.09332432000001,32.63031704963302
824843,2026-05-12,642708,"Rosario, Amed",NYY,BAL,2026,BAL,45.485,23.889824998388452
824521,2026-05-12,660688,"Ruiz, Keibert",WSH,CIN,2026,CIN,117.655,36.86705307943909
824843,2026-05-12,680474,"Schuemann, Max",NYY,BAL,2026,BAL,64.435,27.297313873764782
824521,2026-05-12,677588,"Tena, José",WSH,CIN,2026,CIN,183.55417939519998,48.71669533197592
824843,2026-05-12,669224,"Wells, Austin",NYY,BAL,2026,BAL,20.615000000000002,19.417833002050227
824521,2026-05-12,695578,"Wood, James",WSH,CIN,2026,CIN,182.565,48.53882631958039
824521,2026-05-12,696285,"Young, Jacob",WSH,CIN,2026,CIN,73.2447975616,28.881445123657624
824519,2026-05-13,682928,"Abrams, CJ",WSH,CIN,2026,CIN,131.92000000000002,39.432110008581226
824841,2026-05-13,641355,"Bellinger, Cody",NYY,BAL,2026,BAL,40.785,23.044695831408564
824841,2026-05-13,665862,"Chisholm Jr., Jazz",NYY,BAL,2026,BAL,52.51,25.153023380948802
824841,2026-05-13,641555,"Escarra, J.C.",NYY,BAL,2026,BAL,8.683407478400003,17.272357076832527
824519,2026-05-13,671277,"García Jr., Luis",WSH,CIN,2026,CIN,95.755,32.929110790745604
824841,2026-05-13,663757,"Grisham, Trent",NYY,BAL,2026,BAL,91.89000000000001,32.234126911941935
824519,2026-05-13,691781,"House, Brady",WSH,CIN,2026,CIN,-10.530057216000003,13.81749337215686
824841,2026-05-13,682987,"Jones, Spencer",NYY,BAL,2026,BAL,142.967098368,41.41854086843072
824841,2026-05-13,592450,"Judge, Aaron",NYY,BAL,2026,BAL,-10.269999999999992,13.864255486694137
824519,2026-05-13,695734,"Lile, Daylen",WSH,CIN,2026,CIN,214.8618904384,54.34628251367517
824841,2026-05-13,641857,"McMahon, Ryan",NYY,BAL,2026,BAL,36.16,22.21305276815709
824519,2026-05-13,678554,"Mead, Curtis",WSH,CIN,2026,CIN,68.9816530816,28.114869008105014
824519,2026-05-13,683083,"Nuñez, Nasim",WSH,CIN,2026,CIN,30.97,21.279814390151646
824841,2026-05-13,700250,"Rice, Ben",NYY,BAL,2026,BAL,63.97,27.21370003064868
824519,2026-05-13,660688,"Ruiz, Keibert",WSH,CIN,2026,CIN,102.29499999999999,34.10509903586229
824519,2026-05-13,677588,"Tena, José",WSH,CIN,2026,CIN,18.911607376,19.111537940484098
824841,2026-05-13,683011,"Volpe, Anthony",NYY,BAL,2026,BAL,81.205,30.312806667435545
824519,2026-05-13,686894,"Wiemer, Joey",WSH,CIN,2026,CIN,206.025,52.757279565824646
824519,2026-05-13,695578,"Wood, James",WSH,CIN,2026,CIN,86.75,31.30987926975543
824519,2026-05-13,696285,"Young, Jacob",WSH,CIN,2026,CIN,157.895,44.1027972665179
824517,2026-05-14,682928,"Abrams, CJ",WSH,CIN,2026,CIN,68.6875756384,28.06198955606264
824517,2026-05-14,671277,"García Jr., Luis",WSH,CIN,2026,CIN,165.1120284448,45.40052518941661
824517,2026-05-14,691781,"House, Brady",WSH,CIN,2026,CIN,99.23,33.553966930161586
824517,2026-05-14,695734,"Lile, Daylen",WSH,CIN,2026,CIN,31.019999999999992,21.28880512597058
824517,2026-05-14,686452,"Millas, Drew",WSH,CIN,2026,CIN,42.13,23.28654662493792
824517,2026-05-14,683083,"Nuñez, Nasim",WSH,CIN,2026,CIN,53.775000000000006,25.380488997167856
824517,2026-05-14,677588,"Tena, José",WSH,CIN,2026,CIN,38.82000000000001,22.69135991372443
824517,2026-05-14,678391,"Vivas, Jorbit",WSH,CIN,2026,CIN,162.565,44.94253199200642
824517,2026-05-14,686894,"Wiemer, Joey",WSH,CIN,2026,CIN,1.7850000000000037,16.031921892639346
824517,2026-05-14,695578,"Wood, James",WSH,CIN,2026,CIN,30.964999999999996,21.27891531656975
824517,2026-05-14,696285,"Young, Jacob",WSH,CIN,2026,CIN,50.905,24.86442076116099
822739,2026-05-15,682928,"Abrams, CJ",WSH,BAL,2026,BAL,73.233290944,28.87937606447741
823629,2026-05-15,641355,"Bellinger, Cody",NYY,NYM,2026,NYM,124.0,38.00797745486194
823629,2026-05-15,665862,"Chisholm Jr., Jazz",NYY,NYM,2026,NYM,206.595,52.859773954160495
822739,2026-05-15,671277,"García Jr., Luis",WSH,BAL,2026,BAL,78.762158608,29.873547835374925
823629,2026-05-15,663757,"Grisham, Trent",NYY,NYM,2026,NYM,-25.655,11.097806075207867
822739,2026-05-15,691781,"House, Brady",WSH,BAL,2026,BAL,3.474999999999999,16.33580876331934
823629,2026-05-15,682987,"Jones, Spencer",NYY,NYM,2026,NYM,118.755,37.06484926745566
823629,2026-05-15,592450,"Judge, Aaron",NYY,NYM,2026,NYM,82.6,30.563648196783827
822739,2026-05-15,695734,"Lile, Daylen",WSH,BAL,2026,BAL,183.915,48.78157618669163
823629,2026-05-15,641857,"McMahon, Ryan",NYY,NYM,2026,NYM,1.355000000000004,15.954601564596501
822739,2026-05-15,678554,"Mead, Curtis",WSH,BAL,2026,BAL,172.385,46.70831250684524
822739,2026-05-15,686452,"Millas, Drew",WSH,BAL,2026,BAL,44.715,23.75136766677685
823629,2026-05-15,700250,"Rice, Ben",NYY,NYM,2026,NYM,210.59581032959997,53.57917852886248
822739,2026-05-15,678391,"Vivas, Jorbit",WSH,BAL,2026,BAL,126.94,38.53663272101531
823629,2026-05-15,683011,"Volpe, Anthony",NYY,NYM,2026,NYM,193.51500000000001,50.507797463927126
823629,2026-05-15,669224,"Wells, Austin",NYY,NYM,2026,NYM,33.315,21.70147990005969
822739,2026-05-15,695578,"Wood, James",WSH,BAL,2026,BAL,53.339999999999996,25.30226959554312
822739,2026-05-15,696285,"Young, Jacob",WSH,BAL,2026,BAL,27.605000000000008,20.67473786953733
822737,2026-05-16,682928,"Abrams, CJ",WSH,BAL,2026,BAL,206.68476155519997,52.87591440275049
823627,2026-05-16,641355,"Bellinger, Cody",NYY,NYM,2026,NYM,76.88499999999999,29.536007092679572
823627,2026-05-16,665862,"Chisholm Jr., Jazz",NYY,NYM,2026,NYM,101.17357197440002,33.90344977349991
822737,2026-05-16,671277,"García Jr., Luis",WSH,BAL,2026,BAL,47.685,24.285417374421588
823627,2026-05-16,502671,"Goldschmidt, Paul",NYY,NYM,2026,NYM,163.125,45.0432282331785
823627,2026-05-16,663757,"Grisham, Trent",NYY,NYM,2026,NYM,2.884999999999998,16.22971808065591
822737,2026-05-16,691781,"House, Brady",WSH,BAL,2026,BAL,200.03500000000003,51.680189414716246
823627,2026-05-16,592450,"Judge, Aaron",NYY,NYM,2026,NYM,133.2,39.66227284554596
822737,2026-05-16,695734,"Lile, Daylen",WSH,BAL,2026,BAL,140.11499999999998,40.90569160930465
822737,2026-05-16,678554,"Mead, Curtis",WSH,BAL,2026,BAL,38.27,22.592461819716142
822737,2026-05-16,683083,"Nuñez, Nasim",WSH,BAL,2026,BAL,88.56499999999998,31.63624297998276
823627,2026-05-16,700250,"Rice, Ben",NYY,NYM,2026,NYM,28.139999999999993,20.77093874279993
823627,2026-05-16,642708,"Rosario, Amed",NYY,NYM,2026,NYM,69.52000000000001,28.211671706550455
822737,2026-05-16,660688,"Ruiz, Keibert",WSH,BAL,2026,BAL,241.95,59.217123251729376
822737,2026-05-16,677588,"Tena, José",WSH,BAL,2026,BAL,27.025000000000002,20.570445334037686
822737,2026-05-16,678391,"Vivas, Jorbit",WSH,BAL,2026,BAL,0.710000000000008,15.838621072532245
823627,2026-05-16,683011,"Volpe, Anthony",NYY,NYM,2026,NYM,138.245,40.56943808967649
823627,2026-05-16,669224,"Wells, Austin",NYY,NYM,2026,NYM,66.92500000000001,27.74505251754774
822737,2026-05-16,686894,"Wiemer, Joey",WSH,BAL,2026,BAL,75.53,29.29235815198643
822737,2026-05-16,695578,"Wood, James",WSH,BAL,2026,BAL,147.51000000000002,42.23542143692512
822737,2026-05-16,696285,"Young, Jacob",WSH,BAL,2026,BAL,240.84,59.01752891654901
822738,2026-05-17,682928,"Abrams, CJ",WSH,BAL,2026,BAL,74.43,29.094561963969873
823628,2026-05-17,641355,"Bellinger, Cody",NYY,NYM,2026,NYM,191.20000000000002,50.09152639551044
823628,2026-05-17,665862,"Chisholm Jr., Jazz",NYY,NYM,2026,NYM,193.135,50.43946787170322
823628,2026-05-17,641555,"Escarra, J.C.",NYY,NYM,2026,NYM,32.095,21.48210594607768
822738,2026-05-17,671277,"García Jr., Luis",WSH,BAL,2026,BAL,135.01,39.9877374821914
823628,2026-05-17,502671,"Goldschmidt, Paul",NYY,NYM,2026,NYM,41.685,23.206529076149398
823628,2026-05-17,663757,"Grisham, Trent",NYY,NYM,2026,NYM,6.905000000000015,16.95257324049828
822738,2026-05-17,691781,"House, Brady",WSH,BAL,2026,BAL,98.925,33.49912344166608
823628,2026-05-17,682987,"Jones, Spencer",NYY,NYM,2026,NYM,-35.07,9.404850520502423
823628,2026-05-17,592450,"Judge, Aaron",NYY,NYM,2026,NYM,112.96714639680002,36.02410801335483
822738,2026-05-17,695734,"Lile, Daylen",WSH,BAL,2026,BAL,102.515,34.14465827346561
823628,2026-05-17,641857,"McMahon, Ryan",NYY,NYM,2026,NYM,69.29,28.17031432178336
822738,2026-05-17,683083,"Nuñez, Nasim",WSH,BAL,2026,BAL,59.05500000000001,26.329910699647385
823628,2026-05-17,700250,"Rice, Ben",NYY,NYM,2026,NYM,68.865,28.093893067322412
823628,2026-05-17,642708,"Rosario, Amed",NYY,NYM,2026,NYM,12.944999999999999,18.038654127425612
822738,2026-05-17,660688,"Ruiz, Keibert",WSH,BAL,2026,BAL,173.16500000000002,46.84856798562063
823628,2026-05-17,680474,"Schuemann, Max",NYY,NYM,2026,NYM,98.47,33.417307745713764
822738,2026-05-17,677588,"Tena, José",WSH,BAL,2026,BAL,31.895000000000003,21.446143002801943
822738,2026-05-17,678391,"Vivas, Jorbit",WSH,BAL,2026,BAL,3.42,16.325918953918514
823628,2026-05-17,683011,"Volpe, Anthony",NYY,NYM,2026,NYM,274.62,65.09167003582145
823628,2026-05-17,669224,"Wells, Austin",NYY,NYM,2026,NYM,-19.755,12.158712901842186
822738,2026-05-17,695578,"Wood, James",WSH,BAL,2026,BAL,122.00999999999999,37.650146169268325
822738,2026-05-17,696285,"Young, Jacob",WSH,BAL,2026,BAL,155.88057809920002,43.74057456375852
822734,2026-05-18,682928,"Abrams, CJ",WSH,NYM,2026,NYM,260.37,62.529310327424994
823549,2026-05-18,641355,"Bellinger, Cody",NYY,TOR,2026,TOR,193.30999999999997,50.470935447069486
823549,2026-05-18,665862,"Chisholm Jr., Jazz",NYY,TOR,2026,TOR,153.435,43.300823631468916
823549,2026-05-18,641555,"Escarra, J.C.",NYY,TOR,2026,TOR,26.4041354624,20.458804753299546
822734,2026-05-18,671277,"García Jr., Luis",WSH,NYM,2026,NYM,17.229999999999997,18.809160187108333
823549,2026-05-18,502671,"Goldschmidt, Paul",NYY,TOR,2026,TOR,252.155,61.05213243237399
823549,2026-05-18,663757,"Grisham, Trent",NYY,TOR,2026,TOR,75.17,29.227624854090102
822734,2026-05-18,691781,"House, Brady",WSH,NYM,2026,NYM,146.375,42.0313317338353
823549,2026-05-18,592450,"Judge, Aaron",NYY,TOR,2026,TOR,76.19,29.411035864796375
822734,2026-05-18,695734,"Lile, Daylen",WSH,NYM,2026,NYM,103.43228482560001,34.309599584219356
822734,2026-05-18,678554,"Mead, Curtis",WSH,NYM,2026,NYM,264.145,63.20811088175458
822734,2026-05-18,686452,"Millas, Drew",WSH,NYM,2026,NYM,165.545,45.478379846814946
822734,2026-05-18,683083,"Nuñez, Nasim",WSH,NYM,2026,NYM,35.56,22.105163938329873
823549,2026-05-18,700250,"Rice, Ben",NYY,TOR,2026,TOR,212.5605850976,53.932473946518435
823549,2026-05-18,642708,"Rosario, Amed",NYY,TOR,2026,TOR,9.234102268800006,17.37138010437953
823549,2026-05-18,680474,"Schuemann, Max",NYY,TOR,2026,TOR,145.89,41.94412159639163
822734,2026-05-18,677588,"Tena, José",WSH,NYM,2026,NYM,192.37,50.30190961367352
822734,2026-05-18,678391,"Vivas, Jorbit",WSH,NYM,2026,NYM,149.22,42.5429046019327
823549,2026-05-18,683011,"Volpe, Anthony",NYY,TOR,2026,TOR,85.93499999999999,31.163330275906787
822734,2026-05-18,686894,"Wiemer, Joey",WSH,NYM,2026,NYM,284.875,66.935669952285
822734,2026-05-18,695578,"Wood, James",WSH,NYM,2026,NYM,280.17,66.08964171172322
822734,2026-05-18,696285,"Young, Jacob",WSH,NYM,2026,NYM,47.010000000000005,24.164042440865966
822736,2026-05-19,682928,"Abrams, CJ",WSH,NYM,2026,NYM,157.95,44.112687075918736
823548,2026-05-19,641355,"Bellinger, Cody",NYY,TOR,2026,TOR,153.54500000000002,43.32060325027057
823548,2026-05-19,665862,"Chisholm Jr., Jazz",NYY,TOR,2026,TOR,109.1128801632,35.33105422371205
822736,2026-05-19,686611,"Crews, Dylan",WSH,NYM,2026,NYM,98.08999999999999,33.34897815348986
822736,2026-05-19,671277,"García Jr., Luis",WSH,NYM,2026,NYM,31.76,21.42186801609082
823548,2026-05-19,502671,"Goldschmidt, Paul",NYY,TOR,2026,TOR,62.46000000000001,26.94217980891685
823548,2026-05-19,663757,"Grisham, Trent",NYY,TOR,2026,TOR,50.53,24.79699024251898
823548,2026-05-19,682987,"Jones, Spencer",NYY,TOR,2026,TOR,-7.702027689600005,14.326014699357062
823548,2026-05-19,592450,"Judge, Aaron",NYY,TOR,2026,TOR,25.074999999999992,20.219806637099218
822736,2026-05-19,695734,"Lile, Daylen",WSH,NYM,2026,NYM,114.93,36.37705797730714
823548,2026-05-19,641857,"McMahon, Ryan",NYY,TOR,2026,TOR,124.0858650208,38.02341724922393
822736,2026-05-19,686452,"Millas, Drew",WSH,NYM,2026,NYM,95.655,32.91112931910773
822736,2026-05-19,683083,"Nuñez, Nasim",WSH,NYM,2026,NYM,70.185,28.331248492942297
823548,2026-05-19,700250,"Rice, Ben",NYY,TOR,2026,TOR,128.105,38.74611686559648
822736,2026-05-19,677588,"Tena, José",WSH,NYM,2026,NYM,105.08500000000001,34.60678209455886
822736,2026-05-19,678391,"Vivas, Jorbit",WSH,NYM,2026,NYM,103.615,34.34245446148217
823548,2026-05-19,683011,"Volpe, Anthony",NYY,TOR,2026,TOR,44.06,23.63358902754881
823548,2026-05-19,669224,"Wells, Austin",NYY,TOR,2026,TOR,59.11396971840001,26.340514322836412
822736,2026-05-19,695578,"Wood, James",WSH,NYM,2026,NYM,224.11,56.00922871153341
822735,2026-05-20,682928,"Abrams, CJ",WSH,NYM,2026,NYM,150.885,42.84229610470323
823547,2026-05-20,641355,"Bellinger, Cody",NYY,TOR,2026,TOR,56.115,25.801255433494006
822735,2026-05-20,665953,"Chaparro, Andrés",WSH,NYM,2026,NYM,30.884999999999994,21.264530139259456
823547,2026-05-20,665862,"Chisholm Jr., Jazz",NYY,TOR,2026,TOR,154.92000000000002,43.567848485291286
822735,2026-05-20,686611,"Crews, Dylan",WSH,NYM,2026,NYM,41.510000000000005,23.175061500783126
822735,2026-05-20,671277,"García Jr., Luis",WSH,NYM,2026,NYM,80.87,30.252568737448687
823547,2026-05-20,502671,"Goldschmidt, Paul",NYY,TOR,2026,TOR,68.795,28.081306037175903
823547,2026-05-20,663757,"Grisham, Trent",NYY,TOR,2026,TOR,58.795,26.283158873388924
823547,2026-05-20,682987,"Jones, Spencer",NYY,TOR,2026,TOR,9.445,17.40930262010017
823547,2026-05-20,592450,"Judge, Aaron",NYY,TOR,2026,TOR,-30.807098793599998,10.17138289188165
822735,2026-05-20,695734,"Lile, Daylen",WSH,NYM,2026,NYM,105.9910094144,34.76969592044562
823547,2026-05-20,641857,"McMahon, Ryan",NYY,TOR,2026,TOR,23.239999999999995,19.88984663254431
822735,2026-05-20,678554,"Mead, Curtis",WSH,NYM,2026,NYM,72.30000000000001,28.711556618083243
822735,2026-05-20,683083,"Nuñez, Nasim",WSH,NYM,2026,NYM,68.29,27.99049960540466
823547,2026-05-20,700250,"Rice, Ben",NYY,TOR,2026,TOR,-3.2649999999999935,15.123857574926916
823547,2026-05-20,642708,"Rosario, Amed",NYY,TOR,2026,TOR,82.515,30.548363945891644
822735,2026-05-20,660688,"Ruiz, Keibert",WSH,NYM,2026,NYM,132.51500000000001,39.539099764826545
823547,2026-05-20,683011,"Volpe, Anthony",NYY,TOR,2026,TOR,-12.225000000000007,13.51271771617378
823547,2026-05-20,669224,"Wells, Austin",NYY,TOR,2026,TOR,-51.03999999999999,6.533209499934617
822735,2026-05-20,695578,"Wood, James",WSH,NYM,2026,NYM,10.695000000000007,17.634071015573543
822735,2026-05-20,696285,"Young, Jacob",WSH,NYM,2026,NYM,155.72500000000002,43.712599331976136
822733,2026-05-21,682928,"Abrams, CJ",WSH,NYM,2026,NYM,142.635,41.35882469457897
823545,2026-05-21,641355,"Bellinger, Cody",NYY,TOR,2026,TOR,95.795,32.93630337940075
822733,2026-05-21,665953,"Chaparro, Andrés",WSH,NYM,2026,NYM,78.61,29.846187478432824
823545,2026-05-21,665862,"Chisholm Jr., Jazz",NYY,TOR,2026,TOR,-41.650000000000006,8.22166968673059
822733,2026-05-21,686611,"Crews, Dylan",WSH,NYM,2026,NYM,102.105,34.070934239750336
823545,2026-05-21,641555,"Escarra, J.C.",NYY,TOR,2026,TOR,70.57499999999999,28.401376232329984
822733,2026-05-21,671277,"García Jr., Luis",WSH,NYM,2026,NYM,12.120000000000005,17.890306986413187
823545,2026-05-21,502671,"Goldschmidt, Paul",NYY,TOR,2026,TOR,8.683862915199995,17.272438971071548
823545,2026-05-21,682987,"Jones, Spencer",NYY,TOR,2026,TOR,91.583033648,32.178929844419244
823545,2026-05-21,592450,"Judge, Aaron",NYY,TOR,2026,TOR,3.33499999999999,16.310634703026324
822733,2026-05-21,695734,"Lile, Daylen",WSH,NYM,2026,NYM,87.345,31.41686902600075
823545,2026-05-21,641857,"McMahon, Ryan",NYY,TOR,2026,TOR,68.545,28.036352358081228
822733,2026-05-21,678554,"Mead, Curtis",WSH,NYM,2026,NYM,5.034999999999993,16.61631972087011
822733,2026-05-21,683083,"Nuñez, Nasim",WSH,NYM,2026,NYM,10.349999999999994,17.572034938422888
823545,2026-05-21,700250,"Rice, Ben",NYY,TOR,2026,TOR,-22.849999999999998,11.602186354650115
822733,2026-05-21,660688,"Ruiz, Keibert",WSH,NYM,2026,NYM,80.525,30.190532660298032
822733,2026-05-21,677588,"Tena, José",WSH,NYM,2026,NYM,16.775000000000006,18.72734449115603
822733,2026-05-21,678391,"Vivas, Jorbit",WSH,NYM,2026,NYM,-2.2049999999999983,15.314461174288338
823545,2026-05-21,683011,"Volpe, Anthony",NYY,TOR,2026,TOR,21.945,19.656986574833898
822733,2026-05-21,695578,"Wood, James",WSH,NYM,2026,NYM,83.35554688319999,30.69950664529724
822733,2026-05-21,696285,"Young, Jacob",WSH,NYM,2026,NYM,43.30500000000001,23.49782891668289
824922,2026-05-22,682928,"Abrams, CJ",WSH,ATL,2026,ATL,215.255,54.41696939800003
823546,2026-05-22,641355,"Bellinger, Cody",NYY,TB,2026,TB,179.7,48.02365715715542
823546,2026-05-22,676609,"Caballero, José",NYY,TB,2026,TB,110.52,35.584075078077085
824922,2026-05-22,665953,"Chaparro, Andrés",WSH,ATL,2026,ATL,57.645,26.07637194955342
823546,2026-05-22,665862,"Chisholm Jr., Jazz",NYY,TB,2026,TB,115.805,36.53439585413851
824922,2026-05-22,686611,"Crews, Dylan",WSH,ATL,2026,ATL,60.745,26.633797570327385
824922,2026-05-22,671277,"García Jr., Luis",WSH,ATL,2026,ATL,54.22,25.460506545956374
823546,2026-05-22,502671,"Goldschmidt, Paul",NYY,TB,2026,TB,11.45813413119999,17.771293762934175
823546,2026-05-22,663757,"Grisham, Trent",NYY,TB,2026,TB,135.82,40.13338740245814
823546,2026-05-22,592450,"Judge, Aaron",NYY,TB,2026,TB,102.705,34.17882306957756
824922,2026-05-22,695734,"Lile, Daylen",WSH,ATL,2026,ATL,140.63,40.998296188239685
823546,2026-05-22,641857,"McMahon, Ryan",NYY,TB,2026,TB,-12.709999999999992,13.425507578730114
824922,2026-05-22,678554,"Mead, Curtis",WSH,ATL,2026,ATL,137.14000000000001,40.37074282807803
824922,2026-05-22,686452,"Millas, Drew",WSH,ATL,2026,ATL,-5.755000000000001,14.676118931143959
824922,2026-05-22,683083,"Nuñez, Nasim",WSH,ATL,2026,ATL,145.625,41.89647069655128
823546,2026-05-22,700250,"Rice, Ben",NYY,TB,2026,TB,53.59,25.3472232746378
824922,2026-05-22,677588,"Tena, José",WSH,ATL,2026,ATL,25.94,20.375346366766795
824922,2026-05-22,678391,"Vivas, Jorbit",WSH,ATL,2026,ATL,2.0799999999999983,16.08496723397106
823546,2026-05-22,669224,"Wells, Austin",NYY,TB,2026,TB,206.98000000000002,52.929002619966305
824922,2026-05-22,695578,"Wood, James",WSH,ATL,2026,ATL,162.425,44.91735793171341
824922,2026-05-22,696285,"Young, Jacob",WSH,ATL,2026,ATL,39.585,22.82891817175413
824920,2026-05-23,682928,"Abrams, CJ",WSH,ATL,2026,ATL,32.8847800512,21.624120021985764
824920,2026-05-23,686611,"Crews, Dylan",WSH,ATL,2026,ATL,55.1853441888,25.634089637473277
824920,2026-05-23,671277,"García Jr., Luis",WSH,ATL,2026,ATL,22.679999999999996,19.78915039137224
824920,2026-05-23,695734,"Lile, Daylen",WSH,ATL,2026,ATL,60.59077328640002,26.606065337563383
824920,2026-05-23,683083,"Nuñez, Nasim",WSH,ATL,2026,ATL,-5.286216182399999,14.760413160348627
824920,2026-05-23,660688,"Ruiz, Keibert",WSH,ATL,2026,ATL,35.77,22.142925028769397
824920,2026-05-23,677588,"Tena, José",WSH,ATL,2026,ATL,-34.9261734784,9.430712645691662
824920,2026-05-23,678391,"Vivas, Jorbit",WSH,ATL,2026,ATL,135.37,40.05247078008773
824920,2026-05-23,695578,"Wood, James",WSH,ATL,2026,ATL,122.31,37.70409058418194
824921,2026-05-24,682928,"Abrams, CJ",WSH,ATL,2026,ATL,91.675,32.19546674792051
823544,2026-05-24,641355,"Bellinger, Cody",NYY,TB,2026,TB,29.850000000000005,21.078421907807506
823544,2026-05-24,676609,"Caballero, José",NYY,TB,2026,TB,21.335,19.54729959784289
824921,2026-05-24,665953,"Chaparro, Andrés",WSH,ATL,2026,ATL,18.409999999999997,19.021341552435196
823544,2026-05-24,665862,"Chisholm Jr., Jazz",NYY,TB,2026,TB,52.955,25.233040929737328
824921,2026-05-24,686611,"Crews, Dylan",WSH,ATL,2026,ATL,87.86,31.509473604935785
824921,2026-05-24,671277,"García Jr., Luis",WSH,ATL,2026,ATL,53.115,25.261811284357915
823544,2026-05-24,502671,"Goldschmidt, Paul",NYY,TB,2026,TB,60.25,26.54478928571993
823544,2026-05-24,663757,"Grisham, Trent",NYY,TB,2026,TB,119.54499999999999,37.206902893394826
823544,2026-05-24,592450,"Judge, Aaron",NYY,TB,2026,TB,186.905,49.319222188663936
824921,2026-05-24,695734,"Lile, Daylen",WSH,ATL,2026,ATL,29.575000000000003,21.028972860803364
823544,2026-05-24,641857,"McMahon, Ryan",NYY,TB,2026,TB,10.36356117759999,17.574473437726795
824921,2026-05-24,678554,"Mead, Curtis",WSH,ATL,2026,ATL,-2.290000000000004,15.299176923396146
824921,2026-05-24,683083,"Nuñez, Nasim",WSH,ATL,2026,ATL,52.074999999999996,25.074803979324074
823544,2026-05-24,700250,"Rice, Ben",NYY,TB,2026,TB,-25.41,11.141860680720649
824921,2026-05-24,660688,"Ruiz, Keibert",WSH,ATL,2026,ATL,30.6,21.21328294509153
823544,2026-05-24,669224,"Wells, Austin",NYY,TB,2026,TB,-31.194999999999997,10.10163254646988
824921,2026-05-24,695578,"Wood, James",WSH,ATL,2026,ATL,111.065,35.68207409850348
824921,2026-05-24,696285,"Young, Jacob",WSH,ATL,2026,ATL,62.80500000000001,27.004215886067506
824437,2026-05-25,682928,"Abrams, CJ",WSH,CLE,2026,CLE,70.42500000000003,28.374404024873183
824107,2026-05-25,641355,"Bellinger, Cody",NYY,KC,2026,KC,46.394999999999996,24.053456390293064
824107,2026-05-25,676609,"Caballero, José",NYY,KC,2026,KC,80.46000000000001,30.178844703733414
824107,2026-05-25,665862,"Chisholm Jr., Jazz",NYY,KC,2026,KC,68.575,28.041746799572593
824437,2026-05-25,686611,"Crews, Dylan",WSH,CLE,2026,CLE,80.105,30.11501047941898
824107,2026-05-25,641555,"Escarra, J.C.",NYY,KC,2026,KC,108.56999999999998,35.23343638113862
824437,2026-05-25,671277,"García Jr., Luis",WSH,CLE,2026,CLE,340.685,76.97112927338013
824107,2026-05-25,502671,"Goldschmidt, Paul",NYY,KC,2026,KC,14.659999999999997,18.34703636601508
824107,2026-05-25,663757,"Grisham, Trent",NYY,KC,2026,KC,-10.87,13.756366656866916
824107,2026-05-25,592450,"Judge, Aaron",NYY,KC,2026,KC,13.622888636799992,18.160548480388147
824437,2026-05-25,695734,"Lile, Daylen",WSH,CLE,2026,CLE,85.63499999999999,31.10938586099318
824437,2026-05-25,678554,"Mead, Curtis",WSH,CLE,2026,CLE,232.7027672096,57.5543347102358
824437,2026-05-25,686452,"Millas, Drew",WSH,CLE,2026,CLE,67.365,27.824170992754365
824437,2026-05-25,683083,"Nuñez, Nasim",WSH,CLE,2026,CLE,45.870000000000005,23.95905366419425
824107,2026-05-25,700250,"Rice, Ben",NYY,KC,2026,KC,0.9950000000000014,15.889868266700171
824437,2026-05-25,677588,"Tena, José",WSH,CLE,2026,CLE,-21.900000000000002,11.773010335209877
824107,2026-05-25,683011,"Volpe, Anthony",NYY,KC,2026,KC,85.8486717152,31.14780717986002
824437,2026-05-25,695578,"Wood, James",WSH,CLE,2026,CLE,254.53,61.479192383773395
824437,2026-05-25,696285,"Young, Jacob",WSH,CLE,2026,CLE,88.745,31.668609628930934
824434,2026-05-26,682928,"Abrams, CJ",WSH,CLE,2026,CLE,136.98,40.341972473457425
824106,2026-05-26,641355,"Bellinger, Cody",NYY,KC,2026,KC,287.005,67.31867529817161
824106,2026-05-26,676609,"Caballero, José",NYY,KC,2026,KC,29.524815014399998,21.01994886185123
824434,2026-05-26,665953,"Chaparro, Andrés",WSH,CLE,2026,CLE,27.61500000000001,20.676536016701117
824106,2026-05-26,665862,"Chisholm Jr., Jazz",NYY,KC,2026,KC,263.94,63.171248864896945
824434,2026-05-26,686611,"Crews, Dylan",WSH,CLE,2026,CLE,112.29499999999999,35.90324619964926
824106,2026-05-26,502671,"Goldschmidt, Paul",NYY,KC,2026,KC,133.535,39.72251077553282
824106,2026-05-26,663757,"Grisham, Trent",NYY,KC,2026,KC,309.755,71.409460095787
824106,2026-05-26,592450,"Judge, Aaron",NYY,KC,2026,KC,248.07,60.31758931596701
824434,2026-05-26,695734,"Lile, Daylen",WSH,CLE,2026,CLE,94.13500000000002,32.63781095021211
824434,2026-05-26,678554,"Mead, Curtis",WSH,CLE,2026,CLE,107.185,34.98439299895413
824434,2026-05-26,683083,"Nuñez, Nasim",WSH,CLE,2026,CLE,49.501076848,24.61197471776662
824106,2026-05-26,700250,"Rice, Ben",NYY,KC,2026,KC,262.735,62.954572131660626
824106,2026-05-26,642708,"Rosario, Amed",NYY,KC,2026,KC,366.205,81.5600008353645
824434,2026-05-26,660688,"Ruiz, Keibert",WSH,CLE,2026,CLE,98.535,33.42899570227838
824106,2026-05-26,680474,"Schuemann, Max",NYY,KC,2026,KC,95.89,32.95338577745673
824106,2026-05-26,683011,"Volpe, Anthony",NYY,KC,2026,KC,277.27221424320004,65.568577187738
824106,2026-05-26,669224,"Wells, Austin",NYY,KC,2026,KC,116.63000000000001,36.68274299515093
824434,2026-05-26,695578,"Wood, James",WSH,CLE,2026,CLE,213.42407194560002,54.0877415891883
824434,2026-05-26,696285,"Young, Jacob",WSH,CLE,2026,CLE,84.405,30.88821375984738
824432,2026-05-27,682928,"Abrams, CJ",WSH,CLE,2026,CLE,149.84,42.65438972608749
824104,2026-05-27,641355,"Bellinger, Cody",NYY,KC,2026,KC,-12.79500000000001,13.410223327837922
824104,2026-05-27,676609,"Caballero, José",NYY,KC,2026,KC,64.61500000000001,27.329680522712952
824432,2026-05-27,665953,"Chaparro, Andrés",WSH,CLE,2026,CLE,6.022595836800001,16.793903986161084
824432,2026-05-27,671277,"García Jr., Luis",WSH,CLE,2026,CLE,-1.4417696575999979,15.451701221838613
824104,2026-05-27,502671,"Goldschmidt, Paul",NYY,KC,2026,KC,163.38,45.08908098585506
824104,2026-05-27,663757,"Grisham, Trent",NYY,KC,2026,KC,148.79000000000002,42.46558427388986
824104,2026-05-27,592450,"Judge, Aaron",NYY,KC,2026,KC,57.82500000000001,26.108738598501585
824432,2026-05-27,695734,"Lile, Daylen",WSH,CLE,2026,CLE,97.22999999999999,33.19433749740418
824104,2026-05-27,641857,"McMahon, Ryan",NYY,KC,2026,KC,210.48128416000003,53.558585038157936
824432,2026-05-27,678554,"Mead, Curtis",WSH,CLE,2026,CLE,44.5,23.712707502755435
824432,2026-05-27,686452,"Millas, Drew",WSH,CLE,2026,CLE,100.64500000000001,33.808404753837436
824104,2026-05-27,700250,"Rice, Ben",NYY,KC,2026,KC,287.865,67.4733159542573
824104,2026-05-27,642708,"Rosario, Amed",NYY,KC,2026,KC,-0.48499999999999677,15.6237424864597
824432,2026-05-27,677588,"Tena, José",WSH,CLE,2026,CLE,-3.0400000000000027,15.164315886112123
824432,2026-05-27,678391,"Vivas, Jorbit",WSH,CLE,2026,CLE,37.0,22.364097129915198
824104,2026-05-27,683011,"Volpe, Anthony",NYY,KC,2026,KC,81.195,30.31100852027176
824104,2026-05-27,669224,"Wells, Austin",NYY,KC,2026,KC,45.6,23.910503690772
824432,2026-05-27,695578,"Wood, James",WSH,CLE,2026,CLE,85.79499999999999,31.138156215613765
824432,2026-05-27,696285,"Young, Jacob",WSH,CLE,2026,CLE,-27.555000000000007,10.75615811408834
822732,2026-05-29,682928,"Abrams, CJ",WSH,SD,2026,SD,114.3216224032,36.26766273228739
825002,2026-05-29,641355,"Bellinger, Cody",NYY,ATH,2026,ATH,148.76999999999998,42.46198797956228
825002,2026-05-29,676609,"Caballero, José",NYY,ATH,2026,ATH,84.23,30.85674618448111
825002,2026-05-29,665862,"Chisholm Jr., Jazz",NYY,ATH,2026,ATH,49.0,24.521873726459575
822732,2026-05-29,686611,"Crews, Dylan",WSH,SD,2026,SD,85.00816385280001,30.996671496968496
825002,2026-05-29,641555,"Escarra, J.C.",NYY,ATH,2026,ATH,-17.359999999999992,12.589369147569169
822732,2026-05-29,671277,"García Jr., Luis",WSH,SD,2026,SD,106.3491011488,34.83408608410432
825002,2026-05-29,502671,"Goldschmidt, Paul",NYY,ATH,2026,ATH,183.79999999999998,48.760897494308075
825002,2026-05-29,663757,"Grisham, Trent",NYY,ATH,2026,ATH,84.38000000000001,30.883718391937915
825002,2026-05-29,592450,"Judge, Aaron",NYY,ATH,2026,ATH,153.02,43.22620052417175
822732,2026-05-29,695734,"Lile, Daylen",WSH,SD,2026,SD,95.405,32.866175640013054
825002,2026-05-29,641857,"McMahon, Ryan",NYY,ATH,2026,ATH,143.65,41.541336631703345
822732,2026-05-29,678554,"Mead, Curtis",WSH,SD,2026,SD,192.57,50.33787255694926
822732,2026-05-29,683083,"Nuñez, Nasim",WSH,SD,2026,SD,-52.44500000000001,6.280569823422542
825002,2026-05-29,700250,"Rice, Ben",NYY,ATH,2026,ATH,306.735,70.86641965232333
822732,2026-05-29,660688,"Ruiz, Keibert",WSH,SD,2026,SD,201.515,51.94631519495672
822732,2026-05-29,677588,"Tena, José",WSH,SD,2026,SD,42.205,23.30003272866632
822732,2026-05-29,678391,"Vivas, Jorbit",WSH,SD,2026,SD,1.08,15.905152517592361
822732,2026-05-29,695578,"Wood, James",WSH,SD,2026,SD,87.684105248,31.4778451399924
822732,2026-05-29,696285,"Young, Jacob",WSH,SD,2026,SD,58.14100534079999,26.16556100923169
822731,2026-05-30,682928,"Abrams, CJ",WSH,SD,2026,SD,69.17,28.148736555817916
825000,2026-05-30,641355,"Bellinger, Cody",NYY,ATH,2026,ATH,167.675,45.861385192701576
825000,2026-05-30,676609,"Caballero, José",NYY,ATH,2026,ATH,31.21,21.32296992208253
822731,2026-05-30,665953,"Chaparro, Andrés",WSH,SD,2026,SD,48.894999999999996,24.50299318123981
825000,2026-05-30,665862,"Chisholm Jr., Jazz",NYY,ATH,2026,ATH,142.295,41.29768769101021
822731,2026-05-30,686611,"Crews, Dylan",WSH,SD,2026,SD,27.253160179199995,20.611471891949442
825000,2026-05-30,641555,"Escarra, J.C.",NYY,ATH,2026,ATH,81.82,30.423392718008447
822731,2026-05-30,671277,"García Jr., Luis",WSH,SD,2026,SD,87.745,31.488794912552237
825000,2026-05-30,502671,"Goldschmidt, Paul",NYY,ATH,2026,ATH,93.38500000000002,32.502949912928095
825000,2026-05-30,663757,"Grisham, Trent",NYY,ATH,2026,ATH,143.82,41.57190513348773
825000,2026-05-30,592450,"Judge, Aaron",NYY,ATH,2026,ATH,116.18500000000002,36.60272544636241
822731,2026-05-30,695734,"Lile, Daylen",WSH,SD,2026,SD,12.61,17.978416197438747
825000,2026-05-30,641857,"McMahon, Ryan",NYY,ATH,2026,ATH,68.22,27.977912575258145
822731,2026-05-30,678554,"Mead, Curtis",WSH,SD,2026,SD,176.475,47.44375469683411
822731,2026-05-30,686452,"Millas, Drew",WSH,SD,2026,SD,162.7,44.96680697871755
822731,2026-05-30,683083,"Nuñez, Nasim",WSH,SD,2026,SD,20.645000000000003,19.423227443541588
825000,2026-05-30,700250,"Rice, Ben",NYY,ATH,2026,ATH,222.8746389472,55.787092614198876
822731,2026-05-30,677588,"Tena, José",WSH,SD,2026,SD,37.974999999999994,22.539416478384425
822731,2026-05-30,678391,"Vivas, Jorbit",WSH,SD,2026,SD,134.175,39.837592194015194
825000,2026-05-30,683011,"Volpe, Anthony",NYY,ATH,2026,ATH,-9.210452499199993,14.05477772004025
825000,2026-05-30,669224,"Wells, Austin",NYY,ATH,2026,ATH,36.765,22.3218406715662
822731,2026-05-30,695578,"Wood, James",WSH,SD,2026,SD,63.82,27.18672782319188
822729,2026-05-31,682928,"Abrams, CJ",WSH,SD,2026,SD,106.25999999999999,34.818064386303824
825001,2026-05-31,641355,"Bellinger, Cody",NYY,ATH,2026,ATH,106.45,34.852229182415776
825001,2026-05-31,676609,"Caballero, José",NYY,ATH,2026,ATH,69.257727552,28.164511260699392
822729,2026-05-31,665953,"Chaparro, Andrés",WSH,SD,2026,SD,69.16499999999999,28.147837482236014
822729,2026-05-31,671277,"García Jr., Luis",WSH,SD,2026,SD,75.04999999999998,29.206047088124652
825001,2026-05-31,502671,"Goldschmidt, Paul",NYY,ATH,2026,ATH,36.010000000000005,22.186080560700287
825001,2026-05-31,663757,"Grisham, Trent",NYY,ATH,2026,ATH,120.57000000000001,37.391212977683
825001,2026-05-31,592450,"Judge, Aaron",NYY,ATH,2026,ATH,62.949999999999996,27.030289019942412
822729,2026-05-31,695734,"Lile, Daylen",WSH,SD,2026,SD,-7.195,14.417185739558633
825001,2026-05-31,641857,"McMahon, Ryan",NYY,ATH,2026,ATH,30.65,21.22227368091046
822729,2026-05-31,678554,"Mead, Curtis",WSH,SD,2026,SD,77.12499999999999,29.579162624610454
825001,2026-05-31,700250,"Rice, Ben",NYY,ATH,2026,ATH,133.605,39.73509780567932
822729,2026-05-31,660688,"Ruiz, Keibert",WSH,SD,2026,SD,82.56,30.556455608128687
825001,2026-05-31,680474,"Schuemann, Max",NYY,ATH,2026,ATH,122.77000000000001,37.78680535371613
822729,2026-05-31,677588,"Tena, José",WSH,SD,2026,SD,136.5062179584,40.25677949002181
822729,2026-05-31,678391,"Vivas, Jorbit",WSH,SD,2026,SD,63.985,27.216397251394365
825001,2026-05-31,683011,"Volpe, Anthony",NYY,ATH,2026,ATH,78.77,29.87495783305342
825001,2026-05-31,669224,"Wells, Austin",NYY,ATH,2026,ATH,109.53999999999999,35.407856656025956
822729,2026-05-31,695578,"Wood, James",WSH,SD,2026,SD,268.84499999999997,64.05324004873447
822729,2026-05-31,696285,"Young, Jacob",WSH,SD,2026,SD,73.505,28.92823335131957
822730,2026-06-01,682928,"Abrams, CJ",WSH,MIA,2026,MIA,56.21000000000001,25.818337831549986
822730,2026-06-01,671277,"García Jr., Luis",WSH,MIA,2026,MIA,83.21,30.673335173774834
822730,2026-06-01,695734,"Lile, Daylen",WSH,MIA,2026,MIA,46.175000000000004,24.01389715268975
822730,2026-06-01,678554,"Mead, Curtis",WSH,MIA,2026,MIA,183.70000000000002,48.74291602267021
822730,2026-06-01,683083,"Nuñez, Nasim",WSH,MIA,2026,MIA,30.084999999999997,21.120678366156497
822730,2026-06-01,660688,"Ruiz, Keibert",WSH,MIA,2026,MIA,54.010000000000005,25.422745455516853
822730,2026-06-01,677588,"Tena, José",WSH,MIA,2026,MIA,18.779999999999994,19.087872997495314
822730,2026-06-01,678391,"Vivas, Jorbit",WSH,MIA,2026,MIA,-8.379999999999999,14.204105300649877
822730,2026-06-01,695578,"Wood, James",WSH,MIA,2026,MIA,17.019999999999992,18.771399096668805
822730,2026-06-01,696285,"Young, Jacob",WSH,MIA,2026,MIA,162.16000000000003,44.869707031873055
822728,2026-06-02,682928,"Abrams, CJ",WSH,MIA,2026,MIA,103.7,34.357738712374356
823541,2026-06-02,641355,"Bellinger, Cody",NYY,CLE,2026,CLE,120.635,37.40290093424761
823541,2026-06-02,676609,"Caballero, José",NYY,CLE,2026,CLE,15.829999999999998,18.557419584178156
823541,2026-06-02,665862,"Chisholm Jr., Jazz",NYY,CLE,2026,CLE,57.52499999999999,26.054794183587976
822728,2026-06-02,686611,"Crews, Dylan",WSH,MIA,2026,MIA,68.03,27.943747779146193
822728,2026-06-02,671277,"García Jr., Luis",WSH,MIA,2026,MIA,100.42000000000002,33.76794644265224
823541,2026-06-02,502671,"Goldschmidt, Paul",NYY,CLE,2026,CLE,196.66,51.07331474693814
823541,2026-06-02,663757,"Grisham, Trent",NYY,CLE,2026,CLE,115.695,36.514616235336845
822728,2026-06-02,695734,"Lile, Daylen",WSH,MIA,2026,MIA,137.35999999999999,40.41030206568133
822728,2026-06-02,678554,"Mead, Curtis",WSH,MIA,2026,MIA,62.295,26.912510380714366
822728,2026-06-02,686452,"Millas, Drew",WSH,MIA,2026,MIA,35.65,22.121347262803955
823541,2026-06-02,700250,"Rice, Ben",NYY,CLE,2026,CLE,104.325,34.470122910111044
823541,2026-06-02,642708,"Rosario, Amed",NYY,CLE,2026,CLE,-34.62499999999999,9.484868069290945
822728,2026-06-02,660688,"Ruiz, Keibert",WSH,MIA,2026,MIA,56.080000000000005,25.794961918420757
822728,2026-06-02,677588,"Tena, José",WSH,MIA,2026,MIA,14.545000000000002,18.32635767363153
822728,2026-06-02,678391,"Vivas, Jorbit",WSH,MIA,2026,MIA,91.07,32.086678844511404
823541,2026-06-02,683011,"Volpe, Anthony",NYY,CLE,2026,CLE,37.6925119392,22.488620967851308
823541,2026-06-02,669224,"Wells, Austin",NYY,CLE,2026,CLE,5.900000000000006,16.771859450537686
822728,2026-06-02,695578,"Wood, James",WSH,MIA,2026,MIA,22.515000000000008,19.759480963169754
822728,2026-06-02,696285,"Young, Jacob",WSH,MIA,2026,MIA,22.858047926399994,19.821166028759666
822727,2026-06-03,682928,"Abrams, CJ",WSH,MIA,2026,MIA,-3.762111859199999,15.03446954695638
823540,2026-06-03,641355,"Bellinger, Cody",NYY,CLE,2026,CLE,86.065,31.186706189036023
823540,2026-06-03,676609,"Caballero, José",NYY,CLE,2026,CLE,154.605,43.51120684963198
823540,2026-06-03,665862,"Chisholm Jr., Jazz",NYY,CLE,2026,CLE,73.43599265600001,28.915824815330165
822727,2026-06-03,686611,"Crews, Dylan",WSH,MIA,2026,MIA,66.42000000000002,27.654246085776503
822727,2026-06-03,671277,"García Jr., Luis",WSH,MIA,2026,MIA,123.9,37.98999598322406
823540,2026-06-03,502671,"Goldschmidt, Paul",NYY,CLE,2026,CLE,38.065,22.55559980285851
823540,2026-06-03,663757,"Grisham, Trent",NYY,CLE,2026,CLE,27.811430793600007,20.711857164140344
822727,2026-06-03,695734,"Lile, Daylen",WSH,MIA,2026,MIA,149.07,42.5159323944759
823540,2026-06-03,641857,"McMahon, Ryan",NYY,CLE,2026,CLE,19.838218156799993,19.278156195227098
822727,2026-06-03,678554,"Mead, Curtis",WSH,MIA,2026,MIA,138.61,40.63507046115472
822727,2026-06-03,683083,"Nuñez, Nasim",WSH,MIA,2026,MIA,9.084999999999997,17.34456932220384
823540,2026-06-03,700250,"Rice, Ben",NYY,CLE,2026,CLE,109.91,35.47438810108608
822727,2026-06-03,660688,"Ruiz, Keibert",WSH,MIA,2026,MIA,95.92999999999999,32.960578366111875
822727,2026-06-03,677588,"Tena, José",WSH,MIA,2026,MIA,15.194999999999997,18.443237239277682
823540,2026-06-03,683011,"Volpe, Anthony",NYY,CLE,2026,CLE,33.0770653632,21.65869575082683
823540,2026-06-03,669224,"Wells, Austin",NYY,CLE,2026,CLE,9.185000000000002,17.36255079384171
822727,2026-06-03,695578,"Wood, James",WSH,MIA,2026,MIA,55.135,25.625037011442885
822727,2026-06-03,696285,"Young, Jacob",WSH,MIA,2026,MIA,35.675,22.12584263071342
823542,2026-06-04,641355,"Bellinger, Cody",NYY,CLE,2026,CLE,28.15,20.772736889963717
823542,2026-06-04,676609,"Caballero, José",NYY,CLE,2026,CLE,28.299999999999997,20.79970909742052
823542,2026-06-04,665862,"Chisholm Jr., Jazz",NYY,CLE,2026,CLE,60.815000000000005,26.646384600473894
823542,2026-06-04,641555,"Escarra, J.C.",NYY,CLE,2026,CLE,-1.1793726687999992,15.498884061958307
823542,2026-06-04,502671,"Goldschmidt, Paul",NYY,CLE,2026,CLE,-1.7400000000000055,15.39807501740443
823542,2026-06-04,663757,"Grisham, Trent",NYY,CLE,2026,CLE,74.885,29.176377659922174
823542,2026-06-04,641857,"McMahon, Ryan",NYY,CLE,2026,CLE,93.025,32.438216615031756
823542,2026-06-04,700250,"Rice, Ben",NYY,CLE,2026,CLE,164.435,45.278785511634595
823542,2026-06-04,680474,"Schuemann, Max",NYY,CLE,2026,CLE,5.440000000000001,16.689144681003484
825073,2026-06-05,682928,"Abrams, CJ",WSH,AZ,2026,AZ,227.355,56.59272746618227
823538,2026-06-05,641355,"Bellinger, Cody",NYY,BOS,2026,BOS,18.543678428800007,19.04537890119582
823538,2026-06-05,676609,"Caballero, José",NYY,BOS,2026,BOS,20.995,19.486162594274134
823538,2026-06-05,665862,"Chisholm Jr., Jazz",NYY,BOS,2026,BOS,-12.23,13.511818642591889
825073,2026-06-05,686611,"Crews, Dylan",WSH,AZ,2026,AZ,88.4,31.606573551780276
825073,2026-06-05,671277,"García Jr., Luis",WSH,AZ,2026,AZ,241.93,59.21352695740181
823538,2026-06-05,502671,"Goldschmidt, Paul",NYY,BOS,2026,BOS,-29.831137481599995,10.346875098395513
823538,2026-06-05,663757,"Grisham, Trent",NYY,BOS,2026,BOS,135.785,40.12709388738489
823538,2026-06-05,682987,"Jones, Spencer",NYY,BOS,2026,BOS,172.005,46.639982914621335
825073,2026-06-05,695734,"Lile, Daylen",WSH,AZ,2026,AZ,224.315,56.04609072839103
823538,2026-06-05,641857,"McMahon, Ryan",NYY,BOS,2026,BOS,29.629999999999995,21.03886267020419
825073,2026-06-05,678554,"Mead, Curtis",WSH,AZ,2026,AZ,103.325,34.29030819373235
825073,2026-06-05,686452,"Millas, Drew",WSH,AZ,2026,AZ,186.845,49.30843330568121
825073,2026-06-05,683083,"Nuñez, Nasim",WSH,AZ,2026,AZ,159.48499999999999,44.38870266556003
823538,2026-06-05,700250,"Rice, Ben",NYY,BOS,2026,BOS,244.43,59.66306374834854
823538,2026-06-05,642708,"Rosario, Amed",NYY,BOS,2026,BOS,61.14,26.70482438329697
823538,2026-06-05,680474,"Schuemann, Max",NYY,BOS,2026,BOS,53.075,25.254618695702767
825073,2026-06-05,677588,"Tena, José",WSH,AZ,2026,AZ,27.389999999999997,20.636077705515905
825073,2026-06-05,678391,"Vivas, Jorbit",WSH,AZ,2026,AZ,152.57999999999998,43.147082048965125
823538,2026-06-05,683011,"Volpe, Anthony",NYY,BOS,2026,BOS,14.220000000000002,18.26791789080845
823538,2026-06-05,669224,"Wells, Austin",NYY,BOS,2026,BOS,-17.374999999999996,12.586671926823486
825073,2026-06-05,695578,"Wood, James",WSH,AZ,2026,AZ,201.375,51.92114113466369
825073,2026-06-05,696285,"Young, Jacob",WSH,AZ,2026,AZ,-5.985000000000001,14.63476154637686
825075,2026-06-06,682928,"Abrams, CJ",WSH,AZ,2026,AZ,-18.675000000000008,12.352912795531177
825075,2026-06-06,665953,"Chaparro, Andrés",WSH,AZ,2026,AZ,4.045000000000009,16.4383031516552
825075,2026-06-06,686611,"Crews, Dylan",WSH,AZ,2026,AZ,141.98499999999996,41.24194512893281
825075,2026-06-06,671277,"García Jr., Luis",WSH,AZ,2026,AZ,-27.985,10.6788377860455
825075,2026-06-06,695734,"Lile, Daylen",WSH,AZ,2026,AZ,78.605,29.845288404850933
825075,2026-06-06,678554,"Mead, Curtis",WSH,AZ,2026,AZ,189.615,49.80652007005021
825075,2026-06-06,683083,"Nuñez, Nasim",WSH,AZ,2026,AZ,43.875,23.600323305018748
825075,2026-06-06,660688,"Ruiz, Keibert",WSH,AZ,2026,AZ,129.695,39.03202226463861
825075,2026-06-06,695578,"Wood, James",WSH,AZ,2026,AZ,102.156931408,34.080272271151
825075,2026-06-06,696285,"Young, Jacob",WSH,AZ,2026,AZ,79.65500000000002,30.034093857048568
825074,2026-06-07,682928,"Abrams, CJ",WSH,AZ,2026,AZ,82.75999999999999,30.59241855140442
823537,2026-06-07,641355,"Bellinger, Cody",NYY,BOS,2026,BOS,141.82999999999998,41.21407384789412
823537,2026-06-07,676609,"Caballero, José",NYY,BOS,2026,BOS,61.81499999999998,26.826199316852588
823537,2026-06-07,665862,"Chisholm Jr., Jazz",NYY,BOS,2026,BOS,47.394999999999996,24.23327110667176
825074,2026-06-07,686611,"Crews, Dylan",WSH,AZ,2026,AZ,23.58,19.95098363611307
825074,2026-06-07,671277,"García Jr., Luis",WSH,AZ,2026,AZ,-5.246974358400001,14.767469417801369
823537,2026-06-07,502671,"Goldschmidt, Paul",NYY,BOS,2026,BOS,46.105,24.00131012254324
823537,2026-06-07,663757,"Grisham, Trent",NYY,BOS,2026,BOS,196.84999999999997,51.10747954305008
823537,2026-06-07,682987,"Jones, Spencer",NYY,BOS,2026,BOS,6.365000000000002,16.855473293653777
825074,2026-06-07,695734,"Lile, Daylen",WSH,AZ,2026,AZ,33.185,21.678103986930463
825074,2026-06-07,678554,"Mead, Curtis",WSH,AZ,2026,AZ,91.745,32.208053778067026
823537,2026-06-07,700250,"Rice, Ben",NYY,BOS,2026,BOS,7.490000000000002,17.057764849579815
823537,2026-06-07,642708,"Rosario, Amed",NYY,BOS,2026,BOS,18.634999999999998,19.061799863620408
825074,2026-06-07,660688,"Ruiz, Keibert",WSH,AZ,2026,AZ,78.805,29.881251348126675
823537,2026-06-07,645305,"Sánchez, Ali",NYY,BOS,2026,BOS,-20.375000000000007,12.04722777768739
825074,2026-06-07,677588,"Tena, José",WSH,AZ,2026,AZ,72.625,28.769996400906315
823537,2026-06-07,683011,"Volpe, Anthony",NYY,BOS,2026,BOS,129.57,39.00954542509128
825074,2026-06-07,695578,"Wood, James",WSH,AZ,2026,AZ,99.645,33.628590037458736
825074,2026-06-07,696285,"Young, Jacob",WSH,AZ,2026,AZ,54.625,25.533331506089752
823218,2026-06-08,682928,"Abrams, CJ",WSH,SF,2026,SF,66.785,27.719878457254715
824427,2026-06-08,641355,"Bellinger, Cody",NYY,CLE,2026,CLE,161.955,44.832845015015415
824427,2026-06-08,676609,"Caballero, José",NYY,CLE,2026,CLE,68.37,28.00488478271496
824427,2026-06-08,665862,"Chisholm Jr., Jazz",NYY,CLE,2026,CLE,56.43500000000002,25.858796142735198
823218,2026-06-08,686611,"Crews, Dylan",WSH,SF,2026,SF,-82.830206256,0.8168625783916611
824427,2026-06-08,641555,"Escarra, J.C.",NYY,CLE,2026,CLE,-12.45,13.472259404988574
823218,2026-06-08,671277,"García Jr., Luis",WSH,SF,2026,SF,99.54499999999999,33.61060856582087
824427,2026-06-08,502671,"Goldschmidt, Paul",NYY,CLE,2026,CLE,178.26,47.76472396557009
824427,2026-06-08,663757,"Grisham, Trent",NYY,CLE,2026,CLE,124.39243594560001,38.0785432131168
824427,2026-06-08,682987,"Jones, Spencer",NYY,CLE,2026,CLE,62.93000000000001,27.026692725614843
823218,2026-06-08,695734,"Lile, Daylen",WSH,SF,2026,SF,83.9,30.797407328076137
824427,2026-06-08,641857,"McMahon, Ryan",NYY,CLE,2026,CLE,70.24100650239998,28.341319286286705
823218,2026-06-08,678554,"Mead, Curtis",WSH,SF,2026,SF,49.07,24.534460756606084
823218,2026-06-08,683083,"Nuñez, Nasim",WSH,SF,2026,SF,29.334999999999994,20.985817328872475
824427,2026-06-08,700250,"Rice, Ben",NYY,CLE,2026,CLE,225.0917199136,56.185756399360706
824427,2026-06-08,642708,"Rosario, Amed",NYY,CLE,2026,CLE,7.404999999999994,17.04248059868762
823218,2026-06-08,660688,"Ruiz, Keibert",WSH,SF,2026,SF,28.890000000000008,20.905799780083957
824427,2026-06-08,680474,"Schuemann, Max",NYY,CLE,2026,CLE,69.03,28.123562495524894
824427,2026-06-08,645305,"Sánchez, Ali",NYY,CLE,2026,CLE,35.39,22.07459543654549
823218,2026-06-08,678391,"Vivas, Jorbit",WSH,SF,2026,SF,-17.130000000000006,12.630726532336267
824427,2026-06-08,683011,"Volpe, Anthony",NYY,CLE,2026,CLE,1.8644390848000043,16.046206209142035
823218,2026-06-08,695578,"Wood, James",WSH,SF,2026,SF,55.279999999999994,25.651110145317794
823214,2026-06-09,682928,"Abrams, CJ",WSH,SF,2026,SF,95.79,32.935404305818864
824429,2026-06-09,641355,"Bellinger, Cody",NYY,CLE,2026,CLE,66.525,27.673126630996258
823214,2026-06-09,665953,"Chaparro, Andrés",WSH,SF,2026,SF,84.345,30.877424876864655
824429,2026-06-09,665862,"Chisholm Jr., Jazz",NYY,CLE,2026,CLE,204.5026261472,52.48353434326106
823214,2026-06-09,686611,"Crews, Dylan",WSH,SF,2026,SF,93.99,32.6117378163372
824429,2026-06-09,641555,"Escarra, J.C.",NYY,CLE,2026,CLE,57.495,26.04939974209661
823214,2026-06-09,671277,"García Jr., Luis",WSH,SF,2026,SF,68.46782994239999,28.022476046060955
824429,2026-06-09,502671,"Goldschmidt, Paul",NYY,CLE,2026,CLE,119.7965691776,37.2521387337146
824429,2026-06-09,663757,"Grisham, Trent",NYY,CLE,2026,CLE,44.519999999999996,23.716303797083004
824429,2026-06-09,682987,"Jones, Spencer",NYY,CLE,2026,CLE,144.705,41.73104115748287
823214,2026-06-09,695734,"Lile, Daylen",WSH,SF,2026,SF,238.29000000000002,58.55900138978335
824429,2026-06-09,641857,"McMahon, Ryan",NYY,CLE,2026,CLE,171.765,46.59682738269045
823214,2026-06-09,678554,"Mead, Curtis",WSH,SF,2026,SF,141.1,41.08280910493767
823214,2026-06-09,686452,"Millas, Drew",WSH,SF,2026,SF,-9.420000000000002,14.017097995616028
823214,2026-06-09,683083,"Nuñez, Nasim",WSH,SF,2026,SF,121.745,37.60249526942797
824429,2026-06-09,700250,"Rice, Ben",NYY,CLE,2026,CLE,-5.351720316800005,14.748634552999857
823214,2026-06-09,677588,"Tena, José",WSH,SF,2026,SF,21.705,19.61383104290301
823214,2026-06-09,678391,"Vivas, Jorbit",WSH,SF,2026,SF,-4.154999999999998,14.963822477349876
824429,2026-06-09,683011,"Volpe, Anthony",NYY,CLE,2026,CLE,10.055000000000005,17.518989597091178
823214,2026-06-09,695578,"Wood, James",WSH,SF,2026,SF,179.655,48.01556549491837
823214,2026-06-09,696285,"Young, Jacob",WSH,SF,2026,SF,154.13500000000002,43.426693932934
824428,2026-06-10,641355,"Bellinger, Cody",NYY,CLE,2026,CLE,154.74,43.535481836343116
824428,2026-06-10,676609,"Caballero, José",NYY,CLE,2026,CLE,92.785,32.39506108310087
823215,2026-06-10,665953,"Chaparro, Andrés",WSH,SF,2026,SF,44.88000000000001,23.78103709497934
824428,2026-06-10,665862,"Chisholm Jr., Jazz",NYY,CLE,2026,CLE,126.09,38.38379021209341
823215,2026-06-10,686611,"Crews, Dylan",WSH,SF,2026,SF,31.84,21.436253193401114
823215,2026-06-10,671277,"García Jr., Luis",WSH,SF,2026,SF,83.605,30.744361986744423
824428,2026-06-10,502671,"Goldschmidt, Paul",NYY,CLE,2026,CLE,137.185,40.37883449031507
824428,2026-06-10,663757,"Grisham, Trent",NYY,CLE,2026,CLE,259.82500000000005,62.431311306998616
823215,2026-06-10,695734,"Lile, Daylen",WSH,SF,2026,SF,175.26500000000001,47.22617889001589
824428,2026-06-10,641857,"McMahon, Ryan",NYY,CLE,2026,CLE,19.544999999999995,19.22543125552502
823215,2026-06-10,678554,"Mead, Curtis",WSH,SF,2026,SF,136.45999999999998,40.24846882094051
823215,2026-06-10,683083,"Nuñez, Nasim",WSH,SF,2026,SF,118.675,37.05046409014536
824428,2026-06-10,700250,"Rice, Ben",NYY,CLE,2026,CLE,4.964999999999996,16.6037326907236
824428,2026-06-10,642708,"Rosario, Amed",NYY,CLE,2026,CLE,33.015,21.647535485146086
823215,2026-06-10,660688,"Ruiz, Keibert",WSH,SF,2026,SF,49.294999999999995,24.57491906779129
824428,2026-06-10,645305,"Sánchez, Ali",NYY,CLE,2026,CLE,48.92999999999999,24.509286696313062
823215,2026-06-10,678391,"Vivas, Jorbit",WSH,SF,2026,SF,82.095,30.472841765012586
824428,2026-06-10,683011,"Volpe, Anthony",NYY,CLE,2026,CLE,174.39000000000001,47.06884101318453
823215,2026-06-10,695578,"Wood, James",WSH,SF,2026,SF,196.385,51.02386569993399
823215,2026-06-10,696285,"Young, Jacob",WSH,SF,2026,SF,141.9928262208,41.243352398606284
822726,2026-06-12,682928,"Abrams, CJ",WSH,SEA,2026,SEA,6.550000000000004,16.888739016183838
822803,2026-06-12,641355,"Bellinger, Cody",NYY,TOR,2026,TOR,145.95999999999998,41.956708626538145
822803,2026-06-12,676609,"Caballero, José",NYY,TOR,2026,TOR,198.31,51.37000902896299
822803,2026-06-12,665862,"Chisholm Jr., Jazz",NYY,TOR,2026,TOR,101.34400613439999,33.93409634364154
822726,2026-06-12,686611,"Crews, Dylan",WSH,SEA,2026,SEA,128.385,38.79646498618252
822803,2026-06-12,641555,"Escarra, J.C.",NYY,TOR,2026,TOR,59.269999999999996,26.3685708636688
822726,2026-06-12,671277,"García Jr., Luis",WSH,SEA,2026,SEA,-6.240000000000007,14.58890879370029
822803,2026-06-12,502671,"Goldschmidt, Paul",NYY,TOR,2026,TOR,62.23000000000001,26.90082242414975
822803,2026-06-12,663757,"Grisham, Trent",NYY,TOR,2026,TOR,146.29500000000002,42.016946556525006
822803,2026-06-12,682987,"Jones, Spencer",NYY,TOR,2026,TOR,79.67,30.036791077794245
822726,2026-06-12,695734,"Lile, Daylen",WSH,SEA,2026,SEA,-10.719999999999999,13.78333886432372
822803,2026-06-12,641857,"McMahon, Ryan",NYY,TOR,2026,TOR,113.45,36.11093219706667
822726,2026-06-12,678554,"Mead, Curtis",WSH,SEA,2026,SEA,-24.780000000000005,11.255143952039228
822803,2026-06-12,700250,"Rice, Ben",NYY,TOR,2026,TOR,63.190000000000005,27.073444551873298
822803,2026-06-12,642708,"Rosario, Amed",NYY,TOR,2026,TOR,-8.215,14.23377472885236
822726,2026-06-12,660688,"Ruiz, Keibert",WSH,SEA,2026,SEA,-17.45,12.573185823095084
822803,2026-06-12,680474,"Schuemann, Max",NYY,TOR,2026,TOR,-14.470000000000002,13.109033677903605
822803,2026-06-12,645305,"Sánchez, Ali",NYY,TOR,2026,TOR,-10.584999999999999,13.807613851034848
822726,2026-06-12,678391,"Vivas, Jorbit",WSH,SEA,2026,SEA,46.285843369599995,24.033828421756834
822726,2026-06-12,695578,"Wood, James",WSH,SEA,2026,SEA,145.56,41.88478273998666
822726,2026-06-12,696285,"Young, Jacob",WSH,SEA,2026,SEA,-13.089999999999998,13.357177986506208
822725,2026-06-13,682928,"Abrams, CJ",WSH,SEA,2026,SEA,110.625,35.60295562329684
822802,2026-06-13,641355,"Bellinger, Cody",NYY,TOR,2026,TOR,38.290000000000006,22.596058114043718
822802,2026-06-13,676609,"Caballero, José",NYY,TOR,2026,TOR,-34.0895054848,9.58115786366398
822725,2026-06-13,665953,"Chaparro, Andrés",WSH,SEA,2026,SEA,54.650000000000006,25.537826873999215
822802,2026-06-13,665862,"Chisholm Jr., Jazz",NYY,TOR,2026,TOR,38.51499999999999,22.636516425228926
822725,2026-06-13,686611,"Crews, Dylan",WSH,SEA,2026,SEA,79.21,29.954076308260042
822802,2026-06-13,691176,"Domínguez, Jasson",NYY,TOR,2026,TOR,91.558838896,32.17457927195052
822802,2026-06-13,641555,"Escarra, J.C.",NYY,TOR,2026,TOR,54.42,25.496469489232116
822725,2026-06-13,671277,"García Jr., Luis",WSH,SEA,2026,SEA,160.84,44.63235160625317
822802,2026-06-13,502671,"Goldschmidt, Paul",NYY,TOR,2026,TOR,115.735,36.52180882399199
822802,2026-06-13,682987,"Jones, Spencer",NYY,TOR,2026,TOR,-8.994999999999997,14.093519250076977
822725,2026-06-13,695734,"Lile, Daylen",WSH,SEA,2026,SEA,104.48000000000002,34.49799419114975
822802,2026-06-13,641857,"McMahon, Ryan",NYY,TOR,2026,TOR,27.904999999999998,20.728682284450937
822725,2026-06-13,678554,"Mead, Curtis",WSH,SEA,2026,SEA,38.685,22.667084927013303
822725,2026-06-13,686452,"Millas, Drew",WSH,SEA,2026,SEA,41.67,23.203831855403717
822725,2026-06-13,683083,"Nuñez, Nasim",WSH,SEA,2026,SEA,39.72,22.853193158465253
822802,2026-06-13,700250,"Rice, Ben",NYY,TOR,2026,TOR,16.400000000000006,18.659913972514016
822725,2026-06-13,677588,"Tena, José",WSH,SEA,2026,SEA,107.055,34.9610170858249
822725,2026-06-13,695578,"Wood, James",WSH,SEA,2026,SEA,96.25,33.01811907535306
822722,2026-06-14,682928,"Abrams, CJ",WSH,SEA,2026,SEA,78.46499999999999,29.820114344557915
822801,2026-06-14,641355,"Bellinger, Cody",NYY,TOR,2026,TOR,68.86,28.092993993740517
822801,2026-06-14,676609,"Caballero, José",NYY,TOR,2026,TOR,161.355,44.7249561851882
822801,2026-06-14,665862,"Chisholm Jr., Jazz",NYY,TOR,2026,TOR,168.82999999999998,46.06907119011897
822722,2026-06-14,686611,"Crews, Dylan",WSH,SEA,2026,SEA,73.54499999999999,28.935425939974714
822801,2026-06-14,691176,"Domínguez, Jasson",NYY,TOR,2026,TOR,113.3,36.08395998960986
822722,2026-06-14,671277,"García Jr., Luis",WSH,SEA,2026,SEA,51.23,24.922860543984072
822801,2026-06-14,502671,"Goldschmidt, Paul",NYY,TOR,2026,TOR,146.8,42.107752988296255
822801,2026-06-14,682987,"Jones, Spencer",NYY,TOR,2026,TOR,-9.084999999999997,14.077335925602895
822722,2026-06-14,695734,"Lile, Daylen",WSH,SEA,2026,SEA,51.095,24.89858555727294
822722,2026-06-14,683083,"Nuñez, Nasim",WSH,SEA,2026,SEA,21.79500000000001,19.63001436737709
822801,2026-06-14,700250,"Rice, Ben",NYY,TOR,2026,TOR,150.39499999999998,42.75418689367767
822801,2026-06-14,642708,"Rosario, Amed",NYY,TOR,2026,TOR,-12.404999999999998,13.480351067225616
822722,2026-06-14,660688,"Ruiz, Keibert",WSH,SEA,2026,SEA,181.875,48.41475416527909
822801,2026-06-14,680474,"Schuemann, Max",NYY,TOR,2026,TOR,78.055,29.746390310842653
822801,2026-06-14,645305,"Sánchez, Ali",NYY,TOR,2026,TOR,95.69,32.91742283418099
822722,2026-06-14,678391,"Vivas, Jorbit",WSH,SEA,2026,SEA,104.155,34.439554408326664
822801,2026-06-14,683011,"Volpe, Anthony",NYY,TOR,2026,TOR,124.77450515839999,38.14724488025346
822722,2026-06-14,695578,"Wood, James",WSH,SEA,2026,SEA,278.42,65.77496595806049
822722,2026-06-14,696285,"Young, Jacob",WSH,SEA,2026,SEA,101.42500000000001,33.94866023261282
822724,2026-06-15,682928,"Abrams, CJ",WSH,KC,2026,KC,-5.334999999999997,14.751641112023012
822724,2026-06-15,686611,"Crews, Dylan",WSH,KC,2026,KC,165.76000000000002,45.51704001083637
822724,2026-06-15,671277,"García Jr., Luis",WSH,KC,2026,KC,103.52123052799999,34.32559333046951
822724,2026-06-15,695734,"Lile, Daylen",WSH,KC,2026,KC,111.77000000000001,35.80884347355045
822724,2026-06-15,678554,"Mead, Curtis",WSH,KC,2026,KC,126.22,38.407166125222645
822724,2026-06-15,683083,"Nuñez, Nasim",WSH,KC,2026,KC,134.96,39.978746746372465
822724,2026-06-15,660688,"Ruiz, Keibert",WSH,KC,2026,KC,51.61999999999999,24.992988283371762
822724,2026-06-15,695578,"Wood, James",WSH,KC,2026,KC,122.815,37.794897015953175
822724,2026-06-15,696285,"Young, Jacob",WSH,KC,2026,KC,79.065,29.928003174385132
822723,2026-06-16,682928,"Abrams, CJ",WSH,KC,2026,KC,42.940000000000005,23.432196545204665
823535,2026-06-16,641355,"Bellinger, Cody",NYY,CWS,2026,CWS,98.35,33.395729979748324
823535,2026-06-16,676609,"Caballero, José",NYY,CWS,2026,CWS,113.03499999999997,36.0363090897695
822723,2026-06-16,665953,"Chaparro, Andrés",WSH,KC,2026,KC,49.875,24.679211603290938
823535,2026-06-16,665862,"Chisholm Jr., Jazz",NYY,CWS,2026,CWS,96.72334974079999,33.103234324742935
822723,2026-06-16,686611,"Crews, Dylan",WSH,KC,2026,KC,-7.105000000000002,14.433369064032716
823535,2026-06-16,641555,"Escarra, J.C.",NYY,CWS,2026,CWS,201.305,51.908554104517194
822723,2026-06-16,671277,"García Jr., Luis",WSH,KC,2026,KC,44.14999999999999,23.649772352022886
823535,2026-06-16,502671,"Goldschmidt, Paul",NYY,CWS,2026,CWS,251.035,60.85073995002984
823535,2026-06-16,682987,"Jones, Spencer",NYY,CWS,2026,CWS,211.535,53.74805865307126
822723,2026-06-16,695734,"Lile, Daylen",WSH,KC,2026,KC,35.445,22.084485245946322
823535,2026-06-16,641857,"McMahon, Ryan",NYY,CWS,2026,CWS,73.9434845376,29.00707932408456
822723,2026-06-16,678554,"Mead, Curtis",WSH,KC,2026,KC,136.10500000000002,40.184634596626076
822723,2026-06-16,686452,"Millas, Drew",WSH,KC,2026,KC,122.9,37.81018126684536
822723,2026-06-16,683083,"Nuñez, Nasim",WSH,KC,2026,KC,262.63,62.93569158644085
823535,2026-06-16,700250,"Rice, Ben",NYY,CWS,2026,CWS,215.33,54.430455501728424
823535,2026-06-16,680474,"Schuemann, Max",NYY,CWS,2026,CWS,12.939999999999998,18.037755053843718
822723,2026-06-16,677588,"Tena, José",WSH,KC,2026,KC,13.59,18.154634619489872
823535,2026-06-16,683011,"Volpe, Anthony",NYY,CWS,2026,CWS,134.37,39.87265606370903
822723,2026-06-16,695578,"Wood, James",WSH,KC,2026,KC,32.504999999999995,21.555829979792946
822723,2026-06-16,696285,"Young, Jacob",WSH,KC,2026,KC,28.041791430400004,20.753279396711353
822721,2026-06-17,682928,"Abrams, CJ",WSH,KC,2026,KC,113.92500000000001,36.196344187346554
823536,2026-06-17,641355,"Bellinger, Cody",NYY,CWS,2026,CWS,226.94499999999996,56.519003432466995
823536,2026-06-17,676609,"Caballero, José",NYY,CWS,2026,CWS,106.185,34.80457828257543
823536,2026-06-17,665862,"Chisholm Jr., Jazz",NYY,CWS,2026,CWS,102.18,34.08442034347875
822721,2026-06-17,686611,"Crews, Dylan",WSH,KC,2026,KC,44.49,23.710909355591646
823536,2026-06-17,691176,"Domínguez, Jasson",NYY,CWS,2026,CWS,83.315,30.692215718994603
822721,2026-06-17,671277,"García Jr., Luis",WSH,KC,2026,KC,69.19500000000001,28.153231923727382
823536,2026-06-17,502671,"Goldschmidt, Paul",NYY,CWS,2026,CWS,191.38018463039998,50.12392624372162
822721,2026-06-17,695734,"Lile, Daylen",WSH,KC,2026,KC,48.4494771936,24.422881624166752
823536,2026-06-17,641857,"McMahon, Ryan",NYY,CWS,2026,CWS,17.349999999999998,18.83073795307378
822721,2026-06-17,678554,"Mead, Curtis",WSH,KC,2026,KC,90.73500000000001,32.02644091452454
822721,2026-06-17,683083,"Nuñez, Nasim",WSH,KC,2026,KC,153.455,43.30441992579648
823536,2026-06-17,700250,"Rice, Ben",NYY,CWS,2026,CWS,144.655,41.72205042166394
823536,2026-06-17,642708,"Rosario, Amed",NYY,CWS,2026,CWS,44.535,23.719001017828685
822721,2026-06-17,660688,"Ruiz, Keibert",WSH,KC,2026,KC,32.330000000000005,21.524362404426675
823536,2026-06-17,645305,"Sánchez, Ali",NYY,CWS,2026,CWS,84.72,30.944855395506664
822721,2026-06-17,677588,"Tena, José",WSH,KC,2026,KC,52.615,25.171903926168564
823536,2026-06-17,683011,"Volpe, Anthony",NYY,CWS,2026,CWS,156.565,43.86364369373424
822721,2026-06-17,695578,"Wood, James",WSH,KC,2026,KC,-22.73000000000001,11.623764120615558
823533,2026-06-18,641355,"Bellinger, Cody",NYY,CWS,2026,CWS,-2.6377134719999997,15.236652924047414
823533,2026-06-18,676609,"Caballero, José",NYY,CWS,2026,CWS,20.3302881376,19.36663761926312
823533,2026-06-18,665862,"Chisholm Jr., Jazz",NYY,CWS,2026,CWS,44.464999999999996,23.706413987682176
823533,2026-06-18,691176,"Domínguez, Jasson",NYY,CWS,2026,CWS,12.709999999999992,17.996397669076618
823533,2026-06-18,641555,"Escarra, J.C.",NYY,CWS,2026,CWS,1.2250000000000032,15.931225651467273
823533,2026-06-18,502671,"Goldschmidt, Paul",NYY,CWS,2026,CWS,-9.487532694399999,14.004954623326205
823533,2026-06-18,682987,"Jones, Spencer",NYY,CWS,2026,CWS,108.35500000000002,35.19477621711721
823533,2026-06-18,641857,"McMahon, Ryan",NYY,CWS,2026,CWS,109.55000000000001,35.40965480318975
823533,2026-06-18,700250,"Rice, Ben",NYY,CWS,2026,CWS,22.005,19.667775457816617
823533,2026-06-18,683011,"Volpe, Anthony",NYY,CWS,2026,CWS,111.88499999999999,35.829522165934
822966,2026-06-19,682928,"Abrams, CJ",WSH,TB,2026,TB,145.21,41.82184758925412
823534,2026-06-19,641355,"Bellinger, Cody",NYY,CIN,2026,CIN,64.365,27.284726843618266
823534,2026-06-19,665862,"Chisholm Jr., Jazz",NYY,CIN,2026,CIN,208.53,53.207715430353275
822966,2026-06-19,686611,"Crews, Dylan",WSH,TB,2026,TB,-15.460000000000003,12.931017108688692
823534,2026-06-19,691176,"Domínguez, Jasson",NYY,CIN,2026,CIN,106.94500000000001,34.94123746702324
823534,2026-06-19,641555,"Escarra, J.C.",NYY,CIN,2026,CIN,127.86500000000001,38.702961333665606
822966,2026-06-19,671277,"García Jr., Luis",WSH,TB,2026,TB,137.965,40.51908996909045
823534,2026-06-19,502671,"Goldschmidt, Paul",NYY,CIN,2026,CIN,18.856113072,19.10155924794971
823534,2026-06-19,682987,"Jones, Spencer",NYY,CIN,2026,CIN,91.61,32.1837787913559
822966,2026-06-19,695734,"Lile, Daylen",WSH,TB,2026,TB,26.410000000000004,20.459859283464784
823534,2026-06-19,641857,"McMahon, Ryan",NYY,CIN,2026,CIN,77.44,29.63580426026975
822966,2026-06-19,678554,"Mead, Curtis",WSH,TB,2026,TB,56.01,25.78237488827425
822966,2026-06-19,683083,"Nuñez, Nasim",WSH,TB,2026,TB,65.42999999999999,27.476229516561585
823534,2026-06-19,700250,"Rice, Ben",NYY,CIN,2026,CIN,192.42,50.31090034949245
822966,2026-06-19,660688,"Ruiz, Keibert",WSH,TB,2026,TB,37.392829376,22.434733632745857
822966,2026-06-19,677588,"Tena, José",WSH,TB,2026,TB,30.920000000000005,21.270823654332712
822966,2026-06-19,678391,"Vivas, Jorbit",WSH,TB,2026,TB,60.12499999999999,26.522312446172585
823534,2026-06-19,683011,"Volpe, Anthony",NYY,CIN,2026,CIN,107.04999999999998,34.960118012242994
822966,2026-06-19,695578,"Wood, James",WSH,TB,2026,TB,-14.520000000000007,13.100042942084666
822966,2026-06-19,696285,"Young, Jacob",WSH,TB,2026,TB,23.9,20.00852434535425
822967,2026-06-20,682928,"Abrams, CJ",WSH,TB,2026,TB,57.05500000000001,25.970281266889987
823532,2026-06-20,641355,"Bellinger, Cody",NYY,CIN,2026,CIN,91.96436024639999,32.2474979785582
823532,2026-06-20,676609,"Caballero, José",NYY,CIN,2026,CIN,96.295,33.0262107375901
822967,2026-06-20,665953,"Chaparro, Andrés",WSH,TB,2026,TB,19.024999999999995,19.131927603008098
823532,2026-06-20,665862,"Chisholm Jr., Jazz",NYY,CIN,2026,CIN,8.059891945599999,17.160239808144382
822967,2026-06-20,686611,"Crews, Dylan",WSH,TB,2026,TB,167.995,45.91892590194276
823532,2026-06-20,691176,"Domínguez, Jasson",NYY,CIN,2026,CIN,109.97,35.485176984068794
823532,2026-06-20,641555,"Escarra, J.C.",NYY,CIN,2026,CIN,67.73,27.88980336423259
822967,2026-06-20,671277,"García Jr., Luis",WSH,TB,2026,TB,-10.339999999999996,13.85166845654763
823532,2026-06-20,502671,"Goldschmidt, Paul",NYY,CIN,2026,CIN,238.715,58.63542264424429
823532,2026-06-20,682987,"Jones, Spencer",NYY,CIN,2026,CIN,51.195,24.916567028910816
822967,2026-06-20,695734,"Lile, Daylen",WSH,TB,2026,TB,5.539999999999992,16.70712615264135
822967,2026-06-20,678554,"Mead, Curtis",WSH,TB,2026,TB,0.19000000000000483,15.745117420015319
822967,2026-06-20,683083,"Nuñez, Nasim",WSH,TB,2026,TB,103.465,34.31548225402536
823532,2026-06-20,700250,"Rice, Ben",NYY,CIN,2026,CIN,-37.5574461632,8.957571094159334
823532,2026-06-20,642708,"Rosario, Amed",NYY,CIN,2026,CIN,123.95500000000001,37.99988579262489
822967,2026-06-20,660688,"Ruiz, Keibert",WSH,TB,2026,TB,22.115000000000002,19.687555076618274
823532,2026-06-20,645305,"Sánchez, Ali",NYY,CIN,2026,CIN,33.63999999999999,21.75991968288277
822967,2026-06-20,678391,"Vivas, Jorbit",WSH,TB,2026,TB,51.415000000000006,24.95612626651413
823532,2026-06-20,683011,"Volpe, Anthony",NYY,CIN,2026,CIN,126.19999999999999,38.403569830895066
822967,2026-06-20,695578,"Wood, James",WSH,TB,2026,TB,124.45500000000001,38.08979315081424
822967,2026-06-20,696285,"Young, Jacob",WSH,TB,2026,TB,25.049999999999997,20.215311269189755
822968,2026-06-21,682928,"Abrams, CJ",WSH,TB,2026,TB,174.02,47.00230956812441
823531,2026-06-21,641355,"Bellinger, Cody",NYY,CIN,2026,CIN,123.065,37.83985069504785
823531,2026-06-21,676609,"Caballero, José",NYY,CIN,2026,CIN,132.305,39.50133867438702
823531,2026-06-21,665862,"Chisholm Jr., Jazz",NYY,CIN,2026,CIN,147.95499999999998,42.31543898571364
822968,2026-06-21,686611,"Crews, Dylan",WSH,TB,2026,TB,41.919999999999995,23.248785534498392
823531,2026-06-21,691176,"Domínguez, Jasson",NYY,CIN,2026,CIN,46.114999999999995,24.00310826970703
822968,2026-06-21,671277,"García Jr., Luis",WSH,TB,2026,TB,1.7195364031999993,16.02015057454762
823531,2026-06-21,502671,"Goldschmidt, Paul",NYY,CIN,2026,CIN,-0.41499999999999915,15.636329516606207
823531,2026-06-21,682987,"Jones, Spencer",NYY,CIN,2026,CIN,10.844999999999999,17.661043223030347
822968,2026-06-21,695734,"Lile, Daylen",WSH,TB,2026,TB,23.459999999999997,19.929405870147622
823531,2026-06-21,641857,"McMahon, Ryan",NYY,CIN,2026,CIN,21.994999999999997,19.66597731065283
822968,2026-06-21,678554,"Mead, Curtis",WSH,TB,2026,TB,-11.684999999999992,13.609817663018282
822968,2026-06-21,686452,"Millas, Drew",WSH,TB,2026,TB,-13.245000000000006,13.32930670546751
822968,2026-06-21,683083,"Nuñez, Nasim",WSH,TB,2026,TB,98.03999999999999,33.339987417670926
823531,2026-06-21,700250,"Rice, Ben",NYY,CIN,2026,CIN,203.92,52.378769587847486
823531,2026-06-21,642708,"Rosario, Amed",NYY,CIN,2026,CIN,66.22500000000001,27.61918221608265
823531,2026-06-21,680474,"Schuemann, Max",NYY,CIN,2026,CIN,-30.065,10.304823175977807
823531,2026-06-21,645305,"Sánchez, Ali",NYY,CIN,2026,CIN,1.6150000000000002,16.001353390854963
822968,2026-06-21,677588,"Tena, José",WSH,TB,2026,TB,101.42000000000002,33.94776115903093
823531,2026-06-21,683011,"Volpe, Anthony",NYY,CIN,2026,CIN,62.919999999999995,27.024894578451054
823531,2026-06-21,669224,"Wells, Austin",NYY,CIN,2026,CIN,36.95500000000001,22.35600546767816
822968,2026-06-21,695578,"Wood, James",WSH,TB,2026,TB,112.91999999999999,36.01563039738595
822720,2026-06-22,682928,"Abrams, CJ",WSH,PHI,2026,PHI,25.339999999999996,20.267457536939574
824261,2026-06-22,641355,"Bellinger, Cody",NYY,DET,2026,DET,67.07000000000001,27.77112565142265
824261,2026-06-22,676609,"Caballero, José",NYY,DET,2026,DET,29.30045468159999,20.979605572242164
824261,2026-06-22,665862,"Chisholm Jr., Jazz",NYY,DET,2026,DET,48.8279423936,24.49093523676396
822720,2026-06-22,686611,"Crews, Dylan",WSH,PHI,2026,PHI,215.595,54.47810640156878
824261,2026-06-22,691176,"Domínguez, Jasson",NYY,DET,2026,DET,32.04,21.472216136676856
822720,2026-06-22,671277,"García Jr., Luis",WSH,PHI,2026,PHI,152.33499999999998,43.10302744345234
824261,2026-06-22,502671,"Goldschmidt, Paul",NYY,DET,2026,DET,63.365,27.104912127239572
822720,2026-06-22,695734,"Lile, Daylen",WSH,PHI,2026,PHI,-6.1854231008,14.598722523350768
822720,2026-06-22,678554,"Mead, Curtis",WSH,PHI,2026,PHI,218.73499999999999,55.042724610997894
822720,2026-06-22,683083,"Nuñez, Nasim",WSH,PHI,2026,PHI,64.410849168,27.292971198758387
824261,2026-06-22,700250,"Rice, Ben",NYY,DET,2026,DET,-10.91500000000001,13.748274994629876
824261,2026-06-22,642708,"Rosario, Amed",NYY,DET,2026,DET,135.7,40.1118096364927
822720,2026-06-22,660688,"Ruiz, Keibert",WSH,PHI,2026,PHI,122.23500000000001,37.69060448045353
824261,2026-06-22,645305,"Sánchez, Ali",NYY,DET,2026,DET,178.595,47.82496189555695
824261,2026-06-22,683011,"Volpe, Anthony",NYY,DET,2026,DET,83.69999999999999,30.761444384800395
824261,2026-06-22,669224,"Wells, Austin",NYY,DET,2026,DET,10.194999999999997,17.544163657384193
822720,2026-06-22,695578,"Wood, James",WSH,PHI,2026,PHI,162.69,44.96500883155377
822720,2026-06-22,696285,"Young, Jacob",WSH,PHI,2026,PHI,33.765,21.78239652243011
824262,2026-06-23,641355,"Bellinger, Cody",NYY,DET,2026,DET,110.59500000000001,35.59756118180549
824262,2026-06-23,676609,"Caballero, José",NYY,DET,2026,DET,81.505,30.366751082349158
822718,2026-06-23,665953,"Chaparro, Andrés",WSH,PHI,2026,PHI,0.22500000000000142,15.751410935088575
824262,2026-06-23,665862,"Chisholm Jr., Jazz",NYY,DET,2026,DET,171.3303154688,46.518664706998514
822718,2026-06-23,686611,"Crews, Dylan",WSH,PHI,2026,PHI,82.55,30.554657460964897
824262,2026-06-23,691176,"Domínguez, Jasson",NYY,DET,2026,DET,25.509999999999998,20.298026038723957
822718,2026-06-23,671277,"García Jr., Luis",WSH,PHI,2026,PHI,208.72500000000002,53.24277930004714
824262,2026-06-23,502671,"Goldschmidt, Paul",NYY,DET,2026,DET,23.504999999999995,19.937497532384665
824262,2026-06-23,682987,"Jones, Spencer",NYY,DET,2026,DET,-13.059999999999999,13.362572427997568
822718,2026-06-23,678554,"Mead, Curtis",WSH,PHI,2026,PHI,-0.955000000000009,15.539229569761707
822718,2026-06-23,683083,"Nuñez, Nasim",WSH,PHI,2026,PHI,109.08500000000001,35.32604096007365
824262,2026-06-23,700250,"Rice, Ben",NYY,DET,2026,DET,-11.765,13.595432485707985
822718,2026-06-23,660688,"Ruiz, Keibert",WSH,PHI,2026,PHI,87.995,31.53374859164691
822718,2026-06-23,677588,"Tena, José",WSH,PHI,2026,PHI,105.44,34.6706163188733
822718,2026-06-23,678391,"Vivas, Jorbit",WSH,PHI,2026,PHI,200.81,51.81954581990974
824262,2026-06-23,683011,"Volpe, Anthony",NYY,DET,2026,DET,55.5,25.690669382921115
824262,2026-06-23,669224,"Wells, Austin",NYY,DET,2026,DET,80.97000000000003,30.27055020908656
822718,2026-06-23,695578,"Wood, James",WSH,PHI,2026,PHI,-36.967466624000004,9.063658097669817
822718,2026-06-23,696285,"Young, Jacob",WSH,PHI,2026,PHI,-13.214999999999996,13.33470114695887
822719,2026-06-24,682928,"Abrams, CJ",WSH,PHI,2026,PHI,245.495,59.854566421291864
824259,2026-06-24,641355,"Bellinger, Cody",NYY,DET,2026,DET,41.415000000000006,23.15797910272715
824259,2026-06-24,676609,"Caballero, José",NYY,DET,2026,DET,-23.580000000000005,11.470921611693665
824259,2026-06-24,665862,"Chisholm Jr., Jazz",NYY,DET,2026,DET,-16.54,12.736817214999698
822719,2026-06-24,686611,"Crews, Dylan",WSH,PHI,2026,PHI,-39.945,8.528253778156271
824259,2026-06-24,691176,"Domínguez, Jasson",NYY,DET,2026,DET,103.64300844799997,34.347490792615496
822719,2026-06-24,671277,"García Jr., Luis",WSH,PHI,2026,PHI,206.39000000000001,52.82291193730288
824259,2026-06-24,502671,"Goldschmidt, Paul",NYY,DET,2026,DET,213.425,54.08790846702701
822719,2026-06-24,695734,"Lile, Daylen",WSH,PHI,2026,PHI,180.325,48.1360413548921
822719,2026-06-24,678554,"Mead, Curtis",WSH,PHI,2026,PHI,140.10500000000002,40.90389346214087
822719,2026-06-24,686452,"Millas, Drew",WSH,PHI,2026,PHI,69.66499999999999,28.237744840425368
822719,2026-06-24,683083,"Nuñez, Nasim",WSH,PHI,2026,PHI,2.825000000000003,16.218929197673187
824259,2026-06-24,700250,"Rice, Ben",NYY,DET,2026,DET,82.01999999999998,30.45935566128418
824259,2026-06-24,680474,"Schuemann, Max",NYY,DET,2026,DET,-24.8230749824,11.247398436295954
822719,2026-06-24,677588,"Tena, José",WSH,PHI,2026,PHI,99.70992481919998,33.64026447540912
822719,2026-06-24,678391,"Vivas, Jorbit",WSH,PHI,2026,PHI,94.25,32.65848964259567
824259,2026-06-24,683011,"Volpe, Anthony",NYY,DET,2026,DET,-7.249999999999998,14.407295930157805
824259,2026-06-24,669224,"Wells, Austin",NYY,DET,2026,DET,-15.444999999999997,12.933714329434377
822719,2026-06-24,695578,"Wood, James",WSH,PHI,2026,PHI,-50.84131123839999,6.568936663249356
822717,2026-06-25,682928,"Abrams, CJ",WSH,PHI,2026,PHI,-11.970000000000004,13.55857046885035
824747,2026-06-25,641355,"Bellinger, Cody",NYY,BOS,2026,BOS,-0.24999999999999023,15.665998944808695
824747,2026-06-25,676609,"Caballero, José",NYY,BOS,2026,BOS,192.89499999999998,50.396312339772344
822717,2026-06-25,665953,"Chaparro, Andrés",WSH,PHI,2026,PHI,0.7500000000000036,15.845813661187389
824747,2026-06-25,665862,"Chisholm Jr., Jazz",NYY,BOS,2026,BOS,77.47253276480001,29.641654130145277
822717,2026-06-25,686611,"Crews, Dylan",WSH,PHI,2026,PHI,117.69999999999999,36.87514474167614
824747,2026-06-25,691176,"Domínguez, Jasson",NYY,BOS,2026,BOS,31.465000000000007,21.3688226747591
824747,2026-06-25,502671,"Goldschmidt, Paul",NYY,BOS,2026,BOS,286.7,67.2638318096761
822717,2026-06-25,695734,"Lile, Daylen",WSH,PHI,2026,PHI,79.6148477312,30.026873888222326
822717,2026-06-25,678554,"Mead, Curtis",WSH,PHI,2026,PHI,122.21000000000001,37.68610911254406
822717,2026-06-25,683083,"Nuñez, Nasim",WSH,PHI,2026,PHI,139.91000000000003,40.86882959244703
824747,2026-06-25,700250,"Rice, Ben",NYY,BOS,2026,BOS,116.795,36.71241242335341
824747,2026-06-25,642708,"Rosario, Amed",NYY,BOS,2026,BOS,11.993084716799988,17.867485750760455
822717,2026-06-25,660688,"Ruiz, Keibert",WSH,PHI,2026,PHI,3.2399999999999993,16.293552304970348
824747,2026-06-25,680474,"Schuemann, Max",NYY,BOS,2026,BOS,51.675,25.00287809277259
822717,2026-06-25,677588,"Tena, José",WSH,PHI,2026,PHI,-3.290000000000001,15.119362207017447
822717,2026-06-25,678391,"Vivas, Jorbit",WSH,PHI,2026,PHI,53.68000000000001,25.363406599111883
824747,2026-06-25,683011,"Volpe, Anthony",NYY,BOS,2026,BOS,84.875,30.97272667654537
824747,2026-06-25,669224,"Wells, Austin",NYY,BOS,2026,BOS,8.149873414399998,17.176419800435998
822717,2026-06-25,695578,"Wood, James",WSH,PHI,2026,PHI,-38.94,8.708967568116863
822717,2026-06-25,696285,"Young, Jacob",WSH,PHI,2026,PHI,90.89,32.05431219556324
824824,2026-06-26,682928,"Abrams, CJ",WSH,BAL,2026,BAL,-66.2486283392,3.7984743086123367
824743,2026-06-26,641355,"Bellinger, Cody",NYY,BOS,2026,BOS,66.41,27.652447938612706
824743,2026-06-26,676609,"Caballero, José",NYY,BOS,2026,BOS,39.865,22.879266292340166
824824,2026-06-26,665953,"Chaparro, Andrés",WSH,BAL,2026,BAL,15.845000000000002,18.560116804923837
824743,2026-06-26,665862,"Chisholm Jr., Jazz",NYY,BOS,2026,BOS,-11.809057302399992,13.587510334372519
824824,2026-06-26,686611,"Crews, Dylan",WSH,BAL,2026,BAL,77.52385819839999,29.65088319843107
824743,2026-06-26,691176,"Domínguez, Jasson",NYY,BOS,2026,BOS,139.03500000000003,40.711491715615665
824824,2026-06-26,671277,"García Jr., Luis",WSH,BAL,2026,BAL,26.84,20.537179611507625
824743,2026-06-26,502671,"Goldschmidt, Paul",NYY,BOS,2026,BOS,19.374999999999993,19.19486275374064
824743,2026-06-26,682987,"Jones, Spencer",NYY,BOS,2026,BOS,39.005,22.72462563625449
824824,2026-06-26,695734,"Lile, Daylen",WSH,BAL,2026,BAL,35.214999999999996,22.04312786117922
824824,2026-06-26,678554,"Mead, Curtis",WSH,BAL,2026,BAL,27.515000000000008,20.658554545063247
824824,2026-06-26,683083,"Nuñez, Nasim",WSH,BAL,2026,BAL,-16.119999999999994,12.812339395878755
824743,2026-06-26,700250,"Rice, Ben",NYY,BOS,2026,BOS,-9.944999999999997,13.922695269517217
824743,2026-06-26,642708,"Rosario, Amed",NYY,BOS,2026,BOS,-16.775000000000002,12.694560756650706
824824,2026-06-26,660688,"Ruiz, Keibert",WSH,BAL,2026,BAL,47.76999999999999,24.300701625313774
824743,2026-06-26,645305,"Sánchez, Ali",NYY,BOS,2026,BOS,8.74,17.282533245053187
824824,2026-06-26,677588,"Tena, José",WSH,BAL,2026,BAL,2.549999999999998,16.169480150669045
824824,2026-06-26,678391,"Vivas, Jorbit",WSH,BAL,2026,BAL,3.0900000000000034,16.266580097513543
824743,2026-06-26,683011,"Volpe, Anthony",NYY,BOS,2026,BOS,25.044515337599996,20.214325046175865
824743,2026-06-26,669224,"Wells, Austin",NYY,BOS,2026,BOS,57.5800503712,26.06469305047185
824824,2026-06-26,695578,"Wood, James",WSH,BAL,2026,BAL,-2.024999999999995,15.346827823236502
824824,2026-06-26,696285,"Young, Jacob",WSH,BAL,2026,BAL,76.745,29.510833032386557
824825,2026-06-27,682928,"Abrams, CJ",WSH,BAL,2026,BAL,22.249999999999996,19.7118300633294
824745,2026-06-27,641355,"Bellinger, Cody",NYY,BOS,2026,BOS,220.82500000000002,55.41853736822938
824745,2026-06-27,676609,"Caballero, José",NYY,BOS,2026,BOS,43.245,23.487040033700165
824745,2026-06-27,665862,"Chisholm Jr., Jazz",NYY,BOS,2026,BOS,49.269999999999996,24.57042369988182
824825,2026-06-27,686611,"Crews, Dylan",WSH,BAL,2026,BAL,106.7415431616,34.90465293333103
824745,2026-06-27,691176,"Domínguez, Jasson",NYY,BOS,2026,BOS,-2.6449999999999987,15.235342699081711
824825,2026-06-27,671277,"García Jr., Luis",WSH,BAL,2026,BAL,247.51,60.21689307479494
824745,2026-06-27,502671,"Goldschmidt, Paul",NYY,BOS,2026,BOS,52.540000000000006,25.158417822440164
824825,2026-06-27,695734,"Lile, Daylen",WSH,BAL,2026,BAL,136.2338125312,40.20779698538982
824825,2026-06-27,678554,"Mead, Curtis",WSH,BAL,2026,BAL,35.21,22.042228787597328
824825,2026-06-27,686452,"Millas, Drew",WSH,BAL,2026,BAL,127.09499999999998,38.564504002054
824825,2026-06-27,683083,"Nuñez, Nasim",WSH,BAL,2026,BAL,98.83913503039999,33.483683656510586
824745,2026-06-27,700250,"Rice, Ben",NYY,BOS,2026,BOS,-49.265,6.8523806215068035
824745,2026-06-27,642708,"Rosario, Amed",NYY,BOS,2026,BOS,50.16,24.73045879745886
824745,2026-06-27,680474,"Schuemann, Max",NYY,BOS,2026,BOS,133.60999999999999,39.735996879261215
824825,2026-06-27,677588,"Tena, José",WSH,BAL,2026,BAL,54.275,25.470396355357206
824825,2026-06-27,678391,"Vivas, Jorbit",WSH,BAL,2026,BAL,124.39500000000001,38.079004267831515
824745,2026-06-27,683011,"Volpe, Anthony",NYY,BOS,2026,BOS,-4.8299999999999965,14.842447543794254
824745,2026-06-27,669224,"Wells, Austin",NYY,BOS,2026,BOS,-18.999999999999993,12.294473012708105
824825,2026-06-27,695578,"Wood, James",WSH,BAL,2026,BAL,22.881906863999994,19.825456216857308
824825,2026-06-27,696285,"Young, Jacob",WSH,BAL,2026,BAL,44.065,23.634488101130703
824821,2026-06-28,682928,"Abrams, CJ",WSH,BAL,2026,BAL,29.49499999999999,21.014587683493065
824744,2026-06-28,641355,"Bellinger, Cody",NYY,BOS,2026,BOS,8.550000000000004,17.248368448941235
824744,2026-06-28,676609,"Caballero, José",NYY,BOS,2026,BOS,54.635000000000005,25.53512965325354
824744,2026-06-28,665828,"Cabrera, Oswaldo",NYY,BOS,2026,BOS,74.09,29.033424960401106
824744,2026-06-28,665862,"Chisholm Jr., Jazz",NYY,BOS,2026,BOS,-12.356602470399995,13.489053655284073
824821,2026-06-28,686611,"Crews, Dylan",WSH,BAL,2026,BAL,58.30812663679999,26.19561187767277
824744,2026-06-28,691176,"Domínguez, Jasson",NYY,BOS,2026,BOS,17.177321132799996,18.79968775154362
824821,2026-06-28,671277,"García Jr., Luis",WSH,BAL,2026,BAL,378.3401565984,83.7420805773169
824744,2026-06-28,502671,"Goldschmidt, Paul",NYY,BOS,2026,BOS,45.974999999999994,23.97793420941401
824744,2026-06-28,682987,"Jones, Spencer",NYY,BOS,2026,BOS,-39.525,8.603775959035325
824821,2026-06-28,695734,"Lile, Daylen",WSH,BAL,2026,BAL,32.879999999999995,21.62326049843496
824821,2026-06-28,678554,"Mead, Curtis",WSH,BAL,2026,BAL,81.525,30.370347376676726
824744,2026-06-28,700250,"Rice, Ben",NYY,BOS,2026,BOS,66.36000000000001,27.643457202793776
824744,2026-06-28,642708,"Rosario, Amed",NYY,BOS,2026,BOS,197.14,51.159625810799916
824821,2026-06-28,660688,"Ruiz, Keibert",WSH,BAL,2026,BAL,108.035,35.137235507876014
824744,2026-06-28,680474,"Schuemann, Max",NYY,BOS,2026,BOS,29.545,21.023578419312003
824821,2026-06-28,678391,"Vivas, Jorbit",WSH,BAL,2026,BAL,119.0568389248,37.119124348110624
824744,2026-06-28,683011,"Volpe, Anthony",NYY,BOS,2026,BOS,122.97,37.82276829699187
824744,2026-06-28,669224,"Wells, Austin",NYY,BOS,2026,BOS,37.19,22.39826192602715
824821,2026-06-28,695578,"Wood, James",WSH,BAL,2026,BAL,176.345,47.420378783704884
824821,2026-06-28,696285,"Young, Jacob",WSH,BAL,2026,BAL,-4.279999999999998,14.941345637802538
824741,2026-06-29,682928,"Abrams, CJ",WSH,BOS,2026,BOS,67.665,27.878115407667973
823529,2026-06-29,641355,"Bellinger, Cody",NYY,DET,2026,DET,-18.315000000000005,12.417646093427507
823529,2026-06-29,676609,"Caballero, José",NYY,DET,2026,DET,-19.945000000000007,12.124548105730232
823529,2026-06-29,665828,"Cabrera, Oswaldo",NYY,DET,2026,DET,1.135000000000007,15.91504232699319
824741,2026-06-29,665953,"Chaparro, Andrés",WSH,BOS,2026,BOS,68.53,28.033655137335543
823529,2026-06-29,665862,"Chisholm Jr., Jazz",NYY,DET,2026,DET,-35.295,9.364392209317215
824741,2026-06-29,686611,"Crews, Dylan",WSH,BOS,2026,BOS,-10.995000000000005,13.73388981731958
823529,2026-06-29,691176,"Domínguez, Jasson",NYY,DET,2026,DET,50.295,24.75473378416999
824741,2026-06-29,671277,"García Jr., Luis",WSH,BOS,2026,BOS,101.16499999999999,33.90190840635436
823529,2026-06-29,502671,"Goldschmidt, Paul",NYY,DET,2026,DET,-8.195000000000004,14.237371023179934
823529,2026-06-29,682987,"Jones, Spencer",NYY,DET,2026,DET,106.56,34.87200880121744
824741,2026-06-29,695734,"Lile, Daylen",WSH,BOS,2026,BOS,-0.8350000000000009,15.560807335727153
824741,2026-06-29,678554,"Mead, Curtis",WSH,BOS,2026,BOS,58.36,26.204939471764188
824741,2026-06-29,683083,"Nuñez, Nasim",WSH,BOS,2026,BOS,5.265000000000001,16.657677105637212
823529,2026-06-29,700250,"Rice, Ben",NYY,DET,2026,DET,-21.009999999999998,11.933045432786917
823529,2026-06-29,642708,"Rosario, Amed",NYY,DET,2026,DET,156.67000000000002,43.882524238954005
824741,2026-06-29,660688,"Ruiz, Keibert",WSH,BOS,2026,BOS,67.38999999999999,27.828666360663835
824741,2026-06-29,677588,"Tena, José",WSH,BOS,2026,BOS,-2.3099999999999987,15.295580629068573
824741,2026-06-29,678391,"Vivas, Jorbit",WSH,BOS,2026,BOS,7.82,17.11710370598479
823529,2026-06-29,683011,"Volpe, Anthony",NYY,DET,2026,DET,20.425000000000004,19.383668205938275
823529,2026-06-29,669224,"Wells, Austin",NYY,DET,2026,DET,-40.650000000000006,8.401484403109286
824741,2026-06-29,695578,"Wood, James",WSH,BOS,2026,BOS,92.0553742912,32.26386364321039
824741,2026-06-29,696285,"Young, Jacob",WSH,BOS,2026,BOS,-25.42000000000001,11.14006253355686
824742,2026-06-30,682928,"Abrams, CJ",WSH,BOS,2026,BOS,55.9950644704,25.77968926025526
823528,2026-06-30,676609,"Caballero, José",NYY,DET,2026,DET,65.33761557119999,27.4596174366991
824742,2026-06-30,665953,"Chaparro, Andrés",WSH,BOS,2026,BOS,-44.96499999999999,7.625583901935208
824742,2026-06-30,686611,"Crews, Dylan",WSH,BOS,2026,BOS,71.99000000000001,28.655814056005845
823528,2026-06-30,691176,"Domínguez, Jasson",NYY,DET,2026,DET,123.99,38.00617930769815
824742,2026-06-30,671277,"García Jr., Luis",WSH,BOS,2026,BOS,132.745,39.58045714959365
823528,2026-06-30,502671,"Goldschmidt, Paul",NYY,DET,2026,DET,-44.22,7.759545865637336
823528,2026-06-30,682987,"Jones, Spencer",NYY,DET,2026,DET,-18.125,12.451810889539464
824742,2026-06-30,695734,"Lile, Daylen",WSH,BOS,2026,BOS,131.13,39.29005638264205
824742,2026-06-30,678554,"Mead, Curtis",WSH,BOS,2026,BOS,72.96000000000001,28.830234330893177
824742,2026-06-30,683083,"Nuñez, Nasim",WSH,BOS,2026,BOS,156.84,43.91309274073837
823528,2026-06-30,700250,"Rice, Ben",NYY,DET,2026,DET,87.43,31.432153276892944
823528,2026-06-30,642708,"Rosario, Amed",NYY,DET,2026,DET,40.525,22.997944005150107
824742,2026-06-30,660688,"Ruiz, Keibert",WSH,BOS,2026,BOS,196.67499999999998,51.07601196768381
823528,2026-06-30,680474,"Schuemann, Max",NYY,DET,2026,DET,37.184999999999995,22.397362852445255
823528,2026-06-30,645305,"Sánchez, Ali",NYY,DET,2026,DET,48.865,24.49759873974845
824742,2026-06-30,677588,"Tena, José",WSH,BOS,2026,BOS,77.25500000000001,29.602538537739694
823528,2026-06-30,683011,"Volpe, Anthony",NYY,DET,2026,DET,94.72999999999999,32.74480070645743
824742,2026-06-30,695578,"Wood, James",WSH,BOS,2026,BOS,231.075,57.261638211111034
824742,2026-06-30,696285,"Young, Jacob",WSH,BOS,2026,BOS,-37.472283235199995,8.972884641903635
823530,2026-07-01,641355,"Bellinger, Cody",NYY,DET,2026,DET,-7.774999999999999,14.312893204058991
823530,2026-07-01,676609,"Caballero, José",NYY,DET,2026,DET,49.485,24.60908386390324
823530,2026-07-01,665828,"Cabrera, Oswaldo",NYY,DET,2026,DET,10.579999999999998,17.61339232318999
824740,2026-07-01,665953,"Chaparro, Andrés",WSH,BOS,2026,BOS,76.045,29.384962730921465
823530,2026-07-01,665862,"Chisholm Jr., Jazz",NYY,DET,2026,DET,149.6935167328,42.628049878941695
824740,2026-07-01,686611,"Crews, Dylan",WSH,BOS,2026,BOS,125.94000000000001,38.35681800463661
823530,2026-07-01,691176,"Domínguez, Jasson",NYY,DET,2026,DET,13.77500000000001,18.187900342019933
824740,2026-07-01,671277,"García Jr., Luis",WSH,BOS,2026,BOS,56.705,25.90734611615744
823530,2026-07-01,682987,"Jones, Spencer",NYY,DET,2026,DET,60.864999999999995,26.655375336292824
824740,2026-07-01,695734,"Lile, Daylen",WSH,BOS,2026,BOS,106.10499999999999,34.790193105265125
824740,2026-07-01,678554,"Mead, Curtis",WSH,BOS,2026,BOS,229.675,57.00989760818086
824740,2026-07-01,686452,"Millas, Drew",WSH,BOS,2026,BOS,144.42,41.67979396331494
824740,2026-07-01,683083,"Nuñez, Nasim",WSH,BOS,2026,BOS,94.25,32.65848964259567
823530,2026-07-01,700250,"Rice, Ben",NYY,DET,2026,DET,107.155,34.97899855746276
823530,2026-07-01,642708,"Rosario, Amed",NYY,DET,2026,DET,118.975,37.10440850505897
823530,2026-07-01,645305,"Sánchez, Ali",NYY,DET,2026,DET,53.37,25.307664037034485
824740,2026-07-01,678391,"Vivas, Jorbit",WSH,BOS,2026,BOS,29.8511526624,21.07862917347004
823530,2026-07-01,683011,"Volpe, Anthony",NYY,DET,2026,DET,120.78999999999999,37.430772215286304
823530,2026-07-01,669224,"Wells, Austin",NYY,DET,2026,DET,-11.160000000000002,13.704220389117097
824740,2026-07-01,695578,"Wood, James",WSH,BOS,2026,BOS,241.435,59.124518672794345
824740,2026-07-01,696285,"Young, Jacob",WSH,BOS,2026,BOS,233.255,57.65363429281659
822714,2026-07-03,682928,"Abrams, CJ",WSH,PIT,2026,PIT,93.72999999999999,32.56498599007874
823527,2026-07-03,641355,"Bellinger, Cody",NYY,MIN,2026,MIN,80.15,30.123102141656016
823527,2026-07-03,676609,"Caballero, José",NYY,MIN,2026,MIN,12.816875177599997,18.015615398824686
823527,2026-07-03,665862,"Chisholm Jr., Jazz",NYY,MIN,2026,MIN,31.129999999999995,21.308584744772237
822714,2026-07-03,686611,"Crews, Dylan",WSH,PIT,2026,PIT,98.80245279040001,33.477087649928855
823527,2026-07-03,691176,"Domínguez, Jasson",NYY,MIN,2026,MIN,39.72,22.853193158465253
822714,2026-07-03,671277,"García Jr., Luis",WSH,PIT,2026,PIT,371.54,82.51931234724486
823527,2026-07-03,502671,"Goldschmidt, Paul",NYY,MIN,2026,MIN,29.659999999999997,21.04425711169555
823527,2026-07-03,663757,"Grisham, Trent",NYY,MIN,2026,MIN,127.69000000000001,38.67149375829933
822714,2026-07-03,695734,"Lile, Daylen",WSH,PIT,2026,PIT,283.105,66.61739790429469
823527,2026-07-03,641857,"McMahon, Ryan",NYY,MIN,2026,MIN,128.9072960864,38.89038150882424
822714,2026-07-03,683083,"Nuñez, Nasim",WSH,PIT,2026,PIT,67.85,27.91138113019803
823527,2026-07-03,700250,"Rice, Ben",NYY,MIN,2026,MIN,211.295,53.704903121140376
822714,2026-07-03,660688,"Ruiz, Keibert",WSH,PIT,2026,PIT,39.540000000000006,22.82082650951709
822714,2026-07-03,677588,"Tena, José",WSH,PIT,2026,PIT,137.775,40.4849251729785
822714,2026-07-03,678391,"Vivas, Jorbit",WSH,PIT,2026,PIT,80.64,30.211211352681584
823527,2026-07-03,669224,"Wells, Austin",NYY,MIN,2026,MIN,27.810000000000002,20.71159988639496
822714,2026-07-03,695578,"Wood, James",WSH,PIT,2026,PIT,215.20000000000002,54.407079588599196
822716,2026-07-04,682928,"Abrams, CJ",WSH,PIT,2026,PIT,9.019999999999998,17.33288136563922
823526,2026-07-04,641355,"Bellinger, Cody",NYY,MIN,2026,MIN,85.965,31.16872471739815
822716,2026-07-04,665953,"Chaparro, Andrés",WSH,PIT,2026,PIT,27.959999999999997,20.738572093851765
823526,2026-07-04,665862,"Chisholm Jr., Jazz",NYY,MIN,2026,MIN,45.915000000000006,23.96714532643129
822716,2026-07-04,686611,"Crews, Dylan",WSH,PIT,2026,PIT,62.83500000000001,27.009610327558857
823526,2026-07-04,691176,"Domínguez, Jasson",NYY,MIN,2026,MIN,232.78,57.56822230253671
822716,2026-07-04,671277,"García Jr., Luis",WSH,PIT,2026,PIT,39.775000000000006,22.863082967866085
823526,2026-07-04,502671,"Goldschmidt, Paul",NYY,MIN,2026,MIN,112.68,35.97247486545507
823526,2026-07-04,663757,"Grisham, Trent",NYY,MIN,2026,MIN,70.33500000000001,28.358220700399094
822716,2026-07-04,695734,"Lile, Daylen",WSH,PIT,2026,PIT,78.015,29.739197722187498
823526,2026-07-04,641857,"McMahon, Ryan",NYY,MIN,2026,MIN,59.92500000000001,26.486349502896857
822716,2026-07-04,678554,"Mead, Curtis",WSH,PIT,2026,PIT,77.075,29.570171888791524
822716,2026-07-04,686452,"Millas, Drew",WSH,PIT,2026,PIT,140.885,41.044148940916244
822716,2026-07-04,683083,"Nuñez, Nasim",WSH,PIT,2026,PIT,27.510000000000005,20.657655471481352
823526,2026-07-04,700250,"Rice, Ben",NYY,MIN,2026,MIN,103.545,34.329867431335664
823526,2026-07-04,642708,"Rosario, Amed",NYY,MIN,2026,MIN,20.155,19.335118232516027
823526,2026-07-04,680474,"Schuemann, Max",NYY,MIN,2026,MIN,259.21000000000004,62.32072525642571
823526,2026-07-04,645305,"Sánchez, Ali",NYY,MIN,2026,MIN,-34.78000000000001,9.456996788252244
822716,2026-07-04,677588,"Tena, José",WSH,PIT,2026,PIT,98.24000000000001,33.375950360946675
823526,2026-07-04,683011,"Volpe, Anthony",NYY,MIN,2026,MIN,63.42,27.114801936640397
823526,2026-07-04,669224,"Wells, Austin",NYY,MIN,2026,MIN,40.894999999999996,23.064475450210224
822716,2026-07-04,695578,"Wood, James",WSH,PIT,2026,PIT,242.265,59.273764887388666
822715,2026-07-05,682928,"Abrams, CJ",WSH,PIT,2026,PIT,164.3,45.25451052492347
823525,2026-07-05,641355,"Bellinger, Cody",NYY,MIN,2026,MIN,71.7369216352,28.61030684161775
823525,2026-07-05,676609,"Caballero, José",NYY,MIN,2026,MIN,42.73,23.394435454765137
822715,2026-07-05,665953,"Chaparro, Andrés",WSH,PIT,2026,PIT,8.810062217600002,17.295131462839798
823525,2026-07-05,665862,"Chisholm Jr., Jazz",NYY,MIN,2026,MIN,101.69500000000001,33.99721020603507
822715,2026-07-05,686611,"Crews, Dylan",WSH,PIT,2026,PIT,253.1313499712,61.227694525531675
823525,2026-07-05,691176,"Domínguez, Jasson",NYY,MIN,2026,MIN,5.514999999999997,16.702630784731888
822715,2026-07-05,671277,"García Jr., Luis",WSH,PIT,2026,PIT,152.60999999999999,43.15247649045648
823525,2026-07-05,663757,"Grisham, Trent",NYY,MIN,2026,MIN,77.205,29.593547801920757
822715,2026-07-05,695734,"Lile, Daylen",WSH,PIT,2026,PIT,5.769999999999992,16.748483537408454
822715,2026-07-05,678554,"Mead, Curtis",WSH,PIT,2026,PIT,164.845,45.352509545349854
822715,2026-07-05,686452,"Millas, Drew",WSH,PIT,2026,PIT,-4.2672904672000005,14.943630998838275
823525,2026-07-05,700250,"Rice, Ben",NYY,MIN,2026,MIN,18.085000000000004,18.962901769612124
823525,2026-07-05,642708,"Rosario, Amed",NYY,MIN,2026,MIN,19.6554465376,19.245291168358573
822715,2026-07-05,660688,"Ruiz, Keibert",WSH,PIT,2026,PIT,118.38,36.99741874881365
823525,2026-07-05,680474,"Schuemann, Max",NYY,MIN,2026,MIN,-7.334999999999994,14.392011679265618
822715,2026-07-05,677588,"Tena, José",WSH,PIT,2026,PIT,167.28,45.790358379731984
822715,2026-07-05,678391,"Vivas, Jorbit",WSH,PIT,2026,PIT,65.87500000000001,27.55624706535011
823525,2026-07-05,683011,"Volpe, Anthony",NYY,MIN,2026,MIN,65.445,27.478926737307262
823525,2026-07-05,669224,"Wells, Austin",NYY,MIN,2026,MIN,-2.92809356159999,15.18443831059397
822715,2026-07-05,695578,"Wood, James",WSH,PIT,2026,PIT,97.25999999999999,33.199731938895546
822712,2026-07-06,682928,"Abrams, CJ",WSH,HOU,2026,HOU,243.35,59.468863854659546
822958,2026-07-06,641355,"Bellinger, Cody",NYY,TB,2026,TB,-26.120000000000005,11.014192232091771
822958,2026-07-06,676609,"Caballero, José",NYY,TB,2026,TB,248.76,60.4416614702683
822958,2026-07-06,665862,"Chisholm Jr., Jazz",NYY,TB,2026,TB,58.635,26.25438851876833
822712,2026-07-06,686611,"Crews, Dylan",WSH,HOU,2026,HOU,40.785,23.044695831408564
822958,2026-07-06,691176,"Domínguez, Jasson",NYY,TB,2026,TB,59.11,26.33980050904821
822712,2026-07-06,671277,"García Jr., Luis",WSH,HOU,2026,HOU,59.980000000000004,26.496239312297682
822958,2026-07-06,502671,"Goldschmidt, Paul",NYY,TB,2026,TB,31.024999999999995,21.289704199552475
822958,2026-07-06,663757,"Grisham, Trent",NYY,TB,2026,TB,43.00999999999999,23.44478357535117
822712,2026-07-06,695734,"Lile, Daylen",WSH,HOU,2026,HOU,25.88,20.364557483784075
822958,2026-07-06,641857,"McMahon, Ryan",NYY,TB,2026,TB,-31.240000000000006,10.093540884232835
822712,2026-07-06,678554,"Mead, Curtis",WSH,HOU,2026,HOU,202.92499999999998,52.19985394505068
822712,2026-07-06,686452,"Millas, Drew",WSH,HOU,2026,HOU,25.919999999999998,20.37175007243922
822712,2026-07-06,683083,"Nuñez, Nasim",WSH,HOU,2026,HOU,159.135,44.32576751482749
822958,2026-07-06,700250,"Rice, Ben",NYY,TB,2026,TB,80.29499999999999,30.149175275530926
822958,2026-07-06,669224,"Wells, Austin",NYY,TB,2026,TB,8.755,17.28523046579887
822712,2026-07-06,695578,"Wood, James",WSH,HOU,2026,HOU,250.105,60.68351226379766
822712,2026-07-06,696285,"Young, Jacob",WSH,HOU,2026,HOU,28.705,20.872534057553896
822713,2026-07-07,682928,"Abrams, CJ",WSH,HOU,2026,HOU,245.67000000000002,59.88603399665814
822956,2026-07-07,641355,"Bellinger, Cody",NYY,TB,2026,TB,14.655000000000008,18.34613729243319
822956,2026-07-07,676609,"Caballero, José",NYY,TB,2026,TB,-36.434999999999995,9.159403432645503
822713,2026-07-07,665953,"Chaparro, Andrés",WSH,HOU,2026,HOU,-16.884999999999998,12.674781137849047
822956,2026-07-07,665862,"Chisholm Jr., Jazz",NYY,TB,2026,TB,11.71,17.81658295269792
822713,2026-07-07,686611,"Crews, Dylan",WSH,HOU,2026,HOU,49.27,24.57042369988182
822956,2026-07-07,691176,"Domínguez, Jasson",NYY,TB,2026,TB,47.17,24.192812795486557
822713,2026-07-07,671277,"García Jr., Luis",WSH,HOU,2026,HOU,74.12,29.038819401892475
822956,2026-07-07,502671,"Goldschmidt, Paul",NYY,TB,2026,TB,10.225000000000005,17.549558098875558
822956,2026-07-07,663757,"Grisham, Trent",NYY,TB,2026,TB,60.415,26.57445871392241
822713,2026-07-07,695734,"Lile, Daylen",WSH,HOU,2026,HOU,-8.010786499199995,14.270495321579416
822956,2026-07-07,641857,"McMahon, Ryan",NYY,TB,2026,TB,28.164999999999996,20.775434110709398
822713,2026-07-07,678554,"Mead, Curtis",WSH,HOU,2026,HOU,95.92,32.95878021894809
822713,2026-07-07,683083,"Nuñez, Nasim",WSH,HOU,2026,HOU,45.599999999999994,23.910503690771996
822956,2026-07-07,700250,"Rice, Ben",NYY,TB,2026,TB,197.36999999999998,51.200983195567005
822956,2026-07-07,642708,"Rosario, Amed",NYY,TB,2026,TB,-20.5437444544,12.016885041478979
822713,2026-07-07,660688,"Ruiz, Keibert",WSH,HOU,2026,HOU,40.06959216,22.91605497356387
822956,2026-07-07,680474,"Schuemann, Max",NYY,TB,2026,TB,-12.722563577600006,13.423248462587264
822956,2026-07-07,645305,"Sánchez, Ali",NYY,TB,2026,TB,92.34,32.31504353431235
822713,2026-07-07,677588,"Tena, José",WSH,HOU,2026,HOU,138.31,40.5811260462411
822713,2026-07-07,678391,"Vivas, Jorbit",WSH,HOU,2026,HOU,45.425,23.87903611540573
822956,2026-07-07,683011,"Volpe, Anthony",NYY,TB,2026,TB,26.935,20.5542620095636
822713,2026-07-07,695578,"Wood, James",WSH,HOU,2026,HOU,176.85,47.51118521547612
822713,2026-07-07,696285,"Young, Jacob",WSH,HOU,2026,HOU,59.5782441792,26.42399770332704
822710,2026-07-08,682928,"Abrams, CJ",WSH,HOU,2026,HOU,253.635,61.31825821261446
822957,2026-07-08,641355,"Bellinger, Cody",NYY,TB,2026,TB,-37.39,8.987680378503844
822957,2026-07-08,676609,"Caballero, José",NYY,TB,2026,TB,17.419999999999995,18.84332498322029
822710,2026-07-08,686611,"Crews, Dylan",WSH,HOU,2026,HOU,200.055,51.68378570904382
822957,2026-07-08,691176,"Domínguez, Jasson",NYY,TB,2026,TB,100.38436883520001,33.76153943485948
822710,2026-07-08,671277,"García Jr., Luis",WSH,HOU,2026,HOU,273.06,64.81115907827068
822957,2026-07-08,502671,"Goldschmidt, Paul",NYY,TB,2026,TB,-31.71,10.009027967534848
822957,2026-07-08,663757,"Grisham, Trent",NYY,TB,2026,TB,-2.2749999999999986,15.30187414414183
822710,2026-07-08,695734,"Lile, Daylen",WSH,HOU,2026,HOU,292.04,68.22404239513837
822710,2026-07-08,678554,"Mead, Curtis",WSH,HOU,2026,HOU,144.68,41.72654578957341
822957,2026-07-08,700250,"Rice, Ben",NYY,TB,2026,TB,24.720000000000006,20.155972412784788
822957,2026-07-08,642708,"Rosario, Amed",NYY,TB,2026,TB,80.67500000000001,30.21750486775484
822710,2026-07-08,660688,"Ruiz, Keibert",WSH,HOU,2026,HOU,191.60999999999999,50.16525042922571
822957,2026-07-08,680474,"Schuemann, Max",NYY,TB,2026,TB,4.150000000000002,16.457183696874964
822710,2026-07-08,677588,"Tena, José",WSH,HOU,2026,HOU,5.335000000000007,16.67026413578372
822710,2026-07-08,678391,"Vivas, Jorbit",WSH,HOU,2026,HOU,245.375,59.83298865532641
822957,2026-07-08,683011,"Volpe, Anthony",NYY,TB,2026,TB,67.13000000000001,27.781914534405374
822957,2026-07-08,669224,"Wells, Austin",NYY,TB,2026,TB,17.360000000000007,18.832536100237565
822710,2026-07-08,695578,"Wood, James",WSH,HOU,2026,HOU,197.445,51.214469299295416
822954,2026-07-09,641355,"Bellinger, Cody",NYY,TB,2026,TB,80.91500000000002,30.26066039968573
822954,2026-07-09,676609,"Caballero, José",NYY,TB,2026,TB,81.19000000000001,30.31010944668987
822954,2026-07-09,665862,"Chisholm Jr., Jazz",NYY,TB,2026,TB,77.13,29.580061698192356
822954,2026-07-09,691176,"Domínguez, Jasson",NYY,TB,2026,TB,139.87,40.86163700379187
822954,2026-07-09,663757,"Grisham, Trent",NYY,TB,2026,TB,186.625,49.268874068077906
822954,2026-07-09,641857,"McMahon, Ryan",NYY,TB,2026,TB,199.82,51.64152925069483
822954,2026-07-09,700250,"Rice, Ben",NYY,TB,2026,TB,256.5514795552,61.84268415665702
822954,2026-07-09,680474,"Schuemann, Max",NYY,TB,2026,TB,100.99,33.87044083098809
822954,2026-07-09,669224,"Wells, Austin",NYY,TB,2026,TB,113.83,36.17926178929057
822709,2026-07-10,682928,"Abrams, CJ",WSH,NYY,2026,NYY,70.3432487392,28.35970394509883
822709,2026-07-10,641355,"Bellinger, Cody",NYY,WSH,2026,WSH,77.585,29.66187739414466
822709,2026-07-10,676609,"Caballero, José",NYY,WSH,2026,WSH,47.62367881280001,24.274390922537215
822709,2026-07-10,665953,"Chaparro, Andrés",WSH,NYY,2026,NYY,53.91,25.40476398387898
822709,2026-07-10,665862,"Chisholm Jr., Jazz",NYY,WSH,2026,WSH,118.23499999999999,36.971345614938734
822709,2026-07-10,686611,"Crews, Dylan",WSH,NYY,2026,NYY,-27.38647054399999,10.786462190420437
822709,2026-07-10,691176,"Domínguez, Jasson",NYY,WSH,2026,WSH,203.44871093440003,52.294024878184246
822709,2026-07-10,671277,"García Jr., Luis",WSH,NYY,2026,NYY,5.210000000000004,16.647787296236384
822709,2026-07-10,502671,"Goldschmidt, Paul",NYY,WSH,2026,WSH,159.415,44.37611563541352
822709,2026-07-10,663757,"Grisham, Trent",NYY,WSH,2026,WSH,109.73,35.442021452137915
822709,2026-07-10,695734,"Lile, Daylen",WSH,NYY,2026,NYY,24.810000000000006,20.17215573725887
822709,2026-07-10,641857,"McMahon, Ryan",NYY,WSH,2026,WSH,-20.975,11.939338947860172
822709,2026-07-10,678554,"Mead, Curtis",WSH,NYY,2026,NYY,9.170000000000005,17.35985357309603
822709,2026-07-10,683083,"Nuñez, Nasim",WSH,NYY,2026,NYY,34.480000000000004,21.910964044640878
822709,2026-07-10,700250,"Rice, Ben",NYY,WSH,2026,WSH,253.35999999999996,61.268809165610314
822709,2026-07-10,642708,"Rosario, Amed",NYY,WSH,2026,WSH,-72.545,2.6662940242107114
822709,2026-07-10,660688,"Ruiz, Keibert",WSH,NYY,2026,NYY,106.36,34.83604585794169
822709,2026-07-10,678391,"Vivas, Jorbit",WSH,NYY,2026,NYY,60.7454079616,26.63387092782678
822709,2026-07-10,683011,"Volpe, Anthony",NYY,WSH,2026,WSH,102.61,34.16174067152158
822709,2026-07-10,669224,"Wells, Austin",NYY,WSH,2026,WSH,102.82999999999998,34.20129990912489
822709,2026-07-10,695578,"Wood, James",WSH,NYY,2026,NYY,246.02,59.94896914739067
822709,2026-07-10,696285,"Young, Jacob",WSH,NYY,2026,NYY,47.959999999999994,24.334866421425726
822711,2026-07-11,682928,"Abrams, CJ",WSH,NYY,2026,NYY,200.895,51.83483007080192
822711,2026-07-11,641355,"Bellinger, Cody",NYY,WSH,2026,WSH,107.84499999999998,35.10307071176406
822711,2026-07-11,676609,"Caballero, José",NYY,WSH,2026,WSH,31.575000000000003,21.38860229356076
822711,2026-07-11,665862,"Chisholm Jr., Jazz",NYY,WSH,2026,WSH,13.784466044800006,18.189602476180873
822711,2026-07-11,686611,"Crews, Dylan",WSH,NYY,2026,NYY,17.305,18.822646290836737
822711,2026-07-11,691176,"Domínguez, Jasson",NYY,WSH,2026,WSH,67.52,27.85204227379306
822711,2026-07-11,671277,"García Jr., Luis",WSH,NYY,2026,NYY,149.005,42.50424443791128
822711,2026-07-11,502671,"Goldschmidt, Paul",NYY,WSH,2026,WSH,110.66999999999999,35.61104728553388
822711,2026-07-11,663757,"Grisham, Trent",NYY,WSH,2026,WSH,164.65,45.31744567565601
822711,2026-07-11,695734,"Lile, Daylen",WSH,NYY,2026,NYY,53.59000000000002,25.347223274637802
822711,2026-07-11,641857,"McMahon, Ryan",NYY,WSH,2026,WSH,222.79500000000002,55.77277235949541
822711,2026-07-11,678554,"Mead, Curtis",WSH,NYY,2026,NYY,283.44,66.67763583428156
822711,2026-07-11,686452,"Millas, Drew",WSH,NYY,2026,NYY,141.97000000000003,41.239247908187146
822711,2026-07-11,683083,"Nuñez, Nasim",WSH,NYY,2026,NYY,57.434999999999995,26.03861085911389
822711,2026-07-11,700250,"Rice, Ben",NYY,WSH,2026,WSH,184.14500000000004,48.82293357145874
822711,2026-07-11,642708,"Rosario, Amed",NYY,WSH,2026,WSH,26.015,20.388832470495196
822711,2026-07-11,645305,"Sánchez, Ali",NYY,WSH,2026,WSH,-0.4350000000000023,15.632733222278633
822711,2026-07-11,677588,"Tena, José",WSH,NYY,2026,NYY,-22.095000000000002,11.737946465516032
822711,2026-07-11,678391,"Vivas, Jorbit",WSH,NYY,2026,NYY,98.985,33.5099123246488
822711,2026-07-11,683011,"Volpe, Anthony",NYY,WSH,2026,WSH,52.220000000000006,25.100877113198983
822711,2026-07-11,669224,"Wells, Austin",NYY,WSH,2026,WSH,13.879999999999999,18.206780887239695
822711,2026-07-11,695578,"Wood, James",WSH,NYY,2026,NYY,168.465,46.00343881864074
822708,2026-07-12,682928,"Abrams, CJ",WSH,NYY,2026,NYY,69.765,28.25572631206324
822708,2026-07-12,641355,"Bellinger, Cody",NYY,WSH,2026,WSH,141.05,41.07381836911873
822708,2026-07-12,676609,"Caballero, José",NYY,WSH,2026,WSH,135.62,40.097424459182406
822708,2026-07-12,665953,"Chaparro, Andrés",WSH,NYY,2026,NYY,4.769999999999998,16.568668821029757
822708,2026-07-12,665862,"Chisholm Jr., Jazz",NYY,WSH,2026,WSH,139.96,40.877820328265955
822708,2026-07-12,686611,"Crews, Dylan",WSH,NYY,2026,NYY,39.475,22.809138552952476
822708,2026-07-12,691176,"Domínguez, Jasson",NYY,WSH,2026,WSH,24.640000000000008,20.141587235474486
822708,2026-07-12,671277,"García Jr., Luis",WSH,NYY,2026,NYY,-21.240000000000002,11.89168804801982
822708,2026-07-12,502671,"Goldschmidt, Paul",NYY,WSH,2026,WSH,97.34,33.21411711620584
822708,2026-07-12,663757,"Grisham, Trent",NYY,WSH,2026,WSH,122.935,37.81647478191862
822708,2026-07-12,695734,"Lile, Daylen",WSH,NYY,2026,NYY,-26.9,10.873936753316388
822708,2026-07-12,641857,"McMahon, Ryan",NYY,WSH,2026,WSH,-7.960000000000001,14.27962748152893
822708,2026-07-12,678554,"Mead, Curtis",WSH,NYY,2026,NYY,112.90499999999999,36.012933176640274
822708,2026-07-12,683083,"Nuñez, Nasim",WSH,NYY,2026,NYY,-10.494999999999997,13.82379717550893
822708,2026-07-12,694673,"Ortiz, Abimelec",WSH,NYY,2026,NYY,103.02000000000001,34.23546470523684
822708,2026-07-12,700250,"Rice, Ben",NYY,WSH,2026,WSH,139.32,40.762738909783586
822708,2026-07-12,642708,"Rosario, Amed",NYY,WSH,2026,WSH,-9.695000000000002,13.967648948611885
822708,2026-07-12,660688,"Ruiz, Keibert",WSH,NYY,2026,NYY,50.790000000000006,24.843742068777445
822708,2026-07-12,680474,"Schuemann, Max",NYY,WSH,2026,WSH,61.735,26.811814139542296
822708,2026-07-12,677588,"Tena, José",WSH,NYY,2026,NYY,147.765,42.28127418960169
822708,2026-07-12,678391,"Vivas, Jorbit",WSH,NYY,2026,NYY,-0.889999999999997,15.550917526326325
822708,2026-07-12,683011,"Volpe, Anthony",NYY,WSH,2026,WSH,10.694999999999999,17.63407101557354
822708,2026-07-12,669224,"Wells, Austin",NYY,WSH,2026,WSH,50.19,24.735853238950227
822708,2026-07-12,695578,"Wood, James",WSH,NYY,2026,NYY,219.81,55.236025431105
824981,2026-07-17,682928,"Abrams, CJ",WSH,ATH,2026,ATH,98.8816258624,33.49132413341536
823524,2026-07-17,641355,"Bellinger, Cody",NYY,LAD,2026,LAD,6.226850412800005,16.830631964813577
823524,2026-07-17,676609,"Caballero, José",NYY,LAD,2026,LAD,93.59,32.53981192978572
824981,2026-07-17,665953,"Chaparro, Andrés",WSH,ATH,2026,ATH,413.3,90.0283749032193
823524,2026-07-17,665862,"Chisholm Jr., Jazz",NYY,LAD,2026,LAD,77.40500000000002,29.629510745196498
824981,2026-07-17,686611,"Crews, Dylan",WSH,ATH,2026,ATH,58.5952344544,26.24723808846462
823524,2026-07-17,691176,"Domínguez, Jasson",NYY,LAD,2026,LAD,126.10499999999999,38.38648743283909
824981,2026-07-17,695670,"Ford, Harry",WSH,ATH,2026,ATH,204.44,52.47227324036441
823524,2026-07-17,502671,"Goldschmidt, Paul",NYY,LAD,2026,LAD,30.35545978240001,21.1693110152206
823524,2026-07-17,663757,"Grisham, Trent",NYY,LAD,2026,LAD,86.41499999999999,31.24964133976856
824981,2026-07-17,695734,"Lile, Daylen",WSH,ATH,2026,ATH,180.265,48.12525247190938
823524,2026-07-17,641857,"McMahon, Ryan",NYY,LAD,2026,LAD,80.54500000000002,30.19412895462561
824981,2026-07-17,678554,"Mead, Curtis",WSH,ATH,2026,ATH,337.42,76.38403422440369
824981,2026-07-17,683083,"Nuñez, Nasim",WSH,ATH,2026,ATH,143.81,41.57010698632394
823524,2026-07-17,700250,"Rice, Ben",NYY,LAD,2026,LAD,47.34196677760001,24.22373495282726
823524,2026-07-17,642708,"Rosario, Amed",NYY,LAD,2026,LAD,-8.654999999999998,14.154656253645733
824981,2026-07-17,677588,"Tena, José",WSH,ATH,2026,ATH,36.085,22.199566664428687
823524,2026-07-17,669224,"Wells, Austin",NYY,LAD,2026,LAD,-3.5049999999999946,15.08070204299603
824981,2026-07-17,695578,"Wood, James",WSH,ATH,2026,ATH,150.6873427712,42.80675442616636
824981,2026-07-17,696285,"Young, Jacob",WSH,ATH,2026,ATH,178.915,47.882502604798134
824979,2026-07-18,682928,"Abrams, CJ",WSH,ATH,2026,ATH,10.25,17.55405346678502
824979,2026-07-18,686611,"Crews, Dylan",WSH,ATH,2026,ATH,67.35000000000001,27.821473772008687
824979,2026-07-18,671277,"García Jr., Luis",WSH,ATH,2026,ATH,-12.080000000000007,13.53879085004869
824979,2026-07-18,695734,"Lile, Daylen",WSH,ATH,2026,ATH,89.8913844736,31.87474642791226
824979,2026-07-18,678554,"Mead, Curtis",WSH,ATH,2026,ATH,36.95,22.35510639409626
824979,2026-07-18,683083,"Nuñez, Nasim",WSH,ATH,2026,ATH,50.38499999999999,24.77091710864407
824979,2026-07-18,660688,"Ruiz, Keibert",WSH,ATH,2026,ATH,76.67500000000001,29.498246002240048
824979,2026-07-18,677588,"Tena, José",WSH,ATH,2026,ATH,70.78500000000001,28.439137322769515
824979,2026-07-18,678391,"Vivas, Jorbit",WSH,ATH,2026,ATH,158.10058485439998,44.1397644488036
824979,2026-07-18,695578,"Wood, James",WSH,ATH,2026,ATH,-53.59,6.074681973168934
824978,2026-07-19,682928,"Abrams, CJ",WSH,ATH,2026,ATH,226.83499999999998,56.49922381366535
823521,2026-07-19,641355,"Bellinger, Cody",NYY,LAD,2026,LAD,176.70499999999998,47.485112081601216
823523,2026-07-19,641355,"Bellinger, Cody",NYY,LAD,2026,LAD,-12.144999999999996,13.527102893484077
823521,2026-07-19,676609,"Caballero, José",NYY,LAD,2026,LAD,148.04,42.330723236605834
824978,2026-07-19,665953,"Chaparro, Andrés",WSH,ATH,2026,ATH,22.495000000000008,19.75588466884218
823521,2026-07-19,665862,"Chisholm Jr., Jazz",NYY,LAD,2026,LAD,150.01999999999998,42.68675637503566
823523,2026-07-19,665862,"Chisholm Jr., Jazz",NYY,LAD,2026,LAD,64.515,27.311699051075074
824978,2026-07-19,686611,"Crews, Dylan",WSH,ATH,2026,ATH,231.4641038528,57.33160481004413
823521,2026-07-19,691176,"Domínguez, Jasson",NYY,LAD,2026,LAD,112.085,35.86548510920974
823523,2026-07-19,691176,"Domínguez, Jasson",NYY,LAD,2026,LAD,-4.1249999999999964,14.969216918841235
824978,2026-07-19,695670,"Ford, Harry",WSH,ATH,2026,ATH,96.015,32.97586261700406
824978,2026-07-19,671277,"García Jr., Luis",WSH,ATH,2026,ATH,-21.595000000000006,11.827853823705379
823521,2026-07-19,502671,"Goldschmidt, Paul",NYY,LAD,2026,LAD,34.50999999999999,21.916358486132236
823521,2026-07-19,663757,"Grisham, Trent",NYY,LAD,2026,LAD,132.3824985056,39.51527404619126
823523,2026-07-19,663757,"Grisham, Trent",NYY,LAD,2026,LAD,103.8144597984,34.37832026856042
824978,2026-07-19,695734,"Lile, Daylen",WSH,ATH,2026,ATH,78.38,29.804830093665725
823521,2026-07-19,641857,"McMahon, Ryan",NYY,LAD,2026,LAD,57.45499999999999,26.042207153441467
823523,2026-07-19,641857,"McMahon, Ryan",NYY,LAD,2026,LAD,-36.655,9.119844195042187
824978,2026-07-19,678554,"Mead, Curtis",WSH,ATH,2026,ATH,122.855240112,37.8021327802795
824978,2026-07-19,683083,"Nuñez, Nasim",WSH,ATH,2026,ATH,90.85,32.04711960690808
823521,2026-07-19,700250,"Rice, Ben",NYY,LAD,2026,LAD,1.0899999999999963,15.906950664756145
823523,2026-07-19,700250,"Rice, Ben",NYY,LAD,2026,LAD,41.25499999999999,23.129208748106553
823523,2026-07-19,680474,"Schuemann, Max",NYY,LAD,2026,LAD,62.235,26.901721497731646
823523,2026-07-19,645305,"Sánchez, Ali",NYY,LAD,2026,LAD,12.439999999999998,17.94784769565437
823521,2026-07-19,683011,"Volpe, Anthony",NYY,LAD,2026,LAD,93.98,32.609939669173414
823523,2026-07-19,683011,"Volpe, Anthony",NYY,LAD,2026,LAD,27.735000000000007,20.698113782666557
823521,2026-07-19,669224,"Wells, Austin",NYY,LAD,2026,LAD,92.895,32.41484070190253
824978,2026-07-19,695578,"Wood, James",WSH,ATH,2026,ATH,-29.770000000000003,10.357868517309523
824978,2026-07-19,696285,"Young, Jacob",WSH,ATH,2026,ATH,72.96000000000001,28.830234330893177
824328,2026-07-20,682928,"Abrams, CJ",WSH,COL,2026,COL,105.78611401920003,34.732852713070436
823522,2026-07-20,641355,"Bellinger, Cody",NYY,PIT,2026,PIT,84.195,30.850452669407858
823522,2026-07-20,676609,"Caballero, José",NYY,PIT,2026,PIT,83.53500000000001,30.731774956597913
824328,2026-07-20,665953,"Chaparro, Andrés",WSH,COL,2026,COL,122.96000000000001,37.820970149828085
823522,2026-07-20,665862,"Chisholm Jr., Jazz",NYY,PIT,2026,PIT,246.95999999999998,60.11799498078665
824328,2026-07-20,686611,"Crews, Dylan",WSH,COL,2026,COL,57.864999999999995,26.115931187156733
823522,2026-07-20,691176,"Domínguez, Jasson",NYY,PIT,2026,PIT,32.39,21.5351512874094
824328,2026-07-20,695670,"Ford, Harry",WSH,COL,2026,COL,-40.09,8.502180644281358
824328,2026-07-20,671277,"García Jr., Luis",WSH,COL,2026,COL,15.385000000000005,18.477402035389638
823522,2026-07-20,502671,"Goldschmidt, Paul",NYY,PIT,2026,PIT,58.33409397439999,26.200281187118424
823522,2026-07-20,663757,"Grisham, Trent",NYY,PIT,2026,PIT,29.16000000000001,20.954349753506204
824328,2026-07-20,695734,"Lile, Daylen",WSH,COL,2026,COL,136.885,40.32489007540146
823522,2026-07-20,641857,"McMahon, Ryan",NYY,PIT,2026,PIT,26.16093107519999,20.415073025393124
824328,2026-07-20,678554,"Mead, Curtis",WSH,COL,2026,COL,189.835,49.84607930765352
824328,2026-07-20,683083,"Nuñez, Nasim",WSH,COL,2026,COL,73.67,28.957902779522055
823522,2026-07-20,700250,"Rice, Ben",NYY,PIT,2026,PIT,140.935,41.05313967673519
824328,2026-07-20,677588,"Tena, José",WSH,COL,2026,COL,25.445,20.286338082159343
823522,2026-07-20,669224,"Wells, Austin",NYY,PIT,2026,PIT,148.53,42.418832447631395
824328,2026-07-20,695578,"Wood, James",WSH,COL,2026,COL,86.75,31.30987926975543
824328,2026-07-20,696285,"Young, Jacob",WSH,COL,2026,COL,193.09,50.43137620946618
824329,2026-07-21,682928,"Abrams, CJ",WSH,COL,2026,COL,320.125,73.27413870463411
824329,2026-07-21,665953,"Chaparro, Andrés",WSH,COL,2026,COL,-5.189999999999998,14.777714245897924
824329,2026-07-21,671277,"García Jr., Luis",WSH,COL,2026,COL,138.615,40.63596953473661
824329,2026-07-21,695734,"Lile, Daylen",WSH,COL,2026,COL,43.73500000000001,23.575149244725726
824329,2026-07-21,678554,"Mead, Curtis",WSH,COL,2026,COL,63.734536336,27.171360198689037
824329,2026-07-21,683083,"Nuñez, Nasim",WSH,COL,2026,COL,128.545,38.82523534080311
824329,2026-07-21,660688,"Ruiz, Keibert",WSH,COL,2026,COL,43.099999999999994,23.46096689982525
824329,2026-07-21,677588,"Tena, José",WSH,COL,2026,COL,76.05,29.385861804503357
824329,2026-07-21,678391,"Vivas, Jorbit",WSH,COL,2026,COL,111.77,35.80884347355045
824329,2026-07-21,695578,"Wood, James",WSH,COL,2026,COL,148.76999999999998,42.46198797956228
824329,2026-07-21,696285,"Young, Jacob",WSH,COL,2026,COL,13.389999999999993,18.118671676214134
824327,2026-07-22,682928,"Abrams, CJ",WSH,COL,2026,COL,214.54999999999998,54.29020002295304
823518,2026-07-22,641355,"Bellinger, Cody",NYY,PIT,2026,PIT,17.5867510944,18.87330928396566
823519,2026-07-22,641355,"Bellinger, Cody",NYY,PIT,2026,PIT,127.685,38.670594684717436
823518,2026-07-22,676609,"Caballero, José",NYY,PIT,2026,PIT,19.61,19.237119212089638
823518,2026-07-22,665862,"Chisholm Jr., Jazz",NYY,PIT,2026,PIT,79.17999999999999,29.948681866768684
823519,2026-07-22,665862,"Chisholm Jr., Jazz",NYY,PIT,2026,PIT,93.4321590912,32.5114298115369
824327,2026-07-22,686611,"Crews, Dylan",WSH,COL,2026,COL,204.341590608,52.454577783452926
823518,2026-07-22,691176,"Domínguez, Jasson",NYY,PIT,2026,PIT,128.92000000000002,38.89266585944513
823519,2026-07-22,691176,"Domínguez, Jasson",NYY,PIT,2026,PIT,54.07499999999999,25.434433412081468
824327,2026-07-22,671277,"García Jr., Luis",WSH,COL,2026,COL,180.39,48.147729311456715
823518,2026-07-22,502671,"Goldschmidt, Paul",NYY,PIT,2026,PIT,-7.18,14.419882960304314
823519,2026-07-22,502671,"Goldschmidt, Paul",NYY,PIT,2026,PIT,-6.174999999999994,14.600596750264906
823518,2026-07-22,663757,"Grisham, Trent",NYY,PIT,2026,PIT,108.35499999999999,35.194776217117195
823519,2026-07-22,663757,"Grisham, Trent",NYY,PIT,2026,PIT,93.295,32.48676658845401
823518,2026-07-22,682987,"Jones, Spencer",NYY,PIT,2026,PIT,54.565,25.522542623107032
824327,2026-07-22,695734,"Lile, Daylen",WSH,COL,2026,COL,115.285,36.44089220162157
823518,2026-07-22,641857,"McMahon, Ryan",NYY,PIT,2026,PIT,70.19748249599999,28.333493029420225
823519,2026-07-22,641857,"McMahon, Ryan",NYY,PIT,2026,PIT,-12.864999999999995,13.397636297691415
824327,2026-07-22,683083,"Nuñez, Nasim",WSH,COL,2026,COL,81.92,30.441374189646314
823518,2026-07-22,700250,"Rice, Ben",NYY,PIT,2026,PIT,130.1,39.10484722477199
823519,2026-07-22,700250,"Rice, Ben",NYY,PIT,2026,PIT,-8.32999999999999,14.213096036468814
823518,2026-07-22,642708,"Rosario, Amed",NYY,PIT,2026,PIT,30.995,21.284309758061116
824327,2026-07-22,660688,"Ruiz, Keibert",WSH,COL,2026,COL,63.79999999999998,27.1831315288643
823519,2026-07-22,645305,"Sánchez, Ali",NYY,PIT,2026,PIT,28.035,20.752058197580165
824327,2026-07-22,677588,"Tena, José",WSH,COL,2026,COL,50.1306397568,24.725179393655043
824327,2026-07-22,678391,"Vivas, Jorbit",WSH,COL,2026,COL,157.1740239872,43.97315516926042
823519,2026-07-22,683011,"Volpe, Anthony",NYY,PIT,2026,PIT,97.37,33.21951155769721
823518,2026-07-22,669224,"Wells, Austin",NYY,PIT,2026,PIT,115.745,36.52360697115578
824327,2026-07-22,695578,"Wood, James",WSH,COL,2026,COL,33.94999999999999,21.815662244960166
822707,2026-07-24,682928,"Abrams, CJ",WSH,AZ,2026,AZ,41.92,23.248785534498392
823434,2026-07-24,641355,"Bellinger, Cody",NYY,PHI,2026,PHI,112.55499999999999,35.94999802590773
823434,2026-07-24,676609,"Caballero, José",NYY,PHI,2026,PHI,21.240611920000003,19.530327232008162
822707,2026-07-24,665953,"Chaparro, Andrés",WSH,AZ,2026,AZ,42.62500000000001,23.375554909545375
822707,2026-07-24,686611,"Crews, Dylan",WSH,AZ,2026,AZ,166.5901716416,45.666317089116305
823434,2026-07-24,691176,"Domínguez, Jasson",NYY,PHI,2026,PHI,76.72999999999999,29.50813581164087
822707,2026-07-24,695670,"Ford, Harry",WSH,AZ,2026,AZ,-8.065000000000005,14.260746936309163
822707,2026-07-24,671277,"García Jr., Luis",WSH,AZ,2026,AZ,85.4,31.067129402644184
823434,2026-07-24,502671,"Goldschmidt, Paul",NYY,PHI,2026,PHI,63.76610352,27.177036442926873
823434,2026-07-24,663757,"Grisham, Trent",NYY,PHI,2026,PHI,-17.279999999999998,12.603754324879462
822707,2026-07-24,695734,"Lile, Daylen",WSH,AZ,2026,AZ,20.93,19.474474637709516
823434,2026-07-24,641857,"McMahon, Ryan",NYY,PHI,2026,PHI,24.884999999999998,20.18564184098727
822707,2026-07-24,678554,"Mead, Curtis",WSH,AZ,2026,AZ,84.08500000000001,30.830673050606194
822707,2026-07-24,683083,"Nuñez, Nasim",WSH,AZ,2026,AZ,19.705000000000005,19.254201610145614
823434,2026-07-24,700250,"Rice, Ben",NYY,PHI,2026,PHI,-30.56,10.215814891370352
823434,2026-07-24,642708,"Rosario, Amed",NYY,PHI,2026,PHI,-21.0,11.934843579950707
822707,2026-07-24,660688,"Ruiz, Keibert",WSH,AZ,2026,AZ,27.735,20.698113782666557
823434,2026-07-24,645305,"Sánchez, Ali",NYY,PHI,2026,PHI,52.945,25.23124278257354
822707,2026-07-24,677588,"Tena, José",WSH,AZ,2026,AZ,13.299999999999997,18.10248835174005
822707,2026-07-24,678391,"Vivas, Jorbit",WSH,AZ,2026,AZ,-11.624999999999996,13.620606546001001
823434,2026-07-24,683011,"Volpe, Anthony",NYY,PHI,2026,PHI,43.41,23.51670946190265
822707,2026-07-24,695578,"Wood, James",WSH,AZ,2026,AZ,-21.1,11.916862108312834
822707,2026-07-24,696285,"Young, Jacob",WSH,AZ,2026,AZ,-23.97,11.400793872305973
822704,2026-07-25,682928,"Abrams, CJ",WSH,AZ,2026,AZ,205.255,52.61882223421305
823435,2026-07-25,641355,"Bellinger, Cody",NYY,PHI,2026,PHI,159.495,44.39050081272383
823435,2026-07-25,676609,"Caballero, José",NYY,PHI,2026,PHI,21.52499999999999,19.581464393954843
822704,2026-07-25,665953,"Chaparro, Andrés",WSH,AZ,2026,AZ,54.67999999999999,25.543221315490577
823435,2026-07-25,665862,"Chisholm Jr., Jazz",NYY,PHI,2026,PHI,-3.615000000000016,15.060922424194366
822704,2026-07-25,686611,"Crews, Dylan",WSH,AZ,2026,AZ,107.315,35.00776891208336
823435,2026-07-25,691176,"Domínguez, Jasson",NYY,PHI,2026,PHI,105.88499999999999,34.75063386766182
822704,2026-07-25,671277,"García Jr., Luis",WSH,AZ,2026,AZ,18.185000000000002,18.98088324124999
823435,2026-07-25,502671,"Goldschmidt, Paul",NYY,PHI,2026,PHI,80.69000000000001,30.22020208850052
823435,2026-07-25,663757,"Grisham, Trent",NYY,PHI,2026,PHI,167.41,45.81373429286121
822704,2026-07-25,695734,"Lile, Daylen",WSH,AZ,2026,AZ,87.8549647104,31.508568185764474
823435,2026-07-25,641857,"McMahon, Ryan",NYY,PHI,2026,PHI,-10.306989667199996,13.857604200177626
822704,2026-07-25,678554,"Mead, Curtis",WSH,AZ,2026,AZ,53.09499999999999,25.258214990030343
822704,2026-07-25,683083,"Nuñez, Nasim",WSH,AZ,2026,AZ,215.32999999999998,54.430455501728424
823435,2026-07-25,700250,"Rice, Ben",NYY,PHI,2026,PHI,-53.0858066336,6.165343360348172
823435,2026-07-25,642708,"Rosario, Amed",NYY,PHI,2026,PHI,-17.990000000000002,12.476085876250588
822704,2026-07-25,660688,"Ruiz, Keibert",WSH,AZ,2026,AZ,125.98,38.36401059329175
823435,2026-07-25,669224,"Wells, Austin",NYY,PHI,2026,PHI,151.52,42.9564784496037
822704,2026-07-25,695578,"Wood, James",WSH,AZ,2026,AZ,-38.17499999999999,8.846525826146568
822704,2026-07-25,696285,"Young, Jacob",WSH,AZ,2026,AZ,74.765,29.154799893956728
822706,2026-07-26,682928,"Abrams, CJ",WSH,AZ,2026,AZ,275.135,65.18427461475648
823433,2026-07-26,676609,"Caballero, José",NYY,PHI,2026,PHI,47.52499999999999,24.256647019800994
822706,2026-07-26,665953,"Chaparro, Andrés",WSH,AZ,2026,AZ,-9.25,14.04766649740041
822706,2026-07-26,686611,"Crews, Dylan",WSH,AZ,2026,AZ,174.95499999999998,47.17043632793849
823433,2026-07-26,691176,"Domínguez, Jasson",NYY,PHI,2026,PHI,29.709999999999994,21.053247847514488
822706,2026-07-26,695670,"Ford, Harry",WSH,AZ,2026,AZ,18.094999999999995,18.96469991677591
822706,2026-07-26,671277,"García Jr., Luis",WSH,AZ,2026,AZ,164.49,45.28867532103542
823433,2026-07-26,502671,"Goldschmidt, Paul",NYY,PHI,2026,PHI,39.633101888000006,22.837567599102133
823433,2026-07-26,663757,"Grisham, Trent",NYY,PHI,2026,PHI,-10.500552697600007,13.822798718764847
822706,2026-07-26,691781,"House, Brady",WSH,AZ,2026,AZ,113.245,36.07407018020904
823433,2026-07-26,682987,"Jones, Spencer",NYY,PHI,2026,PHI,54.08,25.43533248566336
822706,2026-07-26,695734,"Lile, Daylen",WSH,AZ,2026,AZ,33.6159549728,21.755596033136484
823433,2026-07-26,641857,"McMahon, Ryan",NYY,PHI,2026,PHI,5.280000000000001,16.660374326382893
822706,2026-07-26,683083,"Nuñez, Nasim",WSH,AZ,2026,AZ,50.504999999999995,24.792494874609517
823433,2026-07-26,700250,"Rice, Ben",NYY,PHI,2026,PHI,159.7062323008,44.42848348898219
823433,2026-07-26,642708,"Rosario, Amed",NYY,PHI,2026,PHI,38.185,22.577177568823952
823433,2026-07-26,680474,"Schuemann, Max",NYY,PHI,2026,PHI,68.31722018880001,27.995394195933503
823433,2026-07-26,645305,"Sánchez, Ali",NYY,PHI,2026,PHI,40.464999999999996,22.987155122167383
823433,2026-07-26,683011,"Volpe, Anthony",NYY,PHI,2026,PHI,152.78,43.18304499224086
823433,2026-07-26,669224,"Wells, Austin",NYY,PHI,2026,PHI,35.059999999999995,22.01525658014052
822706,2026-07-26,695578,"Wood, James",WSH,AZ,2026,AZ,272.78,64.76081095768464
822706,2026-07-26,696285,"Young, Jacob",WSH,AZ,2026,AZ,78.31,29.79224306351922
822705,2026-07-27,682928,"Abrams, CJ",WSH,TOR,2026,TOR,51.605635417600006,24.99040532006161
824570,2026-07-27,676609,"Caballero, José",NYY,CWS,2026,CWS,105.575,34.69489130558442
822705,2026-07-27,665953,"Chaparro, Andrés",WSH,TOR,2026,TOR,86.6913383776,31.29933104676126
824570,2026-07-27,665862,"Chisholm Jr., Jazz",NYY,CWS,2026,CWS,81.21000000000001,30.313705741017436
822705,2026-07-27,686611,"Crews, Dylan",WSH,TOR,2026,TOR,99.11500000000001,33.53328823777804
824570,2026-07-27,691176,"Domínguez, Jasson",NYY,CWS,2026,CWS,147.47761674880002,42.229598451795184
822705,2026-07-27,671277,"García Jr., Luis",WSH,TOR,2026,TOR,181.8145406944,48.40388269239016
824570,2026-07-27,502671,"Goldschmidt, Paul",NYY,CWS,2026,CWS,185.45999999999998,49.05938992349672
824570,2026-07-27,663757,"Grisham, Trent",NYY,CWS,2026,CWS,26.54,20.483235196594016
824570,2026-07-27,682987,"Jones, Spencer",NYY,CWS,2026,CWS,43.144999999999996,23.469058562062294
822705,2026-07-27,695734,"Lile, Daylen",WSH,TOR,2026,TOR,92.86000000000001,32.40854718682928
822705,2026-07-27,683083,"Nuñez, Nasim",WSH,TOR,2026,TOR,81.75999999999999,30.412603835025724
824570,2026-07-27,700250,"Rice, Ben",NYY,CWS,2026,CWS,154.31258706559998,43.45862670076739
824570,2026-07-27,642708,"Rosario, Amed",NYY,CWS,2026,CWS,55.58,25.705054560231407
822705,2026-07-27,660688,"Ruiz, Keibert",WSH,TOR,2026,TOR,-25.879999999999995,11.05734776402266
824570,2026-07-27,680474,"Schuemann, Max",NYY,CWS,2026,CWS,49.730000000000004,24.653138469416024
824570,2026-07-27,645305,"Sánchez, Ali",NYY,CWS,2026,CWS,147.97499999999997,42.31903528004122
822705,2026-07-27,677588,"Tena, José",WSH,TOR,2026,TOR,26.97,20.560555524636854
822705,2026-07-27,678391,"Vivas, Jorbit",WSH,TOR,2026,TOR,4.469999999999999,16.514724406116148
824570,2026-07-27,683011,"Volpe, Anthony",NYY,CWS,2026,CWS,49.019999999999996,24.525470020787147
822705,2026-07-27,695578,"Wood, James",WSH,TOR,2026,TOR,152.225,43.083247824650684
822703,2026-07-28,682928,"Abrams, CJ",WSH,TOR,2026,TOR,39.741802816,22.85711362564055
824569,2026-07-28,665862,"Chisholm Jr., Jazz",NYY,CWS,2026,CWS,58.3,26.19415058878147
822703,2026-07-28,686611,"Crews, Dylan",WSH,TOR,2026,TOR,163.25000000000003,45.065705072725834
824569,2026-07-28,691176,"Domínguez, Jasson",NYY,CWS,2026,CWS,108.835,35.28108728097897
822703,2026-07-28,671277,"García Jr., Luis",WSH,TOR,2026,TOR,156.03000000000003,43.76744282047164
824569,2026-07-28,502671,"Goldschmidt, Paul",NYY,CWS,2026,CWS,102.515,34.14465827346561
824569,2026-07-28,663757,"Grisham, Trent",NYY,CWS,2026,CWS,158.53,44.21697961141838
822703,2026-07-28,691781,"House, Brady",WSH,TOR,2026,TOR,75.475,29.282468342585606
824569,2026-07-28,682987,"Jones, Spencer",NYY,CWS,2026,CWS,30.325000000000003,21.163833898087386
822703,2026-07-28,695734,"Lile, Daylen",WSH,TOR,2026,TOR,142.285,41.29588954384643
822703,2026-07-28,683083,"Nuñez, Nasim",WSH,TOR,2026,TOR,66.345,27.640759982048092
824569,2026-07-28,700250,"Rice, Ben",NYY,CWS,2026,CWS,-7.505000000000003,14.361443177481235
824569,2026-07-28,642708,"Rosario, Amed",NYY,CWS,2026,CWS,97.905,33.315712430959806
822703,2026-07-28,660688,"Ruiz, Keibert",WSH,TOR,2026,TOR,116.455,36.65127541978465
824569,2026-07-28,680474,"Schuemann, Max",NYY,CWS,2026,CWS,78.61000000000001,29.846187478432828
822703,2026-07-28,678391,"Vivas, Jorbit",WSH,TOR,2026,TOR,80.025,30.10062530210868
824569,2026-07-28,683011,"Volpe, Anthony",NYY,CWS,2026,CWS,93.035,32.44001476219554
824569,2026-07-28,669224,"Wells, Austin",NYY,CWS,2026,CWS,-27.751046591999994,10.72090605175085
822703,2026-07-28,695578,"Wood, James",WSH,TOR,2026,TOR,134.32999999999998,39.86546347505388
822703,2026-07-28,696285,"Young, Jacob",WSH,TOR,2026,TOR,226.575,56.452471987406895
822702,2026-07-29,682928,"Abrams, CJ",WSH,TOR,2026,TOR,21.78,19.627317146631412
824567,2026-07-29,676609,"Caballero, José",NYY,CWS,2026,CWS,205.355,52.63680370585091
824567,2026-07-29,665862,"Chisholm Jr., Jazz",NYY,CWS,2026,CWS,32.84,21.61606790977981
824567,2026-07-29,691176,"Domínguez, Jasson",NYY,CWS,2026,CWS,94.655,32.731314602729036
822702,2026-07-29,695670,"Ford, Harry",WSH,TOR,2026,TOR,74.27,29.065791609349272
822702,2026-07-29,671277,"García Jr., Luis",WSH,TOR,2026,TOR,31.345,21.34724490879366
824567,2026-07-29,502671,"Goldschmidt, Paul",NYY,CWS,2026,CWS,99.35,33.57554469612702
824567,2026-07-29,663757,"Grisham, Trent",NYY,CWS,2026,CWS,165.05,45.389371562207494
822702,2026-07-29,691781,"House, Brady",WSH,TOR,2026,TOR,2.524999999999995,16.16498478275958
824567,2026-07-29,682987,"Jones, Spencer",NYY,CWS,2026,CWS,111.15295107840001,35.697888996721176
822702,2026-07-29,695734,"Lile, Daylen",WSH,TOR,2026,TOR,34.69500000000001,21.9496242086623
824567,2026-07-29,641857,"McMahon, Ryan",NYY,CWS,2026,CWS,147.2694775168,42.19217195482582
822702,2026-07-29,683083,"Nuñez, Nasim",WSH,TOR,2026,TOR,6.454999999999991,16.87165661812786
824567,2026-07-29,700250,"Rice, Ben",NYY,CWS,2026,CWS,175.4372464096,47.257151329305366
824567,2026-07-29,680474,"Schuemann, Max",NYY,CWS,2026,CWS,55.125,25.623238864279102
824567,2026-07-29,645305,"Sánchez, Ali",NYY,CWS,2026,CWS,113.045,36.03810723693329
822702,2026-07-29,677588,"Tena, José",WSH,TOR,2026,TOR,58.495,26.229214458475308
822702,2026-07-29,678391,"Vivas, Jorbit",WSH,TOR,2026,TOR,55.825,25.749109165744187
824567,2026-07-29,683011,"Volpe, Anthony",NYY,CWS,2026,CWS,25.295,20.259365874702535
824567,2026-07-29,669224,"Wells, Austin",NYY,CWS,2026,CWS,47.7809959616,24.302678861030188
822702,2026-07-29,695578,"Wood, James",WSH,TOR,2026,TOR,116.17,36.600028225616725
822702,2026-07-29,696285,"Young, Jacob",WSH,TOR,2026,TOR,174.465,47.08232711691293
824894,2026-07-30,682928,"Abrams, CJ",WSH,ATL,2026,ATL,108.4726266464,35.2159272191782
824894,2026-07-30,665953,"Chaparro, Andrés",WSH,ATL,2026,ATL,-3.990000000000002,14.99349190555236
824568,2026-07-30,665862,"Chisholm Jr., Jazz",NYY,CWS,2026,CWS,181.83,48.40666250304204
824894,2026-07-30,686611,"Crews, Dylan",WSH,ATL,2026,ATL,-26.13962524480001,11.010663324264195
824568,2026-07-30,691176,"Domínguez, Jasson",NYY,CWS,2026,CWS,61.480000000000004,26.765961386865726
824894,2026-07-30,671277,"García Jr., Luis",WSH,ATL,2026,ATL,272.0103435008,64.62241539257197
824568,2026-07-30,502671,"Goldschmidt, Paul",NYY,CWS,2026,CWS,13.810710595200003,18.194321632567537
824568,2026-07-30,663757,"Grisham, Trent",NYY,CWS,2026,CWS,96.49000000000001,33.061274607283956
824894,2026-07-30,691781,"House, Brady",WSH,ATL,2026,ATL,52.00500000000001,25.06221694917756
824568,2026-07-30,682987,"Jones, Spencer",NYY,CWS,2026,CWS,147.505,42.23452236334323
824894,2026-07-30,695734,"Lile, Daylen",WSH,ATL,2026,ATL,214.89694407680003,54.35258567372211
824568,2026-07-30,641857,"McMahon, Ryan",NYY,CWS,2026,CWS,14.704999999999998,18.35512802825212
824894,2026-07-30,683083,"Nuñez, Nasim",WSH,ATL,2026,ATL,32.455,21.546839243974013
824568,2026-07-30,700250,"Rice, Ben",NYY,CWS,2026,CWS,179.14000000000001,47.922960915983346
824568,2026-07-30,642708,"Rosario, Amed",NYY,CWS,2026,CWS,-2.9050000000000007,15.188590872823248
824894,2026-07-30,660688,"Ruiz, Keibert",WSH,ATL,2026,ATL,-15.315000000000001,12.957090242563604
824568,2026-07-30,680474,"Schuemann, Max",NYY,CWS,2026,CWS,2.414999999999999,16.145205163957925
824568,2026-07-30,645305,"Sánchez, Ali",NYY,CWS,2026,CWS,5.300000000000001,16.663970620710465
824894,2026-07-30,677588,"Tena, José",WSH,ATL,2026,ATL,122.11500000000001,37.66902671448809
824894,2026-07-30,678391,"Vivas, Jorbit",WSH,ATL,2026,ATL,27.494999999999997,20.65495825073567
824568,2026-07-30,683011,"Volpe, Anthony",NYY,CWS,2026,CWS,110.045,35.4986630877972
824568,2026-07-30,669224,"Wells, Austin",NYY,CWS,2026,CWS,63.379999999999995,27.107609347985257
824894,2026-07-30,695578,"Wood, James",WSH,ATL,2026,ATL,134.89,39.96615971622595
824892,2026-07-31,682928,"Abrams, CJ",WSH,ATL,2026,ATL,294.425,68.65290049370157
824651,2026-07-31,676609,"Caballero, José",NYY,CHC,2026,CHC,22.425,19.74329763869567
824892,2026-07-31,665953,"Chaparro, Andrés",WSH,ATL,2026,ATL,168.29500000000002,45.972870316856365
824892,2026-07-31,686611,"Crews, Dylan",WSH,ATL,2026,ATL,79.36049351679999,29.981137257300265
824651,2026-07-31,691176,"Domínguez, Jasson",NYY,CHC,2026,CHC,39.734662240000006,22.855829644992333
824892,2026-07-31,695670,"Ford, Harry",WSH,ATL,2026,ATL,108.03,35.136336434294115
824892,2026-07-31,671277,"García Jr., Luis",WSH,ATL,2026,ATL,-35.505,9.326631118877689
824651,2026-07-31,502671,"Goldschmidt, Paul",NYY,CHC,2026,CHC,25.750000000000007,20.341181570654847
824651,2026-07-31,663757,"Grisham, Trent",NYY,CHC,2026,CHC,-1.995000000000008,15.352222264727864
824892,2026-07-31,691781,"House, Brady",WSH,ATL,2026,ATL,59.055,26.329910699647378
824651,2026-07-31,682987,"Jones, Spencer",NYY,CHC,2026,CHC,152.57,43.14528390180134
824892,2026-07-31,695734,"Lile, Daylen",WSH,ATL,2026,ATL,13.884999999999998,18.20767996082159
824651,2026-07-31,641857,"McMahon, Ryan",NYY,CHC,2026,CHC,16.09,18.60417141043662
824651,2026-07-31,700250,"Rice, Ben",NYY,CHC,2026,CHC,71.81431533439999,28.624223367688888
824651,2026-07-31,642708,"Rosario, Amed",NYY,CHC,2026,CHC,174.55499999999998,47.098510441387006
824651,2026-07-31,645305,"Sánchez, Ali",NYY,CHC,2026,CHC,4.154999999999997,16.45808277045686
824892,2026-07-31,677588,"Tena, José",WSH,ATL,2026,ATL,83.255,30.681426836011877
824892,2026-07-31,678391,"Vivas, Jorbit",WSH,ATL,2026,ATL,24.660000000000004,20.145183529802065
824651,2026-07-31,683011,"Volpe, Anthony",NYY,CHC,2026,CHC,42.31500000000001,23.319812347467977
824651,2026-07-31,669224,"Wells, Austin",NYY,CHC,2026,CHC,62.49,26.947574250408213
824892,2026-07-31,695578,"Wood, James",WSH,ATL,2026,ATL,4.489999999999988,16.51832070044372
824892,2026-07-31,696285,"Young, Jacob",WSH,ATL,2026,ATL,2.3349999999999973,16.130819986647627
824890,2026-08-01,682928,"Abrams, CJ",WSH,ATL,2026,ATL,71.41975664639999,28.55327590911142
824649,2026-08-01,676609,"Caballero, José",NYY,CHC,2026,CHC,139.24,40.7483537324733
824890,2026-08-01,665953,"Chaparro, Andrés",WSH,ATL,2026,ATL,51.44999999999999,24.962419781587382
824649,2026-08-01,665862,"Chisholm Jr., Jazz",NYY,CHC,2026,CHC,-35.16,9.388667196028342
824890,2026-08-01,686611,"Crews, Dylan",WSH,ATL,2026,ATL,57.260000000000005,26.00714328374762
824649,2026-08-01,691176,"Domínguez, Jasson",NYY,CHC,2026,CHC,86.44500000000001,31.255035781259927
824890,2026-08-01,671277,"García Jr., Luis",WSH,ATL,2026,ATL,117.04499999999999,36.75736610244808
824649,2026-08-01,502671,"Goldschmidt, Paul",NYY,CHC,2026,CHC,-51.18,6.508035439641597
824649,2026-08-01,663757,"Grisham, Trent",NYY,CHC,2026,CHC,110.05,35.499562161379096
824890,2026-08-01,691781,"House, Brady",WSH,ATL,2026,ATL,45.595,23.9096046171901
824649,2026-08-01,682987,"Jones, Spencer",NYY,CHC,2026,CHC,153.53,43.317906029524885
824890,2026-08-01,695734,"Lile, Daylen",WSH,ATL,2026,ATL,5.915000000000003,16.774556671283367
824890,2026-08-01,683083,"Nuñez, Nasim",WSH,ATL,2026,ATL,7.595000000000002,17.076645394799577
824649,2026-08-01,700250,"Rice, Ben",NYY,CHC,2026,CHC,23.25,19.8916447797081
824649,2026-08-01,642708,"Rosario, Amed",NYY,CHC,2026,CHC,50.790000000000006,24.843742068777445
824890,2026-08-01,660688,"Ruiz, Keibert",WSH,ATL,2026,ATL,-16.875,12.676579285012835
824649,2026-08-01,680474,"Schuemann, Max",NYY,CHC,2026,CHC,-0.5549999999999964,15.611155456313188
824649,2026-08-01,645305,"Sánchez, Ali",NYY,CHC,2026,CHC,122.10499999999999,37.667228567324294
824890,2026-08-01,677588,"Tena, José",WSH,ATL,2026,ATL,-5.56,14.711182800837804
824649,2026-08-01,683011,"Volpe, Anthony",NYY,CHC,2026,CHC,-4.924999999999997,14.825365145738278
824890,2026-08-01,695578,"Wood, James",WSH,ATL,2026,ATL,18.750000000000007,19.08247855600396
824890,2026-08-01,696285,"Young, Jacob",WSH,ATL,2026,ATL,65.41999999999999,27.474431369397788
824891,2026-08-02,682928,"Abrams, CJ",WSH,ATL,2026,ATL,45.395,23.873641673914367
824648,2026-08-02,676609,"Caballero, José",NYY,CHC,2026,CHC,150.45,42.764076703078494
824891,2026-08-02,665953,"Chaparro, Andrés",WSH,ATL,2026,ATL,33.46,21.727553033934605
824648,2026-08-02,665862,"Chisholm Jr., Jazz",NYY,CHC,2026,CHC,60.800000000000004,26.64368737972821
824891,2026-08-02,686611,"Crews, Dylan",WSH,ATL,2026,ATL,52.645,25.17729836765993
824648,2026-08-02,691176,"Domínguez, Jasson",NYY,CHC,2026,CHC,23.485,19.933901238057093
824891,2026-08-02,695670,"Ford, Harry",WSH,ATL,2026,ATL,-27.619999999999997,10.744470157523725
824648,2026-08-02,502671,"Goldschmidt, Paul",NYY,CHC,2026,CHC,105.1,34.60947931530454
824648,2026-08-02,663757,"Grisham, Trent",NYY,CHC,2026,CHC,-36.93,9.070395148038045
824891,2026-08-02,691781,"House, Brady",WSH,ATL,2026,ATL,24.259999999999998,20.07325764325058
824648,2026-08-02,682987,"Jones, Spencer",NYY,CHC,2026,CHC,-14.399999999999997,13.121620708050116
824891,2026-08-02,695734,"Lile, Daylen",WSH,ATL,2026,ATL,118.985,37.10620665222276
824648,2026-08-02,641857,"McMahon, Ryan",NYY,CHC,2026,CHC,77.7811632928,29.6971504410034
824891,2026-08-02,683083,"Nuñez, Nasim",WSH,ATL,2026,ATL,67.42,27.834060802155193
824648,2026-08-02,700250,"Rice, Ben",NYY,CHC,2026,CHC,-49.505,6.809225089575915
824648,2026-08-02,642708,"Rosario, Amed",NYY,CHC,2026,CHC,42.62500000000001,23.375554909545375
824891,2026-08-02,660688,"Ruiz, Keibert",WSH,ATL,2026,ATL,102.625,34.164437892267266
824891,2026-08-02,677588,"Tena, José",WSH,ATL,2026,ATL,-7.064999999999998,14.440561652687864
824891,2026-08-02,678391,"Vivas, Jorbit",WSH,ATL,2026,ATL,143.125,41.44693390560454
824648,2026-08-02,669224,"Wells, Austin",NYY,CHC,2026,CHC,32.864999999999995,21.62056327768928
824891,2026-08-02,695578,"Wood, James",WSH,ATL,2026,ATL,41.39000000000001,23.15348373481768
823431,2026-08-03,682928,"Abrams, CJ",WSH,PHI,2026,PHI,-16.190000000000005,12.799752365732243
823520,2026-08-03,676609,"Caballero, José",NYY,STL,2026,STL,115.85499999999999,36.543386589957436
823431,2026-08-03,665953,"Chaparro, Andrés",WSH,PHI,2026,PHI,42.035000000000004,23.269464226881944
823520,2026-08-03,665862,"Chisholm Jr., Jazz",NYY,STL,2026,STL,63.339999999999996,27.100416759330102
823520,2026-08-03,691176,"Domínguez, Jasson",NYY,STL,2026,STL,16.210000000000004,18.625749176402064
823520,2026-08-03,671277,"García Jr., Luis",NYY,STL,2026,STL,200.75,51.80875693692701
823520,2026-08-03,663757,"Grisham, Trent",NYY,STL,2026,STL,225.945,56.33918871608831
823431,2026-08-03,691781,"House, Brady",WSH,PHI,2026,PHI,64.065,27.230782428704664
823520,2026-08-03,682987,"Jones, Spencer",NYY,STL,2026,STL,13.779999999999994,18.188799415601824
823431,2026-08-03,695734,"Lile, Daylen",WSH,PHI,2026,PHI,141.47500000000002,41.15023962357969
823520,2026-08-03,641857,"McMahon, Ryan",NYY,STL,2026,STL,134.45000000000002,39.887041241019325
823431,2026-08-03,683083,"Nuñez, Nasim",WSH,PHI,2026,PHI,-40.4935502816,8.429616364850911
823431,2026-08-03,694673,"Ortiz, Abimelec",WSH,PHI,2026,PHI,129.895,39.067985207914354
823520,2026-08-03,700250,"Rice, Ben",NYY,STL,2026,STL,53.0,25.24113259197437
823431,2026-08-03,660688,"Ruiz, Keibert",WSH,PHI,2026,PHI,122.39000000000001,37.71847576149223
823431,2026-08-03,677588,"Tena, José",WSH,PHI,2026,PHI,54.80500000000001,25.565698155037918
823431,2026-08-03,678391,"Vivas, Jorbit",WSH,PHI,2026,PHI,52.255,25.107170628272236
823520,2026-08-03,669224,"Wells, Austin",NYY,STL,2026,STL,128.985,38.904353816009746
823431,2026-08-03,695578,"Wood, James",WSH,PHI,2026,PHI,-13.600000000000007,13.26547248115307
823431,2026-08-03,696285,"Young, Jacob",WSH,PHI,2026,PHI,107.75,35.085988313708086
823432,2026-08-04,682928,"Abrams, CJ",WSH,PHI,2026,PHI,82.065,30.46744732352123
823432,2026-08-04,665953,"Chaparro, Andrés",WSH,PHI,2026,PHI,-57.360000000000014,5.39678049242124
823517,2026-08-04,665862,"Chisholm Jr., Jazz",NYY,STL,2026,STL,150.785,42.824314633065356
823432,2026-08-04,686611,"Crews, Dylan",WSH,PHI,2026,PHI,-0.71,15.583284175274493
823432,2026-08-04,695670,"Ford, Harry",WSH,PHI,2026,PHI,141.925,41.2311562459501
823517,2026-08-04,671277,"García Jr., Luis",NYY,STL,2026,STL,82.41499999999999,30.530382474253763
823517,2026-08-04,502671,"Goldschmidt, Paul",NYY,STL,2026,STL,-16.309999999999995,12.778174599766803
823517,2026-08-04,663757,"Grisham, Trent",NYY,STL,2026,STL,58.405,26.213031134001223
823432,2026-08-04,691781,"House, Brady",WSH,PHI,2026,PHI,57.025,25.964886825398626
823517,2026-08-04,682987,"Jones, Spencer",NYY,STL,2026,STL,43.400000000000006,23.51491131473886
823432,2026-08-04,695734,"Lile, Daylen",WSH,PHI,2026,PHI,18.311635846399994,19.003654230053783
823517,2026-08-04,806146,"Lombard Jr., George",NYY,STL,2026,STL,167.105,45.75889080436571
823517,2026-08-04,641857,"McMahon, Ryan",NYY,STL,2026,STL,66.275,27.62817295190158
823432,2026-08-04,683083,"Nuñez, Nasim",WSH,PHI,2026,PHI,52.00500000000001,25.06221694917756
823432,2026-08-04,694673,"Ortiz, Abimelec",WSH,PHI,2026,PHI,26.854999999999997,20.539876832253302
823517,2026-08-04,671218,"Ramos, Heliot",NYY,STL,2026,STL,18.080000000000005,18.96200269603023
823517,2026-08-04,700250,"Rice, Ben",NYY,STL,2026,STL,99.78999999999999,33.654663171333645
823432,2026-08-04,677588,"Tena, José",WSH,PHI,2026,PHI,49.074999999999996,24.53535983018798
823432,2026-08-04,678391,"Vivas, Jorbit",WSH,PHI,2026,PHI,-2.699999999999999,15.225452889680883
823517,2026-08-04,669224,"Wells, Austin",NYY,STL,2026,STL,-31.5174312384,10.04365466478535
823432,2026-08-04,696285,"Young, Jacob",WSH,PHI,2026,PHI,37.58,22.46838966541484
823429,2026-08-05,682928,"Abrams, CJ",WSH,PHI,2026,PHI,263.41474504,63.076800293238044
823429,2026-08-05,665953,"Chaparro, Andrés",WSH,PHI,2026,PHI,207.375,53.00002943293589
823516,2026-08-05,665862,"Chisholm Jr., Jazz",NYY,STL,2026,STL,156.5141530272,43.85450065974149
823429,2026-08-05,686611,"Crews, Dylan",WSH,PHI,2026,PHI,103.1384024192,34.25675520266385
823429,2026-08-05,695670,"Ford, Harry",WSH,PHI,2026,PHI,127.63,38.66070487531661
823516,2026-08-05,671277,"García Jr., Luis",NYY,STL,2026,STL,102.795,34.19500639405164
823516,2026-08-05,502671,"Goldschmidt, Paul",NYY,STL,2026,STL,55.41,25.674486058447027
823516,2026-08-05,663757,"Grisham, Trent",NYY,STL,2026,STL,-32.77000000000001,9.818424368173426
823429,2026-08-05,691781,"House, Brady",WSH,PHI,2026,PHI,156.16063920640002,43.79093367231839
823516,2026-08-05,682987,"Jones, Spencer",NYY,STL,2026,STL,35.208027488000006,22.041874100911496
823429,2026-08-05,695734,"Lile, Daylen",WSH,PHI,2026,PHI,32.533830508799994,21.561014129555872
823516,2026-08-05,806146,"Lombard Jr., George",NYY,STL,2026,STL,28.895000000000003,20.906698853665848
823516,2026-08-05,641857,"McMahon, Ryan",NYY,STL,2026,STL,146.89000000000001,42.12393631277033
823429,2026-08-05,571945,"Mikolas, Miles",WSH,PHI,2026,PHI,40.515,22.99614585798632
823429,2026-08-05,683083,"Nuñez, Nasim",WSH,PHI,2026,PHI,146.625,42.076285412929984
823429,2026-08-05,694673,"Ortiz, Abimelec",WSH,PHI,2026,PHI,63.701509638400005,27.16542151242717
823516,2026-08-05,671218,"Ramos, Heliot",NYY,STL,2026,STL,111.32499999999999,35.72882592476193
823516,2026-08-05,700250,"Rice, Ben",NYY,STL,2026,STL,236.0948843744,58.164287296147634
823429,2026-08-05,660688,"Ruiz, Keibert",WSH,PHI,2026,PHI,116.42,36.6449819047114
823516,2026-08-05,645305,"Sánchez, Ali",NYY,STL,2026,STL,51.26499999999999,24.929154059057325
823429,2026-08-05,677588,"Tena, José",WSH,PHI,2026,PHI,-1.4399999999999977,15.452019432318043
823429,2026-08-05,678391,"Vivas, Jorbit",WSH,PHI,2026,PHI,35.925,22.170796309808093
823516,2026-08-05,669224,"Wells, Austin",NYY,STL,2026,STL,15.905000000000005,18.57090568790656
823429,2026-08-05,696285,"Young, Jacob",WSH,PHI,2026,PHI,214.995,54.37021757174158
823430,2026-08-06,682928,"Abrams, CJ",WSH,PHI,2026,PHI,-27.761314496000008,10.719059731505284
823430,2026-08-06,665953,"Chaparro, Andrés",WSH,PHI,2026,PHI,88.97,31.709067940116135
823430,2026-08-06,686611,"Crews, Dylan",WSH,PHI,2026,PHI,8.944999999999993,17.31939526191082
823430,2026-08-06,695670,"Ford, Harry",WSH,PHI,2026,PHI,70.27499999999999,28.347431817416375
823430,2026-08-06,691781,"House, Brady",WSH,PHI,2026,PHI,57.965,26.1339126587946
823430,2026-08-06,695734,"Lile, Daylen",WSH,PHI,2026,PHI,-13.239999999999991,13.330205779049404
823430,2026-08-06,683083,"Nuñez, Nasim",WSH,PHI,2026,PHI,128.745,38.86119828407886
823430,2026-08-06,694673,"Ortiz, Abimelec",WSH,PHI,2026,PHI,48.885,24.501195034076023
823430,2026-08-06,687605,"Pinckney, Andrew",WSH,PHI,2026,PHI,132.666365424,39.566317495612644
823430,2026-08-06,660688,"Ruiz, Keibert",WSH,PHI,2026,PHI,81.65,30.392824216224067
823430,2026-08-06,677588,"Tena, José",WSH,PHI,2026,PHI,-25.979999999999997,11.039366292384791
823430,2026-08-06,696285,"Young, Jacob",WSH,PHI,2026,PHI,175.53,47.273829789856244
822699,2026-08-07,682928,"Abrams, CJ",WSH,CIN,2026,CIN,74.815,29.163790629775665
823515,2026-08-07,676609,"Caballero, José",NYY,ATL,2026,ATL,-9.851653007999998,13.9394804324085
823515,2026-08-07,665862,"Chisholm Jr., Jazz",NYY,ATL,2026,ATL,-16.879999999999992,12.675680211430942
822699,2026-08-07,686611,"Crews, Dylan",WSH,CIN,2026,CIN,67.47999999999999,27.844849685137913
822699,2026-08-07,695670,"Ford, Harry",WSH,CIN,2026,CIN,139.005,40.706097274124296
823515,2026-08-07,671277,"García Jr., Luis",NYY,ATL,2026,ATL,186.25,49.20144354943589
823515,2026-08-07,502671,"Goldschmidt, Paul",NYY,ATL,2026,ATL,43.195,23.47804929788123
823515,2026-08-07,663757,"Grisham, Trent",NYY,ATL,2026,ATL,-13.329999999999995,13.31402245457532
822699,2026-08-07,691781,"House, Brady",WSH,CIN,2026,CIN,94.8777470336,32.77136779740001
823515,2026-08-07,682987,"Jones, Spencer",NYY,ATL,2026,ATL,77.86500000000001,29.7122255147307
822699,2026-08-07,695734,"Lile, Daylen",WSH,CIN,2026,CIN,159.29000000000002,44.353638795866196
823515,2026-08-07,806146,"Lombard Jr., George",NYY,ATL,2026,ATL,115.95000000000002,36.56046898801341
823515,2026-08-07,641857,"McMahon, Ryan",NYY,ATL,2026,ATL,226.62655521599999,56.461742373949775
822699,2026-08-07,683083,"Nuñez, Nasim",WSH,CIN,2026,CIN,5.425000000000004,16.686447460257803
822699,2026-08-07,694673,"Ortiz, Abimelec",WSH,CIN,2026,CIN,49.09499999999999,24.538956124515547
823515,2026-08-07,671218,"Ramos, Heliot",NYY,ATL,2026,ATL,195.505,50.86562874952074
823515,2026-08-07,700250,"Rice, Ben",NYY,ATL,2026,ATL,13.1800631168,18.080921935104097
823515,2026-08-07,642708,"Rosario, Amed",NYY,ATL,2026,ATL,131.34,39.32781747308157
822699,2026-08-07,677588,"Tena, José",WSH,CIN,2026,CIN,139.465,40.788812043658496
823515,2026-08-07,669224,"Wells, Austin",NYY,ATL,2026,ATL,37.43826026879999,22.442902775849518
822699,2026-08-07,696285,"Young, Jacob",WSH,CIN,2026,CIN,20.504231225599998,19.397915146297876
822701,2026-08-08,682928,"Abrams, CJ",WSH,CIN,2026,CIN,187.48499999999999,49.423514724163574
823514,2026-08-08,676609,"Caballero, José",NYY,ATL,2026,ATL,148.6802046432,42.44584145294717
822701,2026-08-08,665953,"Chaparro, Andrés",WSH,CIN,2026,CIN,161.055,44.671011770274596
822701,2026-08-08,686611,"Crews, Dylan",WSH,CIN,2026,CIN,130.93,39.25409343936631
823514,2026-08-08,502671,"Goldschmidt, Paul",NYY,ATL,2026,ATL,128.815,38.873785314225366
823514,2026-08-08,663757,"Grisham, Trent",NYY,ATL,2026,ATL,52.55,25.16021596960395
823514,2026-08-08,682987,"Jones, Spencer",NYY,ATL,2026,ATL,271.78500840960004,64.58189682705768
822701,2026-08-08,695734,"Lile, Daylen",WSH,CIN,2026,CIN,101.89999999999999,34.0340722228927
823514,2026-08-08,806146,"Lombard Jr., George",NYY,ATL,2026,ATL,231.625,57.36053630511931
823514,2026-08-08,641857,"McMahon, Ryan",NYY,ATL,2026,ATL,8.869999999999997,17.305909158182416
822701,2026-08-08,683083,"Nuñez, Nasim",WSH,CIN,2026,CIN,169.645,46.2156201839676
822701,2026-08-08,694673,"Ortiz, Abimelec",WSH,CIN,2026,CIN,151.9923978656,43.04142253782447
823514,2026-08-08,671218,"Ramos, Heliot",NYY,ATL,2026,ATL,46.4301659648,24.059779748279762
823514,2026-08-08,700250,"Rice, Ben",NYY,ATL,2026,ATL,74.76499999999999,29.154799893956728
823514,2026-08-08,642708,"Rosario, Amed",NYY,ATL,2026,ATL,-3.6399999999999926,15.056427056284907
822701,2026-08-08,660688,"Ruiz, Keibert",WSH,CIN,2026,CIN,75.13500000000002,29.22133133901685
822701,2026-08-08,677588,"Tena, José",WSH,CIN,2026,CIN,35.894999999999996,22.165401868316735
822701,2026-08-08,678391,"Vivas, Jorbit",WSH,CIN,2026,CIN,135.125,40.008416174574954
823514,2026-08-08,669224,"Wells, Austin",NYY,ATL,2026,ATL,112.39499999999998,35.921227671287134
822701,2026-08-08,696285,"Young, Jacob",WSH,CIN,2026,CIN,105.6,34.69938667349388
822700,2026-08-09,682928,"Abrams, CJ",WSH,CIN,2026,CIN,91.5023675712,32.16442489669808
822700,2026-08-09,665953,"Chaparro, Andrés",WSH,CIN,2026,CIN,163.32500000000002,45.07919117645424
823513,2026-08-09,665862,"Chisholm Jr., Jazz",NYY,ATL,2026,ATL,58.03,26.145600615359214
822700,2026-08-09,686611,"Crews, Dylan",WSH,CIN,2026,CIN,38.45499999999999,22.625727542246203
823513,2026-08-09,671277,"García Jr., Luis",NYY,ATL,2026,ATL,33.400000000000006,21.716764150951885
823513,2026-08-09,663757,"Grisham, Trent",NYY,ATL,2026,ATL,184.905,48.95959275590654
822700,2026-08-09,691781,"House, Brady",WSH,CIN,2026,CIN,60.015,26.502532827370935
823513,2026-08-09,682987,"Jones, Spencer",NYY,ATL,2026,ATL,29.785000000000004,21.06673395124289
822700,2026-08-09,695734,"Lile, Daylen",WSH,CIN,2026,CIN,147.58499999999998,42.248907540653526
823513,2026-08-09,806146,"Lombard Jr., George",NYY,ATL,2026,ATL,33.915,21.809368729886913
823513,2026-08-09,641857,"McMahon, Ryan",NYY,ATL,2026,ATL,62.715,26.988032561593418
822700,2026-08-09,683083,"Nuñez, Nasim",WSH,CIN,2026,CIN,82.225,30.49621767814181
822700,2026-08-09,694673,"Ortiz, Abimelec",WSH,CIN,2026,CIN,135.97500000000002,40.16125868349685
823513,2026-08-09,671218,"Ramos, Heliot",NYY,ATL,2026,ATL,19.880000000000006,19.285669185511885
823513,2026-08-09,700250,"Rice, Ben",NYY,ATL,2026,ATL,23.755000000000003,19.98245121147934
822700,2026-08-09,660688,"Ruiz, Keibert",WSH,CIN,2026,CIN,169.055,46.10952950130418
822700,2026-08-09,677588,"Tena, José",WSH,CIN,2026,CIN,19.580000000000002,19.231724770598273
822700,2026-08-09,678391,"Vivas, Jorbit",WSH,CIN,2026,CIN,66.155,27.60659518593614
823513,2026-08-09,669224,"Wells, Austin",NYY,ATL,2026,ATL,18.365000000000002,19.013249890198157
822700,2026-08-09,696285,"Young, Jacob",WSH,CIN,2026,CIN,89.9,31.876295626348323
822697,2026-08-11,682928,"Abrams, CJ",WSH,CHC,2026,CHC,209.047243968,53.300723507757795
822697,2026-08-11,665953,"Chaparro, Andrés",WSH,CHC,2026,CHC,27.850000000000005,20.718792475050112
823512,2026-08-11,665862,"Chisholm Jr., Jazz",NYY,SEA,2026,SEA,210.53,53.56734486311068
822697,2026-08-11,686611,"Crews, Dylan",WSH,CHC,2026,CHC,96.3320028736,33.03286439881168
822697,2026-08-11,695670,"Ford, Harry",WSH,CHC,2026,CHC,60.305,26.554679095120754
823512,2026-08-11,671277,"García Jr., Luis",NYY,SEA,2026,SEA,206.61,52.86247117490619
823512,2026-08-11,663757,"Grisham, Trent",NYY,SEA,2026,SEA,142.9,41.40647559441932
822697,2026-08-11,691781,"House, Brady",WSH,CHC,2026,CHC,186.87841422079998,49.314441674317386
823512,2026-08-11,682987,"Jones, Spencer",NYY,SEA,2026,SEA,96.34,33.03430239982714
822697,2026-08-11,695734,"Lile, Daylen",WSH,CHC,2026,CHC,51.54,24.978603106061467
823512,2026-08-11,806146,"Lombard Jr., George",NYY,SEA,2026,SEA,215.875,54.528454522154824
823512,2026-08-11,641857,"McMahon, Ryan",NYY,SEA,2026,SEA,82.955,30.627482421098268
822697,2026-08-11,683083,"Nuñez, Nasim",WSH,CHC,2026,CHC,49.855,24.675615308963362
822697,2026-08-11,694673,"Ortiz, Abimelec",WSH,CHC,2026,CHC,51.589999999999996,24.987593841880397
822697,2026-08-11,687605,"Pinckney, Andrew",WSH,CHC,2026,CHC,-12.281397004800004,13.502576704751062
823512,2026-08-11,671218,"Ramos, Heliot",NYY,SEA,2026,SEA,56.48500000000001,25.867786878554128
823512,2026-08-11,700250,"Rice, Ben",NYY,SEA,2026,SEA,73.74,28.970489809668564
822697,2026-08-11,677588,"Tena, José",WSH,CHC,2026,CHC,43.81999999999999,23.59043349561792
822697,2026-08-11,678391,"Vivas, Jorbit",WSH,CHC,2026,CHC,37.36000000000001,22.428830427811526
823512,2026-08-11,669224,"Wells, Austin",NYY,SEA,2026,SEA,123.275,37.877611785487375
822697,2026-08-11,696285,"Young, Jacob",WSH,CHC,2026,CHC,130.515,39.17947033206915
822698,2026-08-12,682928,"Abrams, CJ",WSH,CHC,2026,CHC,92.89,32.413941628320636
822698,2026-08-12,665953,"Chaparro, Andrés",WSH,CHC,2026,CHC,-6.925000000000001,14.465735712980882
823511,2026-08-12,665862,"Chisholm Jr., Jazz",NYY,SEA,2026,SEA,160.88,44.63954419490832
822698,2026-08-12,686611,"Crews, Dylan",WSH,CHC,2026,CHC,43.42999999999999,23.520305756230222
822698,2026-08-12,695670,"Ford, Harry",WSH,CHC,2026,CHC,173.325,46.87733834024122
823511,2026-08-12,671277,"García Jr., Luis",NYY,SEA,2026,SEA,21.405,19.5598866279894
823511,2026-08-12,663757,"Grisham, Trent",NYY,SEA,2026,SEA,261.68,62.76486760588109
822698,2026-08-12,691781,"House, Brady",WSH,CHC,2026,CHC,-8.204999999999998,14.235572876016148
823511,2026-08-12,682987,"Jones, Spencer",NYY,SEA,2026,SEA,265.875,63.519190341089725
822698,2026-08-12,695734,"Lile, Daylen",WSH,CHC,2026,CHC,135.035,39.99223285010086
823511,2026-08-12,806146,"Lombard Jr., George",NYY,SEA,2026,SEA,40.58,23.007833814550935
823511,2026-08-12,641857,"McMahon, Ryan",NYY,SEA,2026,SEA,107.71489185920001,35.07967535332755
822698,2026-08-12,683083,"Nuñez, Nasim",WSH,CHC,2026,CHC,91.605,32.18287971777401
822698,2026-08-12,694673,"Ortiz, Abimelec",WSH,CHC,2026,CHC,95.11999999999999,32.814928445845126
822698,2026-08-12,687605,"Pinckney, Andrew",WSH,CHC,2026,CHC,93.155,32.461592528160985
823511,2026-08-12,671218,"Ramos, Heliot",NYY,SEA,2026,SEA,9.570000000000007,17.431779459647508
823511,2026-08-12,700250,"Rice, Ben",NYY,SEA,2026,SEA,181.465,48.34103013156382
823511,2026-08-12,642708,"Rosario, Amed",NYY,SEA,2026,SEA,1.8399999999999972,16.04181170204017
823511,2026-08-12,645305,"Sánchez, Ali",NYY,SEA,2026,SEA,-19.045,12.28638135047106
822698,2026-08-12,677588,"Tena, José",WSH,CHC,2026,CHC,183.43,48.69436604924797
823511,2026-08-12,669224,"Wells, Austin",NYY,SEA,2026,SEA,64.82499999999999,27.367441613152472
822698,2026-08-12,696285,"Young, Jacob",WSH,CHC,2026,CHC,153.27,43.27115420326643
822696,2026-08-13,682928,"Abrams, CJ",WSH,CHC,2026,CHC,-20.060000000000002,12.103869413346683
823508,2026-08-13,676609,"Caballero, José",NYY,SEA,2026,SEA,62.809999999999995,27.00511495964939
822696,2026-08-13,665953,"Chaparro, Andrés",WSH,CHC,2026,CHC,22.390000000000004,19.737004123622416
823508,2026-08-13,665862,"Chisholm Jr., Jazz",NYY,SEA,2026,SEA,-19.6270250272,12.181724685279791
822696,2026-08-13,686611,"Crews, Dylan",WSH,CHC,2026,CHC,47.8047670368,24.306953250175297
823508,2026-08-13,671277,"García Jr., Luis",NYY,SEA,2026,SEA,103.92999999999999,34.39909609714146
823508,2026-08-13,663757,"Grisham, Trent",NYY,SEA,2026,SEA,13.845000000000002,18.200487372166442
822696,2026-08-13,691781,"House, Brady",WSH,CHC,2026,CHC,49.21499999999999,24.560533890480993
823508,2026-08-13,682987,"Jones, Spencer",NYY,SEA,2026,SEA,-39.525000000000006,8.603775959035323
822696,2026-08-13,695734,"Lile, Daylen",WSH,CHC,2026,CHC,117.0,36.749274440211046
823508,2026-08-13,806146,"Lombard Jr., George",NYY,SEA,2026,SEA,-6.7900000000000045,14.490010699692006
823508,2026-08-13,641857,"McMahon, Ryan",NYY,SEA,2026,SEA,79.925,30.08264383047081
822696,2026-08-13,694673,"Ortiz, Abimelec",WSH,CHC,2026,CHC,183.21999999999997,48.65660495880843
822696,2026-08-13,687605,"Pinckney, Andrew",WSH,CHC,2026,CHC,45.260000000000005,23.849366687203243
823508,2026-08-13,671218,"Ramos, Heliot",NYY,SEA,2026,SEA,54.755,25.55670741921898
823508,2026-08-13,700250,"Rice, Ben",NYY,SEA,2026,SEA,24.915000000000006,20.19103628247863
823508,2026-08-13,642708,"Rosario, Amed",NYY,SEA,2026,SEA,34.2,21.86061592405484
822696,2026-08-13,660688,"Ruiz, Keibert",WSH,CHC,2026,CHC,33.495,21.733846549007858
823508,2026-08-13,645305,"Sánchez, Ali",NYY,SEA,2026,SEA,21.115,19.507740360239577
822696,2026-08-13,678391,"Vivas, Jorbit",WSH,CHC,2026,CHC,42.264069248,23.310654248742146
823591,2026-08-14,682928,"Abrams, CJ",WSH,NYM,2026,NYM,96.63499999999999,33.08734774115886
822777,2026-08-14,665862,"Chisholm Jr., Jazz",NYY,TOR,2026,TOR,74.245,29.06129624143981
823591,2026-08-14,686611,"Crews, Dylan",WSH,NYM,2026,NYM,36.11,22.204062032338154
822777,2026-08-14,671277,"García Jr., Luis",NYY,TOR,2026,TOR,-12.135995398399995,13.528722053366884
822777,2026-08-14,663757,"Grisham, Trent",NYY,TOR,2026,TOR,117.605,36.858062343620155
823591,2026-08-14,691781,"House, Brady",WSH,NYM,2026,NYM,153.75,43.357465267128205
822777,2026-08-14,682987,"Jones, Spencer",NYY,TOR,2026,TOR,63.96750272,27.213250982953763
823591,2026-08-14,695734,"Lile, Daylen",WSH,NYM,2026,NYM,60.72,26.629302202417914
822777,2026-08-14,806146,"Lombard Jr., George",NYY,TOR,2026,TOR,8.880000000000003,17.307707305346206
822777,2026-08-14,641857,"McMahon, Ryan",NYY,TOR,2026,TOR,64.795,27.362047171661107
823591,2026-08-14,683083,"Nuñez, Nasim",WSH,NYM,2026,NYM,27.515000000000004,20.658554545063247
823591,2026-08-14,694673,"Ortiz, Abimelec",WSH,NYM,2026,NYM,85.34,31.05634051966146
822777,2026-08-14,671218,"Ramos, Heliot",NYY,TOR,2026,TOR,40.95,23.074365259611053
822777,2026-08-14,700250,"Rice, Ben",NYY,TOR,2026,TOR,28.490000000000006,20.833873893532477
823591,2026-08-14,660688,"Ruiz, Keibert",WSH,NYM,2026,NYM,89.73,31.84572712456395
823591,2026-08-14,677588,"Tena, José",WSH,NYM,2026,NYM,3.2099999999999973,16.288157863478986
823591,2026-08-14,678391,"Vivas, Jorbit",WSH,NYM,2026,NYM,55.7856102176,25.74202630319371
822777,2026-08-14,669224,"Wells, Austin",NYY,TOR,2026,TOR,56.58,25.884869276610107
823591,2026-08-14,696285,"Young, Jacob",WSH,NYM,2026,NYM,42.175,23.29463828717496
823588,2026-08-15,682928,"Abrams, CJ",WSH,NYM,2026,NYM,-3.8800000000000114,15.013271524354016
823588,2026-08-15,665953,"Chaparro, Andrés",WSH,NYM,2026,NYM,92.81604785280001,32.40064394394627
822775,2026-08-15,665862,"Chisholm Jr., Jazz",NYY,TOR,2026,TOR,15.964999999999996,18.58169457088928
823588,2026-08-15,686611,"Crews, Dylan",WSH,NYM,2026,NYM,-28.99000000000001,10.498123996084907
823588,2026-08-15,695670,"Ford, Harry",WSH,NYM,2026,NYM,65.92,27.564338727587145
822775,2026-08-15,671277,"García Jr., Luis",NYY,TOR,2026,TOR,39.635000000000005,22.837908907573066
822775,2026-08-15,663757,"Grisham, Trent",NYY,TOR,2026,TOR,55.7685437472,25.738957500659154
823588,2026-08-15,691781,"House, Brady",WSH,NYM,2026,NYM,124.15588057280002,38.036007075848914
822775,2026-08-15,682987,"Jones, Spencer",NYY,TOR,2026,TOR,54.47,25.505460225051053
823588,2026-08-15,695734,"Lile, Daylen",WSH,NYM,2026,NYM,-12.919999999999998,13.387746488290587
822775,2026-08-15,806146,"Lombard Jr., George",NYY,TOR,2026,TOR,90.24000000000001,31.93743262991709
822775,2026-08-15,641857,"McMahon, Ryan",NYY,TOR,2026,TOR,-4.854999999999999,14.837952175884785
823588,2026-08-15,683083,"Nuñez, Nasim",WSH,NYM,2026,NYM,58.205000000000005,26.17706819072549
823588,2026-08-15,694673,"Ortiz, Abimelec",WSH,NYM,2026,NYM,43.77,23.581442759798982
823588,2026-08-15,687605,"Pinckney, Andrew",WSH,NYM,2026,NYM,57.230000000000004,26.001748842256262
822775,2026-08-15,671218,"Ramos, Heliot",NYY,TOR,2026,TOR,15.295000000000005,18.461218710915553
822775,2026-08-15,700250,"Rice, Ben",NYY,TOR,2026,TOR,-16.14,12.80874310155118
822775,2026-08-15,669224,"Wells, Austin",NYY,TOR,2026,TOR,20.535000000000004,19.403447824739935
823588,2026-08-15,696285,"Young, Jacob",WSH,NYM,2026,NYM,72.995,28.836527845966437
823590,2026-08-16,682928,"Abrams, CJ",WSH,NYM,2026,NYM,18.245000000000008,18.991672124232714
822774,2026-08-16,676609,"Caballero, José",NYY,TOR,2026,TOR,183.88,48.77528267161838
823590,2026-08-16,665953,"Chaparro, Andrés",WSH,NYM,2026,NYM,26.50250044160001,20.476492224135992
822774,2026-08-16,665862,"Chisholm Jr., Jazz",NYY,TOR,2026,TOR,44.855,23.77654172706987
823590,2026-08-16,686611,"Crews, Dylan",WSH,NYM,2026,NYM,8.925000000000008,17.315798967583248
823590,2026-08-16,695670,"Ford, Harry",WSH,NYM,2026,NYM,2.470000000000006,16.155094973358754
822774,2026-08-16,671277,"García Jr., Luis",NYY,TOR,2026,TOR,103.0,34.23186841090927
822774,2026-08-16,502671,"Goldschmidt, Paul",NYY,TOR,2026,TOR,37.0,22.364097129915198
822774,2026-08-16,663757,"Grisham, Trent",NYY,TOR,2026,TOR,30.80499999999999,21.25014496194916
823590,2026-08-16,691781,"House, Brady",WSH,NYM,2026,NYM,55.169999999999995,25.631330526516145
822774,2026-08-16,682987,"Jones, Spencer",NYY,TOR,2026,TOR,-17.819999999999993,12.506654378034968
823590,2026-08-16,695734,"Lile, Daylen",WSH,NYM,2026,NYM,64.44500000000001,27.29911202092857
822774,2026-08-16,806146,"Lombard Jr., George",NYY,TOR,2026,TOR,124.64,38.1230588733443
822774,2026-08-16,641857,"McMahon, Ryan",NYY,TOR,2026,TOR,-23.830000000000005,11.425967932598988
823590,2026-08-16,694673,"Ortiz, Abimelec",WSH,NYM,2026,NYM,130.78,39.2271212319095
822774,2026-08-16,671218,"Ramos, Heliot",NYY,TOR,2026,TOR,164.6543437152,45.31822673957273
822774,2026-08-16,700250,"Rice, Ben",NYY,TOR,2026,TOR,104.46500000000002,34.49529697040406
822774,2026-08-16,642708,"Rosario, Amed",NYY,TOR,2026,TOR,54.834999999999994,25.571092596529276
823590,2026-08-16,660688,"Ruiz, Keibert",WSH,NYM,2026,NYM,79.83,30.06556143241483
822774,2026-08-16,645305,"Sánchez, Ali",NYY,TOR,2026,TOR,34.825,21.97300012179153
823590,2026-08-16,677588,"Tena, José",WSH,NYM,2026,NYM,-5.100000000000001,14.793897570372005
823590,2026-08-16,678391,"Vivas, Jorbit",WSH,NYM,2026,NYM,71.2938431424,28.530634808101407
822774,2026-08-16,669224,"Wells, Austin",NYY,TOR,2026,TOR,16.660000000000004,18.70666579877248
823590,2026-08-16,696285,"Young, Jacob",WSH,NYM,2026,NYM,18.215000000000003,18.986277682741353
822859,2026-08-18,682928,"Abrams, CJ",WSH,TEX,2026,TEX,94.31,32.669278525578385
824803,2026-08-18,676609,"Caballero, José",NYY,BAL,2026,BAL,-8.075000000000001,14.258948789145379
822859,2026-08-18,665953,"Chaparro, Andrés",WSH,TEX,2026,TEX,99.82500000000002,33.660956686406905
824803,2026-08-18,665862,"Chisholm Jr., Jazz",NYY,BAL,2026,BAL,-25.885,11.056448690440766
822859,2026-08-18,686611,"Crews, Dylan",WSH,TEX,2026,TEX,92.67,32.37438239071732
822859,2026-08-18,695670,"Ford, Harry",WSH,TEX,2026,TEX,63.44499999999999,27.119297304549868
824803,2026-08-18,671277,"García Jr., Luis",NYY,BAL,2026,BAL,31.359738201600017,21.349895054334297
824803,2026-08-18,502671,"Goldschmidt, Paul",NYY,BAL,2026,BAL,75.42999999999999,29.274376680348563
824803,2026-08-18,663757,"Grisham, Trent",NYY,BAL,2026,BAL,217.69000000000003,54.854818232382165
822859,2026-08-18,691781,"House, Brady",WSH,TEX,2026,TEX,-7.644999999999996,14.33626911718822
824803,2026-08-18,682987,"Jones, Spencer",NYY,BAL,2026,BAL,66.4659453216,27.662507730748924
822859,2026-08-18,695734,"Lile, Daylen",WSH,TEX,2026,TEX,-3.9350000000000023,15.00338171495319
824803,2026-08-18,806146,"Lombard Jr., George",NYY,BAL,2026,BAL,104.38000000000001,34.480012719511876
824803,2026-08-18,641857,"McMahon, Ryan",NYY,BAL,2026,BAL,45.040000000000006,23.80980744959993
822859,2026-08-18,683083,"Nuñez, Nasim",WSH,TEX,2026,TEX,61.61000000000001,26.78933729999496
822859,2026-08-18,694673,"Ortiz, Abimelec",WSH,TEX,2026,TEX,-1.732185375999999,15.399480201802598
822859,2026-08-18,687605,"Pinckney, Andrew",WSH,TEX,2026,TEX,14.535000000000002,18.324559526467745
824803,2026-08-18,671218,"Ramos, Heliot",NYY,BAL,2026,BAL,135.05,39.99493007084655
824803,2026-08-18,700250,"Rice, Ben",NYY,BAL,2026,BAL,55.8498196512,25.75357210428534
824803,2026-08-18,642708,"Rosario, Amed",NYY,BAL,2026,BAL,8.854999999999999,17.30321193743674
824803,2026-08-18,645305,"Sánchez, Ali",NYY,BAL,2026,BAL,20.64,19.422328369959697
822859,2026-08-18,677588,"Tena, José",WSH,TEX,2026,TEX,-3.339999999999998,15.110371471198514
822859,2026-08-18,678391,"Vivas, Jorbit",WSH,TEX,2026,TEX,28.705000000000002,20.872534057553896
824803,2026-08-18,669224,"Wells, Austin",NYY,BAL,2026,BAL,19.055,19.13732204449946
822859,2026-08-18,696285,"Young, Jacob",WSH,TEX,2026,TEX,-14.579999999999998,13.089254059101949
822860,2026-08-19,682928,"Abrams, CJ",WSH,TEX,2026,TEX,34.08000000000001,21.839038158089398
824801,2026-08-19,676609,"Caballero, José",NYY,BAL,2026,BAL,30.275,21.15484316226845
822860,2026-08-19,665953,"Chaparro, Andrés",WSH,TEX,2026,TEX,240.57999999999998,58.97077709029056
824801,2026-08-19,665862,"Chisholm Jr., Jazz",NYY,BAL,2026,BAL,106.52,34.86481621256229
822860,2026-08-19,686611,"Crews, Dylan",WSH,TEX,2026,TEX,15.645000000000001,18.524153861648095
824801,2026-08-19,671277,"García Jr., Luis",NYY,BAL,2026,BAL,94.82,32.760984030931525
824801,2026-08-19,663757,"Grisham, Trent",NYY,BAL,2026,BAL,105.83,34.74074405826099
822860,2026-08-19,691781,"House, Brady",WSH,TEX,2026,TEX,8.214999999999998,17.188130518954374
824801,2026-08-19,682987,"Jones, Spencer",NYY,BAL,2026,BAL,74.54629264,29.1154730920484
822860,2026-08-19,695734,"Lile, Daylen",WSH,TEX,2026,TEX,62.17166216960001,26.890332423722224
824801,2026-08-19,806146,"Lombard Jr., George",NYY,BAL,2026,BAL,82.92500000000001,30.62208797960691
824801,2026-08-19,641857,"McMahon, Ryan",NYY,BAL,2026,BAL,33.714999999999996,21.77340578661117
822860,2026-08-19,683083,"Nuñez, Nasim",WSH,TEX,2026,TEX,164.59,45.30665679267328
822860,2026-08-19,694673,"Ortiz, Abimelec",WSH,TEX,2026,TEX,86.89500000000001,31.335952403630333
824801,2026-08-19,671218,"Ramos, Heliot",NYY,BAL,2026,BAL,47.57,24.264738682038036
824801,2026-08-19,700250,"Rice, Ben",NYY,BAL,2026,BAL,161.905,44.82385427919648
822860,2026-08-19,660688,"Ruiz, Keibert",WSH,TEX,2026,TEX,122.985,37.825465517737555
822860,2026-08-19,677588,"Tena, José",WSH,TEX,2026,TEX,237.595,58.43403016190014
822860,2026-08-19,678391,"Vivas, Jorbit",WSH,TEX,2026,TEX,28.364999999999995,20.811397053985136
824801,2026-08-19,669224,"Wells, Austin",NYY,BAL,2026,BAL,60.669999999999995,26.620311466598977
822860,2026-08-19,696285,"Young, Jacob",WSH,TEX,2026,TEX,32.535,21.561224421284308
824802,2026-08-20,676609,"Caballero, José",NYY,BAL,2026,BAL,72.045,28.665703865406673
822861,2026-08-20,665953,"Chaparro, Andrés",WSH,TEX,2026,TEX,-10.3696691936,13.846333498915259
824802,2026-08-20,665862,"Chisholm Jr., Jazz",NYY,BAL,2026,BAL,114.91000000000001,36.37346168297957
822861,2026-08-20,686611,"Crews, Dylan",WSH,TEX,2026,TEX,46.300000000000004,24.03637399223709
822861,2026-08-20,695670,"Ford, Harry",WSH,TEX,2026,TEX,61.17999999999999,26.712016971952114
824802,2026-08-20,671277,"García Jr., Luis",NYY,BAL,2026,BAL,188.76,49.65277848754642
824802,2026-08-20,663757,"Grisham, Trent",NYY,BAL,2026,BAL,78.53,29.83180230112253
822861,2026-08-20,691781,"House, Brady",WSH,TEX,2026,TEX,151.225,42.90343310827198
824802,2026-08-20,682987,"Jones, Spencer",NYY,BAL,2026,BAL,273.03,64.8057646367793
822861,2026-08-20,695734,"Lile, Daylen",WSH,TEX,2026,TEX,-9.70500000000001,13.965850801448099
824802,2026-08-20,806146,"Lombard Jr., George",NYY,BAL,2026,BAL,-12.354999999999993,13.489341803044553
822861,2026-08-20,683083,"Nuñez, Nasim",WSH,TEX,2026,TEX,58.05500000000001,26.150095983268688
822861,2026-08-20,694673,"Ortiz, Abimelec",WSH,TEX,2026,TEX,-46.3267169856,7.380727148381486
822861,2026-08-20,687605,"Pinckney, Andrew",WSH,TEX,2026,TEX,-15.030000000000005,13.008337436731535
824802,2026-08-20,671218,"Ramos, Heliot",NYY,BAL,2026,BAL,74.70999999999998,29.144910084555903
824802,2026-08-20,700250,"Rice, Ben",NYY,BAL,2026,BAL,154.719052384,43.53171514671327
822861,2026-08-20,660688,"Ruiz, Keibert",WSH,TEX,2026,TEX,6.131006246399998,16.813397773215808
822861,2026-08-20,677588,"Tena, José",WSH,TEX,2026,TEX,18.9557446528,19.11947447239362
822861,2026-08-20,678391,"Vivas, Jorbit",WSH,TEX,2026,TEX,13.495000000000001,18.137552221433896
824802,2026-08-20,669224,"Wells, Austin",NYY,BAL,2026,BAL,87.42500000000001,31.431254203311056
823510,2026-08-21,676609,"Caballero, José",NYY,TOR,2026,TOR,56.12999999999999,25.803952654239687
823830,2026-08-21,665953,"Chaparro, Andrés",WSH,MIA,2026,MIA,121.62543617280001,37.58099593375085
823510,2026-08-21,665862,"Chisholm Jr., Jazz",NYY,TOR,2026,TOR,27.229999999999993,20.60730735089531
823830,2026-08-21,686611,"Crews, Dylan",WSH,MIA,2026,MIA,30.224999999999998,21.145852426449515
823510,2026-08-21,671277,"García Jr., Luis",NYY,TOR,2026,TOR,-17.82,12.506654378034964
823510,2026-08-21,502671,"Goldschmidt, Paul",NYY,TOR,2026,TOR,13.851106127999994,18.201585343840936
823510,2026-08-21,663757,"Grisham, Trent",NYY,TOR,2026,TOR,100.64,33.807505680255545
823830,2026-08-21,691781,"House, Brady",WSH,MIA,2026,MIA,27.25000000000001,20.61090364522289
823510,2026-08-21,682987,"Jones, Spencer",NYY,TOR,2026,TOR,95.86999999999998,32.94978948312915
823830,2026-08-21,695734,"Lile, Daylen",WSH,MIA,2026,MIA,265.53999999999996,63.45895241110286
823510,2026-08-21,806146,"Lombard Jr., George",NYY,TOR,2026,TOR,88.79499999999999,31.677600364749857
823830,2026-08-21,683083,"Nuñez, Nasim",WSH,MIA,2026,MIA,103.75999999999999,34.36852759535709
823830,2026-08-21,694673,"Ortiz, Abimelec",WSH,MIA,2026,MIA,88.1156013024,31.55543448063286
823510,2026-08-21,671218,"Ramos, Heliot",NYY,TOR,2026,TOR,54.839999999999996,25.571991670111167
823510,2026-08-21,700250,"Rice, Ben",NYY,TOR,2026,TOR,103.98500000000001,34.40898590654229
823510,2026-08-21,642708,"Rosario, Amed",NYY,TOR,2026,TOR,36.17,22.214850915320877
823830,2026-08-21,660688,"Ruiz, Keibert",WSH,MIA,2026,MIA,119.675,37.23027880652406
823510,2026-08-21,645305,"Sánchez, Ali",NYY,TOR,2026,TOR,-11.903581756799996,13.57051344641373
823830,2026-08-21,677588,"Tena, José",WSH,MIA,2026,MIA,-0.8449999999999989,15.559009188563365
823830,2026-08-21,678391,"Vivas, Jorbit",WSH,MIA,2026,MIA,-35.269999999999996,9.368887577226685
823510,2026-08-21,669224,"Wells, Austin",NYY,TOR,2026,TOR,10.720000000000002,17.63856638348301
823830,2026-08-21,696285,"Young, Jacob",WSH,MIA,2026,MIA,201.93,52.02093830225388
823509,2026-08-22,676609,"Caballero, José",NYY,TOR,2026,TOR,26.534521084799998,20.482250007011263
823509,2026-08-22,665862,"Chisholm Jr., Jazz",NYY,TOR,2026,TOR,117.2,36.78523738348679
823831,2026-08-22,686611,"Crews, Dylan",WSH,MIA,2026,MIA,142.93284576000002,41.412381745437976
823831,2026-08-22,695670,"Ford, Harry",WSH,MIA,2026,MIA,50.83,24.850934657432592
823509,2026-08-22,671277,"García Jr., Luis",NYY,TOR,2026,TOR,163.865,45.17629112329873
823509,2026-08-22,663757,"Grisham, Trent",NYY,TOR,2026,TOR,181.17000000000002,48.28798479023211
823831,2026-08-22,691781,"House, Brady",WSH,MIA,2026,MIA,80.845,30.248073369539213
823509,2026-08-22,682987,"Jones, Spencer",NYY,TOR,2026,TOR,35.1629763776,22.03377324827237
823831,2026-08-22,695734,"Lile, Daylen",WSH,MIA,2026,MIA,44.430000000000014,23.700120472608926
823509,2026-08-22,806146,"Lombard Jr., George",NYY,TOR,2026,TOR,53.55,25.34003068598265
823831,2026-08-22,683083,"Nuñez, Nasim",WSH,MIA,2026,MIA,85.905,31.157935834415422
823831,2026-08-22,694673,"Ortiz, Abimelec",WSH,MIA,2026,MIA,93.415,32.50834435441945
823831,2026-08-22,687605,"Pinckney, Andrew",WSH,MIA,2026,MIA,54.20000000000001,25.456910251628805
823509,2026-08-22,671218,"Ramos, Heliot",NYY,TOR,2026,TOR,-5.67,14.691403182036147
823509,2026-08-22,700250,"Rice, Ben",NYY,TOR,2026,TOR,33.3318020384,21.704501153829174
823831,2026-08-22,677588,"Tena, José",WSH,MIA,2026,MIA,194.67000000000002,50.71548346134453
823831,2026-08-22,678391,"Vivas, Jorbit",WSH,MIA,2026,MIA,19.045,19.13552389733567
823509,2026-08-22,669224,"Wells, Austin",NYY,TOR,2026,TOR,211.145,53.67793091368358
823831,2026-08-22,696285,"Young, Jacob",WSH,MIA,2026,MIA,6.040000000000003,16.7970335108307
823507,2026-08-23,641355,"Bellinger, Cody",NYY,TOR,2026,TOR,62.84,27.01050940114075
823507,2026-08-23,676609,"Caballero, José",NYY,TOR,2026,TOR,22.919999999999995,19.832305923303128
823827,2026-08-23,665953,"Chaparro, Andrés",WSH,MIA,2026,MIA,90.89999999999999,32.056110342727024
823507,2026-08-23,665862,"Chisholm Jr., Jazz",NYY,TOR,2026,TOR,206.47,52.83729711461316
823827,2026-08-23,686611,"Crews, Dylan",WSH,MIA,2026,MIA,91.01499999999999,32.07678903511058
823507,2026-08-23,671277,"García Jr., Luis",NYY,TOR,2026,TOR,121.695,37.593504533609035
823507,2026-08-23,663757,"Grisham, Trent",NYY,TOR,2026,TOR,202.21500000000003,52.07218549642181
823507,2026-08-23,682987,"Jones, Spencer",NYY,TOR,2026,TOR,175.635,47.29271033507601
823827,2026-08-23,695734,"Lile, Daylen",WSH,MIA,2026,MIA,214.245,54.235356534457544
823507,2026-08-23,806146,"Lombard Jr., George",NYY,TOR,2026,TOR,61.71500000000001,26.80821784521472
823827,2026-08-23,683083,"Nuñez, Nasim",WSH,MIA,2026,MIA,-9.345000000000006,14.03058409934443
823827,2026-08-23,694673,"Ortiz, Abimelec",WSH,MIA,2026,MIA,72.285,28.708859397337555
823507,2026-08-23,700250,"Rice, Ben",NYY,TOR,2026,TOR,84.44999999999999,30.896305422084424
823827,2026-08-23,660688,"Ruiz, Keibert",WSH,MIA,2026,MIA,47.545,24.26024331412857
823827,2026-08-23,677588,"Tena, José",WSH,MIA,2026,MIA,7.480000000000004,17.05596670241603
823827,2026-08-23,678391,"Vivas, Jorbit",WSH,MIA,2026,MIA,104.275,34.46113217429211
823507,2026-08-23,669224,"Wells, Austin",NYY,TOR,2026,TOR,131.465,39.35029431262891
823827,2026-08-23,696285,"Young, Jacob",WSH,MIA,2026,MIA,46.05,23.991420313142413
822695,2026-08-24,682928,"Abrams, CJ",WSH,COL,2026,COL,85.24500000000002,31.03925812160549
822695,2026-08-24,686611,"Crews, Dylan",WSH,COL,2026,COL,205.883476352,52.73183153119865
822695,2026-08-24,691781,"House, Brady",WSH,COL,2026,COL,158.0,44.12167781173767
822695,2026-08-24,695734,"Lile, Daylen",WSH,COL,2026,COL,267.455,63.803297592968065
822695,2026-08-24,683083,"Nuñez, Nasim",WSH,COL,2026,COL,97.83,33.3022263272314
822695,2026-08-24,694673,"Ortiz, Abimelec",WSH,COL,2026,COL,182.465,48.52084484794251
822695,2026-08-24,660688,"Ruiz, Keibert",WSH,COL,2026,COL,113.51500000000001,36.12262015363128
822695,2026-08-24,678391,"Vivas, Jorbit",WSH,COL,2026,COL,159.055,44.311382337517195
822695,2026-08-24,696285,"Young, Jacob",WSH,COL,2026,COL,83.59,30.74166476599874
822693,2026-08-25,682928,"Abrams, CJ",WSH,COL,2026,COL,-35.48,9.33112648678716
823505,2026-08-25,641355,"Bellinger, Cody",NYY,HOU,2026,HOU,126.36,38.432340185515656
823505,2026-08-25,676609,"Caballero, José",NYY,HOU,2026,HOU,82.428647488,30.53283649343777
822693,2026-08-25,665953,"Chaparro, Andrés",WSH,COL,2026,COL,1.4499999999999975,15.971683962652481
823505,2026-08-25,665862,"Chisholm Jr., Jazz",NYY,HOU,2026,HOU,104.945,34.58160803426584
822693,2026-08-25,686611,"Crews, Dylan",WSH,COL,2026,COL,38.184999999999995,22.57717756882395
822693,2026-08-25,695670,"Ford, Harry",WSH,COL,2026,COL,70.55000000000001,28.39688086442052
823505,2026-08-25,671277,"García Jr., Luis",NYY,HOU,2026,HOU,324.15999999999997,73.99969108522214
823505,2026-08-25,663757,"Grisham, Trent",NYY,HOU,2026,HOU,80.835,30.24627522237543
822693,2026-08-25,691781,"House, Brady",WSH,COL,2026,COL,35.375,22.071898215799813
823505,2026-08-25,682987,"Jones, Spencer",NYY,HOU,2026,HOU,77.84242122879999,29.708165519391187
822693,2026-08-25,695734,"Lile, Daylen",WSH,COL,2026,COL,222.805,55.7745705066592
823505,2026-08-25,806146,"Lombard Jr., George",NYY,HOU,2026,HOU,37.215,22.402757293936617
822693,2026-08-25,683083,"Nuñez, Nasim",WSH,COL,2026,COL,-10.85499999999999,13.7590638776126
822693,2026-08-25,694673,"Ortiz, Abimelec",WSH,COL,2026,COL,23.07999999999999,19.86107627792372
823505,2026-08-25,700250,"Rice, Ben",NYY,HOU,2026,HOU,58.76,26.276865358315664
822693,2026-08-25,660688,"Ruiz, Keibert",WSH,COL,2026,COL,-2.35,15.288388040413425
822693,2026-08-25,677588,"Tena, José",WSH,COL,2026,COL,-2.6349999999999985,15.237140846245495
822693,2026-08-25,678391,"Vivas, Jorbit",WSH,COL,2026,COL,60.364999999999995,26.565467978103474
823505,2026-08-25,669224,"Wells, Austin",NYY,HOU,2026,HOU,48.735,24.47422282661922
822693,2026-08-25,696285,"Young, Jacob",WSH,COL,2026,COL,91.35,32.137026965097434
822692,2026-08-26,682928,"Abrams, CJ",WSH,COL,2026,COL,14.630000000000003,18.34164192452372
823506,2026-08-26,641355,"Bellinger, Cody",NYY,HOU,2026,HOU,73.16000000000001,28.86619727416892
823506,2026-08-26,676609,"Caballero, José",NYY,HOU,2026,HOU,125.04499999999999,38.195883833477666
822692,2026-08-26,665953,"Chaparro, Andrés",WSH,COL,2026,COL,245.84499999999997,59.9175015720244
823506,2026-08-26,665862,"Chisholm Jr., Jazz",NYY,HOU,2026,HOU,186.71499999999997,49.285057392551984
822692,2026-08-26,686611,"Crews, Dylan",WSH,COL,2026,COL,93.84499999999998,32.58566468246229
822692,2026-08-26,695670,"Ford, Harry",WSH,COL,2026,COL,47.67,24.282720153675903
823506,2026-08-26,671277,"García Jr., Luis",NYY,HOU,2026,HOU,216.14,54.57610542199518
823506,2026-08-26,663757,"Grisham, Trent",NYY,HOU,2026,HOU,26.995,20.56505089254632
823506,2026-08-26,682987,"Jones, Spencer",NYY,HOU,2026,HOU,7.035000000000011,16.97594915362751
822692,2026-08-26,695734,"Lile, Daylen",WSH,COL,2026,COL,-4.384999999999998,14.922465092582774
823506,2026-08-26,806146,"Lombard Jr., George",NYY,HOU,2026,HOU,9.780000000000001,17.469540550087036
822692,2026-08-26,683083,"Nuñez, Nasim",WSH,COL,2026,COL,-5.795000000000001,14.668926342488811
822692,2026-08-26,694673,"Ortiz, Abimelec",WSH,COL,2026,COL,-21.724999999999994,11.804477910576152
822692,2026-08-26,687605,"Pinckney, Andrew",WSH,COL,2026,COL,13.954999999999997,18.2202669909681
823506,2026-08-26,700250,"Rice, Ben",NYY,HOU,2026,HOU,305.805,70.69919196609115
822692,2026-08-26,677588,"Tena, José",WSH,COL,2026,COL,46.959999999999994,24.15505170504703
823506,2026-08-26,669224,"Wells, Austin",NYY,HOU,2026,HOU,127.38,38.61575119622193
822692,2026-08-26,696285,"Young, Jacob",WSH,COL,2026,COL,-24.274999999999995,11.345950383810472
822694,2026-08-27,682928,"Abrams, CJ",WSH,COL,2026,COL,122.93084139839999,37.815727004151384
823503,2026-08-27,641355,"Bellinger, Cody",NYY,HOU,2026,HOU,176.695,47.48331393443743
823503,2026-08-27,676609,"Caballero, José",NYY,HOU,2026,HOU,63.714999999999996,27.16784727797211
822694,2026-08-27,665953,"Chaparro, Andrés",WSH,COL,2026,COL,117.225,36.78973275139625
823503,2026-08-27,665862,"Chisholm Jr., Jazz",NYY,HOU,2026,HOU,43.295,23.496030769519102
822694,2026-08-27,686611,"Crews, Dylan",WSH,COL,2026,COL,97.6908877152,33.2772118911953
823503,2026-08-27,671277,"García Jr., Luis",NYY,HOU,2026,HOU,15.150000000000006,18.435145577040643
823503,2026-08-27,663757,"Grisham, Trent",NYY,HOU,2026,HOU,59.71999999999999,26.449487486039214
822694,2026-08-27,691781,"House, Brady",WSH,COL,2026,COL,135.08,40.00032451233791
823503,2026-08-27,682987,"Jones, Spencer",NYY,HOU,2026,HOU,42.195,23.298234581502534
822694,2026-08-27,695734,"Lile, Daylen",WSH,COL,2026,COL,314.04999999999995,72.1817643026335
823503,2026-08-27,806146,"Lombard Jr., George",NYY,HOU,2026,HOU,73.65999999999998,28.956104632358265
822694,2026-08-27,683083,"Nuñez, Nasim",WSH,COL,2026,COL,63.08500000000001,27.054564006653536
823503,2026-08-27,671218,"Ramos, Heliot",NYY,HOU,2026,HOU,-9.440000000000001,14.013501701288455
823503,2026-08-27,700250,"Rice, Ben",NYY,HOU,2026,HOU,94.165,32.643205391703475
823503,2026-08-27,642708,"Rosario, Amed",NYY,HOU,2026,HOU,8.229999999999999,17.19082773970005
822694,2026-08-27,660688,"Ruiz, Keibert",WSH,COL,2026,COL,220.195,55.305254096910794
822694,2026-08-27,678391,"Vivas, Jorbit",WSH,COL,2026,COL,139.14499999999998,40.731271334417315
823503,2026-08-27,669224,"Wells, Austin",NYY,HOU,2026,HOU,-1.8050000000000068,15.386387060839816
822694,2026-08-27,696285,"Young, Jacob",WSH,COL,2026,COL,114.915,36.37436075656146
822691,2026-08-28,682928,"Abrams, CJ",WSH,MIA,2026,MIA,37.814817305599995,22.510613272622113
823504,2026-08-28,641355,"Bellinger, Cody",NYY,BOS,2026,BOS,0.5800000000000027,15.81524515940301
823504,2026-08-28,676609,"Caballero, José",NYY,BOS,2026,BOS,-8.240000000000002,14.229279360942895
822691,2026-08-28,665953,"Chaparro, Andrés",WSH,MIA,2026,MIA,69.2599874464,28.16491762296997
823504,2026-08-28,665862,"Chisholm Jr., Jazz",NYY,BOS,2026,BOS,10.875000000000002,17.66643766452171
822691,2026-08-28,686611,"Crews, Dylan",WSH,MIA,2026,MIA,220.785,55.41134477957422
822691,2026-08-28,695670,"Ford, Harry",WSH,MIA,2026,MIA,114.76,36.346489475522766
823504,2026-08-28,502671,"Goldschmidt, Paul",NYY,BOS,2026,BOS,137.82999999999998,40.494814982379324
823504,2026-08-28,663757,"Grisham, Trent",NYY,BOS,2026,BOS,43.22,23.482544665790694
822691,2026-08-28,691781,"House, Brady",WSH,MIA,2026,MIA,163.32999999999998,45.08009025003613
823504,2026-08-28,682987,"Jones, Spencer",NYY,BOS,2026,BOS,40.405,22.976366239184664
822691,2026-08-28,695734,"Lile, Daylen",WSH,MIA,2026,MIA,216.8233866496,54.69898839856998
823504,2026-08-28,806146,"Lombard Jr., George",NYY,BOS,2026,BOS,30.659999999999997,21.22407182807425
822691,2026-08-28,694673,"Ortiz, Abimelec",WSH,MIA,2026,MIA,148.925,42.48985926060099
823504,2026-08-28,671218,"Ramos, Heliot",NYY,BOS,2026,BOS,29.78405623359999,21.066564248155345
823504,2026-08-28,700250,"Rice, Ben",NYY,BOS,2026,BOS,41.435,23.161575397054726
822691,2026-08-28,678391,"Vivas, Jorbit",WSH,MIA,2026,MIA,84.635,30.92957114461448
823504,2026-08-28,669224,"Wells, Austin",NYY,BOS,2026,BOS,-42.620000000000005,8.047249411843252
822691,2026-08-28,696285,"Young, Jacob",WSH,MIA,2026,MIA,106.78999999999999,34.913366185984536
822690,2026-08-29,682928,"Abrams, CJ",WSH,MIA,2026,MIA,-34.30499999999999,9.542408778532128
823501,2026-08-29,641355,"Bellinger, Cody",NYY,BOS,2026,BOS,70.87,28.454421573661705
823539,2026-08-29,641355,"Bellinger, Cody",NYY,BOS,2026,BOS,61.82499999999999,26.827997464016377
823501,2026-08-29,676609,"Caballero, José",NYY,BOS,2026,BOS,68.33300665600001,27.998232835055703
823539,2026-08-29,676609,"Caballero, José",NYY,BOS,2026,BOS,24.430000000000007,20.10382614503496
823501,2026-08-29,665862,"Chisholm Jr., Jazz",NYY,BOS,2026,BOS,73.5,28.927334277737682
822690,2026-08-29,686611,"Crews, Dylan",WSH,MIA,2026,MIA,77.105,29.575566330282882
823501,2026-08-29,671277,"García Jr., Luis",NYY,BOS,2026,BOS,147.185,42.17698165410205
823539,2026-08-29,671277,"García Jr., Luis",NYY,BOS,2026,BOS,69.495,28.207176338640995
823539,2026-08-29,502671,"Goldschmidt, Paul",NYY,BOS,2026,BOS,9.684999999999997,17.45245815203106
823501,2026-08-29,663757,"Grisham, Trent",NYY,BOS,2026,BOS,40.29,22.955687546801116
823539,2026-08-29,663757,"Grisham, Trent",NYY,BOS,2026,BOS,30.744999999999997,21.239356078966438
822690,2026-08-29,691781,"House, Brady",WSH,MIA,2026,MIA,103.90500000000002,34.394600729231996
823501,2026-08-29,682987,"Jones, Spencer",NYY,BOS,2026,BOS,125.35999999999999,38.252525469136955
823539,2026-08-29,682987,"Jones, Spencer",NYY,BOS,2026,BOS,40.870000000000005,23.05998008230076
822690,2026-08-29,695734,"Lile, Daylen",WSH,MIA,2026,MIA,253.695,61.32904709559719
823501,2026-08-29,806146,"Lombard Jr., George",NYY,BOS,2026,BOS,75.755,29.332816463171646
823539,2026-08-29,806146,"Lombard Jr., George",NYY,BOS,2026,BOS,5.475000000000001,16.69543819607674
822690,2026-08-29,683083,"Nuñez, Nasim",WSH,MIA,2026,MIA,73.935,29.00555367936241
822690,2026-08-29,694673,"Ortiz, Abimelec",WSH,MIA,2026,MIA,67.615,27.86912467184904
823501,2026-08-29,671218,"Ramos, Heliot",NYY,BOS,2026,BOS,11.524999999999999,17.78331723016786
823539,2026-08-29,671218,"Ramos, Heliot",NYY,BOS,2026,BOS,63.66499999999999,27.158856542153174
823501,2026-08-29,700250,"Rice, Ben",NYY,BOS,2026,BOS,99.695,33.637580773277676
823539,2026-08-29,700250,"Rice, Ben",NYY,BOS,2026,BOS,-54.02,5.997361645126094
823501,2026-08-29,642708,"Rosario, Amed",NYY,BOS,2026,BOS,75.57999999999998,29.301348887805368
823539,2026-08-29,642708,"Rosario, Amed",NYY,BOS,2026,BOS,30.220000000000002,21.144953352867624
822690,2026-08-29,660688,"Ruiz, Keibert",WSH,MIA,2026,MIA,15.554669337600004,18.50791107920834
823539,2026-08-29,645305,"Sánchez, Ali",NYY,BOS,2026,BOS,-7.255000000000004,14.40639685657591
822690,2026-08-29,677588,"Tena, José",WSH,MIA,2026,MIA,142.825,41.39298949069092
822690,2026-08-29,678391,"Vivas, Jorbit",WSH,MIA,2026,MIA,95.28500000000001,32.844597874047615
823501,2026-08-29,669224,"Wells, Austin",NYY,BOS,2026,BOS,102.325,34.11049347735365
823539,2026-08-29,669224,"Wells, Austin",NYY,BOS,2026,BOS,-0.09500000000000242,15.69387022584739
822688,2026-08-30,682928,"Abrams, CJ",WSH,MIA,2026,MIA,0.7810410079999954,15.851395291237019
823502,2026-08-30,641355,"Bellinger, Cody",NYY,BOS,2026,BOS,47.07,24.174831323848686
823502,2026-08-30,676609,"Caballero, José",NYY,BOS,2026,BOS,267.83,63.87072811161008
822688,2026-08-30,665953,"Chaparro, Andrés",WSH,MIA,2026,MIA,67.31,27.81428118335354
823502,2026-08-30,665862,"Chisholm Jr., Jazz",NYY,BOS,2026,BOS,194.74,50.72807049149104
822688,2026-08-30,686611,"Crews, Dylan",WSH,MIA,2026,MIA,-22.275000000000006,11.705579816567866
822688,2026-08-30,695670,"Ford, Harry",WSH,MIA,2026,MIA,96.36,33.03789869415471
823502,2026-08-30,671277,"García Jr., Luis",NYY,BOS,2026,BOS,84.26,30.86214062597247
823502,2026-08-30,502671,"Goldschmidt, Paul",NYY,BOS,2026,BOS,145.76,41.9207456832624
823502,2026-08-30,663757,"Grisham, Trent",NYY,BOS,2026,BOS,65.95,27.569733169078507
822688,2026-08-30,691781,"House, Brady",WSH,MIA,2026,MIA,53.629999999999995,25.354415863292946
823502,2026-08-30,682987,"Jones, Spencer",NYY,BOS,2026,BOS,37.595,22.47108688616052
822688,2026-08-30,695734,"Lile, Daylen",WSH,MIA,2026,MIA,160.5,44.571214602684414
822688,2026-08-30,683083,"Nuñez, Nasim",WSH,MIA,2026,MIA,71.09847441599999,28.495504635974527
822688,2026-08-30,694673,"Ortiz, Abimelec",WSH,MIA,2026,MIA,3.380000000000008,16.318726365263366
822688,2026-08-30,687605,"Pinckney, Andrew",WSH,MIA,2026,MIA,-1.25,15.486184228429995
823502,2026-08-30,671218,"Ramos, Heliot",NYY,BOS,2026,BOS,224.125,56.011925932279084
823502,2026-08-30,642708,"Rosario, Amed",NYY,BOS,2026,BOS,128.155,38.755107601415425
823502,2026-08-30,645305,"Sánchez, Ali",NYY,BOS,2026,BOS,-1.7399999999999984,15.398075017404434
822688,2026-08-30,677588,"Tena, José",WSH,MIA,2026,MIA,73.24000000000001,28.88058245147922
822688,2026-08-30,678391,"Vivas, Jorbit",WSH,MIA,2026,MIA,188.32,49.57366001233979
823502,2026-08-30,669224,"Wells, Austin",NYY,BOS,2026,BOS,351.945,78.99584297980428
822688,2026-08-30,696285,"Young, Jacob",WSH,MIA,2026,MIA,53.79,25.38318621791354
823982,2026-08-31,641355,"Bellinger, Cody",NYY,LAA,2026,LAA,120.11284872959999,37.30901045165386
823982,2026-08-31,676609,"Caballero, José",NYY,LAA,2026,LAA,-19.525,12.200070286609286
822689,2026-08-31,665953,"Chaparro, Andrés",WSH,MIA,2026,MIA,97.41,33.22670414635235
823982,2026-08-31,665862,"Chisholm Jr., Jazz",NYY,LAA,2026,LAA,11.530000000000005,17.784216303749755
823982,2026-08-31,671277,"García Jr., Luis",NYY,LAA,2026,LAA,-23.179999999999996,11.542847498245145
823982,2026-08-31,663757,"Grisham, Trent",NYY,LAA,2026,LAA,24.872994486400007,20.183483072964304
822689,2026-08-31,691781,"House, Brady",WSH,MIA,2026,MIA,96.315,33.02980703191768
823982,2026-08-31,682987,"Jones, Spencer",NYY,LAA,2026,LAA,131.01,39.2684786166766
822689,2026-08-31,695734,"Lile, Daylen",WSH,MIA,2026,MIA,334.59999999999997,75.87695672421574
822689,2026-08-31,683083,"Nuñez, Nasim",WSH,MIA,2026,MIA,51.79500000000001,25.024455858738037
822689,2026-08-31,694673,"Ortiz, Abimelec",WSH,MIA,2026,MIA,59.06499999999999,26.331708846811168
822689,2026-08-31,687605,"Pinckney, Andrew",WSH,MIA,2026,MIA,99.68,33.634883552531996
823982,2026-08-31,700250,"Rice, Ben",NYY,LAA,2026,LAA,0.4300000000000015,15.788272951946208
823982,2026-08-31,642708,"Rosario, Amed",NYY,LAA,2026,LAA,106.15,34.79828476750217
822689,2026-08-31,660688,"Ruiz, Keibert",WSH,MIA,2026,MIA,89.705,31.84123175665448
822689,2026-08-31,677588,"Tena, José",WSH,MIA,2026,MIA,13.95,18.219367917386204
822689,2026-08-31,678391,"Vivas, Jorbit",WSH,MIA,2026,MIA,-18.585,12.369096120005263
823982,2026-08-31,669224,"Wells, Austin",NYY,LAA,2026,LAA,-26.715,10.907202475846447
822689,2026-08-31,696285,"Young, Jacob",WSH,MIA,2026,MIA,99.605,33.62139744880359
822687,2026-09-01,682928,"Abrams, CJ",WSH,ATL,2026,ATL,151.87,43.01941360033625
823984,2026-09-01,641355,"Bellinger, Cody",NYY,LAA,2026,LAA,102.9594448608,34.224576000056324
823984,2026-09-01,676609,"Caballero, José",NYY,LAA,2026,LAA,59.51499999999999,26.412625469181584
822687,2026-09-01,665953,"Chaparro, Andrés",WSH,ATL,2026,ATL,29.959999999999994,21.098201526609163
823984,2026-09-01,665862,"Chisholm Jr., Jazz",NYY,LAA,2026,LAA,196.75,51.08949807141222
822687,2026-09-01,686611,"Crews, Dylan",WSH,ATL,2026,ATL,72.475,28.743024193449507
822687,2026-09-01,695670,"Ford, Harry",WSH,ATL,2026,ATL,110.8921276032,35.65098909750317
823984,2026-09-01,671277,"García Jr., Luis",NYY,LAA,2026,LAA,108.655,35.2487206320308
823984,2026-09-01,502671,"Goldschmidt, Paul",NYY,LAA,2026,LAA,67.83,27.90778483587046
823984,2026-09-01,663757,"Grisham, Trent",NYY,LAA,2026,LAA,114.56,36.310526532247025
822687,2026-09-01,691781,"House, Brady",WSH,ATL,2026,ATL,114.98500000000001,36.38694778670797
823984,2026-09-01,682987,"Jones, Spencer",NYY,LAA,2026,LAA,263.315,63.058864667160265
822687,2026-09-01,695734,"Lile, Daylen",WSH,ATL,2026,ATL,142.335,41.30488027966536
823984,2026-09-01,641857,"McMahon, Ryan",NYY,LAA,2026,LAA,225.67000000000002,56.28973966908417
822687,2026-09-01,691002,"Morales, Yohandy",WSH,ATL,2026,ATL,196.5671475776,51.05661851493921
822687,2026-09-01,694673,"Ortiz, Abimelec",WSH,ATL,2026,ATL,-50.230000000000004,6.678859420201359
823984,2026-09-01,700250,"Rice, Ben",NYY,LAA,2026,LAA,-30.099999999999994,10.298529660904554
822687,2026-09-01,678391,"Vivas, Jorbit",WSH,ATL,2026,ATL,107.0437506848,34.95899429340275
823984,2026-09-01,669224,"Wells, Austin",NYY,LAA,2026,LAA,41.88545798720001,23.24257437226361
822687,2026-09-01,696285,"Young, Jacob",WSH,ATL,2026,ATL,100.26907058879999,33.74080711338409
822686,2026-09-02,682928,"Abrams, CJ",WSH,ATL,2026,ATL,20.239999999999988,19.350402483408217
823983,2026-09-02,641355,"Bellinger, Cody",NYY,LAA,2026,LAA,109.77000000000001,35.44921404079306
823983,2026-09-02,676609,"Caballero, José",NYY,LAA,2026,LAA,8.036558460800006,17.156044104192947
822686,2026-09-02,665953,"Chaparro, Andrés",WSH,ATL,2026,ATL,38.42,22.619434027172947
823983,2026-09-02,665862,"Chisholm Jr., Jazz",NYY,LAA,2026,LAA,21.28266182720001,19.53788842414508
822686,2026-09-02,686611,"Crews, Dylan",WSH,ATL,2026,ATL,144.854200432,41.75786959084653
822686,2026-09-02,695670,"Ford, Harry",WSH,ATL,2026,ATL,21.97,19.661481942743364
823983,2026-09-02,671277,"García Jr., Luis",NYY,LAA,2026,LAA,72.945,28.8275371101475
823983,2026-09-02,502671,"Goldschmidt, Paul",NYY,LAA,2026,LAA,54.37500000000001,25.48837782699508
823983,2026-09-02,663757,"Grisham, Trent",NYY,LAA,2026,LAA,66.00999999999999,27.58052205206123
823983,2026-09-02,682987,"Jones, Spencer",NYY,LAA,2026,LAA,13.39066016639999,18.11879038384811
822686,2026-09-02,695734,"Lile, Daylen",WSH,ATL,2026,ATL,44.629999999999995,23.736083415884664
822686,2026-09-02,691002,"Morales, Yohandy",WSH,ATL,2026,ATL,45.5,23.892522219134133
822686,2026-09-02,683083,"Nuñez, Nasim",WSH,ATL,2026,ATL,-17.910000000000004,12.490471053560881
822686,2026-09-02,694673,"Ortiz, Abimelec",WSH,ATL,2026,ATL,14.7,18.35422895467023
823983,2026-09-02,671218,"Ramos, Heliot",NYY,LAA,2026,LAA,-4.500000000000005,14.901786400199224
823983,2026-09-02,700250,"Rice, Ben",NYY,LAA,2026,LAA,216.82999999999998,54.70017757629647
823983,2026-09-02,642708,"Rosario, Amed",NYY,LAA,2026,LAA,85.145,31.021276649967618
822686,2026-09-02,660688,"Ruiz, Keibert",WSH,ATL,2026,ATL,-0.6849999999999974,15.587779543183958
823983,2026-09-02,645305,"Sánchez, Ali",NYY,LAA,2026,LAA,7.744999999999997,17.10361760225638
823983,2026-09-02,669224,"Wells, Austin",NYY,LAA,2026,LAA,228.27499999999998,56.75815700525067
822686,2026-09-02,695578,"Wood, James",WSH,ATL,2026,ATL,26.321738681600003,20.44398859952948
823905,2026-09-04,682928,"Abrams, CJ",WSH,LAD,2026,LAD,4.960000000000001,16.60283361714171
823256,2026-09-04,641355,"Bellinger, Cody",NYY,SD,2026,SD,-22.635,11.640846518671534
823905,2026-09-04,665953,"Chaparro, Andrés",WSH,LAD,2026,LAD,137.5037246944,40.43614588084149
823256,2026-09-04,665862,"Chisholm Jr., Jazz",NYY,SD,2026,SD,101.28,33.922587098737914
823905,2026-09-04,686611,"Crews, Dylan",WSH,LAD,2026,LAD,92.4262858784,32.33055900506434
823905,2026-09-04,695670,"Ford, Harry",WSH,LAD,2026,LAD,58.54,26.237306120712354
823256,2026-09-04,671277,"García Jr., Luis",NYY,SD,2026,SD,31.09499999999999,21.30229122969898
823256,2026-09-04,502671,"Goldschmidt, Paul",NYY,SD,2026,SD,-12.190000000000001,13.519011231247035
823256,2026-09-04,663757,"Grisham, Trent",NYY,SD,2026,SD,34.37,21.89118442583922
823905,2026-09-04,691781,"House, Brady",WSH,LAD,2026,LAD,187.83999999999997,49.487348948478015
823256,2026-09-04,682987,"Jones, Spencer",NYY,SD,2026,SD,80.375,30.16356045284123
823905,2026-09-04,695734,"Lile, Daylen",WSH,LAD,2026,LAD,36.83,22.333528628130818
823256,2026-09-04,806146,"Lombard Jr., George",NYY,SD,2026,SD,-19.192749212799995,12.259813867676254
823256,2026-09-04,641857,"McMahon, Ryan",NYY,SD,2026,SD,-6.924999999999997,14.465735712980882
823905,2026-09-04,691002,"Morales, Yohandy",WSH,LAD,2026,LAD,46.005,23.983328650905374
823905,2026-09-04,683083,"Nuñez, Nasim",WSH,LAD,2026,LAD,26.674999999999994,20.50751018330514
823905,2026-09-04,694673,"Ortiz, Abimelec",WSH,LAD,2026,LAD,74.55499999999999,29.117038803517204
823256,2026-09-04,671218,"Ramos, Heliot",NYY,SD,2026,SD,22.935000000000006,19.83500314404881
823256,2026-09-04,700250,"Rice, Ben",NYY,SD,2026,SD,202.805,52.17827617908524
823905,2026-09-04,677588,"Tena, José",WSH,LAD,2026,LAD,60.120000000000005,26.5214133725907
823905,2026-09-04,678391,"Vivas, Jorbit",WSH,LAD,2026,LAD,4.885,16.58934751341331
823256,2026-09-04,669224,"Wells, Austin",NYY,SD,2026,SD,10.174999999999997,17.54056736305662
823905,2026-09-04,695578,"Wood, James",WSH,LAD,2026,LAD,143.81,41.57010698632394
823905,2026-09-04,696285,"Young, Jacob",WSH,LAD,2026,LAD,109.79499999999999,35.45370940870252
823904,2026-09-05,682928,"Abrams, CJ",WSH,LAD,2026,LAD,167.1327273856,45.7638765963433
823257,2026-09-05,641355,"Bellinger, Cody",NYY,SD,2026,SD,28.00500000000001,20.74666375608881
823257,2026-09-05,676609,"Caballero, José",NYY,SD,2026,SD,152.86,43.19743016955117
823904,2026-09-05,665953,"Chaparro, Andrés",WSH,LAD,2026,LAD,69.59,28.224258736696967
823904,2026-09-05,686611,"Crews, Dylan",WSH,LAD,2026,LAD,126.845,38.519550322959326
823257,2026-09-05,691176,"Domínguez, Jasson",NYY,SD,2026,SD,44.215,23.6614603085875
823257,2026-09-05,671277,"García Jr., Luis",NYY,SD,2026,SD,47.48,24.24855535756395
823257,2026-09-05,502671,"Goldschmidt, Paul",NYY,SD,2026,SD,111.2526246688,35.71581177510939
823904,2026-09-05,691781,"House, Brady",WSH,LAD,2026,LAD,54.3517552448,25.484198077931495
823257,2026-09-05,682987,"Jones, Spencer",NYY,SD,2026,SD,132.875,39.603833062722885
823904,2026-09-05,695734,"Lile, Daylen",WSH,LAD,2026,LAD,148.45499999999998,42.40534634390299
823257,2026-09-05,806146,"Lombard Jr., George",NYY,SD,2026,SD,56.055,25.790466550511287
823257,2026-09-05,641857,"McMahon, Ryan",NYY,SD,2026,SD,25.008679881599996,20.207881303818926
823904,2026-09-05,691002,"Morales, Yohandy",WSH,LAD,2026,LAD,-21.804776576000002,11.790132908189046
823904,2026-09-05,694673,"Ortiz, Abimelec",WSH,LAD,2026,LAD,-31.493165395200002,10.048018020498048
823257,2026-09-05,671218,"Ramos, Heliot",NYY,SD,2026,SD,63.36000000000001,27.104013053657678
823257,2026-09-05,700250,"Rice, Ben",NYY,SD,2026,SD,208.195,53.14747750036643
823257,2026-09-05,642708,"Rosario, Amed",NYY,SD,2026,SD,13.185000000000002,18.0818096593565
823904,2026-09-05,660688,"Ruiz, Keibert",WSH,LAD,2026,LAD,109.855,35.464498291685246
823904,2026-09-05,677588,"Tena, José",WSH,LAD,2026,LAD,41.12,23.10493376139543
823904,2026-09-05,678391,"Vivas, Jorbit",WSH,LAD,2026,LAD,72.795,28.800564902690695
823257,2026-09-05,669224,"Wells, Austin",NYY,SD,2026,SD,115.21499999999999,36.42830517147507
823904,2026-09-05,695578,"Wood, James",WSH,LAD,2026,LAD,166.315,45.61683717842654
823903,2026-09-06,682928,"Abrams, CJ",WSH,LAD,2026,LAD,193.78500000000003,50.556347437349395
823253,2026-09-06,641355,"Bellinger, Cody",NYY,SD,2026,SD,81.05000000000001,30.284935386396857
823903,2026-09-06,665953,"Chaparro, Andrés",WSH,LAD,2026,LAD,23.3536881952,19.910289443119805
823253,2026-09-06,665862,"Chisholm Jr., Jazz",NYY,SD,2026,SD,36.754999999999995,22.320042524402414
823903,2026-09-06,686611,"Crews, Dylan",WSH,LAD,2026,LAD,67.035,27.764832136349394
823253,2026-09-06,691176,"Domínguez, Jasson",NYY,SD,2026,SD,71.035,28.484091001864183
823903,2026-09-06,695670,"Ford, Harry",WSH,LAD,2026,LAD,236.085,58.162509940168306
823253,2026-09-06,671277,"García Jr., Luis",NYY,SD,2026,SD,22.335,19.727114314221588
823253,2026-09-06,502671,"Goldschmidt, Paul",NYY,SD,2026,SD,65.39500000000001,27.46993600148833
823903,2026-09-06,691781,"House, Brady",WSH,LAD,2026,LAD,38.38999999999999,22.614039585681585
823253,2026-09-06,682987,"Jones, Spencer",NYY,SD,2026,SD,128.975,38.90255566884595
823903,2026-09-06,695734,"Lile, Daylen",WSH,LAD,2026,LAD,165.0357465888,45.386808589115134
823253,2026-09-06,806146,"Lombard Jr., George",NYY,SD,2026,SD,63.245,27.083334361274126
823253,2026-09-06,641857,"McMahon, Ryan",NYY,SD,2026,SD,-0.29000000000000625,15.658806356153542
823903,2026-09-06,683083,"Nuñez, Nasim",WSH,LAD,2026,LAD,21.436621612800003,19.56557265932647
823903,2026-09-06,694673,"Ortiz, Abimelec",WSH,LAD,2026,LAD,33.545,21.742837284826795
823253,2026-09-06,700250,"Rice, Ben",NYY,SD,2026,SD,95.36000000000001,32.85808397777602
823253,2026-09-06,642708,"Rosario, Amed",NYY,SD,2026,SD,45.915000000000006,23.96714532643129
823253,2026-09-06,669224,"Wells, Austin",NYY,SD,2026,SD,163.445,45.10076894241968
823903,2026-09-06,695578,"Wood, James",WSH,LAD,2026,LAD,240.63,58.979767826109494
823903,2026-09-06,696285,"Young, Jacob",WSH,LAD,2026,LAD,182.825,48.585578145838845
823254,2026-09-07,682928,"Abrams, CJ",WSH,SD,2026,SD,40.316933334400005,22.960530556687385
823254,2026-09-07,686611,"Crews, Dylan",WSH,SD,2026,SD,225.67,56.28973966908416
823254,2026-09-07,691781,"House, Brady",WSH,SD,2026,SD,4.460000000000005,16.512926258952362
823254,2026-09-07,695734,"Lile, Daylen",WSH,SD,2026,SD,6.454999999999998,16.87165661812786
823254,2026-09-07,691002,"Morales, Yohandy",WSH,SD,2026,SD,-15.180000000000001,12.981365229274727
823254,2026-09-07,694673,"Ortiz, Abimelec",WSH,SD,2026,SD,107.645,35.06710776848833
823254,2026-09-07,660688,"Ruiz, Keibert",WSH,SD,2026,SD,18.735000000000003,19.079781335258275
823254,2026-09-07,678391,"Vivas, Jorbit",WSH,SD,2026,SD,46.985,24.159547072956496
823254,2026-09-07,695578,"Wood, James",WSH,SD,2026,SD,139.785,40.846352752899676
823254,2026-09-07,696285,"Young, Jacob",WSH,SD,2026,SD,-18.12,12.452709963121356
823250,2026-09-08,682928,"Abrams, CJ",WSH,SD,2026,SD,68.09,27.95453666212892
823500,2026-09-08,641355,"Bellinger, Cody",NYY,COL,2026,COL,61.625,26.792034520740636
823250,2026-09-08,665953,"Chaparro, Andrés",WSH,SD,2026,SD,99.085,33.52789379628667
823500,2026-09-08,665862,"Chisholm Jr., Jazz",NYY,COL,2026,COL,136.435,40.243973453031046
823250,2026-09-08,686611,"Crews, Dylan",WSH,SD,2026,SD,107.435,35.0293466780488
823250,2026-09-08,695670,"Ford, Harry",WSH,SD,2026,SD,68.795,28.081306037175903
823500,2026-09-08,671277,"García Jr., Luis",NYY,COL,2026,COL,87.60499999999999,31.46362085225921
823250,2026-09-08,691781,"House, Brady",WSH,SD,2026,SD,68.905,28.10108565597756
823500,2026-09-08,682987,"Jones, Spencer",NYY,COL,2026,COL,51.2355366976,24.923856123692687
823500,2026-09-08,592450,"Judge, Aaron",NYY,COL,2026,COL,-28.095,10.659058167243844
823250,2026-09-08,695734,"Lile, Daylen",WSH,SD,2026,SD,-21.308039392000005,11.87945356404476
823500,2026-09-08,806146,"Lombard Jr., George",NYY,COL,2026,COL,130.755,39.22262586400004
823500,2026-09-08,641857,"McMahon, Ryan",NYY,COL,2026,COL,37.834999999999994,22.514242418091406
823250,2026-09-08,691002,"Morales, Yohandy",WSH,SD,2026,SD,122.355,37.712182246418976
823250,2026-09-08,694673,"Ortiz, Abimelec",WSH,SD,2026,SD,-1.0699999999999932,15.518550877378159
823500,2026-09-08,671218,"Ramos, Heliot",NYY,COL,2026,COL,116.35999999999999,36.63419302172867
823500,2026-09-08,700250,"Rice, Ben",NYY,COL,2026,COL,71.22999999999999,28.51915487155803
823250,2026-09-08,678391,"Vivas, Jorbit",WSH,SD,2026,SD,28.56999999999999,20.84825907084277
823500,2026-09-08,669224,"Wells, Austin",NYY,COL,2026,COL,-11.225000000000005,13.692532432552479
823250,2026-09-08,695578,"Wood, James",WSH,SD,2026,SD,-45.241078886400004,7.575940855279042
823250,2026-09-08,696285,"Young, Jacob",WSH,SD,2026,SD,4.984999999999999,16.607328985051176
823251,2026-09-09,682928,"Abrams, CJ",WSH,SD,2026,SD,30.294999999999995,21.158439456596025
823497,2026-09-09,641355,"Bellinger, Cody",NYY,COL,2026,COL,103.905,34.39460072923199
823497,2026-09-09,676609,"Caballero, José",NYY,COL,2026,COL,36.41499999999999,22.258905520833654
823251,2026-09-09,665953,"Chaparro, Andrés",WSH,SD,2026,SD,5.289877244799992,16.662150400355205
823251,2026-09-09,686611,"Crews, Dylan",WSH,SD,2026,SD,121.4626204032,37.551719262318244
823497,2026-09-09,671277,"García Jr., Luis",NYY,COL,2026,COL,163.555,45.12054856122134
823251,2026-09-09,691781,"House, Brady",WSH,SD,2026,SD,-9.485000000000001,14.005410039051414
823497,2026-09-09,682987,"Jones, Spencer",NYY,COL,2026,COL,227.14499999999998,56.554966375742744
823497,2026-09-09,592450,"Judge, Aaron",NYY,COL,2026,COL,82.07,30.46834639710312
823251,2026-09-09,695734,"Lile, Daylen",WSH,SD,2026,SD,27.895,20.72688413728715
823497,2026-09-09,806146,"Lombard Jr., George",NYY,COL,2026,COL,131.81,39.41233038977956
823497,2026-09-09,641857,"McMahon, Ryan",NYY,COL,2026,COL,92.66,32.37258424355353
823251,2026-09-09,691002,"Morales, Yohandy",WSH,SD,2026,SD,14.534999999999995,18.324559526467745
823251,2026-09-09,683083,"Nuñez, Nasim",WSH,SD,2026,SD,34.459999999999994,21.907367750313302
823497,2026-09-09,700250,"Rice, Ben",NYY,COL,2026,COL,-5.607008246399997,14.70273002634393
823251,2026-09-09,660688,"Ruiz, Keibert",WSH,SD,2026,SD,116.83,36.718705938426666
823251,2026-09-09,677588,"Tena, José",WSH,SD,2026,SD,-1.9549999999999983,15.35941485338301
823497,2026-09-09,669224,"Wells, Austin",NYY,COL,2026,COL,73.13,28.860802832677564
823251,2026-09-09,695578,"Wood, James",WSH,SD,2026,SD,78.69,29.860572655743123
823251,2026-09-09,696285,"Young, Jacob",WSH,SD,2026,SD,68.175,27.96982091302111
823499,2026-09-10,641355,"Bellinger, Cody",NYY,COL,2026,COL,131.645,39.38266096157707
823499,2026-09-10,691176,"Domínguez, Jasson",NYY,COL,2026,COL,96.1,32.99114686789625
823499,2026-09-10,671277,"García Jr., Luis",NYY,COL,2026,COL,154.69,43.526491100524176
823499,2026-09-10,682987,"Jones, Spencer",NYY,COL,2026,COL,149.35000000000002,42.56628051506193
823499,2026-09-10,806146,"Lombard Jr., George",NYY,COL,2026,COL,0.10000000000000142,15.72893409554124
823499,2026-09-10,641857,"McMahon, Ryan",NYY,COL,2026,COL,152.105,43.06167005868524
823499,2026-09-10,671218,"Ramos, Heliot",NYY,COL,2026,COL,4.85,16.58305399834005
823499,2026-09-10,700250,"Rice, Ben",NYY,COL,2026,COL,101.85,34.02508148707376
823499,2026-09-10,683011,"Volpe, Anthony",NYY,COL,2026,COL,313.17999999999995,72.02532549938402
823499,2026-09-10,669224,"Wells, Austin",NYY,COL,2026,COL,205.55,52.67186757554476
822684,2026-09-11,682928,"Abrams, CJ",WSH,LAA,2026,LAA,165.55,45.479278920396844
823498,2026-09-11,641355,"Bellinger, Cody",NYY,NYM,2026,NYM,219.29,55.14252177858807
822684,2026-09-11,665953,"Chaparro, Andrés",WSH,LAA,2026,LAA,-36.989999999999995,9.059606265055324
822684,2026-09-11,686611,"Crews, Dylan",WSH,LAA,2026,LAA,114.7,36.335700592540036
822684,2026-09-11,695670,"Ford, Harry",WSH,LAA,2026,LAA,33.56500000000001,21.74643357915437
823498,2026-09-11,671277,"García Jr., Luis",NYY,NYM,2026,NYM,136.13,40.18912996453554
822684,2026-09-11,691781,"House, Brady",WSH,LAA,2026,LAA,192.29,50.28752443636322
823498,2026-09-11,682987,"Jones, Spencer",NYY,NYM,2026,NYM,50.53999999999999,24.798788389682766
823498,2026-09-11,592450,"Judge, Aaron",NYY,NYM,2026,NYM,166.945,45.73012044974512
822684,2026-09-11,695734,"Lile, Daylen",WSH,LAA,2026,LAA,34.8,21.96850475388206
823498,2026-09-11,806146,"Lombard Jr., George",NYY,NYM,2026,NYM,62.19,26.893629835494604
823498,2026-09-11,641857,"McMahon, Ryan",NYY,NYM,2026,NYM,66.38,27.647053497121348
822684,2026-09-11,691002,"Morales, Yohandy",WSH,LAA,2026,LAA,10.584999999999994,17.614291396771883
822684,2026-09-11,694673,"Ortiz, Abimelec",WSH,LAA,2026,LAA,22.555,19.7666735518249
822684,2026-09-11,687605,"Pinckney, Andrew",WSH,LAA,2026,LAA,68.04499999999999,27.946444999891874
823498,2026-09-11,700250,"Rice, Ben",NYY,NYM,2026,NYM,263.04499999999996,63.010314693738
822684,2026-09-11,678391,"Vivas, Jorbit",WSH,LAA,2026,LAA,205.975,52.748288830005706
823498,2026-09-11,683011,"Volpe, Anthony",NYY,NYM,2026,NYM,133.105,39.64519044748997
823498,2026-09-11,669224,"Wells, Austin",NYY,NYM,2026,NYM,-28.060000000000002,10.665351682317096
822684,2026-09-11,695578,"Wood, James",WSH,LAA,2026,LAA,101.14,33.897413038444896
822684,2026-09-11,696285,"Young, Jacob",WSH,LAA,2026,LAA,54.74000000000001,25.554010198473303
822685,2026-09-12,682928,"Abrams, CJ",WSH,LAA,2026,LAA,165.45000000000002,45.46129744875897
823496,2026-09-12,641355,"Bellinger, Cody",NYY,NYM,2026,NYM,189.845,49.84787745481731
822685,2026-09-12,665953,"Chaparro, Andrés",WSH,LAA,2026,LAA,41.725,23.213721664804545
822685,2026-09-12,686611,"Crews, Dylan",WSH,LAA,2026,LAA,81.18,30.308311299526082
822685,2026-09-12,695670,"Ford, Harry",WSH,LAA,2026,LAA,59.39999999999999,26.39194677679803
823496,2026-09-12,502671,"Goldschmidt, Paul",NYY,NYM,2026,NYM,70.085,28.313267021304423
822685,2026-09-12,691781,"House, Brady",WSH,LAA,2026,LAA,4.140000000000008,16.455385549711178
823496,2026-09-12,682987,"Jones, Spencer",NYY,NYM,2026,NYM,74.41,29.090965669642287
823496,2026-09-12,592450,"Judge, Aaron",NYY,NYM,2026,NYM,-8.075000000000001,14.258948789145379
822685,2026-09-12,695734,"Lile, Daylen",WSH,LAA,2026,LAA,43.35,23.50592057891993
823496,2026-09-12,806146,"Lombard Jr., George",NYY,NYM,2026,NYM,140.73,41.016277659877545
822685,2026-09-12,694673,"Ortiz, Abimelec",WSH,LAA,2026,LAA,204.56,52.49385100632985
823496,2026-09-12,671218,"Ramos, Heliot",NYY,NYM,2026,NYM,-6.435000000000002,14.553844924006443
823496,2026-09-12,642708,"Rosario, Amed",NYY,NYM,2026,NYM,31.385000000000005,21.354437497448806
822685,2026-09-12,660688,"Ruiz, Keibert",WSH,LAA,2026,LAA,115.09,36.40582833192773
823496,2026-09-12,645305,"Sánchez, Ali",NYY,NYM,2026,NYM,49.455,24.603689422411883
822685,2026-09-12,677588,"Tena, José",WSH,LAA,2026,LAA,68.655,28.05613197688288
822685,2026-09-12,678391,"Vivas, Jorbit",WSH,LAA,2026,LAA,54.68,25.543221315490577
823496,2026-09-12,683011,"Volpe, Anthony",NYY,NYM,2026,NYM,-16.560000000000002,12.733220920672125
823496,2026-09-12,669224,"Wells, Austin",NYY,NYM,2026,NYM,-4.374999999999998,14.924263239746564
822685,2026-09-12,695578,"Wood, James",WSH,LAA,2026,LAA,167.41500000000002,45.81463336644311
822685,2026-09-12,696285,"Young, Jacob",WSH,LAA,2026,LAA,55.86499999999998,25.75630175439933
822682,2026-09-13,682928,"Abrams, CJ",WSH,LAA,2026,LAA,99.385,33.58183821120028
823495,2026-09-13,641355,"Bellinger, Cody",NYY,NYM,2026,NYM,6.315000000000005,16.846482557834847
823495,2026-09-13,676609,"Caballero, José",NYY,NYM,2026,NYM,41.55999999999999,23.184052236602056
822682,2026-09-13,665953,"Chaparro, Andrés",WSH,LAA,2026,LAA,123.2625532192,37.875373671127996
822682,2026-09-13,686611,"Crews, Dylan",WSH,LAA,2026,LAA,91.19500000000001,32.10915568405874
823495,2026-09-13,671277,"García Jr., Luis",NYY,NYM,2026,NYM,-2.249999999999996,15.306369512051296
822682,2026-09-13,691781,"House, Brady",WSH,LAA,2026,LAA,20.37,19.373778396537446
823495,2026-09-13,682987,"Jones, Spencer",NYY,NYM,2026,NYM,17.835,18.917948090517445
823495,2026-09-13,592450,"Judge, Aaron",NYY,NYM,2026,NYM,-37.675000000000004,8.936433184335915
822682,2026-09-13,695734,"Lile, Daylen",WSH,LAA,2026,LAA,114.9746645504,36.3850893207695
823495,2026-09-13,641857,"McMahon, Ryan",NYY,NYM,2026,NYM,44.334999999999994,23.683038074552947
822682,2026-09-13,691002,"Morales, Yohandy",WSH,LAA,2026,LAA,141.8,41.208679406402766
822682,2026-09-13,694673,"Ortiz, Abimelec",WSH,LAA,2026,LAA,19.869999999999997,19.283871038348096
823495,2026-09-13,700250,"Rice, Ben",NYY,NYM,2026,NYM,181.535,48.353617161710325
822682,2026-09-13,660688,"Ruiz, Keibert",WSH,LAA,2026,LAA,82.62934457920001,30.56892478396993
822682,2026-09-13,677588,"Tena, José",WSH,LAA,2026,LAA,-50.33,6.66087794856349
822682,2026-09-13,678391,"Vivas, Jorbit",WSH,LAA,2026,LAA,41.72,23.212822591222647
823495,2026-09-13,683011,"Volpe, Anthony",NYY,NYM,2026,NYM,26.83072332159999,20.53551152821219
823495,2026-09-13,669224,"Wells, Austin",NYY,NYM,2026,NYM,69.335,28.1784059840204
822682,2026-09-13,695578,"Wood, James",WSH,LAA,2026,LAA,146.295,42.016946556525006
822682,2026-09-13,696285,"Young, Jacob",WSH,LAA,2026,LAA,86.315,31.231659868130695
823656,2026-09-14,641355,"Bellinger, Cody",NYY,MIN,2026,MIN,80.80000000000001,30.239981707302178
823656,2026-09-14,676609,"Caballero, José",NYY,MIN,2026,MIN,197.90499999999997,51.297184068829615
823656,2026-09-14,671277,"García Jr., Luis",NYY,MIN,2026,MIN,6.815000000000007,16.936389916024197
823656,2026-09-14,682987,"Jones, Spencer",NYY,MIN,2026,MIN,18.192457936000004,18.982224287896603
823656,2026-09-14,592450,"Judge, Aaron",NYY,MIN,2026,MIN,87.57499999999999,31.458226410767853
823656,2026-09-14,806146,"Lombard Jr., George",NYY,MIN,2026,MIN,34.81999999999998,21.97210104820963
823656,2026-09-14,641857,"McMahon, Ryan",NYY,MIN,2026,MIN,64.9876582176,27.396689954416875
823656,2026-09-14,700250,"Rice, Ben",NYY,MIN,2026,MIN,220.185,55.30345594974702
823656,2026-09-14,683011,"Volpe, Anthony",NYY,MIN,2026,MIN,7.739999999999997,17.102718528674487
823656,2026-09-14,669224,"Wells, Austin",NYY,MIN,2026,MIN,132.025,39.45099055380098
823654,2026-09-15,641355,"Bellinger, Cody",NYY,MIN,2026,MIN,191.635,50.16974579713518
823654,2026-09-15,676609,"Caballero, José",NYY,MIN,2026,MIN,93.435,32.51194064874703
822683,2026-09-15,665953,"Chaparro, Andrés",WSH,PHI,2026,PHI,189.5,49.785841377666664
822683,2026-09-15,686611,"Crews, Dylan",WSH,PHI,2026,PHI,-26.09,11.019586673583131
822683,2026-09-15,695670,"Ford, Harry",WSH,PHI,2026,PHI,75.49,29.285165563331283
823654,2026-09-15,671277,"García Jr., Luis",NYY,MIN,2026,MIN,66.335,27.638961834884306
822683,2026-09-15,691781,"House, Brady",WSH,PHI,2026,PHI,108.845,35.282885428142755
823654,2026-09-15,682987,"Jones, Spencer",NYY,MIN,2026,MIN,162.62,44.952421801407255
822683,2026-09-15,695734,"Lile, Daylen",WSH,PHI,2026,PHI,95.025,32.79784604778915
823654,2026-09-15,806146,"Lombard Jr., George",NYY,MIN,2026,MIN,146.8801630208,42.12216747914547
822683,2026-09-15,691002,"Morales, Yohandy",WSH,PHI,2026,PHI,69.585,28.223359663115072
822683,2026-09-15,683083,"Nuñez, Nasim",WSH,PHI,2026,PHI,92.875,32.411244407574955
822683,2026-09-15,694673,"Ortiz, Abimelec",WSH,PHI,2026,PHI,15.250000000000002,18.453127048678514
822683,2026-09-15,687605,"Pinckney, Andrew",WSH,PHI,2026,PHI,20.070000000000004,19.319833981623837
823654,2026-09-15,671218,"Ramos, Heliot",NYY,MIN,2026,MIN,125.10499999999999,38.20667271646039
823654,2026-09-15,700250,"Rice, Ben",NYY,MIN,2026,MIN,137.285,40.39681596195293
823654,2026-09-15,645305,"Sánchez, Ali",NYY,MIN,2026,MIN,14.200000000000005,18.26432159648088
822683,2026-09-15,678391,"Vivas, Jorbit",WSH,PHI,2026,PHI,37.429999999999986,22.441417457958035
823654,2026-09-15,683011,"Volpe, Anthony",NYY,MIN,2026,MIN,195.17000000000002,50.80539081953388
822683,2026-09-15,695578,"Wood, James",WSH,PHI,2026,PHI,3.9850000000000065,16.42751426867248
822683,2026-09-15,696285,"Young, Jacob",WSH,PHI,2026,PHI,1.5450000000000004,15.988766360708457
822680,2026-09-16,682928,"Abrams, CJ",WSH,PHI,2026,PHI,122.93,37.81557570833673
823655,2026-09-16,641355,"Bellinger, Cody",NYY,MIN,2026,MIN,253.48999999999998,61.29218507873955
823655,2026-09-16,676609,"Caballero, José",NYY,MIN,2026,MIN,41.16,23.112126350050577
822680,2026-09-16,665953,"Chaparro, Andrés",WSH,PHI,2026,PHI,49.349999999999994,24.584808877192113
822680,2026-09-16,686611,"Crews, Dylan",WSH,PHI,2026,PHI,101.74,34.005301868272106
823655,2026-09-16,671277,"García Jr., Luis",NYY,MIN,2026,MIN,35.864999999999995,22.160007426825373
823655,2026-09-16,502671,"Goldschmidt, Paul",NYY,MIN,2026,MIN,72.78999999999999,28.7996658291088
822680,2026-09-16,691781,"House, Brady",WSH,PHI,2026,PHI,-0.7499999999999964,15.576091586619341
823655,2026-09-16,682987,"Jones, Spencer",NYY,MIN,2026,MIN,-18.47,12.389774812388813
823655,2026-09-16,592450,"Judge, Aaron",NYY,MIN,2026,MIN,21.515000000000004,19.579666246791056
822680,2026-09-16,695734,"Lile, Daylen",WSH,PHI,2026,PHI,60.80000000000001,26.643687379728213
823655,2026-09-16,806146,"Lombard Jr., George",NYY,MIN,2026,MIN,123.275,37.877611785487375
823655,2026-09-16,641857,"McMahon, Ryan",NYY,MIN,2026,MIN,48.07,24.354646040227383
822680,2026-09-16,683083,"Nuñez, Nasim",WSH,PHI,2026,PHI,-7.249999999999997,14.407295930157805
822680,2026-09-16,694673,"Ortiz, Abimelec",WSH,PHI,2026,PHI,79.555,30.016112385410697
823655,2026-09-16,671218,"Ramos, Heliot",NYY,MIN,2026,MIN,182.4687035808,48.521510806273646
823655,2026-09-16,700250,"Rice, Ben",NYY,MIN,2026,MIN,248.1383491456,60.32987949819779
822680,2026-09-16,660688,"Ruiz, Keibert",WSH,PHI,2026,PHI,-5.470000000000002,14.727366125311889
823655,2026-09-16,645305,"Sánchez, Ali",NYY,MIN,2026,MIN,83.38,30.703903675559218
822680,2026-09-16,677588,"Tena, José",WSH,PHI,2026,PHI,-15.739999999999991,12.88066898810266
822680,2026-09-16,678391,"Vivas, Jorbit",WSH,PHI,2026,PHI,10.889999999999997,17.669134885267386
823655,2026-09-16,683011,"Volpe, Anthony",NYY,MIN,2026,MIN,160.225,44.52176555568027
823655,2026-09-16,669224,"Wells, Austin",NYY,MIN,2026,MIN,22.169999999999995,19.697444886019102
822680,2026-09-16,695578,"Wood, James",WSH,PHI,2026,PHI,51.12500000000001,24.90397999876431
823005,2026-09-18,682928,"Abrams, CJ",WSH,STL,2026,STL,-3.5650000000000013,15.069913160013307
825032,2026-09-18,641355,"Bellinger, Cody",NYY,AZ,2026,AZ,75.8,29.34090812540868
823005,2026-09-18,686611,"Crews, Dylan",WSH,STL,2026,STL,157.19,43.97602789147093
823005,2026-09-18,695670,"Ford, Harry",WSH,STL,2026,STL,26.225,20.426593560934727
825032,2026-09-18,502671,"Goldschmidt, Paul",NYY,AZ,2026,AZ,118.927469184,37.095861764860686
823005,2026-09-18,691781,"House, Brady",WSH,STL,2026,STL,65.6,27.506798018345958
825032,2026-09-18,682987,"Jones, Spencer",NYY,AZ,2026,AZ,61.71000000000001,26.807318771632826
823005,2026-09-18,695734,"Lile, Daylen",WSH,STL,2026,STL,97.8,33.29683188574004
825032,2026-09-18,806146,"Lombard Jr., George",NYY,AZ,2026,AZ,145.2,41.82004944209034
825032,2026-09-18,641857,"McMahon, Ryan",NYY,AZ,2026,AZ,88.58438406079999,31.63972851937778
823005,2026-09-18,691002,"Morales, Yohandy",WSH,STL,2026,STL,92.23500000000001,32.29616298909259
823005,2026-09-18,683083,"Nuñez, Nasim",WSH,STL,2026,STL,21.485,19.574271805299695
825032,2026-09-18,671218,"Ramos, Heliot",NYY,AZ,2026,AZ,172.935,46.80721060085353
825032,2026-09-18,700250,"Rice, Ben",NYY,AZ,2026,AZ,390.36,85.90342530949196
825032,2026-09-18,642708,"Rosario, Amed",NYY,AZ,2026,AZ,32.19,21.499188344133657
823005,2026-09-18,677588,"Tena, José",WSH,STL,2026,STL,1.9400000000000017,16.05979317367804
823005,2026-09-18,678391,"Vivas, Jorbit",WSH,STL,2026,STL,119.815,37.25545286681709
825032,2026-09-18,683011,"Volpe, Anthony",NYY,AZ,2026,AZ,14.925000000000008,18.39468726585544
825032,2026-09-18,669224,"Wells, Austin",NYY,AZ,2026,AZ,71.24491138879999,28.521836158705916
823005,2026-09-18,695578,"Wood, James",WSH,STL,2026,STL,113.035,36.0363090897695
823005,2026-09-18,696285,"Young, Jacob",WSH,STL,2026,STL,128.54,38.82433626722121
823003,2026-09-19,682928,"Abrams, CJ",WSH,STL,2026,STL,89.245,31.758516987120284
825029,2026-09-19,641355,"Bellinger, Cody",NYY,AZ,2026,AZ,25.720000000000002,20.33578712916348
825029,2026-09-19,676609,"Caballero, José",NYY,AZ,2026,AZ,140.95499999999998,41.05673597106276
823003,2026-09-19,665953,"Chaparro, Andrés",WSH,STL,2026,STL,123.155,37.85603401952193
823003,2026-09-19,686611,"Crews, Dylan",WSH,STL,2026,STL,120.50827300480002,37.380113555548206
825029,2026-09-19,671277,"García Jr., Luis",NYY,AZ,2026,AZ,-36.15888042879999,9.209053795027438
823003,2026-09-19,691781,"House, Brady",WSH,STL,2026,STL,53.290000000000006,25.29327885972419
823003,2026-09-19,695734,"Lile, Daylen",WSH,STL,2026,STL,86.53,31.27032003215211
825029,2026-09-19,806146,"Lombard Jr., George",NYY,AZ,2026,AZ,13.66500000000001,18.168120723218276
825029,2026-09-19,641857,"McMahon, Ryan",NYY,AZ,2026,AZ,40.919999999999995,23.068970818119695
823003,2026-09-19,691002,"Morales, Yohandy",WSH,STL,2026,STL,35.099999999999994,22.022449168795667
823003,2026-09-19,683083,"Nuñez, Nasim",WSH,STL,2026,STL,163.04,45.0279439822863
823003,2026-09-19,694673,"Ortiz, Abimelec",WSH,STL,2026,STL,-11.500000000000002,13.643083385548337
825029,2026-09-19,671218,"Ramos, Heliot",NYY,AZ,2026,AZ,95.95500000000001,32.965073734021345
825029,2026-09-19,700250,"Rice, Ben",NYY,AZ,2026,AZ,29.650000000000013,21.042458964531768
825029,2026-09-19,642708,"Rosario, Amed",NYY,AZ,2026,AZ,8.285000000000004,17.200717549100883
823003,2026-09-19,660688,"Ruiz, Keibert",WSH,STL,2026,STL,11.520000000000007,17.78241815658597
823003,2026-09-19,677588,"Tena, José",WSH,STL,2026,STL,115.41,36.46336904116892
823003,2026-09-19,678391,"Vivas, Jorbit",WSH,STL,2026,STL,290.325,67.9156601565489
825029,2026-09-19,683011,"Volpe, Anthony",NYY,AZ,2026,AZ,79.565,30.017910532574483
825029,2026-09-19,669224,"Wells, Austin",NYY,AZ,2026,AZ,238.895,58.66778929319245
823003,2026-09-19,695578,"Wood, James",WSH,STL,2026,STL,216.728852,54.68198967736419
823003,2026-09-19,696285,"Young, Jacob",WSH,STL,2026,STL,47.285000000000004,24.213491487870108
823001,2026-09-20,682928,"Abrams, CJ",WSH,STL,2026,STL,191.02273768319998,50.05965202229042
825028,2026-09-20,641355,"Bellinger, Cody",NYY,AZ,2026,AZ,-0.4130978399999954,15.636671552967115
825028,2026-09-20,676609,"Caballero, José",NYY,AZ,2026,AZ,45.44649519680001,23.882901268121827
823001,2026-09-20,665953,"Chaparro, Andrés",WSH,STL,2026,STL,5.629514979199998,16.723222263237847
823001,2026-09-20,686611,"Crews, Dylan",WSH,STL,2026,STL,12.690000000000001,17.992801374749046
823001,2026-09-20,695670,"Ford, Harry",WSH,STL,2026,STL,54.47,25.505460225051053
825028,2026-09-20,671277,"García Jr., Luis",NYY,AZ,2026,AZ,76.69,29.500943222985725
823001,2026-09-20,691781,"House, Brady",WSH,STL,2026,STL,114.745,36.343792254777085
825028,2026-09-20,682987,"Jones, Spencer",NYY,AZ,2026,AZ,222.71,55.757488108603226
823001,2026-09-20,695734,"Lile, Daylen",WSH,STL,2026,STL,80.965,30.269651135504656
825028,2026-09-20,806146,"Lombard Jr., George",NYY,AZ,2026,AZ,227.76000000000002,56.66555242631565
823001,2026-09-20,683083,"Nuñez, Nasim",WSH,STL,2026,STL,-7.799999999999995,14.308397836149522
823001,2026-09-20,694673,"Ortiz, Abimelec",WSH,STL,2026,STL,-7.857283676799998,14.2980973880526
825028,2026-09-20,671218,"Ramos, Heliot",NYY,AZ,2026,AZ,181.37,48.32394773350784
825028,2026-09-20,700250,"Rice, Ben",NYY,AZ,2026,AZ,54.035,25.427240823426317
823001,2026-09-20,660688,"Ruiz, Keibert",WSH,STL,2026,STL,1.7950000000000004,16.03372003980313
823001,2026-09-20,678391,"Vivas, Jorbit",WSH,STL,2026,STL,-25.634275952000003,11.101532564021205
825028,2026-09-20,683011,"Volpe, Anthony",NYY,AZ,2026,AZ,37.34,22.425234133483954
825028,2026-09-20,669224,"Wells, Austin",NYY,AZ,2026,AZ,93.57,32.53621563545815
823001,2026-09-20,695578,"Wood, James",WSH,STL,2026,STL,-37.87,8.901369314642068
823001,2026-09-20,696285,"Young, Jacob",WSH,STL,2026,STL,55.684999999999995,25.72393510545117
824221,2026-09-21,682928,"Abrams, CJ",WSH,DET,2026,DET,-35.24,9.374282018718045
824221,2026-09-21,686611,"Crews, Dylan",WSH,DET,2026,DET,84.065,30.827076756278625
824221,2026-09-21,691781,"House, Brady",WSH,DET,2026,DET,18.035475836800007,18.95399659625242
824221,2026-09-21,695734,"Lile, Daylen",WSH,DET,2026,DET,-0.3320530464000022,15.651244599542267
824221,2026-09-21,691002,"Morales, Yohandy",WSH,DET,2026,DET,113.735,36.162179391234595
824221,2026-09-21,683083,"Nuñez, Nasim",WSH,DET,2026,DET,32.325,21.523463330844784
824221,2026-09-21,694673,"Ortiz, Abimelec",WSH,DET,2026,DET,51.4,24.953429045768445
824221,2026-09-21,660688,"Ruiz, Keibert",WSH,DET,2026,DET,17.115,18.788481494724785
824221,2026-09-21,678391,"Vivas, Jorbit",WSH,DET,2026,DET,63.995000000000005,27.218195398558155
824221,2026-09-21,695578,"Wood, James",WSH,DET,2026,DET,-6.455000000000005,14.550248629678869
824221,2026-09-21,696285,"Young, Jacob",WSH,DET,2026,DET,79.985,30.093432713453534
824222,2026-09-22,682928,"Abrams, CJ",WSH,DET,2026,DET,207.345,52.99463499144452
823494,2026-09-22,641355,"Bellinger, Cody",NYY,TB,2026,TB,49.83,24.67111994105389
823543,2026-09-22,641355,"Bellinger, Cody",NYY,TB,2026,TB,111.75500000000001,35.80614625280478
823543,2026-09-22,676609,"Caballero, José",NYY,TB,2026,TB,36.655,22.302061052764547
824222,2026-09-22,665953,"Chaparro, Andrés",WSH,DET,2026,DET,-4.562830480000002,14.890488555258086
823494,2026-09-22,665862,"Chisholm Jr., Jazz",NYY,TB,2026,TB,116.6845287328,36.69254806377385
824222,2026-09-22,686611,"Crews, Dylan",WSH,DET,2026,DET,73.43499999999999,28.91564632117306
823494,2026-09-22,671277,"García Jr., Luis",NYY,TB,2026,TB,10.670000000000002,17.629575647664076
823543,2026-09-22,671277,"García Jr., Luis",NYY,TB,2026,TB,-37.85000000000001,8.904965608969642
823494,2026-09-22,502671,"Goldschmidt, Paul",NYY,TB,2026,TB,-7.57,14.349755220916622
823494,2026-09-22,682987,"Jones, Spencer",NYY,TB,2026,TB,91.025,32.07858718227436
823543,2026-09-22,682987,"Jones, Spencer",NYY,TB,2026,TB,34.400000000000006,21.896578867330582
824222,2026-09-22,695734,"Lile, Daylen",WSH,DET,2026,DET,36.915,22.348812879023008
823494,2026-09-22,806146,"Lombard Jr., George",NYY,TB,2026,TB,74.22500000000001,29.057699947112237
823543,2026-09-22,806146,"Lombard Jr., George",NYY,TB,2026,TB,42.97999999999999,23.439389133859805
823494,2026-09-22,641857,"McMahon, Ryan",NYY,TB,2026,TB,-16.220000000000006,12.794357924240881
824222,2026-09-22,691002,"Morales, Yohandy",WSH,DET,2026,DET,14.545000000000002,18.32635767363153
824222,2026-09-22,683083,"Nuñez, Nasim",WSH,DET,2026,DET,-6.245000000000004,14.588009720118395
823494,2026-09-22,671218,"Ramos, Heliot",NYY,TB,2026,TB,137.995,40.52448441058181
823543,2026-09-22,671218,"Ramos, Heliot",NYY,TB,2026,TB,11.255000000000003,17.734767256745616
823494,2026-09-22,700250,"Rice, Ben",NYY,TB,2026,TB,-43.245000000000005,7.934865214106565
823543,2026-09-22,700250,"Rice, Ben",NYY,TB,2026,TB,70.475,28.38339476069211
824222,2026-09-22,660688,"Ruiz, Keibert",WSH,DET,2026,DET,6.960000000000001,16.962463049899103
823543,2026-09-22,645305,"Sánchez, Ali",NYY,TB,2026,TB,-16.554999999999996,12.73411999425402
824222,2026-09-22,678391,"Vivas, Jorbit",WSH,DET,2026,DET,32.22,21.504582785625022
823543,2026-09-22,683011,"Volpe, Anthony",NYY,TB,2026,TB,26.504999999999995,20.476941681520756
823494,2026-09-22,669224,"Wells, Austin",NYY,TB,2026,TB,56.410000000000004,25.854300774825727
824222,2026-09-22,695578,"Wood, James",WSH,DET,2026,DET,10.374928054399998,17.5765173694547
824223,2026-09-23,682928,"Abrams, CJ",WSH,DET,2026,DET,132.9036030176,39.6089763062202
823492,2026-09-23,676609,"Caballero, José",NYY,TB,2026,TB,166.57,45.66268993110311
824223,2026-09-23,665953,"Chaparro, Andrés",WSH,DET,2026,DET,32.84,21.61606790977981
823492,2026-09-23,665862,"Chisholm Jr., Jazz",NYY,TB,2026,TB,116.995,36.748375366629155
824223,2026-09-23,686611,"Crews, Dylan",WSH,DET,2026,DET,35.754999999999995,22.140227808023717
824223,2026-09-23,695670,"Ford, Harry",WSH,DET,2026,DET,23.610000000000007,19.956378077604427
823492,2026-09-23,671277,"García Jr., Luis",NYY,TB,2026,TB,121.13499999999999,37.49280829243696
824223,2026-09-23,691781,"House, Brady",WSH,DET,2026,DET,68.065,27.950041294219456
823492,2026-09-23,682987,"Jones, Spencer",NYY,TB,2026,TB,131.26500000000001,39.31433136935317
824223,2026-09-23,695734,"Lile, Daylen",WSH,DET,2026,DET,9.805,17.4740359179965
823492,2026-09-23,806146,"Lombard Jr., George",NYY,TB,2026,TB,41.724999999999994,23.21372166480454
823492,2026-09-23,641857,"McMahon, Ryan",NYY,TB,2026,TB,284.0838245184,66.79340495745531
824223,2026-09-23,691002,"Morales, Yohandy",WSH,DET,2026,DET,178.57999999999998,47.82226467481128
824223,2026-09-23,683083,"Nuñez, Nasim",WSH,DET,2026,DET,100.875,33.84976213860454
823492,2026-09-23,671218,"Ramos, Heliot",NYY,TB,2026,TB,108.06,35.141730875785484
823492,2026-09-23,700250,"Rice, Ben",NYY,TB,2026,TB,295.64000000000004,68.87137537410169
823492,2026-09-23,645305,"Sánchez, Ali",NYY,TB,2026,TB,71.38,28.546127079014838
824223,2026-09-23,695578,"Wood, James",WSH,DET,2026,DET,-24.5,11.305492072625263
824223,2026-09-23,696285,"Young, Jacob",WSH,DET,2026,DET,23.994999999999994,20.025606743410226
823493,2026-09-24,641355,"Bellinger, Cody",NYY,TB,2026,TB,-22.53499999999999,11.658827990309408
823493,2026-09-24,676609,"Caballero, José",NYY,TB,2026,TB,16.714999999999996,18.7165556081733
823493,2026-09-24,502671,"Goldschmidt, Paul",NYY,TB,2026,TB,81.32499999999999,30.33438443340099
823493,2026-09-24,806146,"Lombard Jr., George",NYY,TB,2026,TB,196.42,51.030159215007245
823493,2026-09-24,671218,"Ramos, Heliot",NYY,TB,2026,TB,34.19500000000001,21.85971685047295
823493,2026-09-24,700250,"Rice, Ben",NYY,TB,2026,TB,40.985,23.08065877468431
823493,2026-09-24,642708,"Rosario, Amed",NYY,TB,2026,TB,19.345000000000002,19.189468312249282
823493,2026-09-24,683011,"Volpe, Anthony",NYY,TB,2026,TB,82.33,30.51509822336158
823493,2026-09-24,669224,"Wells, Austin",NYY,TB,2026,TB,163.58,45.125043929130804
